#{"batch_latencies":"/workdir/DynWork/log/azure/LenScale_0.01/translation/mbart_wmt/latencies.csv","bucketing":false,"buckets":"/workdir/DynWork/log/azure/LenScale_0.01/translation/mbart_wmt/buckets.csv","debug":false,"host":"localhost","max_b":8,"num_io":5,"output":"/workdir/DynWork/log/azure/LenScale_0.01/translation/mbart_wmt/2_x_P99/clockwork/output.csv","port":"12346","prepare_only":false,"reqs":"/workdir/DynWork/log/azure/LenScale_0.01/translation/mbart_wmt/jobs.bucketed.csv","shared_tmp":"/workdir/models","shepherd_bucketing":false,"slo_ms":127,"verbose":false}
JobId,Length,Admitted,Started,Finished,Latency,State,EStatus
0,18.8546,2.56834,11.5338,34.3249,31.7566,done,
1,20.0406,22.1134,25.5049,54.4684,32.3549,done,
2,18.3801,41.8068,44.6468,73.0088,31.202,done,
3,24.9031,61.5781,65.5053,98.0671,36.4891,done,
4,14.4931,81.33,84.042,112.728,31.3984,done,
5,8.45836,101.227,109.097,121.369,20.1418,done,
6,11.8764,133.975,134.014,147.39,13.4143,done,
7,46.2811,166.978,167.008,214.886,47.9083,done,
8,18.8684,199.857,199.89,233.899,34.0417,done,
9,33.8069,216.324,229.429,267.789,51.4646,done,
10,41.4816,232.748,267.798,311.657,78.9089,done,
11,18.7736,249.194,267.801,311.657,62.4627,done,
12,26.1207,265.726,279.095,337.923,72.1972,done,
13,8.06844,282.145,337.93,377.466,95.3212,done,
14,20.2821,298.626,337.933,377.466,78.8399,done,
15,21.3365,312.848,337.937,377.466,64.6187,done,
16,35.5511,326.858,337.94,377.466,50.6079,done,
17,15.3402,341.104,350.41,392.916,51.8114,done,
18,19.1339,355.053,392.922,414.348,59.2946,done,
19,10.0168,369.202,392.925,414.348,45.1456,done,
20,9.82755,383.344,414.349,485.044,101.701,done,
21,68.3401,397.414,414.353,485.044,87.6303,done,
22,39.2548,422.064,446.181,524.451,102.387,done,
23,19.5082,446.715,520.366,554.55,107.835,done,
24,29.7467,471.424,520.369,554.55,83.1263,done,
25,22.3955,496.199,520.372,554.55,58.3516,done,
26,7.97099,515.933,520.374,554.55,38.617,done,
27,25.9479,535.993,550.453,580.578,44.5848,done,
28,38.152,555.622,580.58,640.767,85.1453,done,
29,57.9992,575.47,580.583,640.767,65.2978,done,
31,8.78325,614.742,638.909,656.469,41.7272,done,
32,15.2982,634.53,638.912,656.469,21.9387,done,
33,24.6883,654.16,656.482,683.424,29.264,done,
34,22.0209,673.918,683.434,707.003,33.085,done,
30,12.4179,594.928,-1.63714e+12,716.952,122.024,error,7
35,26.5394,693.747,707.013,735.166,41.4193,done,
36,27.6417,718.404,735.175,764.368,45.9637,done,
37,12.988,743.05,764.379,778.877,35.8266,done,
38,19.6872,767.748,778.889,800.101,32.3527,done,
39,53.477,792.504,800.11,855.182,62.6787,done,
40,38.4207,812.207,828.537,893.693,81.4861,done,
42,13.7797,851.742,883.302,907.712,55.9696,done,
43,13.7413,871.461,883.305,907.712,36.2506,done,
44,25.1159,891.244,907.724,935.092,43.8478,done,
41,29.2672,831.934,-1.63714e+12,953.956,122.022,error,7
45,51.7218,911.079,935.099,989.009,77.9304,done,
46,14.7065,930.901,935.102,989.009,58.1083,done,
47,13.3115,950.559,989.014,1023.6,73.0435,done,
48,31.4465,970.283,989.019,1023.6,53.3198,done,
49,19.9585,991.445,1023.61,1048.13,56.6845,done,
50,21.0354,1009.75,1023.61,1048.13,38.3809,done,
51,15.0996,1029.54,1048.15,1065.43,35.8814,done,
52,18.3595,1049.62,1065.43,1085.34,35.7191,done,
53,10.4348,1069.03,1085.35,1097.33,28.3045,done,
54,22.9292,1088.81,1097.34,1121.82,33.0146,done,
55,16.4339,1105.27,1121.83,1146.28,41.0137,done,
56,22.2128,1121.7,1121.83,1146.28,24.5881,done,
57,26.799,1138.16,1146.3,1175.37,37.2046,done,
58,7.15723,1154.65,1175.38,1190.16,35.5129,done,
59,12.4983,1171.12,1175.38,1190.16,19.0459,done,
60,26.2325,1187.56,1190.17,1218.68,31.1207,done,
61,19.5603,1207.4,1218.69,1239.84,32.4324,done,
62,20.9135,1227.15,1239.85,1262.25,35.0978,done,
63,14.8749,1246.83,1262.26,1278.67,31.8405,done,
64,7.42276,1266.61,1278.68,1287.67,21.0559,done,
65,46.4658,1286.33,1287.68,1336.52,50.1895,done,
66,9.33341,1306.06,1306.11,1346.07,40.0151,done,
67,34.3691,1325.86,1346.08,1382.81,56.9575,done,
68,8.75765,1345.67,1346.08,1382.81,37.145,done,
69,47.1646,1365.34,1382.83,1432.99,67.655,done,
70,32.4708,1385.17,1417.97,1465.65,80.4819,done,
71,6.98333,1409.79,1417.97,1465.65,55.8594,done,
72,20.8087,1434.48,1465.65,1496.38,61.9045,done,
73,28.4556,1459.15,1465.66,1496.38,37.2271,done,
74,10.8487,1483.87,1496.39,1509.33,25.4651,done,
75,24.6314,1500.41,1509.34,1535.47,35.063,done,
76,22.5876,1516.82,1535.48,1562.34,45.5223,done,
77,24.5904,1533.21,1535.48,1562.34,29.137,done,
78,27.18,1549.72,1562.35,1591.72,42.0016,done,
79,32.6296,1566.3,1591.72,1626.59,60.2911,done,
80,22.6047,1582.59,1591.73,1626.59,43.9928,done,
81,11.9721,1607.34,1626.6,1640.79,33.449,done,
82,18.3626,1632.06,1640.8,1660.75,28.6887,done,
83,43.1112,1656.72,1660.76,1705.44,48.7107,done,
84,17.6713,1681.4,1698.3,1723.25,41.855,done,
85,11.5408,1714.32,1723.26,1737.13,22.8111,done,
86,22.1967,1747.3,1747.33,1771.1,23.8062,done,
87,12.7168,1780.28,1780.33,1794.55,14.2773,done,
88,24.3817,1804.89,1804.94,1830.78,25.8875,done,
89,5.49205,1829.64,1830.79,1837.9,8.25841,done,
90,12.9716,1854.25,1854.29,1868.82,14.5747,done,
91,27.1248,1879.01,1879.05,1907.68,28.6654,done,
92,13.6796,1903.67,1907.69,1923.65,19.9762,done,
93,48.3396,1928.58,1928.63,1978.5,49.9243,done,
94,39.7251,1953.04,1960.76,2018.34,65.3022,done,
95,18.0787,1977.67,2010.38,2036.62,58.9506,done,
96,7.90494,2011.94,2036.63,2046.63,34.6952,done,
97,16.28,2043.59,2046.64,2064.52,20.9373,done,
98,21.9135,2076.58,2076.63,2100.02,23.4396,done,
99,28.7158,2096.23,2100.03,2130.24,34.01,done,
100,38.7091,2116.25,2130.25,2170.48,54.2248,done,
101,19.12,2135.87,2168.23,2199.64,63.77,done,
102,28.9451,2155.54,2168.24,2199.64,44.0934,done,
103,18.87,2175.26,2199.64,2224,48.7388,done,
104,14.7441,2195.04,2199.64,2224,28.9646,done,
105,26.1624,2214.77,2224.01,2252.46,37.6959,done,
106,20.6642,2234.57,2252.47,2274.66,40.0866,done,
107,19.6064,2254.28,2274.66,2297.9,43.619,done,
108,19.2113,2274.02,2274.67,2297.9,23.8846,done,
109,6.4013,2293.81,2297.9,2307.41,13.5923,done,
110,13.3422,2313.55,2313.58,2328.39,14.849,done,
111,7.48959,2333.37,2333.42,2342.46,9.08883,done,
112,21.1857,2353.13,2353.18,2375.9,22.7706,done,
113,13.2253,2372.81,2375.91,2391.28,18.4733,done,
114,20.9221,2392.72,2392.75,2415.19,22.4748,done,
115,31.6445,2412.34,2415.2,2448.36,36.0236,done,
116,39.4248,2432.08,2443.46,2488.03,55.9555,done,
117,25.1915,2451.84,2476.38,2513.35,61.5141,done,
118,18.828,2471.65,2476.39,2513.35,41.6964,done,
119,25.3527,2485.67,2512.42,2540.57,54.8945,done,
120,20.7335,2499.79,2512.42,2540.57,40.7774,done,
121,40.8229,2514.5,2537.84,2581.59,67.0923,done,
122,9.56488,2528.04,2537.84,2581.59,53.5538,done,
123,54.2339,2542.25,2564.99,2635.99,93.7322,done,
124,41.8641,2556.25,2564.99,2635.99,79.7381,done,
125,25.1286,2570.34,2606.03,2661.4,91.0661,done,
126,23.3192,2590.14,2606.03,2661.4,71.2676,done,
127,11.0216,2609.92,2661.41,2688.72,78.7994,done,
128,21.3293,2629.59,2661.41,2688.72,59.1329,done,
129,28.858,2649.7,2688.73,2721.45,71.7501,done,
130,8.62448,2669.2,2688.73,2721.45,52.2542,done,
131,26.2671,2685.61,2721.46,2751.43,65.8247,done,
132,26.2604,2702.08,2721.46,2751.43,49.3541,done,
133,25.8837,2718.5,2751.43,2787.22,68.7227,done,
134,29.992,2735.03,2751.44,2787.22,52.1886,done,
135,11.855,2751.54,2787.23,2809.12,57.5738,done,
136,16.9728,2768.27,2787.23,2809.12,40.8439,done,
137,22.6025,2791.95,2809.12,2840.35,48.4002,done,
138,27.5784,2807.42,2809.12,2840.35,32.9266,done,
139,11.7909,2827.23,2840.35,2853.72,26.49,done,
140,18.6645,2847.06,2853.73,2873.92,26.8547,done,
141,35.8409,2866.7,2873.93,2911.36,44.6571,done,
142,21.7934,2891.38,2902.87,2933.25,41.8731,done,
143,14.8689,2916.06,2933.26,2950.33,34.2712,done,
144,6.89103,2940.82,2950.34,2958.74,17.9216,done,
145,33.5091,2965.52,2965.56,3000.55,35.0331,done,
146,13.685,2998.48,2998.53,3014.37,15.891,done,
147,13.0233,3031.32,3031.36,3045.94,14.6207,done,
148,29.1945,3064.22,3064.27,3095,30.7757,done,
149,32.9091,3097.13,3097.17,3131.6,34.4734,done,
150,45.3945,3130.12,3130.17,3177.14,47.0252,done,
151,20.8321,3163.08,3163.13,3198.16,35.0825,done,
152,37.975,3187.75,3198.16,3237.69,49.9486,done,
153,32.0445,3212.47,3232.71,3269.9,57.4334,done,
154,13.3985,3237.11,3269.91,3288.94,51.8281,done,
155,16.7774,3261.82,3269.91,3288.94,27.1248,done,
156,61.5378,3294.76,3294.83,3357.9,63.1366,done,
157,37.5455,3327.67,3329.78,3395.55,67.8866,done,
158,13.5458,3360.61,3392.6,3432.1,71.4916,done,
159,35.2864,3377.02,3392.6,3432.1,55.083,done,
160,30.9717,3393.45,3432.1,3466.71,73.2622,done,
161,25.8424,3409.97,3432.11,3466.71,56.737,done,
162,14.4631,3426.38,3466.72,3487.17,60.7894,done,
163,8.48404,3442.9,3466.72,3487.17,44.2704,done,
164,16.2424,3459.33,3487.18,3516.28,56.9461,done,
165,25.5459,3484.16,3487.18,3516.28,32.1158,done,
166,32.8725,3508.71,3512.66,3549.33,40.6181,done,
167,22.6418,3533.44,3549.33,3573.51,40.0674,done,
168,33.1761,3558.11,3573.51,3608.15,50.0423,done,
169,19.0169,3582.75,3608.16,3645.55,62.8054,done,
170,35.1348,3607.51,3608.16,3645.55,38.0445,done,
171,19.895,3632.18,3633.63,3665.59,33.4109,done,
172,26.0407,3656.94,3665.59,3693.11,36.173,done,
173,19.6162,3681.58,3693.12,3714.31,32.7283,done,
174,11.193,3706.32,3714.31,3727.07,20.7453,done,
175,14.318,3730.94,3730.98,3746.82,15.8807,done,
176,35.7639,3755.61,3755.67,3792.92,37.3101,done,
177,44.3509,3780.41,3792.93,3838.82,58.417,done,
178,11.8691,3805.04,3820.52,3850.82,45.7779,done,
179,43.155,3829.69,3850.83,3896.26,66.5645,done,
180,9.23226,3854.4,3884.86,3937.58,83.1805,done,
181,40.9773,3861.03,3884.87,3937.58,76.5421,done,
182,15.0852,3867.53,3884.87,3937.58,70.0428,done,
183,23.86,3874.12,3884.87,3937.58,63.4552,done,
184,38.4768,3880.7,3922.2,3976.44,95.7376,done,
185,24.8782,3888.22,3922.2,3976.44,88.2184,done,
186,22.8457,3893.94,3922.21,3976.44,82.4957,done,
187,10.2013,3900.46,3922.21,3976.44,75.9786,done,
188,26.2517,3907.22,3963.52,4004.28,97.0582,done,
189,22.9634,3913.73,3963.53,4004.28,90.5525,done,
190,20.9658,3920.38,3963.53,4004.28,83.9033,done,
191,9.86211,3926.87,3963.53,4004.28,77.4081,done,
192,14.9582,3933.45,3963.53,4004.28,70.8297,done,
193,27.228,3940.15,3963.54,4004.28,64.1338,done,
194,12.1359,3946.6,3963.54,4004.28,57.6843,done,
195,20.8799,3953.4,3963.54,4004.28,50.8802,done,
196,47.2703,3972.97,3990.68,4051.68,78.7092,done,
197,12.2227,3992.75,4038.67,4064.83,72.0803,done,
198,12.9459,4012.46,4038.67,4064.83,52.3754,done,
199,16.9819,4032.25,4064.84,4087.27,55.0183,done,
200,17.0868,4051.97,4064.84,4087.27,35.2967,done,
201,52.7148,4071.77,4087.27,4143.17,71.4001,done,
202,20.6468,4091.48,4124.5,4164.02,72.5339,done,
203,20.169,4111.21,4124.51,4164.02,52.8074,done,
204,19.8675,4131.14,4164.02,4189.07,57.9327,done,
205,21.395,4150.75,4164.03,4189.07,38.3198,done,
206,24.6653,4175.51,4189.07,4215.98,40.4667,done,
207,17.489,4200.12,4215.98,4235.04,34.9217,done,
208,38.6009,4224.81,4235.05,4275.24,50.4338,done,
209,10.5751,4249.48,4275.25,4289.21,39.7309,done,
210,11.7218,4263.58,4275.25,4289.21,25.624,done,
211,7.81389,4277.73,4289.21,4299.19,21.4672,done,
212,5.48365,4291.87,4299.2,4306.2,14.3386,done,
213,17.5619,4305.95,4306.21,4325.38,19.4238,done,
214,28.7602,4320.07,4325.38,4356.53,36.4539,done,
215,20.8457,4334.14,4356.53,4397.68,63.5419,done,
216,38.8715,4348.27,4356.53,4397.68,49.4091,done,
217,20.2618,4368.05,4382.39,4418.09,50.0484,done,
218,16.9001,4387.84,4418.1,4437.25,49.4144,done,
219,12.3671,4407.52,4418.11,4437.25,29.7285,done,
220,41.6697,4427.27,4437.25,4481.28,54.0045,done,
221,18.7268,4447.08,4480.01,4508.99,61.912,done,
222,26.7071,4466.79,4480.01,4508.99,42.1987,done,
223,43.2198,4486.55,4508.99,4555.87,69.3188,done,
224,11.368,4506.31,4508.99,4555.87,49.5654,done,
225,6.23569,4526.05,4538.04,4562.25,36.2006,done,
226,55.3699,4545.83,4562.25,4619.16,73.3223,done,
227,12.134,4570.57,4604.51,4638.99,68.4166,done,
228,19.601,4595.27,4604.51,4638.99,43.72,done,
229,25.0997,4619.95,4638.99,4666.23,46.2805,done,
230,34.4024,4644.65,4666.23,4702.17,57.525,done,
231,30.0853,4669.32,4702.17,4735.14,65.8188,done,
232,30.6988,4693.98,4702.18,4735.14,41.1602,done,
233,31.1679,4718.66,4735.14,4768.44,49.7755,done,
234,15.6998,4743.44,4768.44,4786.43,42.9922,done,
235,13.8138,4759.83,4768.45,4786.43,26.5962,done,
236,20.2191,4776.27,4786.43,4809.65,33.3832,done,
237,14.6936,4792.72,4809.65,4863.23,70.5123,done,
238,51.3272,4809.25,4809.66,4863.23,53.9808,done,
239,28.5503,4825.68,4842.99,4891.96,66.2741,done,
240,5.46187,4842.19,4843,4891.96,49.7631,done,
241,15.6777,4866.82,4891.96,4913.19,46.3719,done,
242,12.2722,4891.54,4891.96,4913.19,21.65,done,
243,14.9815,4916.21,4916.26,4932.75,16.54,done,
244,19.5673,4940.93,4940.97,4962.07,21.1469,done,
245,27.2222,4960.65,4962.08,4990.87,30.2186,done,
246,18.6711,4980.51,4990.88,5011.1,30.5958,done,
247,59.0204,5000.15,5011.11,5072.3,72.1507,done,
248,46.4712,5019.89,5055.03,5124.4,104.507,done,
249,51.8864,5039.67,5055.03,5124.4,84.7284,done,
250,19.7134,5053.99,5113.13,5162.56,108.57,done,
251,27.0047,5067.88,5113.14,5162.56,94.6768,done,
252,15.9243,5082.05,5113.14,5162.56,80.5093,done,
253,37.7519,5096.12,5113.14,5162.56,66.4363,done,
254,17.7091,5110.22,5155.44,5180.43,70.2123,done,
255,17.1895,5124.33,5155.45,5180.43,56.0988,done,
256,27.678,5138.42,5180.44,5211.77,73.3448,done,
257,16.4854,5163.13,5180.44,5211.77,48.6357,done,
258,29.5017,5187.93,5211.77,5243.49,55.5549,done,
259,46.5183,5213.29,5243.49,5292.27,78.9824,done,
260,17.1212,5237.28,5243.49,5292.27,54.989,done,
261,28.776,5256.97,5285.62,5321.25,64.2737,done,
262,21.7439,5276.96,5285.62,5321.25,44.2833,done,
263,26.2202,5296.54,5321.25,5352.72,56.1791,done,
264,12.8699,5316.25,5321.25,5352.72,36.4725,done,
265,58.1722,5336.02,5352.72,5413.05,77.0267,done,
266,21.6466,5368.95,5399.97,5434.9,65.9468,done,
267,23.8151,5401.82,5434.9,5461.02,59.2079,done,
268,13.9432,5434.84,5434.91,5461.02,26.1793,done,
269,24.855,5454.55,5461.03,5488.89,34.3356,done,
270,37.6736,5474.3,5488.89,5528.08,53.7867,done,
271,9.24047,5494.02,5528.09,5546.41,52.3838,done,
272,16.0679,5513.93,5528.09,5546.41,32.477,done,
273,14.5933,5533.57,5546.41,5563.23,29.6642,done,
274,35.229,5558.34,5563.24,5599.97,41.6265,done,
275,25.0754,5583.02,5599.97,5626.53,43.5074,done,
276,28.1228,5607.71,5626.53,5656.21,48.5023,done,
277,37.4237,5632.34,5656.21,5695.92,63.5822,done,
278,23.4477,5652.11,5656.22,5695.92,43.8147,done,
279,36.6764,5671.82,5695.92,5738.06,66.2484,done,
280,33.0641,5691.58,5695.93,5738.06,46.4864,done,
281,35.9035,5711.4,5737.62,5776.73,65.3279,done,
282,12.6945,5731.12,5737.62,5776.73,45.6093,done,
283,9.94838,5750.82,5776.73,5796.77,45.9495,done,
284,16.4214,5770.62,5776.74,5796.77,26.1521,done,
285,23.858,5790.41,5796.78,5822.9,32.4869,done,
286,22.67,5810.11,5822.9,5847.11,37.0018,done,
287,18.8977,5829.83,5847.12,5867.51,37.6874,done,
288,43.1003,5854.56,5867.52,5912.15,57.5907,done,
289,30.7139,5879.24,5895.44,5943.05,63.8076,done,
290,14.9499,5903.97,5939.82,5966.73,62.7542,done,
291,23.4246,5928.69,5939.82,5966.73,38.0317,done,
292,18.0091,5948.48,5966.74,5986.97,38.492,done,
293,36.4285,5968.23,5986.98,6024.97,56.742,done,
294,31.7886,5987.88,6019.83,6058.72,70.8387,done,
295,33.5455,6007.71,6019.83,6058.72,51.0102,done,
296,34.9007,6027.37,6058.73,6097.23,69.8595,done,
297,27.0412,6047.28,6058.73,6097.23,49.9513,done,
298,16.2509,6066.94,6086.61,6113.65,46.7066,done,
299,41.3892,6086.72,6113.65,6157.27,70.5534,done,
300,22.7535,6106.45,6113.66,6157.27,50.823,done,
301,32.4256,6126.17,6141.53,6189.84,63.6734,done,
302,21.4343,6150.87,6189.85,6213.5,62.6318,done,
303,4.70644,6175.61,6189.85,6213.5,37.8879,done,
304,13.4728,6200.3,6213.5,6229.99,29.6906,done,
305,23.8179,6224.96,6230,6255.34,30.3793,done,
306,26.9644,6249.64,6255.35,6283.79,34.1462,done,
307,46.1648,6274.31,6283.79,6331.51,57.1926,done,
308,7.01161,6299.11,6316.75,6338.73,39.6204,done,
309,27.7332,6323.7,6338.74,6367.96,44.262,done,
310,13.6559,6356.66,6367.97,6383.09,26.4327,done,
311,30.3324,6389.59,6389.62,6421.49,31.8984,done,
312,4.89752,6422.51,6422.55,6429.01,6.50069,done,
313,18.8602,6447.27,6447.32,6467.74,20.4656,done,
314,6.32136,6471.91,6471.95,6479.8,7.89111,done,
315,22.8747,6496.64,6496.71,6521.08,24.4331,done,
316,10.7313,6521.29,6521.33,6533.58,12.2896,done,
317,23.6557,6537.72,6537.76,6562.95,25.2254,done,
318,8.58613,6554.17,6562.95,6573.07,18.9016,done,
319,13.3733,6570.65,6573.09,6587.98,17.3245,done,
320,16.7221,6587.13,6587.99,6606.29,19.1624,done,
321,24.9001,6603.75,6606.3,6632.75,29.0021,done,
322,22.139,6620.02,6626.5,6655.09,35.0746,done,
323,56.0782,6639.88,6652.69,6711.32,71.4396,done,
324,10.2945,6659.62,6670.05,6721.75,62.1287,done,
325,9.22017,6679.33,6721.75,6733.85,54.5228,done,
326,9.7905,6699.05,6721.76,6733.85,34.8002,done,
327,11.4864,6718.77,6733.85,6748.66,29.8918,done,
328,13.3098,6735.78,6748.67,6763.54,27.7555,done,
329,60.4982,6751.75,6763.55,6826.31,74.5583,done,
330,47.1681,6768.24,6807.03,6873.74,105.496,done,
331,11.1922,6784.72,6807.03,6873.74,89.0165,done,
332,22.6968,6801.13,6857.6,6896.8,95.6718,done,
333,9.92272,6817.57,6857.6,6896.8,79.2268,done,
334,12.7964,6834.23,6857.6,6896.8,62.572,done,
335,22.1152,6850.54,6857.61,6896.8,46.2659,done,
336,39.4442,6866.97,6896.81,6940.13,73.1567,done,
337,23.3776,6883.7,6896.81,6940.13,56.4218,done,
338,21.7224,6899.91,6933.77,6961.95,62.0368,done,
339,17.2365,6916.47,6933.77,6961.95,45.4762,done,
340,8.66281,6930.47,6961.95,6984.4,53.9343,done,
341,18.8306,6944.6,6961.96,6984.4,39.8038,done,
342,68.4358,6958.74,6984.41,7055.21,96.4701,done,
343,29.1929,6972.78,6984.41,7055.21,82.435,done,
344,25.5952,6987.08,7021.39,7080.97,93.8842,done,
345,9.99505,7001.1,7021.39,7080.97,79.8674,done,
347,17.1572,7039.88,7081.01,7111.56,71.675,done,
348,25.3955,7064.49,7081.01,7111.56,47.0657,done,
349,22.0205,7089.2,7111.56,7135.89,46.6904,done,
346,20.7586,7015.14,-1.63714e+12,7137.18,122.036,error,7
350,18.844,7113.93,7135.9,7157.14,43.2121,done,
351,7.00934,7133.69,7135.9,7157.14,23.4519,done,
352,11.3611,7153.48,7157.15,7170.73,17.2511,done,
353,21.4328,7173.11,7173.17,7196.12,23.0035,done,
354,24.1136,7192.99,7196.13,7222.5,29.5083,done,
355,25.7414,7212.7,7222.51,7249.76,37.0649,done,
356,15.3374,7237.38,7249.77,7266.65,29.2666,done,
357,16.4771,7262.08,7266.66,7284.73,22.6515,done,
358,61.9372,7286.76,7286.82,7350.33,63.5657,done,
359,7.01766,7311.46,7334.65,7368.86,57.3964,done,
360,18.2459,7327.99,7334.65,7368.86,40.8673,done,
361,17.446,7344.44,7368.86,7394.08,49.6446,done,
362,21.3934,7360.86,7368.86,7394.08,33.2213,done,
363,13.0191,7377.32,7394.08,7410.83,33.5052,done,
364,6.91179,7393.89,7394.09,7410.83,16.9371,done,
365,37.5126,7410.27,7410.84,7450.63,40.3588,done,
366,51.9819,7420.12,7450.63,7506.47,86.3572,done,
367,21.2427,7430,7450.64,7506.47,76.4733,done,
368,27.3143,7439.86,7450.64,7506.47,66.6142,done,
369,7.93034,7449.74,7450.64,7506.47,56.7325,done,
370,10.7951,7459.62,7481.93,7534.76,75.1375,done,
371,28.0933,7469.46,7481.94,7534.76,65.2948,done,
372,20.5471,7479.32,7534.76,7574.76,95.4362,done,
373,36.2604,7489.16,7534.77,7574.76,85.5941,done,
374,24.0631,7499.25,7534.77,7574.76,75.5061,done,
375,23.4381,7509.13,7534.77,7574.76,65.6256,done,
376,17.3713,7528.78,7574.76,7595.72,66.9337,done,
377,8.57153,7548.56,7574.77,7595.72,47.1572,done,
378,18.5483,7568.29,7595.72,7617.86,49.5696,done,
379,9.85854,7588.09,7595.72,7617.86,29.771,done,
380,9.52,7607.87,7617.87,7630.21,22.3459,done,
381,23.2955,7632.52,7632.57,7657.41,24.8868,done,
382,24.3795,7657.2,7657.42,7685.08,27.8759,done,
383,21.8019,7681.88,7685.09,7708.39,26.5105,done,
384,19.3876,7706.61,7708.4,7729.34,22.7269,done,
385,11.5349,7731.24,7731.29,7744.33,13.0881,done,
386,38.132,7755.95,7756.01,7795.61,39.6565,done,
387,16.5654,7780.61,7795.62,7813.7,33.0847,done,
388,25.0306,7805.36,7813.71,7840.23,34.8752,done,
389,15.8724,7825.2,7840.24,7857.65,32.444,done,
390,16.2119,7844.86,7857.66,7875.36,30.4966,done,
391,23.2689,7864.74,7875.38,7900.12,35.3865,done,
392,45.9849,7884.41,7900.14,7947.66,63.251,done,
393,18.6282,7904.13,7927.58,7966.5,62.3756,done,
394,17.4736,7918.27,7927.58,7966.5,48.2348,done,
395,6.90034,7932.31,7966.5,7991.86,59.5537,done,
396,19.7483,7946.45,7966.51,7991.86,45.4132,done,
397,7.75988,7960.5,7991.86,8044.19,83.6905,done,
398,49.9833,7974.72,7991.87,8044.19,69.4687,done,
399,24.3786,7988.77,8010.01,8068.88,80.1061,done,
400,14.6462,8002.85,8010.02,8068.88,66.0306,done,
401,23.7379,8022.65,8062.09,8092.76,70.1164,done,
402,14.1927,8042.38,8062.09,8092.76,50.3799,done,
403,32.6817,8062.19,8092.77,8129.04,66.8459,done,
404,12.0536,8081.85,8092.78,8129.04,47.1867,done,
405,25.9944,8101.68,8129.05,8160.2,58.5191,done,
406,17.9826,8126.33,8129.05,8160.2,33.8674,done,
407,5.96292,8151.04,8160.2,8168.41,17.3725,done,
408,30.5766,8175.71,8175.76,8207.85,32.1401,done,
409,15.7155,8200.45,8207.87,8225.79,25.3463,done,
410,19.6993,8220.14,8225.81,8247.11,26.9674,done,
411,22.1224,8240.08,8247.12,8270.74,30.6601,done,
412,14.4939,8259.67,8270.76,8286.86,27.1876,done,
413,73.0709,8279.39,8286.87,8362.1,82.7069,done,
414,26.6961,8299.28,8321.91,8389.01,89.7296,done,
415,11.9354,8315.64,8321.91,8389.01,73.3682,done,
416,61.4893,8332.16,8389.02,8454.32,122.163,done,
417,25.6083,8348.54,8389.02,8454.32,105.783,done,
418,36.0238,8365.04,8389.02,8454.32,89.2788,done,
419,27.3998,8381.48,8389.03,8454.32,72.8362,done,
420,27.3681,8397.95,8430.87,8481.82,83.8666,done,
421,10.6435,8417.66,8430.87,8481.82,64.1606,done,
422,10.6557,8437.43,8481.83,8503.14,65.7072,done,
423,15.6255,8457.4,8481.83,8503.14,45.7374,done,
424,18.7675,8476.99,8503.14,8535.67,58.6857,done,
425,28.8891,8496.74,8503.15,8535.67,38.9363,done,
426,10.5597,8510.87,8535.68,8556.8,45.9325,done,
427,16.18,8524.96,8535.68,8556.8,31.84,done,
428,10.9831,8540.09,8556.81,8576.92,36.8293,done,
429,14.884,8553.18,8556.81,8576.92,23.74,done,
430,27.6254,8567.34,8576.92,8606.7,39.3608,done,
431,36.7983,8581.38,8606.7,8645.8,64.4202,done,
432,22.472,8595.49,8606.7,8645.8,50.3121,done,
433,24.3867,8620.2,8629.56,8670.3,50.1058,done,
434,17.296,8644.88,8670.31,8689.89,45.0059,done,
435,16.5785,8669.57,8670.31,8689.89,20.3138,done,
436,40.4939,8694.26,8694.29,8736.3,42.0425,done,
437,10.7529,8714.02,8736.3,8767.06,53.0368,done,
438,28.4985,8733.77,8736.31,8767.06,33.2903,done,
439,18.5615,8753.51,8763.26,8785.83,32.3232,done,
440,24.6152,8773.36,8785.83,8812.71,39.3543,done,
441,9.09545,8793.13,8812.71,8823.36,30.2238,done,
442,43.329,8812.8,8823.36,8868.17,55.3672,done,
443,17.7054,8832.61,8868.17,8913.29,80.6737,done,
444,42.8705,8852.32,8868.17,8913.29,60.9639,done,
445,83.7278,8872.22,8894.78,8997.24,125.019,done,
446,42.1741,8891.82,8894.79,8997.24,105.42,done,
447,26.0533,8908.29,8939.63,9023.49,115.198,done,
448,15.0888,8924.73,8939.63,9023.49,98.7666,done,
451,16.7161,8974.15,9023.53,9052.03,77.8816,done,
452,23.3965,8990.56,9023.53,9052.03,61.4716,done,
453,19.0639,9004.76,9023.54,9052.03,47.2714,done,
454,24.7517,9018.84,9023.54,9052.03,33.1842,done,
449,10.7257,8941.24,-1.63714e+12,9063.25,122.008,error,7
450,19.6843,8957.64,-1.63714e+12,9079.64,122,error,7
455,30.8383,9032.97,9052.03,9086.5,53.524,done,
456,16.2796,9047.03,9052.04,9086.5,39.4729,done,
457,17.3157,9061.15,9086.5,9129.08,67.9283,done,
458,38.9115,9075.28,9086.5,9129.08,53.7993,done,
459,10.9547,9089.33,9129.09,9183.33,94.0051,done,
460,48.2074,9109.11,9129.09,9183.33,74.2217,done,
462,25.2914,9148.69,9183.35,9226.89,78.1938,done,
463,41.3015,9168.45,9183.36,9226.89,58.4374,done,
461,21.0821,9128.84,-1.63714e+12,9250.85,122.013,error,7
464,28.8523,9188.2,9226.89,9259.31,71.111,done,
465,21.9244,9207.85,9226.9,9259.31,51.4569,done,
466,6.29712,9229.77,9259.31,9273.77,43.9922,done,
467,10.8372,9247.4,9259.32,9273.77,26.365,done,
468,6.59964,9267.15,9273.77,9281.95,14.7945,done,
469,10.5412,9286.91,9286.95,9299,12.0835,done,
470,30.6857,9301.08,9301.12,9333.43,32.3544,done,
471,20.3,9315.1,9333.44,9356.05,40.947,done,
472,16.9411,9329.26,9333.44,9356.05,26.7875,done,
473,33.6681,9343.4,9356.06,9392.25,48.8538,done,
475,7.76119,9371.67,9389.59,9417.52,45.8478,done,
476,25.0672,9385.73,9389.59,9417.52,31.7849,done,
477,15.954,9402.25,9417.53,9435.68,33.4312,done,
478,20.3912,9419.06,9435.68,9463.6,44.5347,done,
479,25.6572,9435.13,9435.68,9463.6,28.4698,done,
474,14.2359,9357.95,-1.63714e+12,9479.95,122.001,error,7
480,18.2764,9451.62,9463.61,9485.44,33.8149,done,
481,18.2105,9468.05,9485.45,9505.88,37.8233,done,
482,15.8482,9484.72,9485.45,9505.88,21.1594,done,
483,29.4213,9509.26,9509.33,9540.34,31.0781,done,
484,20.516,9533.84,9540.35,9563.96,30.1209,done,
485,6.95526,9558.53,9563.98,9573.1,14.5712,done,
486,32.2139,9583.25,9583.3,9617.04,33.7837,done,
487,29.9145,9607.98,9616.21,9647.79,39.8093,done,
488,9.85588,9632.69,9647.8,9659.25,26.5596,done,
489,13.0608,9657.29,9659.26,9673.84,16.5461,done,
490,29.2041,9681.99,9682.03,9712.82,30.8313,done,
491,5.498,9698.45,9706.01,9718.42,19.9749,done,
492,33.8894,9715.02,9718.44,9754.7,39.6783,done,
493,21.3642,9731.4,9740.91,9776.17,44.7606,done,
494,19.7952,9747.9,9776.18,9838.93,91.0293,done,
495,60.4511,9764.41,9776.18,9838.93,74.5195,done,
496,24.1236,9780.89,9814.34,9863.24,82.3498,done,
497,11.8307,9800.53,9814.34,9863.24,62.7013,done,
498,31.8713,9820.44,9863.25,9899.84,79.3947,done,
499,22.3535,9840.04,9863.25,9899.84,59.795,done,
500,17.2243,9860.01,9899.85,9922.29,62.2767,done,
501,20.1959,9879.55,9899.85,9922.29,42.7371,done,
502,32.6173,9893.63,9922.3,9969.66,76.0263,done,
503,41.2347,9907.85,9922.3,9969.66,61.8125,done,
504,15.9896,9921.94,9969.67,10012.2,90.2206,done,
505,26.1845,9936.11,9969.67,10012.2,76.0483,done,
506,38.8206,9950.06,9969.68,10012.2,62.0949,done,
507,29.4417,9964.2,9969.68,10012.2,47.954,done,
508,21.1751,9978.29,10012.2,10043.6,65.2714,done,
509,27.7648,9994.73,10012.2,10043.6,48.8294,done,
510,20.876,10011.3,10043.6,10068.6,57.3656,done,
511,21.3779,10027.7,10043.6,10068.6,40.9488,done,
512,13.7978,10046.5,10068.6,10103.3,56.8103,done,
513,32.4636,10060.6,10068.6,10103.3,42.757,done,
514,33.4901,10077.3,10103.3,10142.1,64.7974,done,
515,23.448,10093.6,10103.3,10142.1,48.5257,done,
516,39.1867,10110,10142.1,10185,74.9774,done,
517,21.9677,10126.5,10142.1,10185,58.489,done,
518,27.2259,10145,10185,10216,70.931,done,
519,15.2587,10159.5,10185,10216,56.5102,done,
520,20.2022,10175.9,10216,10259,83.0974,done,
521,39.1606,10200.6,10216,10259,58.3969,done,
522,31.4688,10225.2,10247.7,10290.6,65.3822,done,
523,21.2841,10250.1,10282.9,10330.7,80.5967,done,
524,39.8981,10274.6,10282.9,10330.7,56.1013,done,
525,8.69007,10291.2,10322.1,10354.7,63.5614,done,
526,23.7717,10307.6,10322.1,10354.7,47.1151,done,
527,24.9629,10324,10354.7,10382,57.9973,done,
528,8.03532,10340.5,10354.7,10382,41.5351,done,
529,18.9927,10357,10382,10406.4,49.446,done,
530,22.1588,10373.4,10382,10406.4,33.0255,done,
531,12.0852,10385.7,10406.4,10422.9,37.1075,done,
532,12.8279,10398.2,10406.5,10422.9,24.6367,done,
533,13.8189,10410.5,10422.9,10458.1,47.5373,done,
534,31.5621,10422.8,10422.9,10458.1,35.2596,done,
535,86.9777,10435.1,10453,10545.2,110.129,done,
536,12.0737,10447.5,10453,10545.2,97.7259,done,
537,22.774,10459.8,10487.9,10574.3,114.452,done,
538,28.7967,10472.2,10487.9,10574.3,102.052,done,
539,47.691,10490.3,-1.63714e+12,10612.3,122.001,error,7
541,36.4544,10521.6,10574.3,10614.8,93.2025,done,
542,20.9505,10538.1,10574.3,10614.8,76.6913,done,
543,36.7733,10554.4,10574.3,10614.8,60.3793,done,
544,15.9115,10571.1,10574.3,10614.8,43.6971,done,
540,28.323,10505.1,-1.63714e+12,10627.2,122.032,error,7
545,5.49839,10585.1,10614.8,10642.1,57.059,done,
546,21.3928,10599.2,10614.8,10642.1,42.9477,done,
547,27.233,10613.3,10642.1,10671.6,58.2666,done,
548,15.3709,10627.6,10642.1,10671.6,43.9715,done,
549,14.4473,10641.5,10671.6,10689.8,48.2936,done,
550,12.874,10655.7,10671.6,10689.8,34.1548,done,
551,37.9376,10669.7,10689.8,10730.1,60.3413,done,
552,24.9467,10689.5,10689.8,10730.1,40.5428,done,
553,22.3297,10709.4,10730.1,10767.4,57.9691,done,
554,31.8295,10729,10730.1,10767.4,38.3624,done,
555,23.6632,10748.8,10767.4,10792.7,43.9392,done,
556,15.7273,10768.9,10791.6,10809.9,40.9799,done,
557,13.034,10782.6,10791.6,10809.9,27.2796,done,
558,14.9145,10796.7,10809.9,10827.1,30.4029,done,
559,31.7315,10811.5,10827.1,10861,49.5363,done,
560,8.4928,10825,10827.1,10861,36.027,done,
561,5.93807,10839.1,10861.1,10886.6,47.5746,done,
562,20.3623,10853.2,10861.1,10886.6,33.4688,done,
563,53.1387,10867.3,10886.7,10942.1,74.7843,done,
564,43.4545,10883.8,10886.7,10942.1,58.2815,done,
565,18.487,10900.2,10942.1,10962.8,62.6239,done,
566,10.6908,10916.6,10942.1,10962.8,46.1977,done,
567,29.4707,10933.1,10962.8,11005.7,72.6685,done,
568,39.3178,10949.6,10962.8,11005.7,56.109,done,
569,38.095,10966.1,11005.1,11047.7,81.6454,done,
570,35.7728,10985.8,11005.1,11047.7,61.9279,done,
571,18.6199,11009.4,11047.8,11104.5,95.1184,done,
572,50.8904,11025.7,11047.8,11104.5,78.7482,done,
573,22.2042,11045.1,11090.2,11145.7,100.579,done,
574,41.0312,11064.9,11090.2,11145.7,80.8253,done,
575,33.1736,11097.8,11145.7,11182.4,84.6256,done,
576,29.7632,11130.7,11145.7,11182.4,51.6873,done,
577,45.4731,11163.6,11182.4,11231.1,67.4605,done,
578,19.4477,11188.4,11206.5,11250.6,62.1755,done,
579,18.4973,11213,11250.6,11277.4,64.4168,done,
580,23.1198,11237.7,11250.6,11277.4,39.6947,done,
581,7.86934,11262.4,11277.4,11287.4,25.0162,done,
582,28.4636,11287.1,11287.5,11317.4,30.3142,done,
583,16.0247,11311.9,11317.4,11335,23.1435,done,
584,8.28732,11336.5,11336.5,11346.3,9.85255,done,
585,48.3983,11361.1,11361.2,11411.1,49.9889,done,
586,44.8953,11385.8,11395.8,11456.2,70.3816,done,
587,19.2161,11410.6,11445.5,11475.6,65.0428,done,
588,15.8327,11435.2,11445.5,11475.6,40.4042,done,
589,33.7295,11459.9,11475.6,11512.3,52.3498,done,
590,19.8904,11492.9,11512.3,11533.7,40.767,done,
591,42.7124,11525.9,11533.7,11579.5,53.6385,done,
592,27.0664,11558.8,11572.3,11606.7,47.8698,done,
593,7.07748,11583.4,11606.7,11615.3,31.8964,done,
594,19.8364,11608.1,11615.3,11636.6,28.5157,done,
595,20.3542,11632.8,11636.7,11659.2,26.4318,done,
596,14.4275,11657.5,11659.3,11675.3,17.745,done,
597,23.1715,11677.3,11677.4,11702,24.7172,done,
598,11.7654,11697.3,11702,11717.1,19.7766,done,
599,46.9788,11716.7,11717.1,11766.4,49.6931,done,
600,17.6045,11736.5,11749.4,11784.2,47.6484,done,
601,30.5894,11756.2,11784.2,11817,60.7828,done,
602,23.9016,11773,11784.2,11817,43.99,done,
603,18.6055,11789.2,11817,11839.1,49.9106,done,
604,13.1978,11805.7,11817,11839.1,33.4419,done,
605,22.7441,11822.1,11839.1,11867.3,45.2554,done,
606,20.5702,11838.5,11839.1,11867.3,28.7815,done,
607,23.2675,11855.1,11867.3,11893.5,38.4679,done,
608,28.801,11874.8,11893.5,11924.1,49.3034,done,
609,19.6041,11894.5,11924.1,11954.7,60.2175,done,
610,28.3915,11914.3,11924.1,11954.7,40.4469,done,
611,21.3666,11934,11954.7,11993.4,59.4645,done,
612,35.291,11953.9,11954.7,11993.4,39.5401,done,
613,9.51966,11978.5,11993.4,12005.1,26.6346,done,
614,20.2959,12003.3,12005.1,12026.9,23.6379,done,
615,24.0228,12027.9,12027.9,12053.4,25.5046,done,
616,41.4383,12052.6,12053.4,12098.6,45.9694,done,
617,7.87312,12069,12089.2,12111.2,42.1662,done,
618,12.5105,12085.5,12089.2,12111.2,25.7328,done,
619,28.4556,12102.1,12111.2,12141.9,39.7941,done,
620,9.38449,12118.5,12142,12214.3,95.8336,done,
621,70.106,12134.9,12142,12214.3,79.3672,done,
622,42.1169,12151.3,12172.8,12256.6,105.305,done,
624,34.6258,12217.1,12251.1,12291.5,74.331,done,
625,10.6854,12250.1,12251.1,12291.5,41.3627,done,
623,30.4378,12184.3,-1.63714e+12,12306.3,122.008,error,7
626,24.8496,12274.8,12291.5,12319.3,44.522,done,
627,26.2527,12299.5,12319.4,12348.6,49.044,done,
628,17.3929,12324.3,12348.6,12368.2,43.9,done,
629,24.5261,12350.1,12368.2,12394.9,44.7917,done,
630,11.5393,12369.7,12394.9,12419.7,50.0224,done,
631,22.5183,12388.3,12394.9,12419.7,31.3608,done,
632,32.4223,12408.1,12419.7,12454.3,46.1903,done,
633,27.5599,12427.9,12452.1,12493.1,65.1776,done,
634,38.6073,12447.6,12452.1,12493.1,45.4963,done,
635,19.5463,12467.4,12493.1,12514.9,47.522,done,
636,13.8221,12487.1,12493.1,12514.9,27.7883,done,
637,25.0222,12506.9,12514.9,12542.2,35.2295,done,
638,10.9503,12526.6,12542.2,12554.7,28.0753,done,
639,32.6655,12546.4,12554.7,12588.9,42.4708,done,
640,41.43,12566.2,12587.1,12630.8,64.5896,done,
641,20.5097,12585.9,12587.1,12630.8,44.8928,done,
642,30.7399,12605.8,12630.8,12665.1,59.2504,done,
643,19.6578,12625.5,12630.8,12665.1,39.5943,done,
644,25.1965,12645.2,12665.1,12692.5,47.2408,done,
645,14.8665,12678.1,12692.5,12708.9,30.7722,done,
646,27.5588,12711.1,12711.1,12740.2,29.1529,done,
647,22.3123,12744,12744,12767.8,23.8666,done,
648,34.4675,12768.6,12768.7,12804.6,36.0211,done,
649,21.8742,12793.3,12793.4,12826.7,33.3849,done,
650,36.5318,12818.2,12826.7,12864.8,46.6691,done,
651,34.9453,12842.9,12851.5,12899.9,57.0842,done,
652,37.5971,12859.3,12889.3,12937.7,78.4568,done,
653,25.3725,12875.7,12889.3,12937.7,62.0279,done,
654,13.2224,12892.1,12937.7,12959.9,67.8413,done,
655,18.5772,12908.7,12937.7,12959.9,51.2489,done,
656,12.7749,12925.1,12960,13009.5,84.3824,done,
657,47.2443,12941.6,12960,13009.5,67.8692,done,
658,21.3618,12974.4,13009.5,13033.1,58.6887,done,
659,13.1352,13007.5,13009.5,13033.1,25.6404,done,
660,11.2299,13040.3,13040.3,13053.1,12.7667,done,
661,31.3001,13056.9,13057,13089.8,32.8879,done,
662,9.17948,13073.2,13083.8,13099.1,25.9076,done,
663,45.4158,13089.7,13099.1,13146.1,56.4641,done,
664,20.6481,13106.2,13125.9,13167,60.7913,done,
665,12.6792,13122.6,13125.9,13167,44.3731,done,
666,29.8796,13139,13167,13199.1,60.0845,done,
667,21.2258,13163.9,13167,13199.1,35.1968,done,
668,31.4355,13188.4,13199.1,13232.7,44.2223,done,
669,15.7677,13213.1,13232.7,13250.2,37.0744,done,
670,15.2958,13237.8,13250.2,13267.1,29.2244,done,
671,23.6378,13252,13267.1,13293,40.9806,done,
672,14.3921,13266.1,13267.1,13293,26.9106,done,
673,40.0894,13280.2,13293,13335.2,55.0076,done,
674,30.5892,13294.4,13328.1,13367.2,72.748,done,
675,31.6898,13308.5,13328.1,13367.2,58.6418,done,
676,9.98398,13322.5,13367.2,13399,76.5057,done,
677,29.5738,13336.6,13367.2,13399,62.3601,done,
678,41.0149,13356.4,13399,13443.9,87.5381,done,
679,12.5184,13376.2,13399,13443.9,67.7446,done,
680,14.4837,13395.9,13435.9,13471.6,75.6537,done,
681,27.4006,13415.7,13435.9,13471.6,55.909,done,
682,41.2187,13435.4,13471.6,13516.7,81.3245,done,
683,9.93282,13451.8,13471.6,13516.7,64.8603,done,
684,49.6904,13468.3,13508.8,13566.6,98.2486,done,
685,32.4661,13484.8,13508.8,13566.6,81.7357,done,
686,16.1263,13501.2,13553.6,13594.2,92.9787,done,
687,27.442,13517.7,13553.6,13594.2,76.4905,done,
688,12.1949,13534.2,13594.2,13608.6,74.4698,done,
689,10.696,13567.2,13594.2,13608.6,41.4435,done,
690,26.7703,13600.1,13608.7,13638.5,38.4478,done,
691,19.0399,13633,13638.5,13659.8,26.8646,done,
692,63.259,13649.5,13659.8,13724.6,75.1271,done,
693,32.3635,13665.8,13695.2,13757.2,91.3732,done,
694,18.2248,13682.4,13695.2,13757.2,74.8301,done,
695,50.7711,13698.9,13757.2,13811.8,112.91,done,
696,33.1459,13715.3,13757.2,13811.8,96.5072,done,
697,18.1055,13731.6,13757.2,13811.8,80.1385,done,
698,45.6324,13745.8,13757.2,13811.8,66.0309,done,
699,16.6906,13760.2,13808.5,13852,91.826,done,
700,39.6584,13774.1,13808.5,13852,77.9663,done,
701,24.9819,13788.1,13808.5,13852,63.8831,done,
702,23.328,13802.2,13808.5,13852,49.8329,done,
703,30.1156,13816.5,13852,13885.8,69.315,done,
704,13.574,13830.4,13852,13885.8,55.4117,done,
705,11.8701,13850.2,13885.8,13913.3,63.0633,done,
706,25.1204,13870.2,13885.8,13913.3,43.0982,done,
707,24.1159,13889.7,13913.3,13941,51.3291,done,
708,12.5587,13909.8,13913.3,13941,31.2147,done,
709,43.3805,13929.3,13941,13986.6,57.2633,done,
710,36.1046,13949.1,13986.6,14025.2,76.099,done,
711,14.9612,13968.7,13986.6,14025.2,56.4472,done,
712,10.0558,13988.5,14025.2,14063.8,75.3243,done,
713,33.6374,14008.2,14025.2,14063.8,55.5626,done,
714,12.1266,14029.8,14063.8,14085,55.1552,done,
715,18.9422,14052.7,14063.8,14085,32.3062,done,
716,30.7284,14077.4,14085,14117.8,40.3842,done,
717,49.0497,14102.2,14117.8,14168.4,66.2769,done,
718,19.9169,14126.8,14168.4,14190.7,63.9204,done,
719,14.2928,14143.2,14168.4,14190.7,47.451,done,
720,23.4473,14159.8,14190.7,14220.4,60.5923,done,
721,24.4661,14176.2,14190.7,14220.4,44.198,done,
722,20.2,14195.6,14217.2,14240.8,45.2044,done,
723,7.15609,14209.1,14217.2,14240.8,31.6756,done,
724,17.038,14225.7,14240.8,14260,34.2351,done,
725,32.5025,14258.5,14260,14294,35.5305,done,
726,17.4784,14291.5,14294,14313,21.5447,done,
727,23.2576,14324.3,14324.4,14349.2,24.8097,done,
728,15.9051,14357.3,14357.3,14374.7,17.4782,done,
729,16.8459,14390.3,14390.3,14408.6,18.3528,done,
730,17.8669,14423.2,14423.3,14442.6,19.3961,done,
731,8.36651,14439.6,14442.6,14452.5,12.9515,done,
732,24.5082,14456.1,14456.1,14482.1,26.0783,done,
733,16.9653,14472.5,14482.1,14500.6,28.1364,done,
734,20.0917,14489,14500.6,14522.2,33.2293,done,
735,20.6179,14505.4,14522.2,14546.2,40.7688,done,
736,21.7036,14521.9,14522.2,14546.2,24.3353,done,
737,23.3884,14554.8,14554.8,14579.7,24.942,done,
738,47.4193,14587.7,14587.8,14636.7,49.0211,done,
739,16.7457,14620.7,14620.8,14653.6,32.9199,done,
740,33.98,14653.6,14653.7,14689.2,35.5891,done,
741,16.363,14686.5,14689.2,14707.1,20.6138,done,
742,11.5215,14719.4,14719.5,14732.5,13.0872,done,
743,16.43,14744.2,14744.3,14762.2,18.0534,done,
744,12.2928,14768.8,14768.9,14782.7,13.8484,done,
745,13.5828,14793.6,14793.7,14808.7,15.0649,done,
746,30.1061,14818.3,14818.3,14849.9,31.6095,done,
747,14.5014,14842.9,14849.9,14865.9,22.9996,done,
748,45.2274,14867.6,14867.6,14914.4,46.7517,done,
749,22.5245,14892.3,14904.3,14937,44.7673,done,
750,9.61692,14917,14937,14948.2,31.1258,done,
751,43.6148,14966.4,14966.4,15011.5,45.1383,done,
752,19.1749,15015.8,15015.8,15036.5,20.7658,done,
753,26.2373,15040.4,15040.5,15068.2,27.7761,done,
754,28.4544,15065.2,15068.2,15098.1,32.9727,done,
755,17.5723,15089.8,15098.1,15117.3,27.4568,done,
756,23.6187,15114.5,15117.3,15142.5,27.9477,done,
757,36.1939,15163.9,15163.9,15201.6,37.7142,done,
758,19.0368,15213.3,15213.3,15233.9,20.574,done,
759,13.5603,15238,15238.1,15253.2,15.1309,done,
760,25.6714,15262.8,15262.8,15290,27.2502,done,
761,8.95589,15287.4,15290,15300.5,13.062,done,
762,21.1799,15312.1,15312.2,15334.9,22.7922,done,
763,35.7024,15345,15345,15382.3,37.282,done,
764,11.3296,15377.9,15378,15393.7,15.8092,done,
765,49.5389,15411,15411,15462.1,51.1007,done,
766,8.35183,15443.7,15443.8,15470.6,26.8254,done,
767,5.39222,15476.7,15476.8,15483.7,6.95397,done,
768,17.2493,15509.6,15509.7,15528.5,18.8321,done,
769,9.72117,15542.5,15542.5,15553.8,11.2732,done,
770,41.3672,15575.5,15575.6,15618.4,42.9215,done,
771,13.2946,15608.4,15614.3,15631.9,23.5471,done,
772,24.2423,15624.9,15631.9,15657.8,32.8972,done,
773,23.3275,15641.3,15657.8,15682.6,41.3549,done,
774,17.235,15657.8,15682.7,15702.6,44.7804,done,
775,17.646,15674.2,15682.7,15702.6,28.3478,done,
776,16.555,15690.8,15702.6,15721.4,30.5623,done,
777,18.4715,15707.2,15721.4,15741.4,34.2358,done,
778,8.66543,15756.6,15756.6,15766.8,10.2372,done,
779,46.764,15805.9,15805.9,15854.2,48.31,done,
780,15.8807,15904.8,15904.8,15922.2,17.4577,done,
781,26.0053,15937.7,15937.8,15965.3,27.6091,done,
782,7.97934,15970.5,15970.6,15980.1,9.55224,done,
783,31.2335,16003.6,16003.6,16036.3,32.7402,done,
784,26.4328,16102.2,16102.3,16130.3,28.0278,done,
785,25.757,16201.1,16201.2,16228.5,27.3368,done,
786,41.4411,16299.8,16299.9,16342.8,43.0317,done,
787,21.8684,16332.7,16335.7,16364.9,32.1257,done,
788,17.2384,16366,16366,16384.8,18.8134,done,
789,10.9401,16398.6,16398.6,16411.1,12.5186,done,
790,34.9926,16448,16448,16484.5,36.5544,done,
791,25.9762,16497.4,16497.5,16525,27.5563,done,
792,14.2197,16596.2,16596.2,16611.9,15.7501,done,
793,28.1226,16620.8,16620.9,16650.5,29.6913,done,
794,21.4024,16645.5,16650.5,16673.4,27.9716,done,
795,27.8383,16670.2,16673.4,16703.5,33.2944,done,
796,28.9419,16694.9,16703.5,16734,39.049,done,
797,25.067,16744.4,16744.5,16771.1,26.6354,done,
798,13.1254,16793.7,16793.8,16808.4,14.6866,done,
799,35.0232,16892.4,16892.5,16930.3,37.8754,done,
800,26.34,16991.3,16991.3,17019.2,27.9466,done,
801,74.1421,17090,17090,17165.6,75.641,done,
802,28.0683,17188.7,17188.8,17218.3,29.5941,done,
803,16.7956,17287.6,17287.7,17306,18.3261,done,
804,33.2336,17337,17337,17371.7,34.7483,done,
805,24.221,17386.4,17386.5,17412.2,25.7184,done,
806,20.9333,17485.1,17485.1,17507.6,22.5063,done,
807,31.7178,17534.4,17534.5,17567.7,33.3027,done,
808,15.2503,17583.8,17583.8,17600.5,16.7402,done,
809,21.3009,17682.6,17682.6,17705.5,22.8819,done,
810,19.4024,17781.5,17781.5,17802.4,20.9195,done,
811,19.3898,17806.2,17806.2,17827.1,20.9653,done,
812,30.9551,17830.8,17830.9,17863.4,32.6013,done,
813,7.2009,17855.6,17855.7,17870.7,15.1058,done,
814,17.4207,17880.2,17880.2,17899.2,19.0011,done,
815,38.2062,17978.9,17979,18018.7,39.7644,done,
816,21.2154,18077.7,18077.7,18100.5,22.8198,done,
817,23.4656,18176.5,18176.6,18201.5,24.988,done,
818,10.6635,18275.3,18275.3,18287.5,12.1943,done,
819,10.7948,18374,18374.1,18386.4,12.3659,done,
820,8.63613,18473,18473,18483.2,10.2071,done,
821,10.9459,18571.6,18571.7,18584.2,12.5177,done,
822,15.6667,18670.4,18670.4,18687.6,17.2539,done,
823,8.51371,18769.1,18769.1,18779.2,10.1377,done,
824,39.3535,18867.9,18867.9,18908.8,40.8921,done,
825,38.9422,18966.6,18966.7,19007.1,40.4964,done,
826,16.0266,19065.5,19065.5,19083.1,17.5854,done,
827,19.405,19164.2,19164.2,19185.2,20.9945,done,
828,12.2228,19263,19263,19276.7,13.7763,done,
829,7.9015,19312.4,19312.4,19321.8,9.4613,done,
830,18.9756,19361.8,19361.9,19382.3,20.5099,done,
831,13.7278,19460.6,19460.6,19475.9,15.3068,done,
832,8.86365,19559.3,19559.4,19569.8,10.4174,done,
833,9.31194,19658.1,19658.2,19669,10.8574,done,
834,34.6967,19756.9,19757,19793.2,36.224,done,
835,23.6069,19855.7,19855.8,19880.9,25.1994,done,
836,13.1338,19954.4,19954.4,19969.1,14.7312,done,
837,15.0855,20053.2,20053.3,20069.8,16.6369,done,
838,18.8069,20152,20152,20172.3,20.3667,done,
839,22.7375,20201.4,20201.5,20225.7,24.2592,done,
840,12.7399,20250.7,20250.8,20265.1,14.3324,done,
841,21.1832,20275.4,20275.5,20298.2,22.7775,done,
842,23.0464,20300.1,20300.1,20324.7,24.6231,done,
843,42.3293,20324.8,20324.8,20368.7,43.9598,done,
844,33.2306,20349.5,20349.5,20402.1,52.6013,done,
845,48.6814,20448.3,20448.3,20498.5,50.2328,done,
846,18.7296,20547.2,20547.3,20567.5,20.2772,done,
847,20.4277,20645.8,20645.9,20667.8,21.9873,done,
848,39.1608,20744.6,20744.6,20785.3,40.7707,done,
849,22.7807,20843.3,20843.4,20867.7,24.3178,done,
850,33.0482,20942.1,20942.1,20976.7,34.6,done,
851,16.9635,21041.1,21041.1,21059.6,18.5125,done,
852,11.479,21139.7,21139.7,21152.8,13.068,done,
853,14.6069,21238.5,21238.5,21254.6,16.1536,done,
854,9.86979,21337.2,21337.3,21348.7,11.4288,done,
855,25.7068,21435.9,21436,21463.3,27.3095,done,
856,10.8155,21534.8,21534.8,21547.1,12.3843,done,
857,6.99264,21633.5,21633.6,21642.1,8.54958,done,
858,37.4009,21732.4,21732.4,21771.5,39.1751,done,
859,19.4342,21831.1,21831.1,21852.1,20.9744,done,
860,41.546,21929.8,21929.9,21972.9,43.097,done,
861,27.5573,22028.7,22028.7,22057.8,29.0898,done,
862,20.6945,22127.4,22127.4,22149.7,22.274,done,
863,27.0667,22226.2,22226.2,22254.8,28.5848,done,
864,25.1738,22325,22325.1,22351.8,26.7745,done,
865,26.3559,22423.8,22423.8,22451.7,27.9209,done,
866,18.6076,22522.5,22522.6,22542.7,20.1721,done,
867,21.085,22621.4,22621.4,22644,22.6369,done,
868,9.84651,22720.1,22720.1,22731.5,11.4209,done,
869,16.5644,22769.4,22769.4,22787.6,18.1537,done,
870,53.6505,22818.8,22818.8,22874,55.2113,done,
871,15.1549,22868.2,22868.2,22889.3,21.104,done,
872,29.8723,22917.6,22917.6,22949.1,31.4734,done,
873,31.4487,23016.3,23016.4,23049.4,33.11,done,
874,42.3658,23115.1,23115.2,23159.1,43.9127,done,
875,13.2566,23213.9,23214,23228.8,14.8623,done,
876,37.2225,23312.7,23312.8,23351.5,38.7552,done,
877,25.8821,23411.4,23411.5,23438.9,27.5148,done,
878,25.9844,23510.2,23510.3,23537.8,27.5663,done,
879,18.7195,23609,23609.1,23629.3,20.2737,done,
880,25.3602,23658.3,23658.4,23685.3,27.0131,done,
881,24.148,23707.8,23707.9,23733.5,25.6717,done,
882,19.7154,23806.5,23806.6,23827.9,21.3329,done,
883,29.0514,23905.3,23905.3,23935.9,30.6234,done,
884,28.8481,24004.1,24004.1,24034.5,30.4081,done,
885,22.1901,24102.9,24102.9,24126.6,23.7496,done,
886,18.107,24201.6,24201.7,24222.2,20.5835,done,
887,9.11409,24300.4,24300.5,24311.1,10.635,done,
888,36.268,24399.3,24399.4,24437.1,37.787,done,
889,25.8148,24498.1,24498.1,24525.4,27.3441,done,
890,32.3739,24596.8,24596.8,24630.7,33.9455,done,
891,26.6513,24695.5,24695.5,24723.6,28.1844,done,
892,45.9371,24794.3,24794.4,24841.9,47.5561,done,
893,13.9056,24893,24893.1,24908.5,15.4274,done,
894,34.3183,24991.8,24991.9,25027.7,35.857,done,
895,33.8529,25090.6,25090.6,25126,35.4119,done,
896,8.65276,25189.4,25189.4,25199.6,10.2206,done,
897,11.9795,25288.1,25288.1,25301.6,13.5117,done,
898,51.022,25387,25387,25439.6,52.5869,done,
899,10.6549,25485.7,25485.7,25497.9,12.2032,done,
900,23.1954,25584.5,25584.6,25609.3,24.7517,done,
901,16.5939,25683.2,25683.3,25701.4,18.1353,done,
902,25.2231,25782,25782.1,25808.8,26.7673,done,
903,14.2019,25880.8,25880.9,25896.6,15.8002,done,
904,11.8603,25979.5,25979.6,25993,13.4546,done,
905,29.3065,26078.4,26078.5,26109.3,30.8483,done,
906,13.1107,26177.1,26177.2,26191.7,14.6639,done,
907,29.7248,26275.9,26276,26307.7,31.7857,done,
908,7.82556,26374.6,26374.6,26384,9.42987,done,
909,21.8271,26473.4,26473.5,26496.8,23.3472,done,
910,6.99966,26572.2,26572.2,26580.7,8.56495,done,
911,37.2491,26671,26671,26709.7,38.7763,done,
912,32.0923,26720.3,26720.4,26754,33.6544,done,
913,34.0246,26769.7,26769.7,26805.3,35.6149,done,
914,20.9717,26868.5,26868.6,26891.1,22.6058,done,
915,12.3561,26967.2,26967.3,26981.1,13.8776,done,
916,29.3156,27066,27066,27096.9,30.9156,done,
917,15.155,27164.9,27164.9,27181.6,16.7057,done,
918,12.1353,27263.6,27263.6,27277.2,13.6638,done,
919,24.036,27362.4,27362.4,27388,25.5809,done,
920,27.0485,27461.2,27461.2,27489.8,28.6031,done,
921,44.7127,27559.9,27560,27606.1,46.1954,done,
922,24.8552,27658.7,27658.7,27685.1,26.3979,done,
923,16.6604,27757.4,27757.5,27775.7,18.2982,done,
924,18.7465,27856.3,27856.3,27876.6,20.3372,done,
925,11.8316,27955,27955,27968.3,13.3568,done,
926,10.6618,28053.8,28053.8,28066,12.2425,done,
927,11.1839,28152.6,28152.6,28165.3,12.7618,done,
928,6.50867,28251.3,28251.4,28259.4,8.05992,done,
929,35.9131,28350.1,28350.1,28387.6,37.5147,done,
930,16.8079,28448.8,28448.9,28467.2,18.3697,done,
931,54.5174,28547.6,28547.6,28603.7,56.0769,done,
932,10.8904,28646.4,28646.5,28658.9,12.4899,done,
933,13.2837,28745.2,28745.2,28760,14.8353,done,
934,16.3661,28844,28844,28861.9,17.9484,done,
935,14.0873,28942.7,28942.8,28958.4,15.6881,done,
936,11.3751,29041.5,29041.6,29054.5,12.9166,done,
937,33.3756,29140.4,29140.4,29175.3,34.9127,done,
938,40.2119,29239.1,29239.1,29280.8,41.7522,done,
939,29.1165,29337.8,29337.8,29368.5,30.7044,done,
940,7.68503,29436.6,29436.7,29445.9,9.32671,done,
941,20.6774,29535.5,29535.5,29557.7,22.2694,done,
942,20.5151,29634.2,29634.2,29656.3,22.1133,done,
943,18.2423,29732.9,29732.9,29752.7,19.8163,done,
944,15.0369,29831.7,29831.7,29848.3,16.6137,done,
945,40.2128,29930.5,29930.6,29972.4,41.8263,done,
946,29.2036,30029.2,30029.2,30060,30.8006,done,
947,6.27446,30078.6,30078.6,30086.4,7.80178,done,
948,38.0452,30127.9,30128,30167.5,39.5848,done,
949,19.7574,30227.2,30227.2,30248.5,21.3799,done,
950,11.3332,30325.5,30325.6,30339.1,13.5302,done,
951,27.3451,30424.3,30424.3,30453.2,28.8987,done,
952,25.4648,30523.1,30523.1,30550.1,27.0284,done,
953,30.4436,30572.5,30572.5,30604.5,32.0066,done,
954,16.5853,30622.1,30622.1,30640.3,18.2059,done,
955,71.7968,30720.7,30720.8,30794.1,73.3554,done,
956,25.3755,30819.5,30819.5,30846.4,26.9189,done,
957,40.0194,30918.2,30918.3,30959.9,41.6178,done,
958,21.1108,31017,31017.1,31039.7,22.6347,done,
959,32.4753,31115.8,31115.8,31149.8,34.0531,done,
960,20.2982,31214.5,31214.6,31236.5,21.9234,done,
961,45.626,31313.5,31313.6,31360.6,47.1286,done,
962,17.8097,31412.1,31412.1,31431.5,19.3801,done,
963,33.9922,31510.9,31510.9,31546.4,35.5559,done,
964,35.4091,31609.6,31609.7,31646.6,36.9891,done,
965,16.8167,31708.4,31708.5,31726.8,18.3998,done,
966,16.2556,31807.1,31807.2,31824.9,17.8167,done,
967,17.1355,31905.9,31905.9,31924.6,18.7361,done,
968,25.6034,32004.8,32004.8,32031.9,27.1459,done,
969,24.5708,32054.1,32054.1,32080.2,26.147,done,
970,18.7178,32103.4,32103.5,32123.7,20.278,done,
971,29.5936,32202.3,32202.3,32233.4,31.1201,done,
972,8.27436,32301,32301,32310.8,9.83398,done,
973,18.6972,32399.8,32399.9,32420.4,20.5421,done,
974,27.0444,32449.2,32449.2,32477.8,28.623,done,
975,30.673,32498.6,32498.6,32531.9,33.3098,done,
976,31.1036,32531.5,32531.6,32565,33.529,done,
977,20.7657,32564.4,32564.5,32587.2,22.8172,done,
978,17.112,32597.3,32597.3,32615.9,18.6471,done,
979,19.9251,32630.2,32630.3,32651.7,21.5063,done,
980,16.5703,32663.3,32663.3,32681.4,18.1013,done,
981,6.22934,32696.3,32696.3,32704.1,7.80758,done,
982,30.3418,32745.5,32745.6,32777.4,31.9017,done,
983,9.22911,32794.8,32794.9,32805.7,10.8293,done,
984,38.2326,32827.8,32827.9,32867.7,39.8497,done,
985,31.9076,32860.8,32860.8,32899.8,38.9983,done,
986,28.3081,32893.6,32893.7,32928.2,34.5331,done,
987,41.1779,32992.4,32992.5,33035.1,42.7015,done,
988,6.19538,33041.8,33041.9,33049.6,7.79249,done,
989,16.7197,33091.2,33091.3,33109.5,18.2775,done,
990,30.3791,33140.6,33140.6,33172.5,31.9422,done,
991,13.9421,33190.1,33190.2,33205.7,15.5259,done,
992,15.8647,33239.4,33239.4,33256.8,17.4417,done,
993,15.0877,33288.7,33288.7,33305.3,16.6499,done,
994,29.3089,33338.2,33338.2,33369.1,30.8915,done,
995,33.8065,33387.5,33387.5,33422.8,35.3717,done,
996,13.7367,33420.4,33420.4,33436.7,16.3032,done,
997,22.5315,33453.5,33453.6,33477.6,24.0655,done,
998,15.5593,33486.5,33486.5,33503.6,17.1087,done,
999,23.2805,33519.5,33519.6,33544.4,24.8578,done,
1000,7.6999,33552.2,33552.2,33561.5,9.3265,done,
1001,26.4358,33585.1,33585.1,33613.1,28.0159,done,
1002,35.6844,33609.7,33609.7,33648.9,39.2643,done,
1003,38.5381,33634.4,33636.7,33687.6,53.2503,done,
1004,22.9753,33659.1,33672.5,33710.7,51.5671,done,
1005,37.594,33683.8,33710.7,33750.7,66.8597,done,
1006,13.9298,33708.5,33710.7,33750.7,42.1734,done,
1007,34.253,33733.2,33737.2,33785.1,51.8214,done,
1008,18.0786,33757.9,33778.8,33803.2,45.3404,done,
1009,23.786,33782.6,33803.2,33828.5,45.8657,done,
1010,13.5642,33815.5,33828.5,33843.6,28.0396,done,
1011,48.7139,33848.5,33848.5,33898.7,50.2743,done,
1012,16.8215,33881.4,33881.4,33915.7,34.3133,done,
1013,30.5574,33901.1,33915.7,33947.7,46.6554,done,
1014,26.0216,33920.9,33947.8,33976.1,55.2081,done,
1015,8.0504,33940.6,33947.8,33976.1,35.5211,done,
1016,41.833,33960.4,33975.8,34020.5,60.1021,done,
1017,19.7487,33980.1,34014,34040.4,60.228,done,
1018,15.6681,34004.8,34014,34040.4,35.536,done,
1019,14.9513,34029.5,34040.4,34058.4,28.9024,done,
1020,24.2367,34054.3,34058.4,34084.3,29.968,done,
1021,22.603,34078.9,34084.3,34108.4,29.4821,done,
1022,41.2019,34095.4,34108.4,34151.2,55.711,done,
1023,29.6048,34111.8,34147,34181,69.1475,done,
1024,18.0717,34128.3,34147,34181,52.7161,done,
1025,53.7555,34144.9,34178.7,34235,90.1193,done,
1026,8.66733,34161.2,34178.7,34235,73.7968,done,
1027,16.2824,34177.7,34208.5,34296.8,119.137,done,
1028,61.6395,34202.3,34208.5,34296.8,94.5015,done,
1029,49.9537,34227.1,34262.1,34347,119.885,done,
1030,17.8176,34251.9,34262.1,34347,95.1157,done,
1032,12.1045,34301.2,34339.1,34367.4,66.267,done,
1033,20.2179,34325.8,34339.2,34367.4,41.6142,done,
1031,11.7327,34276.4,-1.63714e+12,34398.4,122.004,error,7
1034,37.7672,34350.5,34367.4,34408.3,57.7438,done,
1035,23.2264,34375.3,34406,34433.6,58.2984,done,
1036,25.1272,34391.7,34406,34433.6,41.9352,done,
1037,31.8414,34408.2,34433.6,34470.9,62.7191,done,
1038,10.1601,34424.6,34433.6,34470.9,46.2681,done,
1039,21.3626,34441.2,34470.9,34501.9,60.6954,done,
1040,25.8799,34457.5,34470.9,34501.9,44.3636,done,
1041,11.7786,34475.3,34501.9,34519,43.7111,done,
1042,13.3243,34493.8,34501.9,34519,25.2045,done,
1043,18.2171,34513.5,34519,34539.5,26.0048,done,
1044,17.2684,34533.2,34539.5,34558.3,25.0818,done,
1045,74.7359,34553,34558.3,34635.4,82.4428,done,
1046,33.9533,34572.8,34590.7,34669.5,96.6651,done,
1049,25.789,34632,34667.5,34695.6,63.5092,done,
1050,15.6754,34651.8,34667.5,34695.6,43.7984,done,
1047,68.5891,34592.5,-1.63714e+12,34714.5,122.034,error,7
1051,32.6886,34671.5,34695.6,34730.5,58.9805,done,
1052,16.7086,34691.4,34695.6,34730.5,39.0949,done,
1048,21.9302,34612.3,-1.63714e+12,34734.3,122.005,error,7
1053,22.6994,34711.1,34730.5,34755.3,44.1983,done,
1054,21.1344,34732,34755.3,34784.2,52.2219,done,
1055,26.6227,34750.6,34755.3,34784.2,33.6295,done,
1056,11.8386,34770.3,34784.2,34798.3,27.9924,done,
1057,78.9244,34790.2,34798.3,34878.8,88.5997,done,
1058,20.5286,34809.8,34860.5,34917.3,107.452,done,
1059,38.3366,34829.6,34860.5,34917.3,87.6709,done,
1060,25.4418,34849.3,34917.3,34946.4,97.052,done,
1061,17.8063,34869.1,34917.3,34946.4,77.2969,done,
1062,14.4017,34885.6,34946.4,34980.2,94.5808,done,
1063,28.3289,34902,34946.4,34980.2,78.2454,done,
1064,16.6206,34920.2,34974.5,35014.9,94.6675,done,
1065,34.4319,34935.2,34974.5,35014.9,79.6296,done,
1066,7.73383,34951.5,35008.1,35065.8,114.305,done,
1067,50.682,34968.1,35008.1,35065.8,97.7263,done,
1068,6.26868,34984.5,35042.7,35080.7,96.2409,done,
1069,14.7126,35000.8,35042.7,35080.7,79.9288,done,
1070,30.7155,35017.4,35080.7,35115.2,97.8113,done,
1071,25.6533,35033.7,35080.7,35115.2,81.5181,done,
1074,15.2519,35091.5,35115.2,35132.6,41.1554,done,
1075,15.3348,35116.7,35132.6,35149.5,32.7541,done,
1072,30.6708,35050.2,-1.63714e+12,35172.2,122.007,error,7
1073,25.7127,35066.6,-1.63714e+12,35188.6,122.004,error,7
1076,37.4594,35140.7,35149.5,35189.2,48.4829,done,
1077,20.4442,35165.4,35189.2,35211.3,45.9598,done,
1078,32.3404,35190.1,35211.3,35246.9,56.7626,done,
1079,5.83417,35214.8,35246.9,35278.6,63.816,done,
1080,29.5547,35239.5,35246.9,35278.6,39.165,done,
1081,36.7948,35264.2,35278.6,35317.7,53.4743,done,
1082,12.3402,35283.9,35317.7,35339.5,55.5632,done,
1083,19.5191,35303.6,35317.7,35339.5,35.8238,done,
1084,15.8739,35323.4,35339.5,35357.5,34.1035,done,
1085,16.5763,35343.2,35357.5,35375.6,32.4011,done,
1086,24.447,35363,35375.6,35401.6,38.6354,done,
1087,13.0253,35387.7,35401.6,35416.8,29.0926,done,
1088,20.7878,35412.6,35416.8,35439.1,26.5519,done,
1089,34.1608,35437.1,35439.1,35476.3,39.195,done,
1090,29.6954,35461.8,35467,35506.2,44.3749,done,
1091,30.0129,35486.4,35503.9,35536.4,50.0203,done,
1092,16.3806,35511.1,35533.8,35552.9,41.8119,done,
1093,22.1347,35535.8,35552.9,35576.7,40.8432,done,
