# {"debug": false, "pause": false, "output": "/home/cc/DynWork/multimodal_dataset/repeat-2/Multimodal/Azure/incoming_rate_36.36/Modal_num/five_modal/4_x_P99/clipper", "slo_us": 389000, "batch_size": 8, "reqs": "/home/cc/DynWork/multimodal_dataset/repeat-2/Multimodal/Azure/incoming_rate_36.36/Modal_num/five_modal/jobs.bucketed.csv", "latencies": "/home/cc/DynWork/multimodal_dataset/repeat-2/Multimodal/Azure/incoming_rate_36.36/Modal_num/five_modal/latencies.csv"}
JobId,Length,Admitted,Started,Finished,Latency,State,EName
0,56.37298377863488,0.0,7.227228999137878,67.92843299731612,60.701203998178244,done,
1,75.70303516088538,25.882352941176467,33.11325900256634,165.19748800317757,132.08422900061123,done,
2,55.99333400414941,51.764705882352935,58.99984999001026,165.6354400011478,106.63559001113754,done,
3,34.431304228984864,77.6470588235294,110.77458299696444,267.24819599185133,156.4736129948869,done,
4,56.19577714924452,103.52941176470588,136.6604470014572,267.5064340066165,130.84598700515926,done,
5,35.36393944388996,129.41176470588235,84.88569800555706,267.97442901169416,183.0887310061371,done,
6,16.079180481110942,155.2941176470588,162.54634200036526,268.14436200389173,105.59802000352649,done,
7,95.07867943537975,181.17647058823528,188.43263299763203,413.3967040046118,224.9640710069798,done,
8,73.58297181661996,207.0588235294117,214.31870698928836,413.7494739849353,199.430766995647,done,
9,15.310741000418428,232.9411764705882,240.20641399919987,413.8977759962436,173.6913619970437,done,
10,75.53657208806884,258.8235294117647,266.0923859924078,633.9251589936903,367.8327730012825,done,
11,95.17784892816591,284.7058823529412,317.86433900892735,634.5010370092932,316.63669800036587,done,
12,37.04252304977421,310.5882352941176,395.5245500057936,634.5252700068522,239.00072000105865,done,
13,92.84724008788254,336.4705882352941,291.97775998711586,634.884263983462,342.90650399634615,done,
14,94.95680158597182,362.35294117647055,343.750777989626,635.3145789913833,291.5638010017574,done,
15,56.57985310712833,388.235294117647,369.63876201212406,635.4511870131828,265.8124250010587,done,
16,54.401827831920826,414.1176470588235,421.41022500395775,811.162773002754,389.7525479987962,past_due,
17,15.929902796072271,440.0,447.29900200665,841.7388610022609,394.4398589956109,past_due,
18,76.39111491579231,463.157894736842,470.46068799495697,859.8514569875551,389.39076899259817,past_due,
19,74.40086825745256,486.31578947368416,493.6224599927664,883.5353959997883,389.9129360070219,past_due,
20,37.7444418382491,509.47368421052624,516.7832379937172,905.8166229932103,389.03338499949314,past_due_client,None
21,14.809548493847457,532.6315789473683,563.1069910079241,906.1953440170037,343.0883530090796,done,
22,95.9225355963013,555.7894736842104,586.2682360112667,906.4305440207245,320.1623080094578,done,
23,55.93007603105399,578.9473684210525,539.9450099915266,906.7371639806079,366.79215398908127,done,
24,77.57663254916443,602.1052631578947,609.428814008832,998.941716003581,389.512901994749,past_due,
25,94.86665303910009,625.2631578947368,632.5912120044231,1024.093006995623,391.5017949911999,past_due,
26,35.027839111248426,648.4210526315788,655.7531889975071,1045.4403119928902,389.6871229953831,past_due,
27,15.11721663959571,671.578947368421,678.9151909947395,1068.4195279941196,389.50433699938,past_due,
28,57.317031286194336,694.7368421052631,702.0775099992752,1091.6106179977069,389.53310799843166,past_due,
29,95.3138029149726,717.8947368421052,725.2400000095367,1114.5252630037721,389.2852629942354,past_due,
30,75.3146013794163,741.0526315789473,748.4010009914637,1140.156365986797,391.75536499533337,past_due,
31,35.59403725161302,764.2105263157894,771.5631749927998,1160.9397220057435,389.3765470129438,past_due,
32,95.43383523974586,787.3684210526314,794.7249449938536,1184.8323259913595,390.107380997506,past_due,
33,56.24621786274157,810.5263157894735,817.8886779993773,1207.3957260060124,389.5070480066352,past_due,
34,36.66676163330048,833.6842105263156,841.0496859997511,1234.4150800036732,393.3653940039221,past_due,
35,96.69017160627013,856.8421052631578,864.2110919952393,1253.5153120022733,389.304220007034,past_due,
36,95.8980106513111,879.9999999999999,887.3725320100784,1276.684009013581,389.31147700350266,past_due,
37,94.18159048708404,911.4285714285712,918.804952993989,1308.236967993318,389.4320149993291,past_due,
38,36.6440030512161,942.8571428571428,950.238626986742,1339.6269189814338,389.3882919946918,past_due,
39,97.2305468716592,974.285714285714,981.6723330020905,1371.2008809978142,389.5285479957238,past_due,
40,96.07800627243957,1005.7142857142856,1013.1081269979476,1405.8634569997666,392.75533000181895,past_due,
41,14.67199398290657,1037.1428571428569,1044.5412449985745,1433.9711509888295,389.4299059902551,past_due,
42,16.650948346363478,1068.5714285714284,1075.9751050025225,1465.3900939991,389.4149889965775,past_due,
43,35.95899013700948,1099.9999999999998,1107.40765799582,1496.7369709907798,389.32931299495976,past_due,
44,14.83906022261305,1131.428571428571,1138.8414209932089,1528.3851059930166,389.5436849998077,past_due,
45,34.8311301292812,1162.857142857143,1170.2740889936686,1561.7315559989074,391.45746700523887,past_due,
46,35.454461748340194,1194.2857142857142,1201.706635996699,1591.0980030002536,389.3913670035545,past_due,
47,35.31872544623352,1225.7142857142856,1233.14058201015,1622.5516470100265,389.4110649998765,past_due,
48,76.22832122892619,1257.1428571428569,1264.572538986802,1653.9570449806051,389.38450599380303,past_due,
49,75.4324854455331,1288.5714285714284,1296.0051530003548,1668.2806039948482,372.27545099449344,done,
50,76.82806185993236,1319.9999999999998,1327.4384109973907,1717.0162279945798,389.5778169971891,past_due,
51,52.61173046809067,1345.8823529411764,1353.3240050077438,1742.7633980027167,389.4393929949729,past_due,
52,36.2865068112689,1371.7647058823527,1379.2111230045557,1768.72090400639,389.5097810018342,past_due,
53,56.50446630880503,1397.6470588235293,1405.097800001502,1796.472757996642,391.37495799514,past_due,
54,76.18101846539349,1423.5294117647056,1430.9856420010328,1823.4135220124153,392.4278800113825,past_due,
55,37.52420613576936,1449.4117647058822,1456.8718260079622,1851.3442820067285,394.47245599876624,past_due,
56,54.19218443433189,1475.2941176470586,1482.7583390027285,1872.271176008624,389.5128370058956,past_due,
57,74.85851315311068,1501.1764705882351,1508.647016003728,1886.304855013499,377.6578390097711,done,
58,77.12244810857007,1527.0588235294117,1534.5443989932537,1923.908789991052,389.3643909977982,past_due,
59,55.02268806568525,1552.941176470588,1560.431667998433,1949.8878570031375,389.4561890047044,past_due,
60,16.555929646732523,1578.8235294117644,1586.317033007741,1975.6305900183506,389.31355701060966,past_due,
61,56.14882785875318,1604.705882352941,1612.204369008541,2001.5509220212698,389.3465530127287,past_due,
62,54.60085553998034,1630.5882352941176,1638.0909850001335,2027.4459660019493,389.35498100181576,past_due,
63,55.47500528040362,1656.470588235294,1663.979212000966,2053.3932230069768,389.4140110060107,past_due,
64,55.15361566847964,1682.3529411764705,1689.8645769953728,2079.1471259846585,389.2825489892857,past_due,
65,75.5802293289949,1708.2352941176468,1715.750887989998,2105.1842519955244,389.4333640055265,past_due,
66,76.93911507757177,1734.1176470588234,1741.6374769955871,2130.9166989950463,389.27922199945897,past_due,
67,96.37790142572642,1759.9999999999998,1767.522524997592,2156.8068479963113,389.2843229987193,past_due,
68,36.12806737674923,1787.4999999999998,1795.028624996543,2184.7917049876414,389.7630799910985,past_due,
69,58.15078840144655,1815.0,1822.5326410084965,2211.8293180011683,389.2966769926716,past_due,
70,94.9344133907498,1842.5,1850.0372599959371,2239.6986299867276,389.6613699907903,past_due,
71,15.561707963921728,1870.0,1877.542832002044,2267.010142002371,389.4673100003274,past_due,
72,14.458804568024576,1897.5,1905.0464729964733,2294.33963899035,389.2931659938768,past_due,
73,95.15936371674552,1925.0,1932.553425997496,2322.01997199317,389.4665459956741,past_due,
74,36.32925681860374,1952.4999999999995,1960.0567030012608,2349.4260720055318,389.369369004271,past_due,
75,58.48978484757554,1979.9999999999995,1987.562155008316,2377.0278030053014,389.46564799698535,past_due,
76,54.65426636753519,2007.4999999999995,2015.0659900009632,2404.8813739991747,389.8153839982115,past_due,
77,34.01254884848572,2034.9999999999995,2042.5700049996376,2432.0000009934884,389.4299959938508,past_due,
78,37.34201731767794,2062.4999999999995,2070.0747020095587,2459.6322580113774,389.55755600181874,past_due,
79,96.73435218843768,2089.9999999999995,2097.578038007021,2486.8549600035185,389.2769219964976,past_due,
80,75.51754207837688,2117.4999999999995,2125.082616001368,2514.7264270109595,389.64381100959145,past_due,
81,36.59110023468553,2144.9999999999995,2152.585463002324,2541.8906179990154,389.3051549966913,past_due,
82,74.28370911149575,2172.4999999999995,2180.089653000236,2569.519646010944,389.4299930107081,past_due,
83,72.36192769905031,2199.9999999999995,2207.5931069999933,2597.004780997522,389.41167399752885,past_due,
84,54.63021584119574,2227.4999999999995,2235.1034310013056,2624.5310109988786,389.42757999757305,past_due,
85,55.2222967890623,2254.9999999999995,2262.60656799376,2652.0057879965752,389.3992200028151,past_due,
86,35.128388212641795,2282.4999999999995,2290.110158994794,2679.3655859935097,389.2554269987159,past_due,
87,16.87170632352057,2309.9999999999995,2317.615749001503,2707.2899660051335,389.6742170036305,past_due,
88,15.756269305439588,2337.4999999999995,2345.120425000787,2734.5718389982358,389.451413997449,past_due,
89,56.06179548244533,2364.9999999999995,2372.623538002372,2761.7651560000377,389.1416179976659,past_due,
90,14.277960437296272,2392.4999999999995,2400.1277319937944,2789.684454985778,389.5567229919834,past_due,
91,74.83609981613627,2419.9999999999995,2427.631627008319,2816.8197850140277,389.18815800570883,past_due,
92,56.72603982655605,2447.4999999999995,2455.1365889906883,2844.7266159906285,389.59002699994016,past_due,
93,95.95034637426626,2474.9999999999995,2482.640009999275,2871.7374779954553,389.09746799618006,past_due,
94,93.71201622194796,2502.4999999999995,2510.1444350034,2899.7821099942084,389.6376749908086,past_due,
95,75.4945276691825,2529.9999999999995,2537.647860005498,2926.802672995953,389.15481299045496,past_due,
96,36.911678497598366,2557.4999999999995,2565.152906000614,2954.7534059993923,389.6004999987781,past_due,
97,74.62382338118252,2584.9999999999995,2592.6572250127792,2982.0906400227686,389.4334150099894,past_due,
98,58.02407621797026,2612.4999999999995,2620.161027997732,3009.4220909968717,389.26106299913954,past_due,
99,17.02717969762245,2639.9999999999995,2647.665475010872,3037.119451003964,389.4539759930922,past_due,
100,35.87656033445151,2667.4999999999995,2675.168800994754,3064.546828999766,389.3780280050123,past_due,
101,37.673782500982895,2694.9999999999995,2702.673869997263,3092.1263769890647,389.4525069918018,past_due,
102,15.441658813993635,2722.4999999999995,2730.1772919893265,3119.532722980017,389.3554309906904,past_due,
103,74.34474607117707,2749.9999999999995,2757.6817930042744,3147.5821360166883,389.90034301241394,past_due,
104,93.27249713444024,2777.4999999999995,2785.184850990772,3176.8589969887394,391.67414599796757,past_due,
105,55.266368273334045,2804.9999999999995,2812.6904449909925,3205.8375919896644,393.1471469986718,past_due,
106,76.2044396586119,2832.4999999999995,2840.1942599862814,3229.7961399868364,389.60188000055496,past_due,
107,34.95837734951091,2859.9999999999995,2867.6978199929,3257.0936009997968,389.39578100689687,past_due,
108,72.58956589096847,2887.4999999999995,2895.2022399902344,3284.680315992213,389.4780760019785,past_due,
109,94.61874169053311,2914.9999999999995,2922.710059002042,3312.0326800077455,389.3226210057037,past_due,
110,52.9999448927013,2942.4999999999995,2950.2147950083017,3339.7940210092347,389.579226000933,past_due,
111,93.21630236265266,2969.9999999999995,2977.717406988144,3366.957743985462,389.2403369973181,past_due,
112,76.8660082939718,2997.4999999999995,3005.22188898921,3394.7530739957,389.53118500649,past_due,
113,16.750258577142233,3024.9999999999995,3032.7256710082293,3421.9485459983116,389.2228749900824,past_due,
114,55.137745760606215,3052.4999999999995,3060.231465995312,3449.830961999251,389.5994960039389,past_due,
115,54.15055136110842,3079.9999999999995,3087.734381005168,3476.9227610003436,389.1883799951757,past_due,
116,15.166144748000852,3109.333333333333,3117.072579011321,3506.5413510134676,389.4687720021466,past_due,
117,95.58388936890516,3138.666666666666,3146.410846993327,3535.7994849889074,389.3886379955802,past_due,
118,35.108071117506874,3167.9999999999995,3175.748374998569,3565.1305869993516,389.3822120007826,past_due,
119,95.41104110451909,3197.333333333333,3205.0849450081587,3594.225094004534,389.1401489963755,past_due,
120,96.95322662231186,3226.666666666666,3234.423950999975,3623.815834989422,389.3918839894468,past_due,
121,76.41636008174596,3255.9999999999995,3263.761794000864,3653.0906350044534,389.3288410035893,past_due,
122,35.611354855712825,3285.333333333333,3293.0999390035868,3682.511506015435,389.4115670118481,past_due,
123,75.89121457267713,3314.666666666666,3322.4367640018463,3711.6563850090606,389.2196210072143,past_due,
124,35.553715063046,3343.9999999999995,3351.774782001972,3741.2184099971782,389.4436279952061,past_due,
125,74.92571853963082,3373.333333333333,3381.112310990691,3770.4870789883425,389.37476799765136,past_due,
126,17.470718724130535,3402.666666666666,3410.450668990612,3800.043754992308,389.59308600169607,past_due,
127,18.44546592601845,3431.9999999999995,3439.789154008031,3829.090692009777,389.30153800174594,past_due,
128,35.63319521571594,3461.333333333333,3469.126134991646,3858.3560130036203,389.2298780119745,past_due,
129,54.960864949998445,3490.666666666666,3498.4654199928045,3887.9722539844224,389.5068339916179,past_due,
130,75.47212111340087,3519.9999999999995,3527.803094998002,3917.1236410024576,389.32054600445554,past_due,
131,76.05934063783334,3549.333333333333,3557.140027999878,3946.3644460022915,389.2244180024136,past_due,
132,94.68493327470358,3578.666666666666,3586.4780699908733,3975.886981991236,389.4089120003628,past_due,
133,15.5393588191437,3608.0,3615.815430998802,4005.1279600039124,389.3125290051103,past_due,
134,73.96654263618734,3637.333333333333,3645.153041005135,4034.420208998374,389.2671679932391,past_due,
135,33.12671356120453,3666.666666666666,3674.489579990506,4063.58784998639,389.098269995884,past_due,
136,93.55968029687948,3696.0,3703.827030003071,4094.7447549910285,390.9177249879576,past_due,
137,56.669299851382895,3725.333333333333,3733.164689004421,4126.107148006791,392.94245900237,past_due,
138,33.37404741741102,3754.666666666666,3762.502378001809,4152.121452996507,389.61907499469817,past_due,
139,15.675355173481018,3784.0,3791.8396310061216,4181.439995017252,389.6003640111303,past_due,
140,36.69307797263667,3813.333333333333,3821.17686599493,4210.672100989614,389.4952349946834,past_due,
141,16.120863518835954,3842.666666666666,3850.514106988907,4239.879009995842,389.3649030069355,past_due,
142,54.368216877087534,3872.0,3879.8514629900455,4269.346906993887,389.4954440038418,past_due,
143,55.04555885061541,3901.333333333333,3909.1888169944286,4298.594116001623,389.4052990071941,past_due,
144,53.99832770880376,3930.666666666666,3938.525292992592,4327.794336000108,389.2690430075163,past_due,
145,52.30442543889166,3960.0,3967.863133013248,4357.373920018086,389.51078700483777,past_due,
146,95.76671287169984,3991.428571428571,3999.295773997903,4388.564239003346,389.2684650054434,past_due,
147,74.57606989752338,4022.857142857142,4030.734384998679,4420.1105449888855,389.3761599902064,past_due,
148,56.10377250605885,4054.2857142857138,4062.167183995247,4453.468295007828,391.3011110125808,past_due,
149,96.10715013931612,4085.714285714285,4093.599527999759,4483.1977429986,389.5982149988413,past_due,
150,51.11337083102326,4117.142857142857,4125.031648993492,4514.408477993449,389.376828999957,past_due,
151,35.73271282316824,4148.571428571428,4156.464628994465,4545.742745994241,389.2781169997761,past_due,
152,73.12082944423719,4179.999999999999,4187.898654997349,4577.588957004133,389.6903020067839,past_due,
153,76.10501217315658,4211.428571428571,4219.33137100935,4608.845992007293,389.514620997943,past_due,
154,57.4794466742414,4242.857142857142,4250.76440499723,4640.247320995317,389.48291599808726,past_due,
155,56.01455240550301,4274.285714285714,4282.1973900049925,4673.422684011282,391.2252940062899,past_due,
156,73.40953414566081,4305.714285714284,4313.630084007978,4703.24309399724,389.6130099892616,past_due,
157,74.47967145826819,4337.142857142856,4345.06285199523,4734.496810999466,389.4339590042364,past_due,
158,96.47705903102089,4368.571428571428,4376.496169999242,4765.87172299996,389.3755530007184,past_due,
159,54.87881544805415,4399.999999999999,4407.9295070022345,4797.604571000091,389.67506399785634,past_due,
160,55.65186727956422,4443.999999999999,4451.936076998711,4841.826576993801,389.89049999509007,past_due,
161,34.777280529705024,4487.999999999999,4495.941749989986,4885.391630986822,389.4498809968354,past_due,
162,97.36334653824024,4531.999999999999,4539.9487169981,4929.487637991901,389.5389209938003,past_due,
163,56.81669212966492,4575.999999999999,4583.954550996423,4978.090282996418,394.1357319999952,past_due,
164,76.75475403879678,4619.999999999999,4627.9609870016575,4984.219213996781,356.25822699512355,done,
165,76.79239765659361,4663.999999999999,4671.966473996639,5061.611231986666,389.6447579900269,past_due,
166,34.36291280303854,4707.999999999999,4715.972184002399,5107.795612001442,391.8234279990429,past_due,
167,78.40349850276927,4751.999999999999,4759.978658005595,5149.635479009477,389.6568210038822,past_due,
168,75.99329714024194,4795.999999999999,4803.985237002373,5193.469873007736,389.4846360053634,past_due,
169,55.94733719788366,4839.999999999999,4847.990938007832,5237.6792460093275,389.6883080014959,past_due,
170,74.70140359152612,4865.882352941176,4899.7644110023975,5250.75489800307,350.99048700067215,done,
171,93.37908208351162,4891.764705882352,4925.64992800355,5251.062612007372,325.4126840038225,done,
172,94.00456350868552,4917.647058823529,4873.878656998277,5251.142981995945,377.26432499766815,done,
173,35.91498177377006,4943.529411764705,4951.537271007896,5340.953623009614,389.4163520017173,past_due,
174,74.13309362325346,4969.411764705881,4977.422815993428,5366.603868997423,389.1810530039948,past_due,
175,95.83171257323608,4995.294117647058,5003.309154003859,5392.873896003352,389.564741999493,past_due,
176,13.597848484675534,5021.176470588234,5029.195786997676,5418.4813670053845,389.28558000770863,past_due,
177,35.49072636990452,5047.058823529411,5055.08259999752,5444.4935020013945,389.41090200387407,past_due,
178,15.358745151399162,5072.941176470587,5080.973476007581,5470.044315002975,389.0708389953943,past_due,
179,56.78379081537211,5098.823529411764,5106.85927900672,5496.218779003946,389.3594999972265,past_due,
180,93.10608539763535,5124.7058823529405,5132.74542799592,5522.031727988739,389.2862999928184,past_due,
181,93.78656002417398,5150.588235294117,5158.631127998233,5547.872234006063,389.24110600783024,past_due,
182,94.82138941932996,5176.470588235294,5184.518358007073,5574.216130006709,389.6977719996357,past_due,
183,56.34551228722096,5202.352941176469,5210.403753995895,5599.731189982966,389.3274359870702,past_due,
184,14.331071306348829,5228.235294117646,5236.291111007333,5625.779286009376,389.4881750020432,past_due,
185,77.2209424598274,5254.117647058823,5262.177762001753,5656.2475909970235,394.06982899527065,past_due,
186,75.55765405883518,5279.999999999999,5288.063535988331,5680.016120980727,391.9525849923957,past_due,
187,72.91761905782107,5304.444444444443,5312.512490004301,5704.7405790153425,392.2280890110415,past_due,
188,37.96541860367276,5328.888888888888,5336.961189001799,5729.1512200105935,392.1900310087949,past_due,
189,56.84896159681523,5353.333333333332,5361.408867999911,5754.855340007693,393.44647200778127,past_due,
190,96.90494221690786,5377.7777777777765,5385.857032999396,5775.322579002008,389.4655460026115,past_due,
191,94.66164534709606,5402.222222222222,5410.305902004242,5799.997630011407,389.6917280071648,past_due,
192,16.80874509130225,5426.666666666666,5434.7534720003605,5824.155577007681,389.40210500732064,past_due,
193,56.03859974412741,5451.11111111111,5459.201145008206,5848.473570011789,389.2724250035826,past_due,
194,53.94304165512289,5475.555555555555,5483.650339007378,5873.069873003638,389.4195339962607,past_due,
195,36.46699647109786,5499.999999999999,5508.098402991891,5897.481262989459,389.3828599975677,past_due,
196,34.72472637137629,5524.444444444443,5532.546741992235,5921.691439990071,389.14469799783546,past_due,
197,92.60603377545884,5548.888888888888,5556.994279012084,5946.127615020028,389.1333360079443,past_due,
198,56.22000338583713,5573.333333333332,5581.443464994431,5970.501578994795,389.0581140003633,past_due,
199,36.72102303348039,5597.7777777777765,5605.891046002507,5995.014243007172,389.1231970046647,past_due,
200,36.39830899847869,5622.222222222221,5630.340417996049,6020.065165986889,389.7247479908401,past_due,
201,17.789754415369824,5646.666666666666,5654.789884001017,6044.407450005761,389.61756600474473,past_due,
202,16.7237891684921,5671.11111111111,5679.237131997943,6068.484483993379,389.2473519954365,past_due,
203,15.974699524280297,5695.555555555555,5703.6851239949465,6093.278407000471,389.5932830055244,past_due,
204,15.285499186486094,5719.999999999999,5728.133404999971,6117.438331997255,389.3049269972835,past_due,
205,14.498140538848691,5745.882352941176,5754.019143998623,6143.279835996684,389.2606919980608,past_due,
206,35.68823614012561,5771.764705882352,5779.907364994288,6169.547292985372,389.6399279910838,past_due,
207,56.88783368860149,5797.647058823529,5805.792254000902,6196.818469002959,391.02621500205714,past_due,
208,95.22188521213864,5823.529411764705,5831.680380001664,6224.10795999621,392.4275799945463,past_due,
209,35.17510486329954,5849.411764705881,5857.566975995898,6252.158722993219,394.591746997321,past_due,
210,16.450679691839714,5875.294117647058,5883.453226000071,6273.206129996921,389.7529039968504,past_due,
211,16.190211921039193,5901.176470588234,5909.339176997542,6298.786743002944,389.4475660054013,past_due,
212,95.99984787382084,5927.058823529411,5935.228917002678,6324.569178014644,389.3402610119665,past_due,
213,14.96242448701006,5952.941176470587,5961.116484001279,6350.559158002026,389.4426740007475,past_due,
214,97.92277724944478,5978.823529411764,5987.001644998789,6376.38235000323,389.3807050044416,past_due,
215,34.88290918006993,6004.7058823529405,6012.8881939947605,6402.256449995795,389.3682560010348,past_due,
216,94.70623035506058,6030.588235294117,6038.774050995708,6428.17947200616,389.4054210104514,past_due,
217,17.64610610484179,6056.470588235294,6064.660156995058,6453.7837589940755,389.1236019990174,past_due,
218,35.43509409558748,6082.352941176469,6090.547775998712,6480.170536004007,389.6227600052953,past_due,
219,34.19291103387242,6108.235294117646,6116.433181002736,6505.570483004209,389.13730200147256,past_due,
220,36.94524421580006,6134.117647058823,6142.318778008223,6531.626004004385,389.30722599616274,past_due,
221,33.95701344754052,6159.999999999999,6168.206918001175,6557.635266005178,389.4283480040031,past_due,
222,55.77658082976272,6187.499999999999,6195.711970001459,6585.091391003109,389.3794210016495,past_due,
223,18.314100690986976,6214.999999999999,6223.216197013855,6612.690466016531,389.474269002676,past_due,
224,35.9363087638545,6242.499999999999,6250.72073200345,6640.494520996348,389.7737889928976,past_due,
225,34.56445650288185,6269.999999999999,6278.224023997784,6667.503867000225,389.2798430024413,past_due,
226,14.423520616590146,6297.499999999999,6305.731470003724,6695.5024620020995,389.7709919983754,past_due,
227,96.8552875767476,6324.999999999999,6333.236301004887,6722.53971501044,389.30341400555335,past_due,
228,16.95319735111977,6352.499999999999,6360.7479860037565,6750.070131001761,389.3221449980047,past_due,
229,55.37652798104051,6379.999999999999,6388.253539994359,6777.828080991632,389.5745409972733,past_due,
230,98.44092752474324,6407.499999999999,6415.756691992283,6805.001888994593,389.2451970023103,past_due,
231,95.47616118517811,6434.999999999999,6443.262187004089,6833.011220002314,389.7490329982247,past_due,
232,53.41991832756795,6462.499999999999,6470.765969991684,6860.121684992104,389.3557150004199,past_due,
233,93.32439860628917,6489.999999999999,6498.271755993366,6887.835703996709,389.5639480033424,past_due,
234,75.78749129372643,6517.499999999999,6525.774665996432,6915.247531001223,389.47286500479095,past_due,
235,14.934094734026186,6544.999999999999,6553.279477998614,6942.656964992522,389.377486993908,past_due,
236,15.652584582265488,6572.499999999999,6580.782813996077,6970.009867990622,389.2270539945457,past_due,
237,16.467039373914478,6599.999999999999,6608.286866992712,6997.799174003303,389.51230701059103,past_due,
238,95.0404691997301,6636.666666666666,6644.95776899159,7034.402985997731,389.4452170061413,past_due,
239,74.74767606488967,6673.333333333332,6681.629670009017,7071.187976016547,389.5583060075296,past_due,
240,16.253630597313418,6709.999999999999,6718.300706997514,7108.161423005629,389.8607160081156,past_due,
241,17.84412852220668,6746.666666666666,6754.972090005875,7144.423716010177,389.45162600430194,past_due,
242,73.02350429896194,6783.333333333332,6791.643592998385,7181.232241000631,389.5886480022455,past_due,
243,57.73115669685163,6819.999999999999,6828.315108001232,7217.754853007034,389.4397450058023,past_due,
244,53.89702327877278,6856.666666666666,6864.9871290028095,7254.418777002837,389.4316480000271,past_due,
245,96.16339835575371,6893.333333333332,6901.656987994909,7290.876249991823,389.2192619969137,past_due,
246,55.90798114449369,6929.999999999999,6938.330075994134,7328.083988991682,389.75391299754847,past_due,
247,16.509627912844735,6966.666666666666,6975.001251995564,7364.353222991923,389.3519709963584,past_due,
248,34.698841839518096,7003.333333333332,7011.673347994685,7401.559558987385,389.8862109926995,past_due,
249,33.71985351212324,7039.999999999999,7048.34570799768,7431.126627998776,382.7809200010961,done,
250,37.57375415025418,7069.333333333332,7077.683909997344,7466.837536992156,389.15362699481193,past_due,
251,74.94429120638,7098.666666666666,7107.021265998483,7496.2016829964705,389.1804169979878,past_due,
252,96.0547309271035,7127.999999999999,7136.358341008425,7525.506894012331,389.1485530039063,past_due,
253,76.33681656889485,7157.333333333332,7165.696817010641,7558.743656013277,393.04683900263626,past_due,
254,76.47178320118729,7186.666666666666,7195.035250008106,7584.394289000658,389.3590389925521,past_due,
255,55.32798557574551,7215.999999999999,7224.373817995191,7613.64464298659,389.2708249913994,past_due,
256,57.02784673835448,7245.333333333332,7253.709840998054,7642.836521003628,389.1266800055746,past_due,
257,95.39159152918374,7274.666666666666,7283.047628998756,7674.4234360108385,391.3758070120821,past_due,
258,97.53515688044696,7303.999999999999,7312.385013997555,7701.7540719982935,389.36905800073873,past_due,
259,53.63406105798187,7333.333333333332,7341.723342999816,7731.113214008277,389.3898710084613,past_due,
260,33.89486249378797,7362.666666666666,7371.060653999448,7760.341882999055,389.28122899960726,past_due,
261,96.28664821436504,7391.999999999999,7400.398659005761,7790.315536995651,389.91687798989005,past_due,
262,17.513561768291336,7421.333333333332,7429.737554997206,7819.26152299589,389.5239679986844,past_due,
263,14.065792883067449,7450.666666666666,7459.074852004647,7848.483219006681,389.40836700203363,past_due,
264,16.163757384777647,7479.999999999999,7488.413293004036,7877.7276679923525,389.31437498831656,past_due,
265,14.123854510794336,7503.157894736842,7511.57586799562,7906.196331989835,394.6204639942152,past_due,
266,55.53634039488446,7526.315789473683,7534.738014996052,7923.920072984416,389.18205798836425,past_due,
267,77.1670445454123,7549.473684210526,7557.898675993085,7947.061271988088,389.16259599500336,past_due,
268,14.226974737256862,7572.631578947367,7581.059376001358,7970.172776001855,389.1134000004968,past_due,
269,54.235662980438654,7595.78947368421,7604.221109002829,7993.483689010027,389.2625800071983,past_due,
270,34.53243546574869,7618.947368421052,7627.382630005479,8016.735001994413,389.35237198893446,past_due,
271,35.34146229446826,7642.105263157894,7650.543615996838,8039.683111001039,389.1394950042013,past_due,
272,54.82816525236436,7665.263157894736,7673.704784989357,8062.853272989858,389.14848800050095,past_due,
273,15.515740006355788,7688.421052631578,7696.867088004947,8086.828117014957,389.96102901001,past_due,
274,54.43054859380948,7711.57894736842,7720.029794991016,8109.401707000681,389.3719120096648,past_due,
275,75.02664127070148,7734.736842105262,7743.195142999291,8132.431034997688,389.23589199839626,past_due,
276,76.13265040833907,7757.894736842104,7766.355549991131,8155.400924997521,389.0453750063898,past_due,
277,16.317929819887553,7781.052631578947,7789.51619400084,8181.153274990153,391.6370809893124,past_due,
278,95.37097829563626,7804.210526315788,7812.683661997318,8202.04444100603,389.3607790087117,past_due,
279,96.77323253036978,7827.368421052631,7835.84574700892,8225.156660009292,389.3109130003722,past_due,
280,94.91211781898386,7850.526315789472,7859.007331997156,8247.993890999816,388.9865590026602,past_due,
281,16.579171302278734,7873.684210526315,7882.16985501349,8275.365959006012,393.1961039925227,past_due,
282,56.32313158566078,7896.842105263157,7905.331016004085,8295.729892003465,390.3988759993808,past_due,
283,55.84483586067284,7919.999999999999,7928.49204801023,8317.467256009695,388.97520799946506,past_due,
284,76.03769797002835,7951.428571428571,7959.924523994327,8349.199117000448,389.274593006121,past_due,
285,35.67034395666048,7982.857142857142,7991.357308000326,8380.68878000474,389.33147200441454,past_due,
286,54.11488708036917,8014.285714285713,8022.790082991123,8412.46216598549,389.67208299436606,past_due,
287,35.85723632506887,8045.714285714284,8054.223143994808,8443.417046005256,389.19390201044735,past_due,
288,35.79451647330089,8077.142857142856,8085.656048998237,8475.006836996647,389.35078799840994,past_due,
289,35.14997853585548,8108.5714285714275,8117.089754998684,8506.595959998318,389.50620499963406,past_due,
290,17.361936182139498,8139.999999999998,8148.523225009441,8538.91825100861,390.39502599916887,past_due,
291,37.29929668579213,8171.42857142857,8179.955964997411,8572.754144990817,392.79817999340594,past_due,
292,54.80584864943081,8202.857142857141,8211.389366999269,8600.992523013614,389.6031560143456,past_due,
293,74.76957094074854,8234.285714285712,8242.822820991278,8632.242917986587,389.420096995309,past_due,
294,97.00370124486648,8265.714285714284,8274.255808994174,8663.735139996978,389.4793310028035,past_due,
295,13.391342029831437,8297.142857142855,8305.68850800395,8695.0703410001,389.3818329961505,past_due,
296,14.903344355055133,8328.571428571428,8337.12204401195,8726.502419008058,389.380374996108,past_due,
297,73.68631380129938,8359.999999999998,8368.555050000548,8757.934988002642,389.3799380020937,past_due,
298,77.26933296817856,8393.846153846152,8402.42856399715,8794.867720986134,392.4391569889849,past_due,
299,18.94617753731657,8427.692307692307,8436.279036998749,8825.804294995614,389.5252579968656,past_due,
300,97.29660491687716,8461.53846153846,8470.128022998571,8861.43268499861,391.30466200003866,past_due,
301,94.29486636426655,8495.384615384613,8503.978398993611,8893.447834985098,389.4694359914865,past_due,
302,95.02100546373592,8529.230769230768,8537.829197004437,8927.292287007556,389.4630900031189,past_due,
303,95.64891918744584,8563.076923076922,8571.679225996137,8965.01050299115,393.3312769950135,past_due,
304,53.337774581482414,8596.923076923074,8605.529514998198,8994.729342999635,389.1998280014377,past_due,
305,97.17358374393211,8630.769230769229,8639.378772988915,9028.60942599224,389.2306530033238,past_due,
306,74.00590587920813,8664.615384615383,8673.22972600162,9062.614455003524,389.3847290019039,past_due,
307,96.1358225446103,8698.461538461537,8707.08023300767,9096.537708998309,389.4574759906391,past_due,
308,75.33504843701141,8732.30769230769,8740.930298000574,9130.385812000139,389.4555139995646,past_due,
309,73.63378090713772,8766.153846153844,8774.780774995685,9164.241339004599,389.46056400891393,past_due,
310,38.04253850985698,8799.999999999998,8808.630619004369,9198.05317199917,389.42255299480166,past_due,
311,36.19631645886466,8825.882352941175,8834.516606003046,9223.778070998844,389.2614649957977,past_due,
312,34.28418852998108,8851.764705882351,8860.403088003397,9249.615781003842,389.21269300044514,past_due,
313,15.866606074378442,8877.647058823528,8886.288922995329,9275.716978986049,389.42805599072017,past_due,
314,96.40915405125985,8903.529411764704,8912.175393000245,9301.522714004852,389.3473210046068,past_due,
315,13.865524537195272,8929.411764705881,8938.06060399115,9327.194497002754,389.1338930116035,past_due,
316,75.72564033102658,8955.294117647058,8963.947374999523,9353.352927995846,389.4055529963225,past_due,
317,35.387170297563216,8981.176470588234,8989.832222998142,9379.10541900585,389.2731960077072,past_due,
318,36.42027653844282,9007.05882352941,9015.719209000468,9405.166141997557,389.4469329970889,past_due,
319,94.99927262279252,9032.941176470586,9041.605156004429,9430.780377997784,389.1752219933551,past_due,
320,36.000222497342335,9058.823529411762,9067.491222009065,9456.640892003432,389.1496699943673,past_due,
321,55.88553340892177,9084.70588235294,9093.377532988789,9486.737538986026,393.36000599723775,past_due,
322,74.10090747465573,9110.588235294115,9119.263870999215,9508.610123995108,389.3462529958924,past_due,
323,14.534565689259834,9136.470588235292,9145.1503559947,9534.453863001543,389.3035070068436,past_due,
324,73.72737402230614,9162.352941176468,9171.0361880064,9560.247703000203,389.2115149938036,past_due,
325,36.30747602433525,9188.235294117643,9196.923527002336,9588.105961005322,391.1824340029853,past_due,
326,34.90477805623625,9214.117647058822,9222.808894991877,9612.183164979333,389.3742699874565,past_due,
327,95.85303671459477,9239.999999999998,9248.69480599463,9637.975604985142,389.28079899051227,past_due,
328,96.61706871676571,9273.846153846152,9282.548203989863,9671.731963984785,389.1837599949213,past_due,
329,95.1404349747542,9307.692307692309,9316.398604005575,9705.784404013888,389.3858000083128,past_due,
330,75.61853225344375,9341.53846153846,9350.248531997204,9739.50917799666,389.2606459994568,past_due,
331,15.334617452137191,9375.384615384612,9384.099703997374,9773.459620004753,389.3599160073791,past_due,
332,73.47713519929415,9409.230769230768,9417.950402989984,9811.979747989564,394.02934499958064,past_due,
333,17.73599541007326,9443.076923076922,9451.800235003231,9841.160395992103,389.360160988872,past_due,
334,35.472877333760195,9476.923076923074,9485.651571005585,9874.999541011059,389.34797000547405,past_due,
335,93.82364352211576,9510.769230769229,9519.501721993089,9909.624151999247,390.12243000615854,past_due,
336,34.806083620740026,9544.615384615385,9553.352168992162,9942.34374699404,388.9915780018782,past_due,
337,37.011083025716346,9578.461538461535,9587.20247000456,9976.49993899977,389.2974689952098,past_due,
338,36.54558951108959,9612.30769230769,9621.059926003218,10010.444873996894,389.3849479936762,past_due,
339,17.14731742564789,9646.153846153844,9654.910309001803,10044.173993994133,389.2636849923292,past_due,
340,56.17141066586066,9679.999999999998,9688.759821012616,10081.151255024713,392.3914340120973,past_due,
341,54.94099578405544,9704.444444444443,9713.20661099255,10105.449476993294,392.24286600074265,past_due,
342,76.66042644632421,9728.888888888889,9737.654205992818,10129.566734000924,391.91252800810616,past_due,
343,75.87142114505512,9753.333333333332,9762.10285899043,10151.413417986361,389.3105589959305,past_due,
344,17.082018053341727,9777.777777777776,9786.550244003534,10175.758466015337,389.2082220118027,past_due,
345,75.14807368711216,9802.22222222222,9810.998530000448,10200.191886008484,389.19335600803606,past_due,
346,57.27146893733887,9826.666666666664,9835.447778001428,10224.708686997648,389.2609089962207,past_due,
347,16.67483317470662,9851.11111111111,9859.895987987518,10249.251353989355,389.35536600183696,past_due,
348,76.68945218220671,9875.555555555551,9884.343214005232,10276.607305007521,392.2640910022892,past_due,
349,53.13500745683502,9899.999999999998,9908.791094988585,10297.997982997214,389.2068880086299,past_due,
350,96.31499675081513,9924.444444444443,9933.238470003009,10322.28748499637,389.0490149933612,past_due,
351,76.28006761732964,9948.888888888889,9957.685707002878,10346.825527009554,389.139820006676,past_due,
352,55.4377568619874,9973.333333333332,9982.133662998676,10371.210090991808,389.0764279931318,past_due,
353,76.6275986229365,9997.777777777776,10006.583070993423,10396.003391986364,389.4203209929401,past_due,
354,36.77198429409424,10022.22222222222,10031.031194001436,10423.380747004878,392.3495530034416,past_due,
355,58.29935706251076,10046.666666666664,10055.479631990194,10444.740919001517,389.26128701132257,past_due,
356,54.73086770164954,10071.11111111111,10079.928147003056,10469.24189299939,389.3137459963327,past_due,
357,56.27123897808573,10095.555555555551,10104.376165002584,10493.706835996825,389.3306709942408,past_due,
358,15.69353761613726,10119.999999999998,10128.82358300686,10517.876769015684,389.0531860088231,past_due,
359,75.82902585021934,10149.333333333332,10158.161052003505,10547.316450999586,389.1553989960812,past_due,
360,36.10696210013778,10178.666666666664,10187.499157994986,10576.68218799308,389.1830299980938,past_due,
361,76.36339391985251,10207.999999999998,10216.837646991014,10606.201503991731,389.36385700071696,past_due,
362,76.01599762511476,10237.333333333332,10246.174357011914,10639.304790015449,393.13043300353456,past_due,
363,15.06310621366617,10266.666666666664,10275.511948987842,10664.81193299056,389.2999840027187,past_due,
364,95.26045445544295,10295.999999999998,10304.849152997136,10694.151747991797,389.30259499466047,past_due,
365,75.25297813726183,10325.333333333332,10334.186022996902,10723.419536994072,389.2335139971692,past_due,
366,16.35811424417907,10354.666666666664,10363.524706989529,10754.96113399172,391.4364270021906,past_due,
367,75.08699553173768,10383.999999999998,10392.863017007709,10782.102820997476,389.2398039897671,past_due,
368,56.7529654497777,10413.333333333332,10422.200545996428,10811.56445500569,389.363909009262,past_due,
369,72.78174121837989,10442.666666666664,10451.538332998753,10840.862491996377,389.3241589976242,past_due,
370,33.25303091339015,10471.999999999998,10480.87614299357,10870.97479498107,390.0986519875005,past_due,
371,75.65814562129566,10501.333333333332,10510.213620007038,10899.55395300733,389.3403330002912,past_due,
372,97.05531415233158,10530.666666666664,10539.551326990128,10928.977111979853,389.4257849897258,past_due,
373,75.12545683800256,10559.999999999998,10568.889489993451,10958.197268991496,389.3077789980453,past_due,
374,95.11886524737164,10583.15789473684,10592.050854995849,10981.182188005421,389.1313330095727,past_due,
375,37.1422762524544,10606.315789473683,10615.21289600432,11004.56837600586,389.35548000154085,past_due,
376,95.06102880292542,10629.473684210525,10638.37455201149,11027.723812000593,389.3492599891033,past_due,
377,73.76689630739347,10652.631578947368,10661.535572007298,11050.698595013702,389.1630230064038,past_due,
378,36.85258887906176,10675.789473684208,10684.703697994351,11073.9756569874,389.2719589930493,past_due,
379,93.75116159511671,10698.947368421052,10707.86584700644,11097.100797015708,389.2349500092678,past_due,
380,16.7015220354708,10722.105263157891,10731.027274996042,11120.25881099503,389.231535998988,past_due,
381,15.215123615598058,10745.263157894737,10754.18877799809,11143.523950001574,389.33517200348433,past_due,
382,34.984686723266506,10768.421052631576,10777.349279001355,11166.331191999489,388.9819129981333,past_due,
383,36.87928200044964,10791.57894736842,10800.511012002826,11191.092249999056,390.5812379962299,past_due,
384,36.24163964373966,10814.736842105262,10823.672912999988,11217.374719999149,393.7018069991609,past_due,
385,75.91697717873792,10837.894736842103,10846.833605006335,11236.066208009956,389.23260300362017,past_due,
386,36.26083914871193,10861.052631578945,10869.996220991015,11259.463127990603,389.4669069995871,past_due,
387,75.18875081376589,10884.210526315788,10893.168405994771,11282.268926997318,389.1005210025469,past_due,
388,94.89359127539856,10907.36842105263,10916.331238001583,11305.545621003255,389.2143830016721,past_due,
389,17.555698312039016,10930.526315789471,10939.493706002831,11328.825467997813,389.3317619949812,past_due,
390,94.37896868169187,10953.684210526311,10962.656102001669,11351.94325200096,389.2871499992907,past_due,
391,35.22208091953596,10976.842105263157,10985.817506998776,11375.042200992813,389.2246939940378,past_due,
392,36.04139853153296,10999.999999999998,11008.97999599576,11398.502661990933,389.5226659951732,past_due,
393,37.88763035180084,11025.882352941177,11034.866264000537,11424.093852996246,389.2275889957091,past_due,
394,14.181003978764965,11051.764705882351,11060.75406600535,11450.334045009688,389.5799790043384,past_due,
395,76.49937931942301,11077.647058823528,11086.639414995909,11475.969209993957,389.3297949980479,past_due,
396,17.2673665654702,11103.529411764704,11112.525038987398,11501.761966994847,389.236928007449,past_due,
397,34.63698152633747,11129.41176470588,11138.413317993283,11527.76408499328,389.35076699999627,past_due,
398,34.85711899044239,11155.294117647058,11164.298764005303,11553.568479005713,389.2697150004096,past_due,
399,74.37540391364051,11181.176470588234,11190.184487000108,11579.65890900162,389.4744220015127,past_due,
400,35.05466982464361,11207.05882352941,11216.071328997612,11605.678159996285,389.6068309986731,past_due,
401,78.1778386893614,11232.941176470586,11241.959928005934,11631.19911100727,389.23918300133664,past_due,
402,36.61831505726194,11258.823529411762,11267.84750199318,11657.393414003542,389.5459120103624,past_due,
403,74.64753617986798,11284.70588235294,11293.733209997416,11687.29885498772,393.5656449903036,past_due,
404,54.03982221853794,11310.588235294115,11319.61919298768,11709.027971983538,389.4087789958576,past_due,
405,93.68093857208804,11336.470588235292,11345.506320998073,11734.881079988088,389.37475899001583,past_due,
406,75.00562293374628,11362.352941176468,11371.39250600338,11760.692364001065,389.2998579976848,past_due,
407,53.23898155627818,11388.235294117643,11397.2791479975,11788.70842299529,391.4292749977904,past_due,
408,16.04121256898582,11414.117647058822,11423.16507101059,11812.570289007272,389.4052179966821,past_due,
409,74.19398720959897,11439.999999999998,11449.051874995232,11838.5582629852,389.50638798996806,past_due,
410,75.29267676594766,11473.846153846152,11482.902110010386,11872.401400012663,389.4992900022771,past_due,
411,75.06639670778397,11507.692307692309,11516.752072006464,11906.050708007067,389.2986360006034,past_due,
412,13.006742459653896,11541.53846153846,11550.60330800712,11939.954253006143,389.35094499902334,past_due,
413,55.669263997000144,11575.384615384612,11584.45361301303,11973.896858016378,389.4432450033492,past_due,
414,75.21255079022478,11609.230769230768,11618.302492007611,12010.42164900468,392.1191569970688,past_due,
415,56.08365754101192,11643.076923076922,11652.154421001673,12041.7759120072,389.6214910055278,past_due,
416,94.42701563747536,11676.923076923074,11686.00507301092,12075.635016001643,389.6299429907231,past_due,
417,38.14413393393668,11710.769230769229,11719.856129005551,12109.374786006287,389.5186570007354,past_due,
418,17.17564719496424,11744.615384615385,11753.707125008106,12142.943794006016,389.2366689979099,past_due,
419,93.03363507527972,11778.461538461535,11787.557761996984,12176.982715999591,389.4249540026067,past_due,
420,15.71675280432446,11812.30769230769,11821.406213998796,12210.417951991201,389.01173799240496,past_due,
421,93.9459141284629,11846.153846153844,11855.255549997091,12244.619937997195,389.3643880001037,past_due,
422,55.68848222610649,11879.999999999998,11889.107014998794,12278.733415995142,389.6264009963488,past_due,
423,55.86464343588396,11919.999999999998,11929.112051010132,12318.530577009777,389.41852599964477,past_due,
424,17.107744502236955,11959.999999999998,11969.116832002996,12358.657642010015,389.5408100070199,past_due,
425,95.28037373204374,11999.999999999998,12009.120994001629,12398.81502599898,389.694031997351,past_due,
426,77.02270959536344,12039.999999999998,12049.12536600232,12431.859269012695,382.7339030103758,done,
427,15.03946879344575,12079.999999999998,12089.130102992058,12478.583178992849,389.45307600079104,past_due,
428,93.88575958325876,12119.999999999998,12129.139191001654,12518.749417005805,389.6102260041516,past_due,
429,55.70644636936314,12159.999999999998,12169.143825009463,12558.829848011022,389.6860230015591,past_due,
430,13.932705457689371,12199.999999999998,12209.148542001843,12601.291989012156,392.1434470103122,past_due,
431,97.4333129158819,12239.999999999998,12249.154219001532,12638.802812992828,389.6485939912964,past_due,
432,31.828065234141206,12279.999999999998,12289.159318000078,12678.530109002953,389.3707910028752,past_due,
433,54.899752091720494,12319.999999999998,12329.16497799754,12707.565153989823,378.40017599228304,done,
434,34.60039309905022,12353.846153846152,12363.014311999084,12707.793312994998,344.7790009959135,done,
435,94.75202347634875,12387.692307692309,12396.864721000196,12786.467568004622,389.6028470044257,past_due,
436,36.17521150097092,12421.53846153846,12430.716071993113,12821.752266989672,391.0361949965591,past_due,
437,16.299501176558145,12455.384615384612,12464.566544994712,12853.86815299117,389.3016079964582,past_due,
438,14.868079675799365,12489.230769230768,12498.416196003556,12887.716465005535,389.3002690019785,past_due,
439,15.012134679236215,12523.076923076922,12532.267292007804,12925.461342012044,393.1940500042401,past_due,
440,55.39688875559834,12556.923076923074,12566.116399988532,12955.211066988413,389.0946669998812,past_due,
441,54.78275636990045,12590.769230769229,12599.968982994556,12977.627659990918,377.6586769963615,done,
442,52.81934992168309,12624.615384615385,12633.820551007986,12977.935769010102,344.1152180021163,done,
443,73.92948549937161,12658.461538461535,12667.671854004264,13057.062771004392,389.390917000128,past_due,
444,94.2707219743793,12692.30769230769,12701.522730007768,13090.752734999754,389.2300049919868,past_due,
445,38.72668393955818,12726.153846153844,12735.373231008649,13124.702225011075,389.3289940024261,past_due,
446,55.49396086338725,12759.999999999998,12769.22484499216,13158.589578003623,389.3647330114618,past_due,
447,16.92530151851078,12785.882352941177,12795.11119699478,13184.531122990533,389.4199259957532,past_due,
448,75.63772493393687,12811.764705882351,12820.997134000065,13210.383708010197,389.3865740101319,past_due,
449,36.0647087375573,12837.647058823528,12846.883566990497,13237.596827994335,390.71326100383885,past_due,
450,57.13396590465573,12863.529411764704,12872.769526004791,13243.688801000477,370.9192749956856,done,
451,14.737385045587711,12889.41176470588,12898.657719001174,13292.78155700781,394.1238380066352,past_due,
452,17.916178855090166,12915.294117647058,12924.543298006058,13313.792609009426,389.2493110033684,past_due,
453,34.11074509109229,12941.176470588234,12950.428909003736,13339.483329000419,389.05441999668255,past_due,
454,95.67262409327051,12967.05882352941,12976.3165410012,13365.898046006681,389.5815050054807,past_due,
455,76.53704777909596,12992.941176470586,13002.201868996024,13391.384296995937,389.1824279999128,past_due,
456,94.8439220535198,13018.823529411762,13028.088368996978,13417.36615598842,389.27778699144255,past_due,
457,75.37260644943235,13044.70588235294,13053.974322006106,13442.996183009236,389.02186100312974,past_due,
458,74.3092504719996,13070.588235294115,13079.861499994991,13469.3546369964,389.4931370014092,past_due,
459,74.67439122487124,13096.470588235292,13105.746834009886,13494.712495021638,388.9656610117527,past_due,
460,95.79036152991804,13122.352941176468,13131.633701995015,13520.844842000515,389.21114000550006,past_due,
461,38.37669833830374,13148.235294117643,13157.519688010216,13546.762445005588,389.2427569953725,past_due,
462,55.45805527649089,13174.117647058822,13183.406865999104,13572.7957480012,389.3888820020948,past_due,
463,35.24502216625949,13199.999999999998,13209.292663991451,13598.515451990184,389.2227879987331,past_due,
464,18.132932869031,13227.499999999998,13236.801062002778,13626.04187899502,389.2408169922419,past_due,
465,94.20814594458298,13254.999999999998,13264.306409999728,13653.770225997898,389.4638159981696,past_due,
466,74.60206620241054,13282.499999999998,13291.81026700139,13684.39449699549,392.5842299940996,past_due,
467,35.894493690146135,13309.999999999998,13319.31415000558,13708.57032300823,389.25617300265,past_due,
468,13.494002809536251,13337.499999999998,13346.820142999291,13736.180161001044,389.3600180017529,past_due,
469,37.43717596485212,13364.999999999998,13374.581262990832,13764.614905985072,390.0336429942399,past_due,
470,16.48889900640658,13392.499999999998,13402.085463002324,13791.195047010435,389.1095840081107,past_due,
471,34.15284077989227,13419.999999999998,13429.589244008064,13820.03636600927,390.44712200120557,past_due,
472,15.778854745740604,13447.499999999998,13457.092827007174,13846.21396701131,389.12114000413567,past_due,
473,56.45034783675349,13474.999999999998,13484.597061991692,13874.163695987547,389.5666339958552,past_due,
474,35.65223523650785,13502.499999999998,13512.099945008757,13901.190679004301,389.0907339955447,past_due,
475,91.36894595959927,13529.999999999998,13539.60471700132,13928.977156008596,389.3724390072748,past_due,
476,17.688152460861723,13557.499999999998,13567.108192011714,13956.436058022431,389.3278660107171,past_due,
477,74.96627466583132,13584.999999999998,13594.61309801042,13984.172889011796,389.5597910013748,past_due,
478,94.15410878213682,13612.499999999998,13622.120709002018,14011.634533006116,389.5138240040978,past_due,
479,94.32641065468364,13639.999999999998,13649.623773008583,14038.706797006538,389.083023997955,past_due,
480,94.9801649198024,13673.846153846152,13683.473295003176,14072.964683999424,389.4913889962481,past_due,
481,34.50478918795555,13707.692307692309,13717.324318990111,14106.75510599697,389.43078700685874,past_due,
482,74.52964390674084,13741.53846153846,13751.174668997526,14140.404903997085,389.2302349995589,past_due,
483,15.48903427330866,13775.384615384612,13785.031476005912,14174.445669012726,389.41419300681446,past_due,
484,56.61209071778293,13809.230769230768,13818.882008001208,14210.96032400045,392.0783159992425,past_due,
485,39.031720383191534,13843.076923076922,13852.733413994312,14241.922845991096,389.1894319967832,past_due,
486,93.63800763984086,13876.923076923074,13886.582616999744,14275.783222000695,389.2006050009513,past_due,
487,55.51439012963521,13910.769230769229,13920.433560997248,14309.82572099287,389.3921599956229,past_due,
488,16.626182026535982,13944.615384615385,13954.28419199586,14343.77643198811,389.4922399922507,past_due,
489,57.18312111110408,13978.461538461535,13988.13521400094,14377.44070299319,389.3054889922496,past_due,
490,56.69850720189344,14012.30769230769,14021.986494988205,14411.364312994529,389.3778180063237,past_due,
491,75.04609462998027,14046.153846153844,14055.836402997376,14445.302627992352,389.4662249949761,past_due,
492,57.53994353063235,14079.999999999998,14089.68570099771,14478.874431999633,389.18873100192286,past_due,
493,15.801261224699113,14119.999999999998,14129.691408008335,14519.062647006473,389.3712389981374,past_due,
494,18.04812967190081,14159.999999999998,14169.695894002914,14558.92564999708,389.2297559941653,past_due,
495,94.4536707747116,14199.999999999998,14209.700690999627,14582.599117997917,372.89842699829023,done,
496,16.277309804277834,14239.999999999998,14249.706505000591,14640.638631989947,390.9321269893553,past_due,
497,73.34503876176746,14279.999999999998,14289.709574997423,14678.934790997764,389.2252160003409,past_due,
498,36.97733173865356,14319.999999999998,14329.714106991887,14719.083347997512,389.36924100562464,past_due,
499,92.03101761766123,14359.999999999998,14369.718495994806,14759.14993198798,389.4314359931741,past_due,
500,17.397908544921016,14399.999999999998,14409.721813991666,14798.930753980414,389.20893998874817,past_due,
501,74.81209720884117,14439.999999999998,14449.727035999298,14839.061488992651,389.3344529933529,past_due,
502,37.623982072950696,14479.999999999998,14529.737748995423,14843.641623989563,313.9038749941392,done,
503,73.85359483169415,14519.999999999998,14489.732159003615,14843.885650996817,354.1534919932019,done,
504,93.4798107163356,14541.999999999998,14551.74163299799,14941.03601599764,389.29438299965113,past_due,
505,56.55494190908118,14563.999999999998,14573.74505199492,14962.93545499735,389.1904030024307,past_due,
506,17.203171019596113,14585.999999999998,14595.748731002212,14985.147066001198,389.3983349989867,past_due,
507,96.02833046209794,14607.999999999998,14617.752965003252,15006.844321995392,389.0913569921395,past_due,
508,74.78850903374354,14629.999999999998,14639.7567320019,15029.01917100104,389.2624389991397,past_due,
509,54.51573269060793,14651.999999999998,14661.75992000103,15050.91498399747,389.15506399644073,past_due,
510,35.19541008496125,14673.999999999998,14683.763758003712,15073.12876201549,389.3650040117791,past_due,
511,77.39315910743346,14695.999999999998,14705.766727000477,15094.758322988522,388.9915959880455,past_due,
512,95.69377030514732,14717.999999999998,14727.770663008094,15116.979544003378,389.20888099528383,past_due,
513,53.56135307308891,14739.999999999998,14749.773517996073,15138.778740994167,389.0052229980938,past_due,
514,37.07008458834771,14761.999999999998,14771.77789400518,15161.179313006112,389.40141900093295,past_due,
515,74.5559610683772,14783.999999999998,14793.780611008406,15183.053839001223,389.2732279928168,past_due,
516,75.94288083922717,14805.999999999998,14815.783796995878,15205.199751002714,389.4159540068358,past_due,
517,95.87618816807829,14827.999999999998,14837.786816000938,15227.024647012935,389.2378310119966,past_due,
518,15.141755084349324,14849.999999999998,14859.79099600017,15249.14844000095,389.35744400077965,past_due,
519,34.66549687940011,14871.999999999998,14881.79451701045,15270.813356017345,389.0188390068943,past_due,
520,10.0,14893.999999999998,14903.799501001837,15293.0381060011,389.23860499926377,past_due,
521,35.774110186848176,14915.999999999998,14925.802688002586,15317.536920997663,391.734232995077,past_due,
522,93.91438746332932,14937.999999999998,14947.805498987436,15337.122871990432,389.3173730029957,past_due,
523,36.57004568904371,14959.999999999998,14969.808403998612,15358.778869994565,388.9704659959534,past_due,
524,35.98164050002117,14981.999999999998,14991.812095999718,15381.20719299384,389.3950969941216,past_due,
525,76.90121699472749,15003.999999999998,15013.815072000029,15402.817378008507,389.0023060084786,past_due,
526,15.189575899714542,15025.999999999998,15035.818284988403,15429.308551989147,393.4902670007432,past_due,
527,35.5721876733508,15047.999999999998,15057.824772000313,15447.372775004478,389.54800300416537,past_due,
528,56.477032423204825,15069.999999999998,15079.829384997489,15469.138251984028,389.3088669865392,past_due,
529,32.600234208186656,15091.999999999998,15101.832507997751,15490.723118001479,388.8906100037275,past_due,
530,95.20146547883616,15113.999999999998,15123.836343988776,15512.970104999957,389.13376101118047,past_due,
531,94.12408560862806,15135.999999999998,15145.83886000514,15538.833586009103,392.99472600396257,past_due,
532,96.65568785183876,15157.999999999998,15167.842586010696,15557.414322999424,389.57173698872793,past_due,
533,77.98577045312777,15179.999999999998,15189.84528400004,15578.832186995423,388.9869029953843,past_due,
534,92.74916576123888,15201.999999999998,15211.849582999945,15600.968546997989,389.1189639980439,past_due,
535,34.400565938050136,15223.999999999998,15233.852200001478,15622.835348006105,388.98314800462686,past_due,
536,73.19364192002928,15245.999999999998,15255.855803996325,15649.061908996315,393.2061049999902,past_due,
537,15.820730661490993,15267.999999999998,15277.858239993451,15667.487615997901,389.62937600445,past_due,
538,55.19964764019035,15289.999999999998,15299.86216199398,15689.067768997513,389.2056070035324,past_due,
539,92.9349022837424,15311.999999999998,15321.865395992994,15710.980332995881,389.114937002887,past_due,
540,57.09846179009347,15333.999999999998,15343.868625998495,15733.166938000706,389.2983120022109,past_due,
541,34.9332618595324,15355.999999999998,15365.87124800682,15759.125510009122,393.2542620023014,past_due,
542,33.64500673724812,15377.999999999998,15387.874704003334,15777.45757600118,389.58287199784536,past_due,
543,36.82325552415031,15399.999999999998,15409.876930996776,15798.821845997823,388.9449150010478,past_due,
544,74.06549413804971,15418.333333333332,15428.213442996144,15818.704309989931,390.4908669937868,past_due,
545,36.51993473855683,15436.666666666664,15446.550420999529,15835.61161399598,389.0611929964507,past_due,
546,18.727247406833065,15454.999999999998,15464.88618299365,15853.87510998582,388.9889269921696,past_due,
547,53.49123652284838,15473.333333333332,15483.222850993276,15876.819741986925,393.59689099364914,past_due,
548,54.85379289885993,15491.666666666664,15501.559146001937,15890.69811600214,389.1389700002037,past_due,
549,15.908857322449173,15509.999999999998,15519.895338013768,15908.975312003051,389.07997398928273,past_due,
550,37.80614805682954,15528.333333333332,15538.23195500672,15928.638115010925,390.40616000420414,past_due,
551,55.305655927539554,15546.666666666664,15556.568123996258,15945.659093005233,389.09096900897566,past_due,
552,16.213583315924506,15564.999999999998,15574.903738990426,15964.046529988875,389.1427909984486,past_due,
553,35.75534017312744,15583.333333333332,15593.240444004536,15982.43813101179,389.197687007254,past_due,
554,56.39817277336261,15601.666666666664,15611.57651500404,16000.806698009606,389.2301830055658,past_due,
555,95.538200139547,15619.999999999998,15629.912574991584,16019.116595996427,389.2040210048435,past_due,
556,95.45463541500126,15638.333333333332,15648.24960500002,16038.521077002517,390.271472002496,past_due,
557,15.737334575201215,15656.666666666664,15666.585781008003,16057.930868010268,391.34508700226434,past_due,
558,55.00254133175912,15674.999999999998,15684.92105999589,16073.952787983348,389.031727987458,past_due,
559,74.87974328151589,15693.333333333332,15703.258012995124,16092.497879994684,389.23986699956,past_due,
560,16.977757999270217,15711.666666666664,15721.595348000526,16110.729664996732,389.1343169962056,past_due,
561,15.608864552483372,15729.999999999998,15739.930959001184,16129.030621004174,389.09966200299095,past_due,
562,15.842116697089388,15748.333333333332,15758.268821001053,16148.62507201056,390.3562510095071,past_due,
563,93.43408735030008,15766.666666666664,15776.605312988162,16165.64553098497,389.04021799680777,past_due,
564,55.57799785449067,15784.999999999998,15794.944123998284,16187.359285999555,392.4151620012708,past_due,
565,75.68064276826,15803.333333333332,15813.280253991485,16202.559796991642,389.279543000157,past_due,
566,57.22886925162502,15821.666666666664,15831.616273000836,16220.85096100287,389.2346880020341,past_due,
567,54.269777029499465,15839.999999999998,15849.953116998076,16239.29180899344,389.3386919953628,past_due,
568,35.410500460234545,15865.882352941177,15875.838907003405,16265.262185003727,389.42327800032217,past_due,
569,15.089448512153163,15891.764705882351,15901.724478006365,16291.159102004023,389.4346239976585,past_due,
570,37.18353885705899,15917.647058823528,15927.610505998136,16317.244147983847,389.6336419857107,past_due,
571,92.47836517999026,15943.529411764704,15953.496049001811,16342.527310003758,389.0312610019464,past_due,
572,54.70355522500234,15969.41176470588,15979.38305400312,16368.63378600101,389.2507319978904,past_due,
573,18.56571097698905,15995.294117647058,16005.268725991247,16394.356681997073,389.0879560058238,past_due,
574,16.233145318467535,16021.176470588234,16031.154923006892,16420.4736740035,389.3187509966083,past_due,
575,93.15777835889186,16047.05882352941,16057.040876999496,16446.267894003075,389.2270170035772,past_due,
576,14.775335176097716,16072.941176470586,16082.92723800242,16476.247658002656,393.3204200002365,past_due,
577,16.779440273100604,16098.823529411762,16108.813234001398,16499.55364999955,390.74041599815246,past_due,
578,77.74704625847517,16124.70588235294,16134.703835994003,16523.969309998793,389.2654740047874,past_due,
579,57.80817495482388,16150.588235294115,16160.589533001184,16549.802755007404,389.2132220062194,past_due,
580,54.07793024852327,16176.470588235292,16186.475376993418,16575.788909993367,389.31353299994953,past_due,
581,38.52346361460919,16202.352941176468,16212.36231599748,16601.54026599473,389.1779499972472,past_due,
582,17.056264519634233,16228.235294117643,16238.248698994516,16627.599454003735,389.3507550092181,past_due,
583,74.03438602783729,16254.117647058822,16264.134870007634,16653.46610100323,389.3312309955945,past_due,
584,59.49638524777564,16279.999999999998,16290.020936995745,16684.84632800147,394.8253910057247,past_due,
585,17.600400338476785,16303.15789473684,16313.186563000085,16707.86501100683,394.6784480067436,past_due,
586,17.430324002970565,16326.31578947368,16336.346935003996,16725.513419998344,389.16648499434814,past_due,
587,94.80015281135724,16349.473684210525,16359.508968010545,16748.815957014216,389.3069890036713,past_due,
588,36.44279918802549,16372.631578947368,16382.67007599771,16771.981398998294,389.3113230005838,past_due,
589,54.679145961299206,16395.78947368421,16405.833296999335,16795.310708997422,389.4774119980866,past_due,
590,96.19237732687364,16418.94736842105,16428.99773800373,16818.22364600585,389.2259080021177,past_due,
591,56.53136583805728,16442.105263157893,16452.159098997712,16841.3312710115,389.1721720137866,past_due,
592,95.29546276260466,16465.263157894733,16475.320824995637,16864.621107996558,389.3002830009209,past_due,
593,15.463060692002976,16488.421052631576,16498.48323199153,16887.812789997086,389.32955800555646,past_due,
594,15.400766103113927,16511.57894736842,16521.644965991378,16910.778898991644,389.13393300026655,past_due,
595,95.35316032529911,16534.73684210526,16544.80609500408,16934.012881993316,389.2067869892344,past_due,
596,94.09706812115472,16557.894736842103,16567.96780499816,16957.209359001252,389.24155400309246,past_due,
597,94.55114186790068,16581.052631578943,16591.129472985864,16980.393150993274,389.2636780074099,past_due,
598,16.059224112615624,16604.210526315786,16614.29018600285,17003.47000299627,389.1798169934191,past_due,
599,93.51868548730847,16627.36842105263,16637.452748999,17026.659905010252,389.2071560112527,past_due,
600,37.21382638026149,16650.52631578947,16660.6154229939,17050.067467991496,389.4520449975971,past_due,
601,53.80309653336547,16673.684210526313,16683.77793300152,17073.229308014386,389.4513750128681,past_due,
602,95.51757360871456,16696.842105263153,16706.939070001245,17097.709567995043,390.7704979937989,past_due,
603,96.2228122167686,16719.999999999996,16730.099620997906,17122.143432994606,392.0438119967002,past_due,
604,94.40067194858165,16744.44444444444,16754.549454003572,17146.42223101051,391.8727770069381,past_due,
605,95.74257187424044,16768.888888888887,16778.997595995665,17170.98474498815,391.9871489924845,past_due,
606,15.259802088237214,16793.33333333333,16803.445864990354,17192.820967987645,389.37510299729183,past_due,
607,55.08763861464153,16817.777777777774,16827.895343005657,17217.242057006224,389.34671400056686,past_due,
608,55.17924864243941,16842.22222222222,16852.342970997095,17241.68770699948,389.3447360023856,past_due,
609,35.0781708947252,16866.666666666664,16876.79141999781,17266.210049999994,389.4186300021829,past_due,
610,35.533428734416816,16891.111111111106,16901.23899000883,17290.456777998595,389.2177879897645,past_due,
611,95.56297297793334,16915.55555555555,16925.68655499816,17314.84375799517,389.15720299701206,past_due,
612,75.9707651891311,16939.999999999996,16950.135402992368,17340.584132994758,390.4487300023902,past_due,
613,56.29645091054381,16964.44444444444,16974.583679005504,17363.963318009395,389.3796390038915,past_due,
614,54.91753126863402,16988.888888888887,16999.03152498603,17388.29261998483,389.2610949988011,past_due,
615,76.56686176919065,17013.33333333333,17023.48009699583,17412.866914997925,389.3868180020945,past_due,
616,12.68897943987653,17037.777777777774,17047.928167000413,17442.142507995362,394.2143409949495,past_due,
617,76.4450500119557,17062.22222222222,17072.376243010163,17461.561677013757,389.1854340035934,past_due,
618,94.77691418320096,17086.666666666664,17096.823487997055,17485.972476990893,389.1489889938384,past_due,
619,75.16902884669,17111.111111111106,17121.271957993507,17510.649361997843,389.3774040043354,past_due,
620,56.99451795934689,17135.55555555555,17145.71920900047,17534.964353004703,389.24514400423504,past_due,
621,92.30795825978473,17159.999999999996,17170.16663700342,17559.359650997794,389.1930139943725,past_due,
622,95.72090105802282,17193.84615384615,17204.016833007336,17593.47811100597,389.4612779986346,past_due,
623,18.21306826066972,17227.692307692305,17237.868308007717,17630.323795010452,392.455487002735,past_due,
624,34.75154842874801,17261.538461538457,17271.71958900988,17661.011644008686,389.2920549988048,past_due,
625,57.42204753214449,17295.384615384613,17305.569528996944,17694.923501987592,389.3539729906479,past_due,
626,55.79766777191174,17329.230769230766,17339.420049011707,17728.75048601115,389.3304369994439,past_due,
627,74.42617135262012,17363.07692307692,17373.271609008312,17764.232267006533,390.960657998221,past_due,
628,78.83143273305399,17396.923076923074,17407.12713199854,17796.41137599491,389.2842439963715,past_due,
629,35.709057134264214,17430.769230769227,17440.977213010192,17830.282237010542,389.3050240003504,past_due,
630,36.35340512809268,17464.61538461538,17474.828721001744,17864.127332991688,389.2986119899433,past_due,
631,35.26864390108717,17498.461538461535,17508.680353999138,17898.199953003554,389.5195990044158,past_due,
632,55.82071894481255,17532.307692307688,17542.53083600104,17936.458771002595,393.9279350015568,past_due,
633,35.294572959491575,17566.153846153844,17576.38103300333,17965.6603660048,389.27933300146833,past_due,
634,17.975519750495582,17599.999999999996,17610.230663999915,17999.319639003603,389.08897500368766,past_due,
635,93.59492962037903,17619.130434782604,17629.36546099186,18018.62466499838,389.259204006521,past_due,
636,57.06118705768572,17638.260869565212,17648.49968199432,18037.642272991245,389.1425909969257,past_due,
637,75.35501172752717,17657.391304347824,17667.63398900628,18056.823236004566,389.18924699828494,past_due,
638,95.09751804535122,17676.521739130432,17686.767864003778,18076.127756000496,389.3598919967189,past_due,
639,94.53017190347694,17695.65217391304,17705.90229600668,18095.26421000657,389.36191399989184,past_due,
640,94.24407596916988,17714.78260869565,17725.037284001708,18114.184499000665,389.1472149989568,past_due,
641,96.58201181618566,17733.913043478256,17744.171047002077,18133.539653005777,389.3686060036998,past_due,
642,53.69818129190199,17753.043478260865,17763.305234000087,18152.48794800334,389.18271400325466,past_due,
643,74.16196408346019,17772.173913043476,17782.438320994377,18177.09724500205,394.6589240076719,past_due,
644,93.85572887907712,17791.304347826084,17801.57201500237,18190.86724600033,389.2952309979592,past_due,
645,77.07005712581437,17810.434782608692,17820.706636995077,18209.752717987634,389.0460809925571,past_due,
646,34.46521374248363,17829.5652173913,17839.840276002884,18229.073058999144,389.2327829962596,past_due,
647,14.70479351484958,17848.69565217391,17858.973570004106,18248.059756002272,389.0861859981669,past_due,
648,75.74559401178534,17867.826086956517,17878.10670699179,18271.46321099787,393.35650400607847,past_due,
649,58.78495813715462,17886.95652173913,17897.241486996412,18286.39368400362,389.1521970072063,past_due,
650,94.06496939799254,17906.086956521736,17916.375463992357,18305.531535999966,389.1560720076086,past_due,
651,56.12820559587206,17925.217391304344,17935.510029003024,18324.775405015214,389.2653760121903,past_due,
652,15.587897978812132,17944.347826086952,17954.643549993634,18343.75441999815,389.1108700045152,past_due,
653,56.42670377453178,17963.47826086956,17973.781008005142,18365.744598014397,391.9635900092544,past_due,
654,36.15160250306216,17982.60869565217,17992.91500800848,18382.18112301058,389.2661150021013,past_due,
655,17.001134127323127,18001.73913043478,18012.04888600111,18401.176489995094,389.127603993984,past_due,
656,38.2483033607271,18020.86956521739,18031.18348999321,18420.412682988328,389.22919299511705,past_due,
657,36.01979468573029,18040.0,18050.316293999556,18439.35034998786,389.0340559883043,past_due,
658,16.60283695971308,18071.42857142857,18081.74707700312,18467.464683000464,385.7176059973426,done,
659,57.601867556462814,18102.857142857138,18113.180655002598,18502.312581002716,389.1319260001183,past_due,
660,33.57959525529896,18134.28571428571,18144.6131940037,18537.454726000666,392.8415319969645,past_due,
661,75.23366661494008,18165.714285714283,18176.0456020087,18565.59751201293,389.5519100042293,past_due,
662,55.24506693421514,18197.14285714285,18207.47814400494,18596.857430998003,389.3792869930621,past_due,
663,35.8140243004641,18228.571428571424,18238.910877987742,18630.125214983942,391.2143369961996,past_due,
664,16.53159572600631,18260.0,18270.343244999647,18659.67734499264,389.3340999929933,past_due,
665,94.0381305336037,18291.42857142857,18301.77579599619,18691.179387001437,389.403591005248,past_due,
666,77.33649311507993,18322.857142857138,18333.208226010203,18722.79814600991,389.5899199997075,past_due,
667,57.36650520750976,18354.28571428571,18364.640623003244,18753.96839799173,389.32777498848736,past_due,
668,13.216228764313191,18385.714285714283,18396.073397010565,18785.553537012544,389.4801400019787,past_due,
669,55.416805893321225,18417.14285714285,18427.506475001574,18816.912015003036,389.4055400014622,past_due,
670,57.89896142255632,18448.571428571424,18458.939406991005,18848.249729983974,389.3103229929693,past_due,
671,54.75290181604807,18480.0,18490.3729569912,18879.800778987123,389.4278219959233,past_due,
672,75.76391262893146,18503.15789473684,18513.53410199285,18908.38453499659,394.85043300373945,past_due,
673,76.72096792784738,18526.31578947368,18536.696269005537,18931.14910001494,394.45283100940287,past_due,
674,16.142302053676254,18549.473684210523,18559.857359007,18949.73708700505,389.87972799804993,past_due,
675,94.642155782379,18572.631578947367,18583.01953700185,18972.295727997436,389.276190995588,past_due,
676,54.57099583713696,18595.789473684206,18606.180284008384,18995.38312201528,389.20283800689504,past_due,
677,95.33489818905969,18618.94736842105,18629.34111699462,19023.009962989017,393.668845994398,past_due,
678,97.11466549002552,18642.10526315789,18652.507573008537,19041.74738600594,389.2398129974026,past_due,
679,37.25512738955963,18665.263157894733,18675.67030701041,19064.980325009787,389.310017999378,past_due,
680,73.8090184589657,18688.421052631576,18698.83219800889,19088.047642005255,389.2154439963633,past_due,
681,76.97927211967631,18711.578947368416,18721.99397300184,19114.529590009366,392.5356170075247,past_due,
682,54.54587718383903,18734.73684210526,18745.156304001808,19134.32970000629,389.1733960044803,past_due,
683,34.062772484903185,18757.894736842103,18768.31888899207,19157.561585000367,389.24269600829575,past_due,
684,74.50472564858352,18781.052631578943,18791.48098300397,19180.724330006746,389.2433470027754,past_due,
685,75.26963902983826,18804.210526315783,18814.64299499989,19209.60072999937,394.9577349994797,past_due,
686,36.79629664344642,18827.368421052623,18837.80423799157,19227.028483000817,389.22424500924535,past_due,
687,95.62520689154992,18850.52631578947,18860.966317996383,19250.108622000436,389.1423040040536,past_due,
688,74.90126468918893,18873.684210526317,18884.129065990448,19273.48986398941,389.36079799896106,past_due,
689,55.62987063644545,18896.842105263157,18907.29086700082,19299.312419005553,392.021552004735,past_due,
690,15.416844692117545,18920.0,18930.452288001776,19319.756692003226,389.30440400145017,past_due,
691,55.752940849559344,18938.33333333333,18948.7895449996,19338.029321006034,389.2397760064341,past_due,
692,95.24035935665114,18956.666666666664,18967.125778988004,19356.25955599174,389.1337770037353,past_due,
693,75.41087834290443,18975.0,18985.461952000856,19374.4942220035,389.0322700026445,past_due,
694,37.390439821909965,18993.33333333333,19003.798430994157,19393.227483005267,389.4290520111099,past_due,
695,75.10682768042781,19011.666666666664,19022.13484598696,19411.2804219746,389.1455759876408,past_due,
696,33.83715214081947,19030.0,19040.472073987126,19429.65992999694,389.1878560098121,past_due,
697,96.81175492955494,19048.33333333333,19058.807815998796,19447.943233992908,389.1354179941118,past_due,
698,71.98736234401302,19066.666666666664,19077.145681992173,19466.384104990633,389.23842299846,past_due,
699,94.50325650812464,19085.0,19095.483054995537,19484.6411879909,389.1581329953624,past_due,
700,96.54661501020692,19103.33333333333,19113.81972299516,19502.928611989246,389.10888899408747,past_due,
701,77.65960860569967,19121.666666666664,19132.156975001097,19521.28910800221,389.1321330011124,past_due,
702,77.48678376907083,19140.0,19150.49370700121,19539.605055996566,389.1113489953568,past_due,
703,73.89253349692794,19158.33333333333,19168.8300730139,19558.02066602069,389.1905930067878,past_due,
704,17.233244799285615,19176.666666666664,19187.16581401229,19576.17505601654,389.0092420042493,past_due,
705,14.607913840425873,19195.0,19206.755436003208,19597.222303003422,390.4668670002138,past_due,
706,34.32289292366839,19213.33333333333,19225.091284006838,19614.296752010476,389.2054680036381,past_due,
707,16.893584035624702,19231.666666666664,19243.42772200704,19632.585773016912,389.158051009872,past_due,
708,16.33872853940838,19250.0,19261.76463100314,19650.99238199077,389.2277509876294,past_due,
709,16.018366304490847,19268.33333333333,19280.10101298988,19669.397698990186,389.2966860003071,past_due,
710,94.3538396265619,19286.666666666664,19298.437242999677,19687.76714799565,389.3299049959751,past_due,
711,14.378041742971982,19305.0,19316.77365399897,19705.963905996177,389.1902519972064,past_due,
712,34.23027060808849,19323.33333333333,19335.111701011658,19724.449829018442,389.33812800678425,past_due,
713,76.15574708233373,19341.666666666664,19353.447655007243,19742.537066015415,389.0894110081717,past_due,
714,36.08744487418966,19360.0,19371.78457300365,19761.04246400541,389.2578910017619,past_due,
715,35.51498393960331,19387.5,19399.28846600652,19788.7217589987,389.4332929921802,past_due,
716,76.25512431728833,19415.0,19426.795357003808,19816.019610002055,389.2242529982468,past_due,
717,36.3721033542876,19442.5,19454.30026000738,19843.630630009808,389.3303700024262,past_due,
718,13.70719045241466,19470.0,19481.803296014667,19875.79663500667,393.9933389920043,past_due,
719,94.72821240216442,19497.5,19509.307176992297,19898.64045899303,389.33328200073447,past_due,
720,55.55538914060826,19525.0,19536.810473009944,19925.8463210084,389.035847998457,past_due,
721,56.9566685789364,19552.5,19564.315123990174,19953.83234398928,389.5172199991066,past_due,
722,35.00455451843598,19580.0,19591.818608000875,19981.150835002307,389.33222700143233,past_due,
723,55.97226634381111,19607.5,19619.32328799367,20008.782911992515,389.4596239988459,past_due,
724,55.35482030834415,19635.0,19646.82644701004,20036.23755800852,389.4111109984806,past_due,
725,95.97120949680658,19662.5,19674.330051004887,20065.31374199281,390.9836909879232,past_due,
726,16.427920770316838,19690.0,19701.83449599147,20091.200683990726,389.3661879992578,past_due,
727,73.27175951246872,19717.5,19729.34188899398,20118.574444005382,389.23255501140375,past_due,
728,100.0,19745.0,19756.84618599713,20148.113834997057,391.2676489999285,past_due,
729,54.32862286706826,19772.5,19784.349931001663,20173.75905000302,389.4091190013569,past_due,
730,94.478942266966,19800.0,19811.853059992198,20201.30671299098,389.45365299878176,past_due,
731,16.840575106610434,19820.952380952374,19832.80991999805,20222.13430500147,389.3243850034196,past_due,
732,15.2379266088185,19841.90476190476,19853.770331010222,20243.237857004628,389.4675259944052,past_due,
733,75.599211330207,19862.857142857138,19874.72764898837,20264.30716998573,389.5795209973585,past_due,
734,74.45172633488316,19883.80952380952,19895.685026988387,20285.031425983645,389.3463989952579,past_due,
735,57.66685074577181,19904.7619047619,19916.64191199839,20306.008690005052,389.3667780066608,past_due,
736,76.59420180769146,19925.714285714283,19937.59893000126,20330.83596899698,393.2370389957214,past_due,
737,36.493773757414864,19946.666666666664,19958.556026011705,20347.997283019708,389.4412570080021,past_due,
738,14.98679629978182,19967.61904761904,19979.513442009687,20369.011334999,389.49789298931137,past_due,
739,55.60262233384506,19988.571428571424,20000.46962699294,20389.799061991158,389.329434998217,past_due,
740,77.86169285188612,20009.52380952381,20021.426164999604,20410.931644004188,389.5054790045833,past_due,
741,55.73202410234329,20030.476190476187,20042.383385002613,20433.923444007523,391.5400590049103,past_due,
742,53.7607586178518,20051.42857142857,20063.343906998634,20453.443389987806,390.0994829891715,past_due,
743,96.43980984672726,20072.38095238095,20084.298925995827,20473.431154995924,389.13222900009714,past_due,
744,56.92225154378277,20093.33333333333,20105.2544939965,20494.57267400506,389.31818000855856,past_due,
745,75.38983815826485,20114.28571428571,20126.210673987865,20515.60192298994,389.3912490020739,past_due,
746,17.296896807146,20135.23809523809,20147.16635800898,20537.911194005865,390.7448359968839,past_due,
747,94.57498604353012,20156.190476190477,20168.122372999787,20557.51616199501,389.39378899522126,past_due,
748,15.949573488465363,20177.14285714285,20189.07725301385,20578.35878801113,389.2815349972807,past_due,
749,76.07993832551263,20198.095238095237,20210.03413000703,20599.61036199506,389.5762319880305,past_due,
750,33.48075907264213,20219.04761904761,20230.989521995187,20620.291493993253,389.3019719980657,past_due,
751,37.47534210107317,20240.0,20251.945520997047,20641.47462000104,389.5290990039939,past_due,
752,16.098824647150103,20265.88235294117,20277.83210900426,20667.497053993167,389.66494498890825,past_due,
753,54.982065219432485,20291.76470588235,20303.71878200769,20693.30641099752,389.5876289898297,past_due,
754,73.53192612026822,20317.647058823524,20329.60641899705,20719.28281899169,389.6763999946416,past_due,
755,15.890040050333086,20343.529411764703,20355.49194200337,20744.798184013576,389.3062420102069,past_due,
756,75.81127555752542,20369.41176470588,20381.378829985857,20773.254214987042,391.87538500118535,past_due,
757,33.770477291160205,20395.294117647056,20407.26675799489,20796.91223599913,389.6454780042404,past_due,
758,97.65152442212091,20421.17647058823,20433.15323100984,20822.324243003153,389.1710119933123,past_due,
759,32.919906679138656,20447.05882352941,20459.04000899196,20853.108543987273,394.0685349953128,past_due,
760,15.996059916640014,20472.941176470584,20484.927082002163,20874.318645005464,389.3915630033007,past_due,
761,53.85562105434195,20498.82352941176,20510.81302198768,20900.004467984083,389.1914459964028,past_due,
762,35.837184238042056,20524.705882352937,20536.69998499751,20926.242688004975,389.5427030074643,past_due,
763,14.57139461753346,20550.588235294115,20562.586214005947,20953.039603007725,390.4533890017774,past_due,
764,15.379918868554793,20576.47058823529,20588.473815992475,20977.90234599728,389.4285300048068,past_due,
765,74.2566742889731,20602.35294117647,20614.361186012626,21003.815315019106,389.4541290064808,past_due,
766,94.59549367385512,20628.235294117643,20640.24747799337,21032.79447298334,392.5469949899707,past_due,
767,54.49078701237777,20654.11764705882,20666.135396003723,21055.580267998506,389.4448719947832,past_due,
768,14.638077196302838,20680.0,20692.023454010487,21081.414800015627,389.3913460051408,past_due,
769,95.81045376169412,20700.0,20712.026344001293,21101.125877001556,389.09953300026245,past_due,
770,55.2852486634071,20720.0,20732.03199400008,21121.39357899572,389.3615849956405,past_due,
771,74.2254991633464,20740.0,20752.03662699461,21141.468025007285,389.43139801267534,past_due,
772,95.60275489499716,20760.0,20772.040859997272,21162.221097995993,390.18023799872026,past_due,
773,16.37984521486847,20780.0,20792.04551801085,21181.73453400668,389.6890159958275,past_due,
774,14.006896407985078,20800.0,20812.04900000989,21201.32450201595,389.2755020060577,past_due,
775,74.72545467813643,20820.0,20832.052448004484,21221.923358997097,389.87091099261306,past_due,
776,13.798332577924525,20840.0,20852.056832000613,21241.49767700024,389.4408449996263,past_due,
777,55.06355026495166,20860.0,20872.059550002217,21261.412078002235,389.3525280000176,past_due,
778,16.403674879651923,20880.0,20892.06378699839,21281.506303008995,389.4425160106039,past_due,
779,98.15321059970404,20900.0,20912.066557005048,21301.68532901432,389.6187720092712,past_due,
780,76.3029187740683,20920.0,20932.069454997774,21321.4988080007,389.4293530029245,past_due,
781,95.49734678493935,20940.0,20952.07286399603,21341.415140986675,389.3422769906465,past_due,
782,55.11068853244531,20960.0,20972.07618801296,21361.578780004875,389.5025919919135,past_due,
783,93.97459593845362,20980.0,20992.079766988754,21381.45569099055,389.3759240017971,past_due,
784,36.74839616888208,21000.0,21012.08238700032,21401.398241001643,389.3158540013246,past_due,
785,96.50771144947336,21020.0,21032.085236012936,21421.299910009257,389.2146739963209,past_due,
786,74.98610513797841,21040.0,21052.08890800178,21441.46682299662,389.37791499483865,past_due,
787,97.7775348524168,21060.0,21072.09182099998,21461.44970500702,389.3578840070404,past_due,
788,15.631877972873149,21080.0,21092.09514899552,21481.435089996317,389.3399410007987,past_due,
789,75.85205088227181,21100.0,21112.098763003945,21501.480069002486,389.3813059985405,past_due,
790,36.21895069132353,21120.0,21132.102832004428,21521.636612010305,389.5337800058769,past_due,
791,56.638450953957815,21149.33333333333,21161.440613001585,21550.935072000837,389.494458999252,past_due,
792,37.10255340015749,21178.666666666664,21190.780299007893,21580.820220003952,390.03992099605966,past_due,
793,19.287781363373373,21208.0,21220.1206689924,21610.259645995917,390.13897700351663,past_due,
794,54.45887432442432,21237.33333333333,21249.457143992186,21639.148228993872,389.6910850016866,past_due,
795,96.25542224280233,21266.666666666664,21278.793423995376,21668.839999000193,390.046575004817,past_due,
796,17.334046438622742,21296.0,21308.13137499988,21698.14368500281,390.01231000293046,past_due,
797,96.34592999673664,21325.33333333333,21337.469331994653,21727.352642004844,389.8833100101911,past_due,
798,54.29873709246545,21354.666666666664,21366.805128008127,21756.474224003614,389.6690959954867,past_due,
799,75.45008482519479,21384.0,21396.143248990174,21786.07207100291,389.9288220127346,past_due,
