#{"batch_latencies":"/workdir/DynWork/log/syn/LenScale_0.1/translation/fsmt_wmt/latencies.csv","bucketing":true,"buckets":"/workdir/DynWork/log/syn/LenScale_0.1/translation/fsmt_wmt/buckets.csv","debug":false,"host":"localhost","max_b":8,"num_io":5,"output":"/workdir/DynWork/log/syn/LenScale_0.1/translation/fsmt_wmt/1_x_P99/legacy_bucketing/output.csv","port":"12346","prepare_only":false,"reqs":"/workdir/DynWork/log/syn/LenScale_0.1/translation/fsmt_wmt/jobs.bucketed.csv","shared_tmp":"/workdir/models","shepherd_bucketing":false,"slo_ms":467,"verbose":false}
JobId,Length,Admitted,Started,Finished,Latency,State,EStatus
0,70.7143,37.0972,45.9897,140.154,103.057,done,
1,64.2415,126.056,140.169,223.786,97.73,done,
2,316.473,214.352,222.742,576.472,362.12,done,
3,80.9553,304.133,548.453,750.318,446.184,done,
4,173.519,393.263,548.456,750.318,357.054,done,
5,101.561,482.306,707.232,874.478,392.172,done,
6,124.102,571.343,707.235,874.478,303.135,done,
7,128.902,660.466,873.759,1005.86,345.39,done,
8,88.2748,749.495,873.762,1005.86,256.362,done,
9,117.362,838.607,1005.86,1125.49,286.882,done,
10,96.9704,927.752,1005.87,1125.49,197.738,done,
11,230.981,1196.02,1196.08,1428.54,232.522,done,
12,223.665,1464.31,1464.34,1689.52,225.209,done,
13,129.108,1732.64,1732.68,1863.3,130.663,done,
14,86.7427,2000.93,2000.97,2089.21,88.279,done,
15,127.67,2269.21,2269.27,2398.43,129.223,done,
16,468.911,2536.87,2545.15,3015.17,478.305,done,
17,130.332,2805.9,2917.26,3145.57,339.669,done,
18,109.702,3074.12,3145.58,3256.78,182.658,done,
19,36.224,3342.67,3342.73,3380.49,37.8241,done,
20,109.117,3610.73,3610.76,3721.33,110.593,done,
21,105.57,4951.89,4951.94,5059.04,107.157,done,
22,218.014,6293,6293.03,6512.52,219.522,done,
23,194.117,7634.21,7634.25,7829.83,195.619,done,
24,497.768,8974.55,-1.63732e+12,9436.56,462.006,error,4
25,82.042,10316.4,10316.4,10400,83.6087,done,
26,74.7697,11657.5,11657.6,11733.9,76.389,done,
27,259.614,12998.8,13007.2,13268.3,269.462,done,
28,59.5497,14339.9,14339.9,14401,61.1665,done,
29,167.968,15680.9,15680.9,15850.4,169.514,done,
30,134.913,17022.1,17022.2,17158.7,136.562,done,
31,79.0725,17049.1,-1.63732e+12,17511.2,462.022,error,7
34,363.005,17130.2,17158.7,17523.1,392.96,done,
32,96.5305,17076.2,-1.63732e+12,17538.2,462.002,error,7
33,90.0264,17103.3,-1.63732e+12,17565.3,462.003,error,7
35,165.453,17157.5,-1.63732e+12,17619.5,461.999,error,7
37,337.146,17211.1,-1.63732e+12,17673.1,462.02,error,4
41,314.481,17301.8,-1.63732e+12,17763.8,462.015,error,4
36,46.8625,17184.7,17474.3,17769,584.367,done,
38,210.442,17239,17474.3,17769,529.99,done,
39,79.0626,17266,17474.3,17769,503.011,done,
40,245.36,17293.2,17474.3,17769,475.795,done,
42,159.446,17312,17474.3,17769,457.063,done,
43,177.959,17321.3,17474.3,17769,447.718,done,
44,75.6436,17330.7,17474.3,17769,438.355,done,
45,146.525,17340,17474.3,17769,429.012,done,
47,543.132,17359.1,-1.63732e+12,17821.1,462.001,error,4
51,282.138,17507.2,-1.63732e+12,17969.2,462.025,error,7
46,156.847,17349.5,17659.2,18007.1,657.631,done,
48,145.587,17368.2,17659.2,18007.1,638.877,done,
49,116.842,17377.7,17659.2,18007.1,629.44,done,
50,237.777,17387,17659.2,18007.1,620.133,done,
52,226.626,17627.6,17896.7,18233.9,606.325,done,
53,148.565,17747.8,17896.7,18233.9,486.046,done,
54,181.428,17868.2,-1.63732e+12,18330.2,462,error,7
55,262.361,17988.5,18165,18496.5,507.958,done,
56,67.427,18108.8,18165,18496.5,387.689,done,
57,87.8593,18229,18391.8,18625.4,396.407,done,
58,128.838,18349.3,18391.8,18625.4,276.163,done,
59,314.227,18469.5,18625.4,18942,472.407,done,
60,81.8251,18589.9,18625.5,18942,352.018,done,
61,144.465,18754.6,18875.9,19086.5,331.959,done,
62,92.2359,18919.3,19086.6,19180.3,261.002,done,
63,171.732,19084,-1.63732e+12,19546,462.005,error,7
64,307.016,19248.1,19256.4,19564.6,316.574,done,
65,256.738,19413.5,19511.8,19821.5,407.951,done,
66,179.536,19578.3,19770.7,20001.2,422.907,done,
68,135.905,19907.6,20001.2,20138.6,230.938,done,
67,113.488,19742.9,-1.63732e+12,20204.9,462.006,error,7
69,172.296,20072.5,20138.6,20312.4,239.916,done,
70,198.026,20236,20312.4,20512,275.971,done,
71,90.2385,20621.1,20621.2,20712.9,91.8013,done,
72,213.549,21005.1,21005.2,21220.2,215.093,done,
73,365.939,21389.1,21389.1,21756.5,367.423,done,
74,140.756,21773.1,21773.1,21915.4,142.301,done,
75,187.361,22157.1,22157.2,22346,188.894,done,
76,216.833,22541,22541,22759.3,218.345,done,
77,38.7143,22924.9,22925,22965.2,40.2815,done,
78,221.315,23309.1,23309.1,23531.9,222.834,done,
79,390.302,23692.3,23700.6,24092.1,399.792,done,
80,48.9062,24076.9,24076.9,24141.1,64.2412,done,
81,178.056,24521,24521,24700.6,179.601,done,
82,178.61,24964.3,24964.4,25144.3,179.96,done,
83,142.48,25409.3,25409.3,25553.4,144.077,done,
84,232.227,25853.5,25853.5,26087.3,233.785,done,
85,194.502,26297.6,26297.6,26493.6,196.025,done,
86,104.443,26741.7,26741.7,26847.7,106.019,done,
87,422.813,27185.9,27186,27610.3,424.42,done,
88,97.8842,27629.9,27630,27729.4,99.4505,done,
89,183.623,28074,28074.1,28259.2,185.193,done,
90,220.936,28518.2,28518.3,28740.7,222.488,done,
93,250.234,28622.3,28740,28993.2,370.875,done,
96,66.3513,28726.5,28740,28993.2,266.691,done,
91,62.388,28552.9,-1.63732e+12,29014.9,462.001,error,7
92,23.0909,28587.6,-1.63732e+12,29049.6,462.011,error,7
94,318.856,28657.5,-1.63732e+12,29119.5,462.039,error,4
95,470.871,28692.1,-1.63732e+12,29154.1,462.011,error,4
98,179.773,28795.9,28993.3,29175.3,379.363,done,
97,335.149,28761.5,-1.63732e+12,29223.5,462.009,error,7
99,131.08,28830.7,-1.63732e+12,29292.7,462.006,error,4
100,48.6175,28865.4,-1.63732e+12,29327.4,462.004,error,7
101,100.54,29325.6,29325.6,29427.6,102.073,done,
102,229.333,29785.4,29785.5,30016.4,230.938,done,
103,300.959,30245.4,30245.4,30547.9,302.528,done,
104,110.301,30705.5,30705.5,30817.4,111.85,done,
105,115.62,31165.4,31165.5,31282.6,117.158,done,
106,211.226,31625.4,31625.5,31838.2,212.776,done,
107,233.891,32085.4,32085.5,32320.9,235.487,done,
108,181.964,32544.6,32544.6,32727.8,183.237,done,
109,130.189,33005.4,33005.5,33137.2,131.751,done,
110,289.16,33465.4,33465.5,33756.1,290.721,done,
111,314.454,34127.8,34127.9,34443.6,315.814,done,
112,293.465,34791.7,34791.8,35086.8,295.072,done,
113,20.7943,35454.9,35455,35477.4,22.4534,done,
114,107.884,36118.1,36118.1,36227.5,109.405,done,
115,283.353,36781.8,36790.1,37075.1,293.323,done,
116,111.915,37444.5,37444.5,37557.9,113.45,done,
117,56.3148,38107.7,38107.8,38165.7,57.9295,done,
118,155.895,38771,38771,38928.4,157.472,done,
119,143.123,39434,39434,39578.6,144.675,done,
120,199.287,40097.2,40097.3,40298,200.834,done,
121,251.468,40111.3,40298.1,40553.2,441.996,done,
122,115.524,40125.4,40298.1,40553.2,427.83,done,
124,109.091,40153.4,40298.1,40553.2,399.839,done,
125,54.3344,40167.5,40298.1,40553.2,385.737,done,
123,311.137,40138.5,-1.63732e+12,40600.5,462.005,error,4
131,82.4532,40526.4,40526.4,40635.8,109.426,done,
126,111.925,40181.5,-1.63732e+12,40643.5,462.014,error,7
127,51.2271,40195.5,-1.63732e+12,40657.5,462.01,error,7
128,84.698,40209.6,-1.63732e+12,40671.6,462.004,error,7
129,27.6604,40223.6,-1.63732e+12,40685.6,462.018,error,7
130,98.2973,40237.7,-1.63732e+12,40699.7,462.011,error,7
132,188.384,40815,40815,41004.9,189.926,done,
133,98.0268,41103.6,41103.7,41203.2,99.5657,done,
134,109.042,41392.2,41392.3,41502.8,110.609,done,
135,130.252,41680.9,41680.9,41812.7,131.855,done,
136,73.123,41969.5,41969.5,42044.2,74.7589,done,
137,116.454,42258.1,42258.1,42376.1,118.01,done,
138,316.074,42546.8,42555.2,42872.8,325.97,done,
139,308.912,42835.3,42835.4,43181.8,346.492,done,
140,76.6488,43124,43124,43258.6,134.621,done,
141,272.335,44289.4,44289.4,44563.3,273.868,done,
142,293.709,45454.8,45454.9,45750.1,295.288,done,
143,152.804,46620.2,46620.2,46774.6,154.413,done,
144,230.935,47785.6,47785.7,48018.1,232.453,done,
145,96.2337,48951,48951,49048.8,97.824,done,
146,283.634,50116.4,50116.5,50401.6,285.231,done,
147,112.503,51281.8,51281.9,51395.9,114.117,done,
148,161.714,52447.2,52447.2,52610.5,163.293,done,
149,62.6678,53612.7,53612.7,53677,64.3128,done,
150,92.2398,54778,54778,54871.8,93.7845,done,
151,333.787,56750.1,56750.1,57085.3,335.19,done,
152,120.503,58723.9,58723.9,58846,122.176,done,
153,161.604,60696.9,60696.9,60860.1,163.172,done,
154,122.961,62669.9,62670,62794.4,124.53,done,
155,185.718,64642.9,64642.9,64830.2,187.299,done,
156,174.937,66615.8,66615.9,66792.3,176.529,done,
157,66.9632,68588.8,68588.9,68657.4,68.526,done,
158,363.879,70561,70561,70926.2,365.179,done,
159,53.8782,72535,72535,72590.4,55.4704,done,
160,126.156,74507.9,74508,74649.9,142.007,done,
161,184.442,74546.4,74649.9,74857.5,311.074,done,
162,199.594,74585,74649.9,74857.5,272.499,done,
163,45.6562,74623.6,-1.63732e+12,75085.6,462.005,error,7
164,82.625,74662.3,74857.6,75086.8,424.454,done,
165,225.347,74700.8,74857.6,75086.8,385.929,done,
167,189.681,74778.1,74857.6,75086.8,308.66,done,
169,73.8412,74855.4,74857.6,75086.8,231.377,done,
166,382.913,74738.7,-1.63732e+12,75200.7,462.023,error,4
170,160.121,74894.1,75086.8,75249.2,355.093,done,
168,205.862,74816.9,-1.63732e+12,75278.9,462.02,error,4
171,240.64,75956.4,75956.4,76198.7,242.321,done,
172,181.748,77018.7,77018.8,77202.1,183.39,done,
173,159.652,78081.1,78081.1,78242.3,161.245,done,
174,496.964,79142.7,79142.8,79641,498.288,done,
175,178.152,80205.8,80205.9,80385.5,179.745,done,
176,165.884,81268.1,81268.2,81435.6,167.484,done,
177,55.1184,82330.4,82330.5,82387.2,56.7594,done,
178,231.497,83392,83392.1,83624.8,232.821,done,
179,100.698,84455,84455.1,84557.3,102.277,done,
180,237.053,85517.4,85517.5,85756.1,238.661,done,
181,259.805,85581.3,85743.3,86016,434.712,done,
182,273.015,85645.1,-1.63732e+12,86107.1,462.014,error,7
186,101.915,85900.6,85981.6,86118.1,217.496,done,
187,65.9575,85964.5,85981.6,86118.1,153.621,done,
183,178.24,85709,-1.63732e+12,86171,462.009,error,4
184,92.31,85772.8,-1.63732e+12,86234.8,462.03,error,7
185,162.924,85836.7,-1.63732e+12,86298.7,462.016,error,7
188,200.948,86028.3,86118.1,86324.3,295.986,done,
189,162.05,86092.5,86118.1,86324.3,231.82,done,
190,186.112,86156,86324.3,86513.4,357.419,done,
191,121.046,87080.1,87080.1,87202.8,122.655,done,
192,279.522,88004.2,88004.2,88285.3,281.134,done,
193,334.036,88927.4,88927.5,89262.8,335.317,done,
194,54.256,89852.3,89852.4,89908.3,55.9462,done,
195,47.3041,90776.4,90776.4,90825.3,48.909,done,
196,251.021,91700.5,91700.6,91953,252.532,done,
197,204.479,92624.5,92624.6,92830.7,206.162,done,
198,102.167,93548.7,93548.7,93652.4,103.798,done,
199,198.744,94472.7,94472.8,94673.1,200.333,done,
200,149.602,95396.7,95396.8,95547.9,151.164,done,
201,79.9176,95649.3,95649.3,95730.7,81.4764,done,
202,120.205,95901.6,95901.6,96023.3,121.745,done,
203,199.875,96154,96154,96355.4,201.423,done,
204,203.457,96406.5,96406.5,96611.4,204.974,done,
205,159.069,96658.9,96658.9,96819.5,160.62,done,
206,256.446,96911.2,96911.3,97169.3,258.065,done,
207,168.602,97163.6,97163.7,97338,174.412,done,
208,79.1935,97416.1,97416.1,97496.8,80.7429,done,
209,247.07,97668.5,97668.6,97917.2,248.648,done,
210,160.488,97920.9,97921,98083,162.051,done,
211,204.508,97984,98083,98289.7,305.702,done,
212,52.0419,98046.9,98083,98289.7,242.741,done,
214,102.227,98173,98289.7,98511.5,338.591,done,
215,218.256,98236,98289.7,98511.5,275.546,done,
213,162.703,98109.9,-1.63732e+12,98571.9,462.003,error,7
217,65.9683,98362,98511.6,98685.2,323.168,done,
218,167.591,98424.9,98511.6,98685.2,260.282,done,
216,212.324,98297.7,-1.63732e+12,98759.7,462.001,error,4
219,80.6879,98487.9,98685.3,98768.2,280.257,done,
221,173.985,98760.7,98768.2,98943.7,182.999,done,
220,250.071,98551,-1.63732e+12,99013,462.023,error,7
222,198.998,98970.5,98970.5,99171.2,200.686,done,
223,211.61,99180.2,99180.2,99393.4,213.159,done,
224,122.273,99390,99393.4,99517.1,127.117,done,
225,27.9618,99599.8,99599.8,99629.3,29.561,done,
226,150.597,99809.4,99809.5,99961.5,152.107,done,
227,364.409,100019,100019,100385,365.956,done,
228,378.335,100229,100253,100764,534.816,done,
230,63.4094,100648,100738,100827,178.591,done,
229,140.31,100439,-1.63732e+12,100901,462.005,error,7
231,100.299,101729,101729,101831,101.84,done,
232,228.477,102809,102809,103039,230.052,done,
233,51.4293,103890,103890,103943,52.9986,done,
234,203.657,104970,104970,105175,205.22,done,
235,341.796,106050,106050,106393,343.126,done,
236,67.9054,107131,107131,107200,69.504,done,
237,98.6469,108211,108211,108312,100.233,done,
238,226.807,109291,109291,109519,228.08,done,
239,190.844,110372,110372,110564,192.397,done,
240,237.115,111452,111452,111691,238.651,done,
241,254.511,111751,111751,112007,256.07,done,
242,133.499,112050,112050,112185,135.03,done,
243,102.524,112349,112349,112453,104.057,done,
244,313.445,112648,112648,112963,315.037,done,
245,119.678,112947,112947,113083,136.109,done,
246,99.0331,113245,113246,113346,100.617,done,
247,235.65,113544,113544,113782,237.201,done,
248,61.8215,113843,113843,113907,63.3893,done,
249,132.054,114142,114142,114276,133.652,done,
250,157.964,114441,114441,114600,159.501,done,
251,176.889,114612,114612,114791,178.474,done,
252,288.326,114783,114791,115080,297.048,done,
253,314.042,114955,115080,115396,441.369,done,
254,135.294,115126,-1.63732e+12,115588,462.005,error,7
255,278.725,115297,115382,115675,377.766,done,
257,199.915,115640,115675,115876,236.729,done,
256,50.8942,115468,-1.63732e+12,115930,462.025,error,7
258,139.726,115811,115876,116018,206.908,done,
259,90.2596,115982,116018,116109,127.267,done,
260,155.79,116153,116153,116311,157.414,done,
261,205.956,116441,116441,116649,207.518,done,
262,24.0836,116729,116729,116754,25.6716,done,
263,124.363,117017,117017,117142,125.88,done,
264,158.967,117304,117304,117465,160.53,done,
265,295.722,117591,117591,117888,297.046,done,
266,171.389,117880,117888,118061,181.4,done,
267,196.08,118168,118168,118365,197.686,done,
268,71.5647,118455,118455,118529,73.1247,done,
269,424.479,118742,118751,119176,434.206,done,
270,153.771,119031,119099,119330,299.593,done,
271,153.657,119167,119330,119486,318.24,done,
272,276.969,119304,119486,119764,460.404,done,
273,260.859,119440,119681,120025,585.075,done,
274,177.627,119577,-1.63732e+12,120039,462.003,error,7
276,50.3871,119849,119959,120076,226.418,done,
277,46.5857,119986,120076,120124,138.088,done,
275,87.7359,119713,-1.63732e+12,120175,462.022,error,7
278,137.49,120122,120124,120264,142.345,done,
279,193.676,120258,120264,120460,201.179,done,
280,71.6687,120395,120460,120533,137.94,done,
281,68.0152,120566,120566,120636,69.5708,done,
282,139.671,120738,120738,120879,141.205,done,
283,285.571,120909,120909,121196,287.131,done,
284,276.532,121081,121175,121473,392.256,done,
286,215.289,121424,121462,121689,264.787,done,
285,24.0453,121252,-1.63732e+12,121714,462.008,error,7
287,146.329,121595,121689,121837,241.781,done,
288,171.035,121767,121837,122010,242.78,done,
289,119.374,121938,122010,122131,192.159,done,
290,230.218,122110,122131,122362,252.361,done,
291,209.437,122243,122362,122575,331.665,done,
293,168.091,122510,122575,122745,234.27,done,
292,283.405,122377,-1.63732e+12,122839,462.012,error,7
294,202.744,122644,122745,122949,305.081,done,
295,58.6,122777,122949,123009,231.658,done,
296,249.664,122911,123044,123295,384.612,done,
297,258.652,123044,-1.63732e+12,123506,462.014,error,7
298,216.432,123178,123295,123514,335.714,done,
299,306.562,123311,123514,123822,510.34,done,
300,57.3587,123445,-1.63732e+12,123907,462.018,error,7
301,191.155,123679,123752,124013,334.373,done,
302,204.683,123912,124013,124219,306.847,done,
303,117.456,124146,124219,124338,191.992,done,
304,95.8729,124380,124380,124477,97.4511,done,
305,79.183,124614,124614,124695,80.7887,done,
306,97.5105,124847,124848,124947,99.0528,done,
307,197.236,125080,125081,125279,198.607,done,
308,65.6057,125315,125315,125382,67.1525,done,
309,77.5406,125549,125549,125628,79.1304,done,
310,90.513,125783,125783,125875,92.0508,done,
311,165.593,126082,126082,126249,167.104,done,
312,347.587,126382,126382,126731,349.106,done,
313,257.061,126681,126731,126989,308.356,done,
314,141.129,126981,126989,127132,150.634,done,
315,95.7988,127281,127281,127379,97.3272,done,
316,272.453,127581,127581,127855,273.987,done,
317,220.924,127881,127881,128103,222.451,done,
318,222.304,128180,128180,128404,223.853,done,
319,153.729,128480,128480,128635,155.305,done,
320,537.752,128779,128779,129318,539.032,done,
323,81.7137,129289,129289,129400,110.907,done,
321,258.615,128949,-1.63732e+12,129411,462.012,error,7
322,435.02,129119,-1.63732e+12,129581,462.025,error,4
324,140.859,129459,129459,129601,142.43,done,
325,184.253,129628,129629,129814,185.787,done,
326,281.835,129798,129814,130098,299.49,done,
327,241.526,129968,130073,130339,371.399,done,
329,151.188,130307,130339,130492,184.661,done,
328,211.762,130138,-1.63732e+12,130600,462.011,error,7
330,348.468,130477,130492,130844,366.471,done,
331,127.446,131145,131145,131274,129.031,done,
332,40.5602,131812,131813,131855,42.1621,done,
333,213.786,132480,132480,132696,215.35,done,
334,127.444,133148,133148,133277,129.01,done,
335,171.971,133816,133816,133989,173.615,done,
336,144.225,134483,134483,134629,145.789,done,
337,188.348,135151,135151,135341,189.916,done,
338,168.337,135819,135819,135989,169.856,done,
339,357.408,136486,-1.63732e+12,136948,462.005,error,4
340,54.6463,137154,137154,137211,56.2651,done,
341,58.3652,137857,137857,137917,60.0027,done,
342,162.776,138559,138559,138723,164.332,done,
343,77.4651,139261,139261,139340,79.0787,done,
344,73.4062,139963,139963,140038,75.0155,done,
345,104.486,140666,140666,140772,106.05,done,
346,140.35,141368,141368,141510,141.917,done,
347,103.185,142070,142070,142175,104.812,done,
348,196.025,142772,142773,142970,197.613,done,
349,88.4182,143475,143475,143565,90.0254,done,
350,123.707,144177,144177,144302,125.321,done,
351,170.819,144528,144528,144701,172.377,done,
352,92.3059,144880,144880,144974,93.8753,done,
353,194.719,145231,145231,145428,196.324,done,
354,129.564,145583,145583,145714,131.11,done,
355,167.216,145934,145934,146103,168.759,done,
356,98.2031,146286,146286,146385,99.7278,done,
357,310.943,146637,146637,146949,312.539,done,
358,192.274,146988,146988,147182,193.821,done,
359,64.5276,147340,147340,147406,66.1315,done,
360,195.354,147691,147691,147888,196.929,done,
361,57.4369,148151,148151,148210,59.0247,done,
362,278.174,148610,148610,148890,279.767,done,
363,150.981,149069,149069,149222,152.541,done,
364,101.244,149529,149529,149631,102.829,done,
365,190.967,149988,149988,150181,192.583,done,
366,183.632,150447,150447,150632,185.201,done,
367,151.024,150907,150907,151059,152.568,done,
368,285.401,151366,151366,151653,286.963,done,
369,423.77,151825,151825,152251,425.293,done,
370,146.461,152285,152285,152433,148.027,done,
371,205.771,152709,152709,152916,207.366,done,
372,151.942,153133,153133,153287,153.475,done,
373,97.6938,153557,153557,153657,99.3765,done,
374,222.81,153982,153982,154206,224.346,done,
375,67.9018,154406,154406,154475,69.5107,done,
376,34.5531,154830,154830,154866,36.1934,done,
377,147.924,155254,155254,155404,149.515,done,
378,440.526,155678,-1.63732e+12,156140,462.001,error,4
379,141.742,156103,156103,156246,143.277,done,
380,88.1035,156527,156527,156617,89.6951,done,
381,172.133,156710,156711,156884,173.666,done,
382,76.585,156894,156894,156972,78.1313,done,
383,59.017,157077,157077,157138,60.55,done,
384,273.114,157260,157261,157535,274.656,done,
385,266.683,157444,157469,157802,357.858,done,
386,236.642,157627,157771,158039,411.635,done,
388,82.0024,157994,158039,158122,128.509,done,
387,348.422,157810,-1.63732e+12,158272,462.009,error,7
389,160.562,158177,158177,158339,162.105,done,
390,201.932,158360,158360,158564,203.456,done,
391,186.728,159062,159062,159250,188.287,done,
392,230.029,159764,159764,159995,231.54,done,
393,287.207,160466,160466,160754,288.808,done,
394,100.406,161167,161167,161269,102.108,done,
395,186.64,161869,161869,162057,188.198,done,
396,135.424,162571,162571,162708,136.952,done,
397,448.539,163272,-1.63732e+12,163734,462.019,error,4
398,134.98,163974,163974,164111,136.547,done,
399,53.9989,164676,164676,164731,55.6231,done,
400,208.323,165378,165378,165588,210.042,done,
401,178.36,165399,165588,165775,376.449,done,
402,87.8648,165420,165588,165775,355.439,done,
403,28.147,165441,165588,165775,334.327,done,
404,183.391,165462,165588,165775,313.278,done,
405,153.671,165483,-1.63732e+12,165945,462.008,error,4
406,387.071,165503,-1.63732e+12,165965,462.011,error,4
407,156.693,165525,-1.63732e+12,165987,462.014,error,4
408,66.7324,165546,-1.63732e+12,166008,461.999,error,4
409,144.893,165567,-1.63732e+12,166029,462.013,error,4
410,95.1826,165588,-1.63732e+12,166050,461.995,error,4
411,214.021,166360,166360,166576,215.641,done,
412,141.503,167132,167132,167275,143.099,done,
413,87.2163,167904,167905,167993,88.8264,done,
414,187.044,168676,168677,168865,188.588,done,
415,58.9111,169448,169449,169509,60.54,done,
416,314.042,170220,170220,170536,315.582,done,
417,117.152,170993,170993,171111,118.745,done,
418,305.695,171764,171764,172071,307.031,done,
419,158.385,172537,172537,172696,159.959,done,
420,33.2884,173309,173309,173344,34.9012,done,
421,160.541,173332,173344,173506,173.694,done,
422,83.9099,173355,173506,173829,474.028,done,
423,194.082,173379,173506,173829,450.776,done,
424,145.247,173402,173506,173829,427.359,done,
426,319.969,173449,173506,173829,380.496,done,
425,257.077,173424,-1.63732e+12,173886,462.009,error,4
427,160.999,173472,-1.63732e+12,173934,462.019,error,7
428,138.787,173496,-1.63732e+12,173958,462.03,error,7
429,98.2092,173519,-1.63732e+12,173981,462.012,error,7
430,150.217,173542,-1.63732e+12,174004,462.001,error,7
431,102.795,173913,173913,174018,104.441,done,
432,171.479,174284,174284,174457,173.066,done,
433,238.148,174654,174654,174894,239.655,done,
434,87.4389,175025,175025,175114,89.0195,done,
435,171.664,175395,175395,175568,172.949,done,
436,421.003,175766,-1.63732e+12,176228,462.014,error,4
437,149.678,176137,176137,176288,151.228,done,
438,260.179,176508,176508,176769,261.752,done,
439,151.662,176878,176878,177031,153.204,done,
440,96.2562,177249,177249,177347,97.8507,done,
441,290.186,177934,177934,178225,291.717,done,
442,139.51,178619,178619,178760,141.107,done,
443,265.092,179303,179303,179570,266.643,done,
444,48.2852,179988,179988,180038,49.8545,done,
445,240.245,180673,180673,180915,241.77,done,
446,170.254,181358,181358,181530,171.782,done,
447,154.527,182043,182043,182199,156.086,done,
448,173.864,182728,182728,182903,175.412,done,
449,135.426,183413,183413,183549,136.958,done,
450,187.096,184097,184097,184286,188.666,done,
451,142.371,184733,184733,184877,144.052,done,
452,199.666,185369,185369,185570,201.269,done,
453,286.246,186005,186005,186293,287.794,done,
454,90.5793,186641,186641,186733,92.2183,done,
455,91.6107,187277,187277,187370,93.2199,done,
456,153.398,187913,187913,188068,154.939,done,
457,228.15,188549,188549,188779,229.705,done,
458,197.922,189185,189185,189384,199.522,done,
459,228.851,189821,189821,190051,230.421,done,
460,151.388,190457,190457,190610,152.957,done,
461,119.673,190712,190712,190833,121.225,done,
462,62.6731,190968,190968,191032,64.2511,done,
463,174.181,191223,191223,191399,175.763,done,
464,230.785,191479,191479,191711,232.365,done,
466,104.678,191990,191990,192096,106.293,done,
465,342.889,191733,-1.63732e+12,192196,462.039,error,4
467,151.876,192245,192245,192399,153.446,done,
468,234.912,192501,192501,192737,236.494,done,
469,197.146,192756,192756,192955,198.758,done,
470,96.4842,193012,193012,193110,98.0715,done,
471,167.336,194265,194265,194434,168.9,done,
472,210.224,195517,195517,195729,211.827,done,
473,303.012,196770,196770,197075,304.603,done,
474,245.398,198023,198023,198270,246.973,done,
475,233.98,199276,199276,199511,235.562,done,
476,46.9595,200529,200529,200577,48.5378,done,
477,139.514,201781,201781,201923,141.105,done,
478,316.091,203033,203033,203351,317.425,done,
479,57.2996,204287,204287,204346,58.8937,done,
480,123.614,205540,205540,205665,125.197,done,
481,191.969,205807,205807,206000,193.489,done,
482,151.463,206073,206073,206226,153.043,done,
483,279.828,206340,206340,206622,281.388,done,
484,135.611,206607,206622,206759,151.698,done,
485,194.256,206874,206874,207070,195.853,done,
486,73.6813,207141,207141,207216,75.2521,done,
487,175.861,207407,207407,207585,177.504,done,
488,384.7,207674,207674,208060,386.305,done,
489,131.529,207941,207941,208192,251.094,done,
490,138.976,208208,208208,208348,140.51,done,
491,231.313,209328,209328,209561,232.938,done,
492,231.221,210449,210449,210682,232.815,done,
493,138.888,211569,211569,211710,140.445,done,
494,114.154,212690,212690,212805,115.753,done,
495,221.271,213810,213810,214033,222.819,done,
496,293.17,214931,214931,215225,294.699,done,
497,135.024,216051,216051,216188,136.583,done,
498,300.434,217172,217172,217474,301.976,done,
499,243.549,218292,218292,218537,245.082,done,
500,113.079,219413,219413,219527,114.702,done,
501,80.6089,219936,219936,220019,82.2769,done,
502,198.318,220460,220460,220660,199.913,done,
503,112.122,220983,220983,221097,113.767,done,
504,613.574,221507,-1.63732e+12,221969,462.014,error,4
505,123.929,222030,222030,222156,125.46,done,
506,307.629,222554,222562,222872,317.486,done,
507,36.4321,223077,223077,223115,38.0362,done,
508,136.051,223601,223601,223738,137.591,done,
509,92.9101,224124,224124,224219,94.5303,done,
510,470.908,224647,-1.63732e+12,225109,462.011,error,4
511,74.666,225362,225362,225439,76.3601,done,
512,161.068,226076,226076,226239,162.645,done,
513,81.2642,226791,226791,226874,82.8687,done,
514,336.171,227504,227504,227841,337.357,done,
515,128.598,228219,228219,228349,130.174,done,
516,155.247,228933,228933,229090,156.837,done,
517,124.795,229647,229647,229774,126.455,done,
518,71.9483,230362,230362,230435,73.595,done,
519,158.045,231076,231076,231235,159.648,done,
520,309.873,231789,231797,232108,319.211,done,
521,120.646,233078,233078,233200,122.211,done,
522,236.177,234366,234374,234612,246.097,done,
523,186.418,235654,235654,235842,187.988,done,
524,57.9614,236942,236942,237001,59.5412,done,
525,215.928,238230,238230,238447,217.548,done,
526,302.389,239518,239518,239822,303.991,done,
527,150.143,240805,240805,240957,151.724,done,
528,259.148,242093,242094,242354,260.797,done,
529,112.352,243381,243381,243495,113.936,done,
530,135.025,244669,244669,244806,136.669,done,
531,105.253,244875,244876,244982,106.826,done,
532,245.552,245080,245080,245327,246.686,done,
533,101.988,245288,245327,245431,142.764,done,
534,370.113,245494,245494,245866,371.812,done,
535,55.7583,245700,245768,245922,221.828,done,
536,285.099,245906,245922,246209,302.27,done,
537,88.6489,246113,246209,246299,186.26,done,
538,54.7636,246319,246319,246375,56.3306,done,
539,35.6158,246525,246525,246562,37.157,done,
540,211.417,246731,246731,246944,213.024,done,
541,122.042,247359,247359,247483,123.592,done,
542,179.161,247987,247987,248168,180.772,done,
543,372.761,248616,248616,248990,374.444,done,
544,99.5123,249244,249244,249345,101.07,done,
545,152.567,249872,249872,250026,154.169,done,
546,119.428,250500,250500,250621,120.976,done,
547,196.457,251128,251128,251326,198.007,done,
548,255.73,251756,251756,252013,257.287,done,
549,60.6963,252384,252384,252446,62.4526,done,
550,113.067,253012,253012,253127,114.669,done,
551,98.0779,253055,-1.63732e+12,253517,462.009,error,4
552,403.889,253099,253127,253532,433.211,done,
553,243.506,253142,-1.63732e+12,253604,462.015,error,7
554,135.766,253186,-1.63732e+12,253648,462.009,error,7
559,52.4094,253403,253532,253650,246.803,done,
560,115.185,253446,253532,253650,203.326,done,
555,168.867,253229,-1.63732e+12,253691,462.021,error,7
556,98.2525,253273,-1.63732e+12,253735,462.019,error,7
557,92.6265,253316,-1.63732e+12,253778,462.05,error,7
558,258.945,253360,-1.63732e+12,253822,462.01,error,4
561,27.7542,253879,253879,253908,29.3632,done,
562,161.904,254311,254311,254475,163.46,done,
563,23.7864,254744,254744,254769,25.383,done,
564,54.586,255176,255176,255232,56.2137,done,
565,150.713,255609,255609,255761,152.307,done,
566,384.013,256040,256049,256434,393.713,done,
567,143.813,256473,256473,256619,145.344,done,
568,57.2582,256906,256906,256965,58.8709,done,
569,220.218,257338,257338,257560,221.797,done,
570,111.184,257770,257771,257883,112.77,done,
571,131.785,258005,258006,258139,133.353,done,
572,54.7913,258240,258240,258297,56.357,done,
573,105.299,258475,258475,258582,106.863,done,
574,145.222,258710,258710,258857,146.781,done,
575,127.844,258945,258945,259075,129.445,done,
576,176.833,259180,259180,259359,178.385,done,
577,221.796,259414,259414,259637,223.083,done,
578,112.281,259650,259650,259764,113.832,done,
579,307.078,259885,259885,260194,308.66,done,
580,71.1576,260120,260120,260265,145.069,done,
581,123.783,262101,262101,262227,125.38,done,
582,149.565,264083,264083,264234,151.171,done,
583,168.073,266064,266064,266234,169.769,done,
584,164.796,268046,268046,268212,166.423,done,
585,179.585,270027,270027,270208,181.301,done,
586,139.134,272009,272009,272149,140.768,done,
587,36.6984,273990,273990,274028,38.3266,done,
588,278.622,275971,275972,276304,332.176,done,
589,46.7256,277953,277953,278003,50.5918,done,
590,55.1605,279934,279934,279994,59.467,done,
591,144.585,280461,280461,280615,153.328,done,
592,422.658,280988,-1.63732e+12,281450,462.005,error,4
593,91.9142,281515,281515,281609,93.5081,done,
594,89.8348,282042,282043,282134,91.3904,done,
595,142.091,282569,282570,282713,143.599,done,
596,160.728,283097,283097,283259,162.291,done,
597,247.384,283624,283624,283872,248.97,done,
598,89.7105,284151,284151,284242,91.2581,done,
599,226.49,284678,284678,284906,228.027,done,
600,109.282,285205,285205,285316,110.79,done,
601,127.295,285649,285649,285778,128.896,done,
602,72.6694,286092,286093,286167,74.2551,done,
603,59.0086,286536,286536,286597,60.628,done,
604,276.356,286980,286980,287258,277.885,done,
605,43.9449,287424,287424,287470,45.4966,done,
606,44.9661,287868,287868,287915,46.56,done,
607,151.046,288312,288312,288465,152.685,done,
608,169.982,288756,288756,288927,171.56,done,
609,146.033,289200,289200,289347,147.61,done,
610,325.089,289644,289644,289970,326.627,done,
611,286.702,289702,-1.63732e+12,290164,462.025,error,4
612,105.667,289761,-1.63732e+12,290223,462.009,error,7
613,275.814,289820,289970,290248,428.201,done,
614,151.005,289879,289970,290248,369.306,done,
618,69.9729,290115,290248,290339,224.015,done,
619,84.584,290173,290248,290339,165.247,done,
615,209.319,289938,-1.63732e+12,290400,462.008,error,7
616,36.2716,289997,-1.63732e+12,290459,462.005,error,7
617,140.801,290056,-1.63732e+12,290518,462.003,error,7
620,386.54,290232,-1.63732e+12,290694,462.018,error,4
621,89.3146,290644,290644,290735,90.9335,done,
622,69.4592,291056,291056,291127,71.0185,done,
623,450.255,291466,-1.63732e+12,291928,462.005,error,4
624,147.075,291879,291879,292027,148.737,done,
625,221.822,292290,292290,292514,223.354,done,
626,160.619,292702,292702,292864,162.154,done,
627,144.512,293113,293113,293260,146.106,done,
628,198.294,293525,293525,293725,199.865,done,
629,241.204,293937,293937,294179,242.803,done,
630,108.479,294348,294348,294458,110.032,done,
631,122.63,295650,295650,295774,124.316,done,
632,87.4475,296951,296951,297040,88.9933,done,
633,62.2816,298252,298252,298316,63.8368,done,
634,128.902,299554,299554,299684,130.494,done,
635,75.4529,300855,300855,300932,77.0405,done,
636,188.355,302156,302157,302346,189.901,done,
637,149.561,303458,303458,303609,151.134,done,
638,212.435,304759,304759,304973,214.034,done,
639,101.082,306060,306060,306163,102.711,done,
640,191.021,307362,307362,307554,192.628,done,
641,434.633,307967,307967,308403,436.268,done,
642,74.8398,308572,308572,308648,76.4775,done,
643,279.663,309177,309177,309458,281.339,done,
644,137.049,309782,309782,309921,138.645,done,
645,330.954,310388,310388,310720,332.558,done,
646,132.305,310993,310993,311126,133.862,done,
647,289.471,311598,311598,311889,290.978,done,
648,244.997,312202,312202,312449,246.33,done,
649,78.7468,312808,312808,312888,80.3575,done,
650,124.746,313413,313413,313540,126.377,done,
651,328.959,313949,313949,314279,330.517,done,
652,171.676,314483,314483,314657,173.254,done,
653,60.294,315018,315018,315080,61.866,done,
654,304.637,315554,315554,315860,306.239,done,
655,252.261,316089,316089,316342,253.843,done,
656,350.643,316623,316623,316975,351.899,done,
657,38.9398,317159,317159,317199,40.5216,done,
658,96.741,317694,317694,317792,98.3188,done,
659,350.305,318229,318229,318581,351.84,done,
660,225.397,318764,318764,318991,226.961,done,
661,61.6204,318806,-1.63732e+12,319268,462.015,error,7
662,332.29,318848,318991,319327,478.996,done,
663,105.108,318890,318991,319327,437.037,done,
664,190.546,318932,318991,319327,394.934,done,
665,295.956,318974,318991,319327,352.94,done,
669,148.777,319143,319299,319476,333.536,done,
670,139.597,319185,319299,319476,291.553,done,
666,121.529,319016,-1.63732e+12,319478,462.006,error,7
667,158.223,319058,-1.63732e+12,319520,462.011,error,7
668,45.9447,319100,-1.63732e+12,319562,462.028,error,7
673,240.582,319424,319476,319719,295.059,done,
671,94.2858,319264,-1.63732e+12,319726,462.01,error,7
672,242.681,319344,-1.63732e+12,319806,462.01,error,7
674,150.012,319504,-1.63732e+12,319966,461.999,error,7
675,49.6793,319583,-1.63732e+12,320045,462.004,error,7
676,325.574,319663,319719,320046,382.899,done,
680,60.5929,319982,320046,320108,126.023,done,
677,124.085,319743,-1.63732e+12,320205,462.011,error,7
678,121.466,319823,-1.63732e+12,320285,462,error,7
679,64.1393,319902,-1.63732e+12,320364,462.032,error,7
681,221.17,320739,320739,320961,222.681,done,
682,84.0854,321495,321495,321581,85.672,done,
683,172.896,322252,322252,322426,174.503,done,
684,101.647,323008,323008,323112,103.207,done,
685,187.735,323765,323765,323954,189.246,done,
686,178.538,324522,324522,324702,180.157,done,
687,125.639,325278,325278,325405,127.227,done,
688,237.496,326034,326034,326273,239.032,done,
689,68.5066,326791,326791,326861,70.0906,done,
690,210.022,327547,327548,327759,211.603,done,
691,315.072,327738,327759,328076,337.484,done,
692,270.466,327929,327986,328346,417.345,done,
694,148.747,328311,328311,328495,184.616,done,
693,197.147,328120,-1.63732e+12,328582,462.025,error,7
695,237.344,328501,328502,328740,238.897,done,
696,130.625,328692,328740,328873,180.564,done,
697,130.24,328883,328883,329015,131.798,done,
698,233.839,329074,329074,329309,235.357,done,
699,153,329264,329309,329463,199.17,done,
700,104.99,329455,329463,329570,114.886,done,
701,86.9164,330777,330777,330865,88.4652,done,
702,158.37,332098,332098,332258,159.943,done,
703,133.404,333420,333420,333555,135.006,done,
704,163.83,334742,334742,334907,165.53,done,
705,107.023,336063,336063,336172,108.64,done,
706,74.7501,337385,337385,337461,76.3669,done,
707,259.238,338706,338706,338967,260.803,done,
708,299.985,340028,340028,340330,301.636,done,
709,168.275,341350,341350,341520,169.936,done,
710,252.887,342671,342671,342926,254.429,done,
711,230.219,343471,343471,343703,231.756,done,
712,106.627,344271,344271,344379,108.197,done,
713,189.185,345070,345070,345260,190.531,done,
714,108.627,345870,345870,345980,110.143,done,
715,195.36,346670,346670,346867,196.921,done,
716,44.9449,347469,347469,347516,46.5181,done,
717,35.3969,348269,348269,348306,36.9966,done,
718,138.871,349069,349069,349209,140.476,done,
719,92.8397,349868,349869,349963,94.4767,done,
720,143.461,350668,350668,350813,145.095,done,
721,252.439,350927,350927,351181,253.953,done,
722,226.462,351186,351186,351414,228.011,done,
723,122.884,351445,351445,351569,124.47,done,
724,129.377,351704,351704,351835,130.944,done,
725,144.912,351962,351963,352109,146.489,done,
726,152.217,352221,352221,352375,153.8,done,
727,139.058,352480,352480,352621,140.634,done,
728,349.662,352738,352738,353089,350.996,done,
729,87.8462,352998,353076,353177,179.327,done,
730,76.6576,353257,353257,353335,78.4277,done,
731,136.302,353379,353379,353517,137.835,done,
732,173.02,353502,353517,353692,189.891,done,
733,182.394,353624,353692,353876,251.295,done,
734,267.234,353747,353876,354145,398.25,done,
735,242.514,353869,353876,354145,275.84,done,
736,282.431,353992,354137,354428,435.911,done,
737,168.007,354114,354137,354428,313.388,done,
739,142.482,354359,354406,354570,211.026,done,
740,85.529,354482,354570,354657,175.608,done,
738,406.612,354236,-1.63732e+12,354698,462.024,error,4
741,174.233,354719,354719,354894,175.744,done,
742,182.994,354956,354956,355140,184.509,done,
743,117.59,355192,355192,355312,119.165,done,
744,225.704,355429,355429,355657,227.242,done,
745,40.5438,355666,355666,355708,42.1319,done,
746,119.57,355903,355903,356024,121.156,done,
747,361.488,356140,356140,356503,363.263,done,
748,145.544,356377,356397,356649,272.31,done,
749,98.0031,356614,356649,356749,134.905,done,
750,384.505,356851,356851,357237,386.019,done,
752,93.5131,357055,357237,357332,277.121,done,
753,75.8799,357157,357332,357409,252.443,done,
751,99.401,356953,-1.63732e+12,357415,462.01,error,7
754,46.7049,357259,357409,357457,198.624,done,
756,307.957,357463,357471,357780,317.65,done,
755,161.141,357361,-1.63732e+12,357823,462.03,error,7
757,85.9201,357565,357727,357983,418.323,done,
758,202.955,357667,357727,357983,316.154,done,
759,281.274,357769,-1.63732e+12,358231,462.025,error,4
760,348.309,357872,357983,358334,462.478,done,
761,138.352,358018,358196,358473,454.004,done,
762,72.7411,358166,-1.63732e+12,358628,462.003,error,7
763,90.2845,358313,358473,358671,358.867,done,
764,196.736,358460,358473,358671,211.763,done,
766,109.874,358754,358754,358865,111.471,done,
767,71.3995,358901,358901,358974,72.9634,done,
765,347.915,358607,-1.63732e+12,359069,462.012,error,4
768,190.402,359048,359048,359240,191.961,done,
769,35.3053,359195,359240,359277,82.4815,done,
770,202.591,359342,359342,359546,204.107,done,
771,359.619,359384,359546,359908,523.596,done,
772,84.5522,359427,359546,359908,481.117,done,
773,364.91,359468,-1.63732e+12,359930,462.031,error,4
774,286.351,359512,-1.63732e+12,359974,462.013,error,7
775,232.41,359554,-1.63732e+12,360016,462.028,error,7
779,77.8316,359724,359818,360024,300.205,done,
780,116.094,359766,359818,360024,258.07,done,
776,206.108,359596,-1.63732e+12,360058,462.006,error,7
777,84.9705,359639,-1.63732e+12,360101,461.999,error,7
782,101.273,359967,360024,360128,160.876,done,
778,277.841,359680,-1.63732e+12,360142,462.014,error,4
783,119.898,360067,360128,360249,182.014,done,
781,119.48,359866,-1.63732e+12,360328,462.026,error,7
784,117.877,360167,360249,360369,201.807,done,
785,90.7723,360267,360369,360463,195.496,done,
786,91.7195,360368,360369,360463,94.9671,done,
787,165.449,360468,360468,360635,167.038,done,
788,83.0916,360568,360635,360720,151.344,done,
789,50.117,360669,360720,360771,102.674,done,
790,148.225,360769,360771,360921,152.121,done,
791,167.783,362016,362016,362185,169.358,done,
792,293.049,363262,363262,363557,294.667,done,
793,271.347,364509,364509,364782,272.897,done,
794,152.406,365756,365756,365910,153.977,done,
795,78.905,367003,367003,367083,80.5022,done,
796,70.3297,368249,368249,368321,71.9039,done,
797,247.76,369496,369496,369745,249.301,done,
798,83.6126,370743,370743,370828,85.1895,done,
799,177.103,371989,371989,372168,178.668,done,
800,328.901,373236,373236,373566,330.543,done,
801,295.989,373746,373746,374043,297.492,done,
802,235.88,374255,374255,374493,237.494,done,
803,194.624,374765,374765,374961,196.277,done,
804,186.546,375275,375275,375463,188.105,done,
805,344.068,375783,375784,376129,345.26,done,
806,61.5878,376294,376295,376358,63.1388,done,
807,124.795,376804,376804,376931,126.367,done,
808,185.025,377314,377314,377500,186.564,done,
809,92.7758,377824,377824,377918,94.4228,done,
810,165.049,378333,378333,378500,166.63,done,
811,29.5985,379893,379893,379925,31.3308,done,
812,128.106,381453,381453,381618,164.971,done,
813,186.153,383013,383013,383226,212.477,done,
814,208.538,384573,384574,384788,214.812,done,
815,105.97,386133,386134,386241,107.547,done,
816,164.302,387693,387693,387859,165.854,done,
817,67.5381,389253,389254,389323,69.1228,done,
818,465.793,390813,390813,391281,467.404,done,
819,76.902,392373,392373,392452,78.5245,done,
820,174.375,393933,393934,394110,176.002,done,
821,323.255,394135,394135,394459,324.549,done,
823,40.2112,394540,394540,394581,41.8489,done,
822,430.193,394338,-1.63732e+12,394800,462.011,error,4
824,156.038,394742,394742,394899,157.639,done,
825,167.841,394944,394944,395113,169.415,done,
826,204.612,395146,395146,395352,206.172,done,
827,113.883,395348,395348,395466,118.242,done,
829,103.754,395752,395752,395857,105.309,done,
828,548.716,395549,-1.63732e+12,396011,462.028,error,4
830,185.01,395954,395954,396141,186.573,done,
831,266.421,396336,396336,396604,268.018,done,
832,203.771,396718,396718,396924,205.85,done,
833,87.8864,397099,397099,397189,89.4871,done,
834,23.8379,397481,397481,397507,25.4514,done,
835,336.357,397863,397863,398201,337.916,done,
836,156.347,398245,398245,398403,157.892,done,
837,216.149,398627,398627,398844,217.695,done,
838,37.127,399008,399008,399047,38.6651,done,
839,403.786,399389,399389,399795,405.132,done,
840,278.554,399772,399772,400073,301.347,done,
841,191.134,399890,-1.63732e+12,400352,462.011,error,7
842,316.845,400008,400073,400392,383.509,done,
846,55.4453,400480,400481,400537,56.9684,done,
843,190.185,400126,-1.63732e+12,400588,462.004,error,7
844,257.659,400244,-1.63732e+12,400706,462.036,error,7
847,200.904,400599,400599,400801,202.423,done,
845,418.876,400362,-1.63732e+12,400824,462.01,error,4
848,384.787,400716,-1.63732e+12,401178,462.006,error,4
850,226.976,400953,400953,401182,228.581,done,
849,362.593,400835,-1.63732e+12,401297,462.011,error,4
851,162.365,401130,401182,401345,215.38,done,
852,179.77,401307,401345,401528,220.441,done,
853,171.409,401484,401528,401700,216.264,done,
854,151.5,401661,401701,401854,192.133,done,
855,180.305,401838,401854,402035,196.935,done,
858,50.7011,402370,402370,402422,52.2989,done,
856,455.09,402015,-1.63732e+12,402477,462.023,error,4
857,435.002,402192,-1.63732e+12,402654,462.01,error,4
859,225.755,402547,402547,402774,227.274,done,
860,198.074,402724,402774,402974,249.803,done,
861,132.04,403835,403835,403968,133.548,done,
862,66.4954,404946,404946,405014,68.0885,done,
863,112.532,406057,406057,406171,114.149,done,
864,203.983,407167,407167,407373,205.554,done,
865,243.044,408278,408278,408523,244.625,done,
866,167.455,409389,409389,409558,169.031,done,
867,221.068,410500,410500,410723,222.8,done,
868,70.5627,411611,411611,411683,72.126,done,
869,111.928,412722,412722,412835,113.555,done,
870,350.813,413833,413833,414185,352.41,done,
871,144.01,413979,414065,414329,350.453,done,
873,124.593,414271,414329,414457,185.509,done,
872,94.7284,414125,-1.63732e+12,414587,462.012,error,7
874,130.136,414417,414457,414589,171.132,done,
875,154.113,414564,414589,414744,180.402,done,
876,169.992,414710,414744,414916,205.762,done,
877,214.028,414856,414916,415131,275.098,done,
879,158.072,415149,415149,415308,159.603,done,
880,79.0483,415295,415308,415389,93.9297,done,
878,109.667,415002,-1.63732e+12,415464,462.003,error,7
881,204.931,415316,415389,415720,404.048,done,
882,328.646,415336,415389,415720,383.312,done,
883,27.6442,415357,-1.63732e+12,415819,462.004,error,7
884,367.887,415378,-1.63732e+12,415840,462.031,error,4
892,124.145,415629,415720,415846,217.322,done,
893,92.7923,415678,415720,415846,168.2,done,
885,218.986,415399,-1.63732e+12,415861,462.043,error,7
886,353.718,415420,-1.63732e+12,415882,462.007,error,4
887,79.7701,415440,-1.63732e+12,415902,462.003,error,7
894,73.7292,415727,415846,415922,195.067,done,
888,53.2059,415461,-1.63732e+12,415923,462.019,error,7
889,158.444,415482,-1.63732e+12,415944,462.016,error,7
890,112.052,415531,-1.63732e+12,415993,462.003,error,7
891,221.08,415580,-1.63732e+12,416042,462.018,error,7
895,233.841,415925,415925,416161,235.394,done,
896,120.759,416123,416161,416283,159.496,done,
897,38.9619,416322,416322,416362,40.5195,done,
898,69.7382,416520,416520,416591,71.3949,done,
899,203.147,416718,416718,416923,204.702,done,
900,230.335,416916,416923,417154,238.461,done,
901,192.167,417114,417145,417347,232.635,done,
902,153.89,417312,417347,417502,189.808,done,
903,163.33,417510,417510,417675,164.897,done,
904,279.633,417709,417709,417990,281.184,done,
905,60.0597,417889,417933,418050,161.057,done,
907,251.78,418250,418250,418503,253.337,done,
906,317.548,418069,-1.63732e+12,418531,462.008,error,4
908,93.315,418430,418503,418598,168.314,done,
909,98.5346,418610,418610,418711,100.12,done,
910,299.544,418791,418791,419092,301.086,done,
911,187.927,418971,419058,419280,308.834,done,
912,90.0952,419152,419280,419372,220.076,done,
913,265.093,419332,419372,419638,305.964,done,
914,54.8771,419512,419638,419696,183.836,done,
915,94.0372,421711,421711,421806,95.6912,done,
916,97.6925,423909,423909,424009,99.3228,done,
917,77.7647,426108,426108,426187,79.3894,done,
918,35.1918,428306,428306,428343,36.8845,done,
919,78.8417,430505,430505,430607,102.05,done,
920,73.6692,432703,432703,432790,86.4766,done,
921,64.5181,434902,434902,434971,69.3132,done,
922,73.4804,437100,437100,437179,78.749,done,
923,226.383,439299,-1.63732e+12,439761,462.023,error,4
924,83.2439,441497,441497,441586,89.2088,done,
925,78.0579,442143,442143,442223,79.6469,done,
926,399.6,442788,-1.63732e+12,443250,462.026,error,4
927,148.901,443434,443434,443585,150.478,done,
928,180.68,444080,444080,444262,182.296,done,
929,371.88,444725,444725,445098,373.16,done,
930,161.927,446137,446137,446300,163.567,done,
931,168.924,447548,447548,447719,170.52,done,
932,131.337,448959,448960,449092,132.98,done,
933,189.919,450371,450371,450562,191.503,done,
934,172.31,451782,451782,451956,173.846,done,
935,207.183,456561,456561,456770,208.785,done,
936,88.9456,461339,461339,461431,91.2466,done,
937,100.734,466118,466118,466220,102.428,done,
938,293.251,470896,470896,471190,294.856,done,
939,357.68,475674,475674,476084,410.091,done,
940,304.562,478422,478422,478728,306.149,done,
941,207.375,481168,481169,481377,208.993,done,
942,189.508,483915,483915,484106,191.178,done,
943,406.472,486661,486661,487069,407.833,done,
944,45.3197,489409,489409,489456,47.0133,done,
945,214.983,489513,489513,489729,216.512,done,
946,32.0639,489617,489729,489763,146.025,done,
947,129.641,489721,489826,489957,235.496,done,
948,226.686,489826,489957,490187,361.531,done,
949,88.6419,489930,-1.63732e+12,490392,462.008,error,4
950,231.728,493221,493221,493454,233.453,done,
951,167.405,496512,496512,496681,169.027,done,
952,57.1868,499803,499803,499861,58.8376,done,
953,149.98,503094,503094,503245,151.691,done,
954,112.106,506385,506385,506498,113.793,done,
955,58.44,507785,507785,507845,60.1484,done,
956,104.25,509185,509185,509291,105.886,done,
957,197.303,510586,510586,510784,198.899,done,
958,31.7596,511986,511986,512019,33.3989,done,
959,139.405,513386,513386,513527,140.956,done,
960,103.316,514053,514053,514157,104.87,done,
961,522.92,514719,-1.63732e+12,515181,462.033,error,4
962,82.8641,515385,515385,515470,84.5042,done,
963,72.2778,516051,516051,516125,73.9336,done,
964,290.163,516718,516718,517009,291.738,done,
965,88.3596,517701,517701,517791,89.9315,done,
966,187.592,518685,518685,518874,189.167,done,
967,127.102,519668,519668,519797,128.723,done,
968,246.833,520651,520651,520900,248.464,done,
969,147.471,521635,521635,521784,149.013,done,
970,150.819,522047,522047,522200,152.418,done,
971,89.6255,522460,522460,522551,91.2349,done,
972,142.955,522872,522872,523017,144.588,done,
973,517.811,523285,523285,523804,519.42,done,
974,213.495,523697,523709,524018,320.744,done,
976,210.194,523984,524018,524229,245.371,done,
975,292.941,523841,-1.63732e+12,524303,462.004,error,4
977,407.083,524128,524229,524638,509.769,done,
978,123.288,524272,-1.63732e+12,524734,462.006,error,4
979,424.681,524416,-1.63732e+12,524878,462.013,error,4
980,179.621,525197,525197,525379,181.179,done,
981,101.017,525979,525979,526082,102.596,done,
982,181.112,526761,526761,526943,182.692,done,
983,372.8,527541,527541,527915,374.079,done,
984,207.816,528323,528323,528533,209.42,done,
985,146.598,529533,529533,529681,148.209,done,
986,97.8679,530743,530743,530842,99.5483,done,
987,138.505,531952,531952,532092,140.11,done,
988,57.3854,533162,533162,533220,58.9475,done,
989,176.039,534371,534371,534549,177.62,done,
990,151.613,534874,534874,535027,153.206,done,
991,69.9061,535376,535376,535448,71.5322,done,
992,62.3365,535879,535879,535943,63.9977,done,
993,146.706,536381,536381,536530,148.269,done,
994,393.682,536883,536883,537278,394.949,done,
995,336.276,536950,-1.63732e+12,537412,462.034,error,7
997,142.663,537082,537278,537422,340.524,done,
996,52.7963,537016,-1.63732e+12,537478,462.024,error,7
998,222.169,537148,-1.63732e+12,537610,462.005,error,4
999,83.5009,537214,-1.63732e+12,537676,462.025,error,7
1000,109.539,537639,537639,537750,111.116,done,
1001,236.04,538063,538063,538301,237.641,done,
1002,377.133,538487,538487,538865,378.36,done,
1003,100.69,538912,538912,539015,102.261,done,
1004,188.21,539337,539337,539527,189.744,done,
1005,111.272,540193,540193,540306,112.897,done,
1006,196.44,541049,541049,541247,198.114,done,
1007,74.9075,541905,541905,541982,76.5312,done,
1008,278.694,542761,542761,543041,280.087,done,
1009,124.419,543617,543617,543743,126.052,done,
1010,260.326,544247,544247,544509,261.937,done,
1011,199.448,544877,544878,545079,201.182,done,
1012,128.144,545507,545508,545637,129.768,done,
1013,162.588,546138,546138,546302,164.154,done,
1014,140.032,546768,546768,546909,141.63,done,
1015,202.905,549258,549258,549463,204.648,done,
1016,175.343,551748,551748,551925,176.934,done,
1017,354.93,554238,554238,554595,356.741,done,
1018,121.197,556728,556728,556851,122.841,done,
1019,120.316,559218,559218,559340,121.945,done,
1020,104.741,560564,560564,560670,106.356,done,
1021,212.803,561910,561910,562125,214.345,done,
1022,389.404,563256,-1.63732e+12,563718,462.014,error,4
1023,175.566,564602,564603,564780,177.187,done,
1024,268.339,565949,565949,566219,269.949,done,
1025,49.0099,566235,566235,566285,50.6176,done,
1026,129.828,566521,566521,566652,131.381,done,
1027,145.499,566807,566807,566954,147.056,done,
1028,173.435,567093,567093,567268,175.046,done,
1029,24.3835,567379,567379,567405,25.96,done,
1030,111.08,567760,567760,567873,112.67,done,
1031,138.973,568142,568142,568282,140.539,done,
1032,314.056,568523,568523,568839,315.659,done,
1033,138.231,568905,568905,569045,139.844,done,
1034,195.753,569286,569286,569483,197.308,done,
1035,211.495,569668,569668,569881,213.112,done,
1036,280.94,570049,570049,570332,282.494,done,
1037,218.199,570431,570431,570650,219.733,done,
1038,297.342,570812,570812,571111,298.89,done,
