# {"no_nexus": false, "debug": false, "bindir": "/tmp/build/nexus-bin", "image": "Chihuahua1_bvdb.jpg", "maxb": 8, "outdir": "/workdir/DynWork/multimodal_dataset_gpu/repeat-5/Multimodal_Real_Dataset/Azure/summarization/bart_cnn/1.5_x_P99/nexus", "latencies": "/workdir/DynWork/multimodal_dataset_gpu/repeat-5/Multimodal_Real_Dataset/Azure/summarization/bart_cnn/latencies.csv", "slo_ms": 1652, "reqs": "/workdir/DynWork/multimodal_dataset_gpu/repeat-5/Multimodal_Real_Dataset/Azure/summarization/bart_cnn/jobs.bucketed.csv", "pause": false, "reproducibility": {"command_line": "python dynamic_test.py --slo_ms 1652 --maxb 8 --bindir /tmp/build/nexus-bin Chihuahua1_bvdb.jpg /workdir/DynWork/multimodal_dataset_gpu/repeat-5/Multimodal_Real_Dataset/Azure/summarization/bart_cnn/jobs.bucketed.csv /workdir/DynWork/multimodal_dataset_gpu/repeat-5/Multimodal_Real_Dataset/Azure/summarization/bart_cnn/latencies.csv /workdir/DynWork/multimodal_dataset_gpu/repeat-5/Multimodal_Real_Dataset/Azure/summarization/bart_cnn/1.5_x_P99/nexus", "time": "Mon Apr 18 10:06:19 2022", "git_root": "/workdir/nexus", "git_url": "https://github.com/Aetf/nexus/tree/70828a1300a1881d39f0dbfa506d0e5de92853b3", "git_has_uncommitted_changes": true}}
JobId,Length,Admitted,Started,Finished,Latency,State,EName
0,1099.6242117671866,0.0,3.422651052474976,1113.650651052475,1110.228,done,
1,1094.080851126177,367.0894228994815,739.9360700249672,2347.987070024967,1608.051,done,
2,452.2733634393672,734.178845798963,371.3846849799156,2348.0216849799153,1976.637,done,
3,1095.8812595392362,1101.2682686984444,1108.2559329867363,3871.1119329867365,2762.856,done,
4,1098.444535105435,1468.357691597926,1476.2109590172768,3871.6749590172767,2395.464,done,
5,1099.8352945060394,1835.447114497408,1844.5811680555344,3871.549168055534,2026.968,done,
6,451.65034355233104,2202.536537396889,2213.239082992077,3871.8760829920766,1658.637,done,
7,452.277237489194,2569.6259602963705,2581.124210059643,5395.067210059643,2813.943,done,
8,1100.103640677772,2936.715383195852,2949.5346589684486,5395.056658968449,2445.522,done,
9,1097.4891372286693,3303.804806095334,3317.301587998867,5395.153587998867,2077.852,done,
10,453.1143907180366,3670.894228994815,3685.1249720454216,5395.509972045422,1710.385,done,
11,1098.6732698182416,4129.756007619167,4144.914915025234,6775.934915025235,2631.02,done,
12,1096.5309649222115,4588.617786243519,4605.445510983467,6776.244510983467,2170.799,done,
13,1096.8806095073217,5047.47956486787,5065.953840017319,6776.102840017318,1710.149,done,
14,452.791021295962,5506.341343492222,5525.735556066036,7345.9335560660365,1820.198,done,
15,452.1965073669191,5965.203122116574,5986.2318379879,7346.256837987899,1360.025,done,
16,453.3070621293134,6424.064900740927,6446.708567023277,7346.494567023277,899.786,done,
17,452.6381124116793,6882.926679365279,6906.232877969742,7798.817877969742,892.585,done,
18,452.80838566160566,7341.78845798963,7365.440303981304,9038.685303981303,1673.245,done,
19,1098.6929553391838,7647.696310405864,7672.78892403841,9039.23492403841,1366.446,done,
20,1100.1803352843465,7953.604162822099,7979.603775024414,10562.422775024414,2582.819,done,
21,453.311904520568,8259.512015238333,8594.210976064205,10562.779976064205,1968.569,done,
22,1096.7878956671386,8565.419867654567,8286.907972991467,10563.104972991467,2276.197,done,
23,1098.540648561918,8871.327720070803,8901.430476009846,10563.341476009846,1661.911,done,
24,452.98725600164295,9177.235572487038,9208.70942902565,12226.08342902565,3017.374,done,
25,452.6767922019792,9483.143424903272,12034.358702003956,14032.302702003955,1997.944,done,
26,1099.3269200377931,9789.051277319506,9516.038547039032,12226.135547039032,2710.097,done,
27,453.44978451642623,10094.95912973574,9823.340333998203,12226.254333998204,2402.914,done,
28,453.2181518904096,10400.866982151976,10130.642053067684,12226.297053067685,2095.655,done,
29,1097.3641829860292,10706.77483456821,10438.002831995487,12226.363831995488,1788.361,done,
30,1098.68381417761,11012.682686984444,10744.87929302454,14031.79929302454,3286.92,done,
31,1096.4279620298555,11257.408968917433,13999.4625980258,15981.261598025802,1981.799,done,
32,1098.1129699341252,11502.13525085042,11052.255414009094,14032.199414009094,2979.944,done,
33,454.29791469501305,11746.861532783409,11297.532038033009,14032.10903803301,2734.577,done,
34,1099.899524790147,11991.587814716397,11543.09115999937,14032.52815999937,2489.437,done,
35,453.2354717383555,12236.314096649385,11788.703681051731,14032.884681051732,2244.181,done,
36,1100.9472050183117,12481.040378582373,12281.38133597374,14033.20533597374,1751.824,error,
37,1098.4988523013378,12725.76666051536,12526.72951501608,15980.62651501608,3453.897,done,
38,1098.4888993456154,12970.492942448343,12771.95195800066,15980.89595800066,3208.944,done,
39,1099.197948882119,13215.219224381332,14244.876629054546,15981.731629054546,1736.855,error,
40,452.6694463463605,13459.94550631432,13017.236640036106,15982.314640036106,2965.078,done,
41,452.1645948543192,13704.67178824731,13262.705098032951,15980.837098032951,2718.132,done,
42,1098.4784275221914,13949.398070180298,13508.31000304222,15981.103003042219,2472.793,done,
43,451.7596184187925,14194.124352113284,13754.011325001717,15981.901325001716,2227.89,done,
44,1097.5421888174717,14438.850634046272,14490.310891985891,17642.90889198589,3152.598,done,
45,1098.345102563212,14683.57691597926,14735.634936988354,17643.503936988353,2907.869,done,
46,1096.1083837989731,15091.45405253424,15145.104310035706,17643.197310035706,2498.093,done,
47,1098.401914169735,15499.331189089218,15554.588947057724,17643.717947057725,2089.129,done,
48,1097.8015630316872,15907.208325644198,15963.12151902914,17643.79751902914,1680.676,done,
49,452.6000404899168,16315.085462199178,16371.65919303894,19163.74519303894,2792.086,done,
50,1097.9709256026945,16722.96259875416,16780.250356018543,19163.660356018543,2383.41,done,
51,453.05388086935614,17130.839735309135,17189.70302003622,19164.25602003622,1974.553,done,
52,1094.674881381876,17538.716871864115,17599.14545804262,19164.51745804262,1565.372,done,
53,1101.3175272621108,17946.594008419095,18007.814577043056,20547.695577043058,2539.881,done,
54,452.4473693519647,18354.471144974075,18417.32972002029,20548.06072002029,2130.731,done,
55,451.8962549404221,18721.56056787356,18785.73589003086,20548.39389003086,1762.658,done,
56,1098.1547118821843,19088.64999077304,19154.126227021217,22072.51122702122,2918.385,done,
57,1100.8464246254853,19455.73941367252,19891.01090401411,22072.76290401411,2181.752,done,
58,452.7986613149422,19822.828836572,20259.413035988808,22073.141035988807,1813.728,done,
59,452.589821762399,20189.91825947148,19522.49443501234,22073.29943501234,2550.805,done,
60,1095.1542977465087,20557.007682370964,20627.367968022823,23596.772968022822,2969.405,done,
61,451.2055973887617,20924.097105270444,20995.80348199606,23597.14648199606,2601.343,done,
62,1100.1971190739653,21291.186528169925,21364.17673903704,23597.361739037042,2233.185,done,
63,452.01829427386025,21658.27595106941,21732.54594999552,23597.62994999552,1865.084,done,
64,451.54696806947095,22025.36537396889,22101.826627016068,25259.069627016066,3157.243,done,
65,1095.681697232178,22359.08303115024,24778.014830052853,26920.390830052853,2142.376,done,
66,452.4678010527127,22692.800688331583,22436.188768982887,25259.311768982887,2823.123,done,
67,1097.8126706585376,23026.51834551293,22770.546966016293,25259.334966016293,2488.788,done,
68,1096.727782767001,23360.23600269428,23104.97774100304,25259.67574100304,2154.698,done,
69,453.1931095906848,23693.953659875624,23439.3481670022,25259.7551670022,1820.407,done,
70,452.6917217245219,24027.67131705697,23774.49888199568,26920.19388199568,3145.695,done,
71,1095.201958004542,24361.38897423832,24108.936930000786,26920.751930000784,2811.815,done,
72,1097.220463490622,24695.106631419665,24443.48971998692,26921.01471998692,2477.525,done,
73,1096.4135228760804,25028.82428860101,25112.48618799448,26921.13418799448,1808.648,done,
74,1094.0293168264843,25362.54194578236,25448.99971997738,28441.975719977378,2992.976,done,
75,453.0023409402247,25696.259602963702,25783.45351600647,28442.71651600647,2659.263,done,
76,1098.8099397505848,26104.136739518686,28238.225598037243,29965.189598037243,1726.964,done,
77,452.7594546016381,26512.013876073663,26192.765325009823,28443.489325009825,2250.724,done,
78,452.21378559407606,26919.891012628643,26601.889944970608,28444.00094497061,1842.111,done,
79,1096.5526301361945,27327.768149183623,27010.73436897993,29965.39536897993,2954.661,done,
80,453.4573828880069,27735.645285738603,27420.123866975307,29965.11086697531,2544.987,done,
81,1098.7601394603023,28143.522422293583,29834.5915530324,31490.2385530324,1655.647,done,
82,452.5340013586046,28551.399558848563,27829.514711022377,29965.528711022376,2136.014,done,
83,1096.7167247197192,28959.27669540354,28647.16492503881,31489.92292503881,2842.758,done,
84,1100.5266048841395,29367.15383195852,29056.609907984734,31490.648907984734,2434.039,done,
85,452.62275418942414,29734.243254858,29466.08291900158,31490.378919001578,2024.296,done,
86,1097.0870309381835,30101.332677757484,30202.52955400944,33013.28955400944,2810.76,done,
87,452.7752106357272,30468.422100656964,30570.78091603517,33013.43291603517,2442.652,done,
88,1098.3906476362508,30835.511523556444,32044.05321699381,34531.13821699381,2487.085,done,
89,1099.1418236944849,31202.600946455925,30939.376478016376,33013.298478016375,2073.922,done,
90,452.383264312512,31569.69036935541,31307.83338701725,33013.90938701725,1706.076,done,
91,452.2331087856735,31936.77979225489,31675.59346997738,34531.38846997738,2855.795,done,
92,1095.9454399109145,32303.86921515437,34151.68882805109,36200.92182805109,2049.233,done,
93,452.0676505672807,32670.958638053853,32412.44642502069,34531.677425020694,2119.231,done,
94,1102.7314931281796,33038.04806095333,32780.85637205839,34531.870372058394,1751.014,done,
95,1097.7098171887592,33371.76571813468,33148.72810101509,36200.206101015094,3051.478,done,
96,1100.5518350355203,33705.48337531603,35826.60647302866,37864.26447302866,2037.658,done,
97,452.617737595037,34039.201032497374,33483.13798701763,36200.55198701763,2717.414,done,
98,452.4498710120414,34372.91868967872,33817.35127401352,36201.03527401352,2383.684,done,
99,1095.7182753083216,34706.63634686007,34486.862924039364,36201.38492403936,1714.522,done,
100,1096.1710284658827,35040.354004041415,34822.671645998955,37863.89264599895,3041.221,done,
101,1099.2117082175787,35374.07166122276,37198.72662806511,39386.32762806511,2187.601,done,
102,452.7885819785439,35707.78931840411,35157.04865401983,37864.56365401983,2707.515,done,
103,1097.6694378707982,36041.50697558546,35492.28254503012,37865.01754503012,2372.735,done,
104,452.1725138880989,36375.2246327668,36160.870983064175,37864.88698306418,1704.016,done,
105,1098.830190281569,36708.94228994815,36496.00479304791,39386.67479304791,2890.67,done,
106,452.8547576204521,37076.03171284763,36830.3160200119,39386.870020011906,2556.554,done,
107,452.4338431937881,37443.12113574711,39039.98260200024,40908.44360200024,1868.461,done,
108,451.7847357622835,37810.2105586466,37567.21318501234,39387.26118501234,1820.048,done,
109,452.6837976892714,38177.29998154608,37934.671383976936,40908.169383976936,2973.498,done,
110,1098.7285012737268,38544.38940444556,38303.11405402422,40908.78005402422,2605.666,done,
111,1095.0796944054612,38911.47882734504,38671.57119101286,40909.07119101286,2237.5,done,
112,1096.2747725441598,39278.56825024452,39407.71730804443,42578.43630804443,3170.719,done,
113,453.098986510026,39645.65767314401,39776.18487501144,42577.752875011436,2801.568,done,
114,1100.0155297623714,40012.74709604349,42355.21815699339,44242.92815699339,1887.71,done,
115,1102.914394190212,40379.83651894297,40144.561825037,42578.015825037,2433.454,done,
116,1096.7645062615663,40685.7443713592,40512.949108064175,42578.24410806417,2065.295,done,
117,1098.6631774373477,40991.65222377544,40820.24702000618,42578.96302000618,1758.716,done,
118,1100.047272255554,41297.56007619167,41126.64807999134,44242.53107999134,3115.883,done,
119,452.8010372924961,41603.467928607904,41434.13171702624,44243.10671702624,2808.975,done,
120,1098.223200233208,41909.37578102414,41740.57960104942,44243.55660104942,2502.977,done,
121,452.42573601664895,42215.28363344037,42047.872886002064,44243.81388600206,2195.941,done,
122,1096.3706812736204,42521.19148585661,42662.41200000048,45904.480000000476,3242.068,done,
123,452.4524786658155,42827.09933827284,42969.83262401819,45904.867624018196,2935.035,done,
124,1098.062022099749,43133.00719068907,45302.57988500595,47424.45088500595,2121.871,done,
125,1094.3253558346717,43438.91504310531,43277.089919030666,45905.23991903067,2628.15,done,
126,452.35878770761633,43744.822895521545,43584.15701699257,45905.69001699257,2321.533,done,
127,1097.5731677299148,44050.73074793778,43891.07234799862,45906.04934799862,2014.977,done,
128,1097.1300894596825,44417.82017083726,44198.032666027546,45905.38766602755,1707.355,error,
129,451.7353398984071,44784.90959373674,44934.82726603746,47424.72926603746,2489.902,done,
130,452.2812613955689,45151.99901663623,47143.68303704262,48951.80703704262,1808.124,done,
131,452.5265946532992,45519.088439535706,45670.59031403065,47424.73131403065,1754.141,done,
132,453.4042393225136,45886.17786243519,44566.42937004566,47424.75337004566,2858.324,done,
133,1102.4267193863798,46253.26728533467,46038.422953009605,48951.43695300961,2913.014,done,
134,451.8435422712335,46620.35670823415,48883.64085203409,50615.28885203409,1731.648,done,
135,1098.1443192909094,46987.446131133634,46406.82599401474,48952.34199401474,2545.516,done,
136,1098.900731967042,47354.53555403312,46775.28174304962,48952.013743049625,2176.732,done,
137,1096.0752349289082,47721.6249769326,47511.99578201771,50614.90578201771,3102.91,done,
138,452.3397827801466,48055.34263411394,47880.48285001516,50614.59585001516,2734.113,done,
139,452.3648715596289,48389.06029129529,48214.85330200195,50615.579302001956,2400.726,done,
140,453.072121433182,48722.77794847664,48549.27150505781,50615.68250505781,2066.411,done,
141,453.2657379617536,49056.49560565798,49218.19624203444,52278.82424203444,3060.628,done,
142,1099.5119166568,49390.21326283933,49552.48891496658,52279.55991496658,2727.071,done,
143,1099.4038911992982,49723.93092002068,51969.701458990574,53801.98445899058,1832.283,done,
144,452.4391403059403,50057.64857720202,49887.15201097727,52279.674010977265,2392.522,done,
145,1096.6376904398398,50391.36623438337,50222.04311805964,52279.792118059646,2057.749,done,
146,1099.3664464211472,50725.08389156472,50556.371232032776,52279.971232032774,1723.6,done,
147,451.8711847672101,51058.80154874607,50891.46178305149,53801.60478305149,2910.143,done,
148,1099.1060471669884,51392.51920592741,51225.9039440155,53802.2519440155,2576.348,done,
149,1096.5646562961974,51800.39634248239,51560.26601403952,53802.54701403952,2242.281,done,
150,452.4998769799951,52208.27347903737,52378.68286305666,55323.63386305666,2944.951,done,
151,1098.7476276895454,52616.15061559235,52788.20380401611,55323.98380401611,2535.78,done,
152,453.36170540249833,53024.027752147325,53197.68226701021,55324.15126701021,2126.469,done,
153,452.269742149071,53431.90488870231,53607.11835902929,55324.465359029295,1717.347,done,
154,452.06309669005554,53839.782025257286,54015.53970706463,56843.78670706463,2828.247,done,
155,452.4627985507515,54247.65916181226,54425.06394696236,56844.138946962354,2419.075,done,
156,1097.1695060191205,54655.536298367246,54834.45735901594,56844.76335901594,2010.306,done,
157,452.5131540940169,55063.41343492222,55243.67063701153,56844.78663701153,1601.116,done,
158,1096.2003819240715,55345.78991407567,55526.88649302721,58508.68949302721,2981.803,done,
159,1094.2702977172753,55628.16639322912,57226.80226105452,60171.734261054524,2944.932,done,
160,1099.46684619168,55910.54287238257,57510.15223401785,60171.97223401785,2661.82,done,
161,1099.7560915925674,56192.91935153601,58359.99994200468,60172.46494200468,1812.465,error,
162,452.2547168354393,56475.29583068946,55810.16264402866,58509.170644028665,2699.008,done,
163,452.58531577028,56757.67230984291,56093.341969013214,58509.305969013214,2415.964,done,
164,452.2657947409173,57040.04878899636,56376.59582799673,58509.60882799673,2133.013,done,
165,1098.2944508913058,57322.42526814981,56659.7710390687,58509.8230390687,1850.052,done,
166,1098.7775096744626,57604.80174730325,56943.336908996105,60172.090908996106,3228.754,done,
167,453.1030077423052,57887.17822645669,57793.47803103924,60172.589031039235,2379.111,done,
168,453.1368394001678,58169.55470561014,58076.78477102518,60172.94377102518,2096.159,done,
169,452.5317853818562,58451.93118476359,58643.579392015934,61833.82639201594,3190.247,done,
170,453.2022675537872,58734.30766391704,58926.9538770318,61834.611877031806,2907.658,done,
171,1098.213377060364,59142.184800472016,59336.41928803921,61834.18628803921,2497.767,done,
172,452.7072025489655,59550.061937027,59745.84195500612,61834.90195500612,2089.06,done,
173,452.2984054076842,59957.939073581976,60155.28028303385,61834.819283033845,1679.539,done,
174,452.0581499729783,60365.81621013696,60564.08287602663,62461.95187602663,1897.869,done,
175,453.0312005919496,60773.693346691936,60972.63081204891,62462.54781204891,1489.917,done,
176,453.1758291028563,61181.57048324692,61381.99571502209,62462.76071502209,1080.765,done,
177,452.5821034238057,61589.4476198019,61791.41787302494,62462.99687302494,671.579,done,
178,451.3464109565402,61997.32475635688,62199.93962800503,62913.57462800503,713.635,done,
179,1100.272922383138,62405.20189291186,62609.86834102869,64014.16734102869,1404.299,done,
180,452.4122937578387,63017.01759774433,63222.57561606169,65250.69861606169,2028.123,done,
181,1095.4862128408622,63628.83330257679,63836.19629102945,65250.971291029455,1414.775,done,
182,453.8281724819651,64240.64900740926,65062.95868104696,65763.16868104697,700.21,done,
183,452.21766495392654,64852.46471224173,64449.38527601957,65763.53427601958,1314.149,done,
184,453.6262286551433,65464.2804170742,65675.80678498745,66216.85378498746,541.047,done,
185,452.88139198680335,66076.09612190667,66288.39687407017,66756.78287407017,468.386,done,
186,453.7406619354989,66483.97325846164,66697.80904400349,67211.0040440035,513.195,done,
187,452.2007610045581,66891.85039501662,67107.5155659914,67663.6515659914,556.136,done,
188,1099.496006295212,67299.72753157161,67516.65973305702,68763.29273305702,1246.633,done,
189,453.1978231503528,67707.60466812659,67925.38862198591,70140.52562198591,2215.137,done,
190,452.93088713858873,68115.48180468156,68334.7482740283,70140.8252740283,1806.077,done,
191,1095.832020130736,68523.35894123654,68744.1324750185,70141.0494750185,1396.917,done,
192,1095.9139549093825,68931.23607779153,69562.39047306776,71521.01547306776,1958.625,done,
193,1098.1929871387165,69339.11321434651,69971.8202419877,71521.2142419877,1549.394,done,
194,453.2857729478626,69746.99035090148,71200.63361406326,72896.23561406326,1695.602,done,
195,1094.2104415284912,70154.86748745646,69153.00953799486,71521.67653799486,2368.667,done,
196,452.9813027779505,70562.74462401144,70381.71692806482,72895.89892806482,2514.182,done,
197,453.3769726404122,70970.62176056643,70791.21417599916,72896.39817599916,2105.184,done,
198,452.31939462761056,71378.4988971214,71609.17643201351,74420.59643201351,2811.42,done,
199,1098.030760168112,71786.37603367638,74270.24303603172,74990.61603603173,720.373,done,
200,1100.419021956125,72194.25317023136,72018.6078799963,74421.0058799963,2402.398,done,
201,452.6565177542984,72602.13030678635,72428.08122003078,74421.35722003078,1993.276,done,
202,452.4654521442251,73010.00744334132,72837.50234103203,74421.56334103203,1584.061,done,
203,453.0281784383973,73417.8845798963,73247.3671990037,74990.2361990037,1742.869,done,
204,452.9787638615974,74029.70028472877,73656.80078101158,74991.11078101158,1334.31,done,
205,1095.6271960414913,74641.51598956125,74883.51395702362,76086.13695702363,1202.623,done,
206,1096.124562453058,75253.33169439371,75496.21919602156,77182.50619602155,1686.287,done,
207,452.45498141981216,75865.14739922617,76108.90435099602,78421.63835099601,2312.734,done,
208,1096.3191067701505,76476.96310405865,76722.51081502438,78421.86781502438,1699.357,done,
209,452.5921913139594,77088.77880889112,78338.25379401445,79939.06479401446,1600.811,done,
210,1095.4004250784028,77422.49646607247,79675.97297000885,81462.96697000886,1786.994,done,
211,452.2845402556275,77756.21412325381,77335.34523403645,79939.31923403645,2603.974,done,
212,452.4815925165504,78089.93178043516,77669.6463110447,79939.67231104469,2270.026,done,
213,452.4445287709696,78423.6494376165,78003.94639801979,79940.01839801979,1936.072,done,
214,1097.230296463534,78757.36709479785,78672.76559406519,81462.23559406519,2789.47,done,
215,452.857705816605,79091.0847519792,79007.1188930273,81462.6108930273,2455.492,done,
216,1099.5565003831998,79424.80240916055,79341.5165489912,81462.8755489912,2121.359,done,
217,453.48498961337305,79758.5200663419,80010.37488901615,82979.32688901616,2968.952,done,
218,1095.1277693821166,80092.23772352324,80344.81580501795,82979.71880501795,2634.903,done,
219,452.99693307129183,80425.95538070459,80679.17883700132,82979.93283700132,2300.754,done,
220,453.6975754037228,80759.67303788594,81013.55895805359,82980.21295805358,1966.654,done,
221,452.9607614573561,81126.76246078542,81381.95602202415,84498.52002202415,3116.564,done,
222,1096.5759339849224,81493.8518836849,83224.0776990056,86014.8346990056,2790.757,done,
223,1096.6636734141814,81860.94130658437,81751.10914707184,84498.89914707183,2747.79,done,
224,1094.3792567161413,82228.03072948386,82119.60224801302,84499.25824801302,2379.656,done,
225,453.0860138592647,82595.12015238334,82487.98440599442,84499.52240599442,2011.538,done,
226,452.1400568373814,82962.20957528282,82856.37110304832,86015.25910304833,3158.888,done,
227,452.4735281571264,83329.29899818229,85366.16757804155,87539.97557804156,2173.808,done,
228,1094.7101272235625,83696.38842108178,83592.51423805952,86015.52923805952,2423.015,done,
229,1096.9209661457453,84063.47784398127,83960.9165289998,86015.81152899981,2054.895,done,
230,1100.729597386216,84430.56726688074,84329.30494999886,86015.84494999885,1686.54,error,
231,451.4692749505989,84764.28492406209,84697.38395500183,87539.54295500183,2842.159,done,
232,1093.394420550408,85098.00258124343,86369.0742110014,89062.9732110014,2693.899,done,
233,1097.9895084595569,85431.72023842478,87037.78380101919,89063.2288010192,2025.445,done,
234,1099.7876358808887,85765.43789560613,85031.79716801643,87540.22216801644,2508.425,done,
235,452.9282402200963,86099.15555278747,85700.53415602446,87540.59015602445,1840.056,done,
236,1099.5264453180737,86432.87320996882,86703.42099303007,89063.50199303008,2360.081,done,
237,1097.9297653963629,86766.59086715017,87372.09738904238,89063.69638904238,1691.599,error,
238,1094.9096266056006,87100.30852433151,86034.57464903593,89063.86764903594,3029.293,done,
239,1096.6782345807128,87434.02618151286,87706.31422007084,90586.24422007083,2879.93,done,
240,1096.989394742618,87767.74383869421,89713.29491204023,92104.93791204023,2391.643,done,
241,453.4410535835755,88101.46149587556,90047.6586560607,92104.6486560607,2056.99,done,
242,1099.3018747055855,88435.1791530569,88040.7774670124,90586.6134670124,2545.836,done,
243,1096.0286493045598,88768.89681023825,88375.13643604517,90586.82643604517,2211.69,done,
244,452.8652423967873,89102.6144674196,88709.44639402628,90587.46839402628,1878.022,done,
245,1095.756338212621,89436.33212460094,89044.42099398375,92105.45799398374,3061.037,done,
246,1095.0265097730023,89770.04978178229,89378.86125403643,92105.41125403643,2726.55,done,
247,1095.664952395123,90103.76743896364,90382.1305540204,92105.62055402041,1723.49,error,
248,452.7854464986774,90437.48509614498,90717.063855052,93770.132855052,3053.069,done,
249,1100.2941765839744,90771.20275332632,91051.4811540246,93770.0461540246,2718.565,done,
250,453.0575261039874,91104.92041050768,91385.85223603249,93770.64023603249,2384.788,done,
251,1099.5698546859062,91438.63806768904,91720.21050304174,93770.88250304175,2050.672,done,
252,1100.2151948035105,91772.35572487036,92054.5774730444,93771.0314730444,1716.454,done,
253,1096.7987732155264,92034.56245551286,92317.585390985,95433.314390985,3115.729,done,
254,452.79341911879743,92296.76918615536,92580.97710001469,95433.64910001469,2852.672,done,
255,452.7727754093922,92558.97591679783,92844.26618796588,95433.96018796589,2589.694,done,
256,452.9109844483471,92821.18264744032,93107.55647605658,95434.26647605658,2326.71,done,
257,1099.0136675839651,93083.3893780828,93370.83490103485,95434.34090103484,2063.506,done,
258,1098.6168455555214,93345.5961087253,93634.14773905276,95434.61673905276,1800.469,error,
259,452.6972844395432,93607.80283936778,93896.7516580224,96119.4416580224,2222.69,done,
260,452.9455094283279,93870.00957001028,94160.10807305574,96119.81607305574,1959.708,done,
261,452.4151971903472,94132.21630065276,95739.79712605476,97501.91512605477,1762.118,done,
262,452.9672108836278,94394.42303129524,94423.42387801407,96120.00387801407,1696.58,done,
263,452.6669833151115,94656.62976193771,94686.72528505324,96120.22428505323,1433.499,done,
264,1098.8900094036546,94918.83649258022,94950.05529797076,96120.64329797076,1170.588,done,
265,1099.8496402241494,95181.0432232227,95213.38170802592,97502.05670802592,2288.675,done,
266,453.1565527821713,95443.2499538652,95476.39473497868,97502.32873497867,2025.934,done,
267,452.9995255605459,95810.33937676468,96108.21838003396,99027.01938003396,2918.801,done,
268,1101.0458475176515,96177.42879966417,98686.6198399663,100548.8328399663,1862.213,done,
269,452.1525349253065,96544.51822256364,96476.89165502788,99027.22165502788,2550.33,done,
270,1098.3677722932348,96911.60764546313,96845.38612103462,99027.64112103463,2182.255,done,
271,453.5206174345393,97278.6970683626,97213.79369699956,99027.83869699956,1814.045,done,
272,452.1573248619133,97645.78649126209,97581.3500150442,100548.5130150442,2967.163,done,
273,452.30182247748826,98012.87591416156,99730.09283602238,102222.93383602238,2492.841,done,
274,1098.4563783885765,98379.96533706105,97949.84805297852,100549.09805297852,2599.25,done,
275,1101.2783189205788,98747.05475996052,98318.23499697448,100549.38199697448,2231.147,done,
276,452.4947400008168,99114.14418286,99054.3103979826,102223.6863979826,3169.376,done,
277,451.8777579542871,99420.05203527624,99422.71073305608,102223.29073305608,2800.58,done,
278,1106.2591864731887,99725.95988769249,101881.30301702024,103886.73401702024,2005.431,done,
279,452.8295198471664,100031.86774010872,102188.6424600482,103886.6684600482,1698.026,error,
280,1099.277140798733,100337.77559252497,100037.44611501694,102223.58011501694,2186.134,done,
281,1096.7029160870777,100643.68344494118,100344.7855809927,102224.0125809927,1879.227,done,
282,1098.868365355279,100949.59129735742,100651.84639501572,103886.37939501571,3234.533,done,
283,1096.9792294655856,101255.49914977363,100959.27294003963,103886.58394003964,2927.311,done,
284,1099.3529108796192,101561.40700218988,101266.60073703527,103886.83573703528,2620.235,done,
285,1096.4765479247526,101867.31485460611,101573.9657960534,103887.1357960534,2313.17,done,
286,453.33482779574337,102173.22270702236,102495.82304102182,105553.75204102183,3057.929,done,
287,1098.932989782085,102479.1305594386,102803.27032905816,105554.37632905816,2751.106,done,
288,452.8971610279113,102785.03841185482,105320.56643497944,107073.90243497943,1753.336,done,
289,1101.4052275209692,103152.1278347543,103110.6207640171,105554.1437640171,2443.523,done,
290,453.4333137151257,103519.2172576538,103479.02973896264,105554.72273896264,2075.693,done,
291,453.3397908938591,103886.30668055329,103847.446837008,105555.024837008,1707.578,done,
292,1097.3841945490387,104253.39610345276,104583.75062900782,107074.30362900782,2490.553,done,
293,1095.8660113856015,104620.48552635222,104952.16676598787,107074.88376598788,2122.717,done,
294,452.126474620997,104987.5749492517,104215.26105999948,107074.51405999948,2859.253,done,
295,1098.2833368862168,105354.6643721512,105688.70053100586,108597.35453100585,2908.654,done,
296,451.9123158307831,105721.75379505068,106057.16413998604,108597.78213998604,2540.618,done,
297,1099.9650840988,106088.84321795014,106425.5587490201,108598.3147490201,2172.756,done,
298,451.9796353279965,106455.93264084964,106793.94909101725,108598.10509101725,1804.156,done,
299,452.7676590622415,106863.8097774046,107202.5019840002,110113.71898400021,2911.217,done,
300,1094.7770956860004,107271.68691395958,107612.0301450491,110114.1251450491,2502.095,done,
301,452.9135150803125,107679.56405051456,108021.4953610301,110114.65236103011,2093.157,done,
302,452.3615178408538,108087.44118706956,108430.92456305028,110114.34156305029,1683.417,done,
303,1096.4390850174134,108495.31832362452,108840.12461203337,111636.40161203337,2796.277,done,
304,1099.1188501374015,108903.1954601795,109249.60586202145,111636.56886202145,2386.963,done,
305,1099.2388073231014,109311.07259673448,109659.05807703732,111637.16107703732,1978.103,done,
306,451.7479882955466,109718.94973328948,110068.5187190175,111636.86471901751,1568.346,done,
307,451.8218642475627,110126.82686984444,110477.58560705183,113020.58160705183,2542.996,done,
308,1099.4422413755308,110585.6886484688,110938.14820599556,113020.90520599556,2082.757,done,
309,1101.1878841765638,111044.55042709314,112318.65496701002,114396.22496701003,2077.57,done,
310,452.53640700762656,111503.4122057175,111398.64892101288,113021.22492101288,1622.576,done,
311,452.870863611298,111962.27398434184,111858.12277901173,114396.53977901173,2538.417,done,
312,1094.5574553793197,112421.1357629662,113699.40823298693,115778.73023298693,2079.322,done,
313,453.2709311387697,112879.99754159056,112779.20126098394,114396.88426098395,1617.683,done,
314,1099.9812192073211,113338.8593202149,113239.06806099416,115778.62506099416,2539.557,done,
315,452.2950238395318,113797.72109883926,115212.1417350173,117163.2027350173,1951.061,done,
316,452.6127458219288,114322.13456012424,114159.88830304146,115778.82730304146,1618.939,done,
317,1101.2317344272349,114846.5480214092,114686.60457402468,117163.32757402468,2476.723,done,
318,1099.023779279889,115370.96148269418,116788.44554001091,118400.89254001091,1612.447,done,
319,1096.809716415299,115895.37494397916,115737.63254600763,117163.69154600763,1426.059,done,
320,452.6743513724636,116419.78840526412,116262.87252801657,118401.13152801657,2138.259,done,
321,1095.9808848819862,116944.2018665491,117313.35613006352,119782.21813006351,2468.862,done,
322,1099.0369278674366,117468.61532783408,117838.9227400422,119782.6267400422,1943.704,done,
323,451.9351565628638,117876.49246438906,118248.34095096588,119782.84895096588,1534.508,done,
324,1097.437180361742,118284.36960094405,118656.93200600149,121161.51100600148,2504.579,done,
325,452.35544531958914,118692.24673749902,119066.27465200424,121162.01865200425,2095.744,done,
326,1096.8211526095297,119100.123874054,119475.44520002604,121162.14620002604,1686.701,done,
327,1100.437288752414,119508.00101060898,119884.3750230074,122685.8760230074,2801.501,done,
328,452.1069808204182,119915.87814716397,120293.77088600396,122686.15688600396,2392.386,done,
329,1098.355878657631,120323.75528371894,120703.22851496936,122686.29151496936,1983.063,done,
330,1096.059246552711,120731.63242027392,121112.7363100052,122686.7573100052,1574.021,done,
331,1097.563976813346,121139.5095568289,122047.3874220252,124068.68442202521,2021.297,done,
332,1097.6181850622347,121663.92301811388,122572.91467106342,124068.95467106342,1496.04,done,
333,1100.1410405484114,122188.33647939884,121521.84336400032,124069.17636400032,2547.333,done,
334,1094.8770480640487,122712.74994068382,123099.58872103693,125309.80372103692,2210.215,done,
335,1099.7714532991806,123237.1634019688,124676.14025700092,125878.97425700093,1202.834,done,
336,451.94181509648377,123761.57686325377,125201.61345005035,125879.21645005036,677.603,done,
337,452.20537226233006,124285.99032453874,123625.12892198564,125310.18892198564,1685.06,done,
338,452.4281147641681,124810.40378582371,124150.58531600235,125879.35831600236,1728.773,done,
339,1098.2028826891317,125116.31163823996,125508.6181139946,127118.1831139946,1609.565,done,
340,1097.3134555778947,125422.21949065618,125815.86391198637,127118.32991198637,1302.466,done,
341,1100.503806465994,125728.1273430724,126122.29479801656,128642.49179801656,2520.197,done,
342,452.6997602057612,126034.03519548866,126429.43981599808,128642.53881599808,2213.099,done,
343,1096.5414808489306,126339.94304790488,126736.85953497888,128642.65453497888,1905.795,done,
344,1097.1608962276475,126645.85090032112,127044.17611402272,128642.65511402272,1598.479,done,
345,1096.9329626180863,126951.75875273735,127351.2443050146,130163.5093050146,2812.265,done,
346,1097.8615578364042,127257.6666051536,127658.57510697842,130163.80210697842,2505.227,done,
347,1095.103156901795,127563.57445756983,128273.18776005508,130164.01376005508,1890.826,done,
348,453.1679456932733,127869.48230998608,127965.90574496984,130164.43374496985,2198.528,done,
349,453.12594771970174,128175.3901624023,128580.50636702776,131686.51236702775,3106.006,done,
350,1097.7906835290676,128481.29801481852,128887.789953053,131686.743953053,2798.954,done,
351,453.5019170651729,128889.1751513735,129297.24998497964,131687.00598497965,2389.756,done,
352,1099.4172336738022,129297.05228792848,129706.67395502327,131687.36095502326,1980.687,done,
353,1100.39817263474,129704.92942448346,130116.08913499115,133210.80713499116,3094.718,done,
354,1096.1556873158302,130112.80656103844,130525.1729670167,133210.8639670167,2685.691,done,
355,453.0824896183952,130520.68369759344,130934.57622998951,133211.2462299895,2276.67,done,
356,452.3674238398089,130928.5608341484,131343.8905390501,133211.64753905011,1867.757,done,
357,1097.2094814961747,131336.43797070338,131752.98072004318,134732.9067200432,2979.926,done,
358,453.1641048698135,131744.31510725836,133799.66655099392,135361.14755099392,1561.481,done,
359,1096.3306130677363,132152.19224381333,132162.4217660427,134733.0987660427,2570.677,done,
360,1099.129922291263,132560.0693803683,132571.8805490136,134733.32154901358,2161.441,done,
361,453.0057772610476,132967.9465169233,132981.30444902182,134733.5304490218,1752.226,done,
362,452.90260558053296,133375.82365347826,133390.2425210476,135361.2825210476,1971.04,done,
363,452.8210486208564,133783.70079003324,134209.1114820242,135361.6594820242,1152.548,done,
364,452.1132161576273,134191.57792658824,134618.5426890254,135361.9066890254,743.364,done,
365,452.3160016435601,134599.45506314322,135027.59987401962,135813.67487401963,786.075,done,
366,1100.5996292390362,135007.3321996982,135436.87824600935,136914.64224600935,1477.764,done,
367,1096.0920879835835,135415.20933625317,135845.4005820155,138296.50058201552,2451.1,done,
368,1099.4804701304724,135823.08647280815,136254.73274099827,138296.88374099828,2042.151,done,
369,1096.2890244852929,136281.9482514325,136715.235920012,138296.942920012,1581.707,done,
370,453.0157144445957,136740.81003005686,137174.63512396812,138866.23012396813,1691.595,done,
371,452.82696110853374,137199.67180868122,137635.18083900213,138866.63783900213,1231.457,done,
372,452.620173017264,137658.53358730557,138095.6639160514,138866.9329160514,771.269,done,
373,452.18063574159066,138117.3953659299,138555.7820930481,139318.5840930481,762.802,done,
374,453.4255236060621,138576.25714455426,139015.488838017,139772.319838017,756.831,done,
375,1097.2826361276727,139035.1189231786,139475.38951700926,140869.82351700927,1394.434,done,
376,1102.2976056243954,139493.98070180297,139935.1113460064,142255.2503460064,2320.139,done,
377,1097.3539562466265,139952.84248042732,140856.03294605017,142255.38294605017,1399.35,done,
378,1097.7803386918768,140411.70425905168,142236.71053504944,143636.19153504944,1399.481,done,
379,1096.834288914955,140870.56603767604,140395.5734630227,142255.47446302272,1859.901,done,
380,1095.89760543238,141329.42781630036,143617.6046640277,145017.9186640277,1400.314,done,
381,1098.7681837862167,141788.28959492472,141776.24746501446,143636.42346501446,1860.176,done,
382,452.9488126746413,142247.15137354907,141315.79978001118,143636.56078001118,2320.761,done,
383,452.69462864095686,142706.01315217343,142696.67305099964,145017.50705099964,2320.834,done,
384,1099.0952579147745,143164.8749307978,144126.566337049,146539.472337049,2412.906,done,
385,1097.478258878203,143291.4574904183,144762.55698001385,146540.10698001384,1777.55,error,
386,451.7210800343862,143418.0400500388,143157.14899504185,145018.57199504186,1861.423,done,
387,1098.1831897300287,143544.62260965933,143745.2327229977,146538.8707229977,2793.638,done,
388,452.722560717293,143671.20516927983,145144.98801404238,148059.15401404237,2914.166,done,
389,1100.481439984645,143797.78772890035,145908.89011102915,148060.38411102915,2151.494,error,
390,453.2309110245973,143924.37028852085,146290.80213201046,148060.59813201046,1769.796,error,
391,453.118437400827,144050.95284814137,143872.34767901897,146539.04867901898,2666.701,done,
392,1098.6518210247616,144177.53540776187,143999.47529697418,146539.74529697417,2540.27,done,
393,1099.8035781826604,144304.1179673824,144253.64209604263,146539.82309604264,2286.181,error,
394,452.9701650773446,144430.7005270029,144380.79977798462,146539.95077798463,2159.151,error,
395,1097.6505284018112,144557.2830866234,144507.865621984,146540.79662198402,2032.931,error,
396,1095.6453402923528,144683.8656462439,144635.617280066,146540.539280066,1904.922,error,
397,451.97292222462426,144810.44820586444,144889.76185804603,148059.64385804604,3169.882,done,
398,1098.8188864117524,144937.03076548493,145017.0873479843,148059.3413479843,3042.254,done,
399,1098.574479317873,145063.61332510546,147310.1926330328,149863.0726330328,2552.88,error,
400,452.8132511058328,145190.19588472595,145272.219235003,148059.917235003,2787.698,done,
401,452.73121040765176,145316.77844434648,145399.40102005005,148060.23802005005,2660.837,error,
402,1093.9593119842657,145443.36100396697,145526.47557801008,148061.08457801008,2534.609,error,
403,452.7358061259594,145569.9435635875,145654.0898309946,148060.1638309946,2406.074,error,
404,1101.8470668515056,145696.526123208,145781.43055802584,148060.81055802584,2279.38,error,
405,451.6039860703223,145823.10868282852,146036.2159780264,148060.51297802638,2024.297,error,
406,1097.2936755502974,145949.691242449,146163.68817400932,148061.25317400933,1897.565,error,
407,1097.8521390718104,146076.27380206954,146418.31600302458,149861.76300302456,3443.447,done,
408,452.7433441267801,146202.85636169004,146545.86730599403,149862.09530599404,3316.228,done,
409,453.2909692037126,146329.43892131056,149317.99068403244,151526.89368403243,2208.903,done,
410,1095.794974982051,146456.02148093106,146673.09057301283,149862.80157301284,3189.711,done,
411,1097.6902741537983,146582.60404055158,146800.37416905165,149862.63516905165,3062.261,done,
412,452.2620097329193,146709.18660017208,146927.61807900667,149863.06207900666,2935.444,done,
413,1098.4238967963145,146835.7691597926,147055.00190502405,149863.32790502405,2808.326,done,
414,1099.712142153902,147169.48681697395,147182.6662120223,149862.9662120223,2680.3,error,
415,452.9907826337677,147503.2044741553,147644.7101470232,149863.6151470232,2218.905,error,
416,452.4838805010367,147836.92213133664,147979.5177310109,149863.43573101092,1883.918,error,
417,1097.373950731827,148170.639788518,148314.43340700865,151526.91640700866,3212.483,done,
418,1098.2331201705892,148504.35744569934,148649.10155904293,151526.61755904293,2877.516,done,
419,1099.9327902620332,148838.07510288068,150656.07315802574,153194.52515802573,2538.452,done,
420,1098.1349482124865,149171.79276006203,148983.56245702505,151527.49145702505,2543.929,done,
421,452.8869915286346,149505.51041724338,149652.38581705093,151527.62781705093,1875.242,done,
422,1101.6665036986656,149839.22807442473,149987.05935800076,153194.60035800075,3207.541,done,
423,1097.097500405228,150172.94573160607,150321.6503289938,153195.3203289938,2873.67,done,
424,452.5158749374213,150506.66338878742,150990.47086799145,153195.08286799144,2204.612,done,
425,1098.7042724910382,150873.7528116869,151358.85626500845,153195.53126500844,1836.675,done,
426,452.6484901344239,151240.8422345864,151726.9279140234,154711.7569140234,2984.829,done,
427,453.4938029488311,151607.93165748587,154305.33699804544,156376.19599804544,2070.859,done,
428,453.5735341403929,151975.02108038534,152095.52310305834,154712.31310305835,2616.79,done,
429,1095.5042303438638,152342.11050328484,152463.87055200338,154712.58055200338,2248.71,done,
430,1096.2408837168564,152709.19992618432,152832.20616805553,154712.83416805553,1880.628,done,
431,1098.0212307296274,153076.2893490838,153200.13010698557,156375.50710698558,3175.377,done,
432,1097.415958242712,153443.37877198326,153568.57135599852,156375.8573559985,2807.286,done,
433,1099.165768299065,153810.46819488276,153936.96204704046,156376.47704704048,2439.515,done,
434,452.9052461366447,154177.55761778224,154673.7297719717,156376.6667719717,1702.937,done,
435,1097.323680641531,154636.4193964066,155134.01084798574,157756.87184798575,2622.861,done,
436,452.0528444273747,155095.28117503095,155594.52132201195,157757.11032201195,2162.589,done,
437,1099.0608865078411,155554.1429536553,156055.038549006,157757.13554900602,1702.097,done,
438,1098.7164836873535,156013.00473227963,156514.83605903387,159137.80105903387,2622.965,done,
439,1097.426077461882,156471.866510904,158846.31147301197,160803.77147301196,1957.46,done,
440,1097.7385892692855,156930.72828952834,156975.42461800575,159138.11861800574,2162.694,done,
441,1100.6468836378988,157389.5900681527,157435.88302099705,159138.22002099705,1702.337,done,
442,1095.277123876857,157848.45184677705,157895.95401102304,160803.77801102304,2907.824,done,
443,1098.787953847166,158093.17812871005,159831.65879499912,162609.49279499913,2777.834,done,
444,1096.9678051684748,158337.90441064304,158355.59384304285,160803.96284304286,2448.369,done,
445,452.2885969830283,158582.63069257603,158600.94702601433,160804.16602601434,2203.219,done,
446,1099.5409057994475,158827.356974509,159094.45392900705,160800.26492900704,1705.811,done,
447,452.7703414116665,159072.08325644198,159340.06856900454,162609.63956900453,3269.571,done,
448,1099.682427385083,159316.80953837498,159585.4363809824,162610.2383809824,3024.802,done,
449,451.5738969543012,159561.53582030797,160077.13801002502,162610.313010025,2533.175,done,
450,1094.9383883792846,159806.26210224096,160322.59759497645,162610.71659497646,2288.119,done,
451,452.3707696765642,160050.98838417395,160567.97339999676,162610.84439999677,2042.871,done,
452,452.1929953901445,160295.71466610694,160813.84611099958,162611.34611099958,1797.5,error,
453,1097.0441095358308,160540.44094803993,161059.94116300344,164411.23416300345,3351.293,done,
454,1095.349804144147,160785.1672299729,161306.07118606567,164411.35918606567,3105.288,done,
455,1096.650711133974,161029.8935119059,161551.46858102083,164411.90758102085,2860.439,done,
456,1097.1503764785696,161274.61979383888,161796.9064270258,164411.7514270258,2614.845,done,
457,453.98663905157,161519.34607577187,162042.26506906748,164412.36806906748,2370.103,done,
458,452.71986120830826,161853.06373295322,162376.4547060132,164413.05670601322,2036.602,done,
459,452.5054106345773,162186.78139013457,162710.85071098804,164411.05771098804,1700.207,error,
460,453.09306272696966,162520.4990473159,163045.62554103136,166073.65454103137,3028.029,done,
461,452.6539765513568,162854.21670449726,163380.82813102007,166073.33813102008,2692.51,done,
462,452.8321471335356,163187.9343616786,163715.5911630392,166073.96516303922,2358.374,done,
463,1097.8713993283486,163521.65201885992,164050.2557579875,166074.3117579875,2024.056,done,
464,1096.9569396696727,163855.36967604127,164384.88918697834,166074.66618697834,1689.777,done,
465,1098.585482512128,164189.08733322262,164719.3417800069,167596.5937800069,2877.252,done,
466,452.34355192453575,164522.80499040397,165054.01798206568,167596.86598206568,2542.848,done,
467,1099.6976214500642,164856.5226475853,165388.58107197285,167597.36807197286,2208.787,done,
468,1098.5512013397638,165190.24030476666,165723.23275703192,167597.07175703192,1873.839,done,
469,453.383345288757,165523.957961948,166057.84468102455,168283.37668102456,2225.532,done,
470,453.0189789147075,165857.67561912935,166392.2033070326,168284.0733070326,1891.87,done,
471,452.9758319525449,166191.3932763107,166727.34196799994,168284.27196799993,1556.93,done,
472,453.0755738366376,166525.11093349205,167061.7182340622,168284.3992340622,1222.681,done,
473,453.2758164681237,166858.8285906734,167396.14708000422,168284.70308000423,888.556,done,
474,452.4092611520337,167192.54624785474,167730.5077470541,168794.5207470541,1064.013,done,
475,452.5543701093943,167526.2639050361,168064.96663200855,168795.00263200855,730.036,done,
476,452.1488111673492,167859.98156221744,168399.75554698706,169305.75454698707,905.999,done,
477,452.74594773752057,168193.69921939878,168734.14271104336,169306.15271104337,572.01,done,
478,1097.9499252721662,168527.41687658013,169068.61942601204,170404.07442601203,1335.455,done,
479,1102.0930105338657,168861.13453376148,169402.792666018,171789.249666018,2386.457,done,
480,451.772336119574,169269.01167031645,170221.59252500534,171789.59752500535,1568.005,done,
481,1097.3346238232016,169676.88880687143,171040.38458901644,173173.72458901643,2133.34,done,
482,452.1847618029524,170084.7659434264,169812.21871298552,171789.9067129855,1977.688,done,
483,1101.6141430667378,170492.64307998138,170630.93349206448,173173.91849206446,2542.985,done,
484,1096.3859120213344,170900.5202165364,172268.44698899984,174694.62198899983,2426.175,done,
485,452.18892184789394,171308.39735309136,173087.39014303684,174695.01114303686,1607.621,done,
486,452.5643874207889,171716.27448964634,171449.79003703594,173174.40303703595,1724.613,done,
487,1097.6082003538163,172124.15162620132,173904.92989301682,176075.89089301683,2170.961,done,
488,1097.9613617919151,172532.0287627563,174314.40334802866,176076.18034802866,1761.777,done,
489,1098.9888371421798,172939.90589931127,172677.9364939928,174695.1894939928,2017.253,done,
490,1097.120639062919,173347.78303586625,171859.4089369774,174695.5499369774,2836.141,done,
491,1097.199426673037,173755.66017242122,173496.37268400192,176076.67768400192,2580.305,done,
492,453.86067066526834,174163.5373089762,175542.00930303335,177592.28330303336,2050.274,done,
493,1094.8129230564475,174571.4144455312,175951.44330602884,177592.42030602886,1640.977,done,
494,1093.514993384331,174979.29158208618,174723.94167602062,177592.7386760206,2868.797,done,
495,452.7123782088418,175387.16871864116,175132.49775600433,177593.19675600433,2460.699,done,
496,1095.22798370599,175795.0458551961,176360.53629803658,179113.89429803658,2753.358,done,
497,1094.42120079155,176202.9229917511,176769.07311701775,179114.38211701775,2345.309,done,
498,1098.5297093212737,176508.83084416736,178918.4999679923,180775.8979679923,1857.398,done,
499,452.5211447241445,176814.73869658358,177076.26841402054,179115.10841402053,2038.84,done,
500,451.9502234783838,177120.64654899982,177383.54635697603,179114.51335697604,1730.967,done,
501,1098.124649819895,177426.55440141604,177690.75277805328,180775.5557780533,3084.803,done,
502,452.2257210645601,177732.4622538323,177997.2475360632,180776.2255360632,2778.978,done,
503,452.7804425190847,178038.37010624853,180454.11213701963,182439.18013701963,1985.068,done,
504,452.492034783265,178344.27795866475,178304.60990601778,180776.68590601778,2472.076,done,
505,1098.9120264353312,178650.185811081,178612.00458401442,180776.36758401443,2164.363,done,
506,453.24038352267866,178956.09366349722,179224.79659801722,182438.83359801723,3214.037,done,
507,451.8628489277594,179262.00151591346,182090.3680010438,183956.3710010438,1866.003,done,
508,453.1605667812148,179567.90936832968,179839.580812037,182440.19581203698,2600.615,done,
509,451.6268301908465,179873.81722074593,180146.71516001225,182439.52216001225,2292.807,done,
510,452.0370027633795,180281.6943573009,179532.22665303946,182439.82365303946,2907.597,done,
511,452.11735806259946,180689.57149385588,180863.13729399443,183955.94429399443,3092.807,done,
512,1095.2519472117226,181097.4486304109,183318.02290201187,185480.54290201186,2162.52,done,
513,452.7963989641374,181505.32576696583,181680.94903302196,183956.74103302194,2275.792,done,
514,452.1440560027298,181913.20290352084,181271.6561729908,183957.1751729908,2685.519,done,
515,1100.3177015759152,182321.08004007585,182499.29380702967,185480.27680702967,2980.983,done,
516,452.9542634694612,182728.9571766308,184873.30312299728,187003.86312299728,2130.56,done,
517,1093.6446557189977,183136.83431318577,182908.72901803252,185481.05201803253,2572.323,done,
518,1098.314369557825,183544.71144974075,183727.5383219719,185481.5533219719,1754.015,done,
519,1099.3789236671885,183911.80087264025,184136.5665780306,187003.42357803058,2866.857,done,
520,1099.6540996242456,184278.8902955397,186714.44971501827,188526.98571501827,1812.536,done,
521,452.4570910173426,184645.9797184392,184505.03038299084,187004.04438299083,2499.014,done,
522,1095.58568973488,185013.06914133867,185241.4699270129,187004.2059270129,1762.736,done,
523,1099.39076121733,185380.15856423817,185609.14092600343,188526.2889260034,2917.148,done,
524,1096.4641245422426,185747.24798713764,188385.9387690425,190191.8897690425,1805.951,done,
525,1097.2729200463182,186114.33741003711,185977.677842021,188526.589842021,2548.912,done,
526,1100.0654139386668,186481.4268329366,186346.0983700156,188527.3723700156,2181.274,done,
527,1097.628283003072,186848.5162558361,187082.7365540266,190191.3095540266,3108.573,done,
528,451.70668308183855,187215.6056787356,187451.25222104788,190191.92322104788,2740.671,done,
529,1099.8197356851467,187497.982157889,187819.39199900627,190192.74799900627,2373.356,done,
530,1097.5855080299857,187780.3586370425,188102.6737330556,190192.4687330556,2089.795,done,
531,452.559628434252,188062.7351161959,188668.85886901617,191857.22886901617,3188.37,done,
532,454.09123098136666,188345.11159534936,188952.31188297272,191857.73488297273,2905.423,done,
533,1096.869939844243,188627.4880745028,189235.6963980198,191858.15139801978,2622.455,done,
534,1100.33756301824,188909.86455365625,189519.0452440381,191858.41924403812,2339.374,done,
535,1098.2627590832751,189192.2410328097,189802.4385420084,191859.2585420084,2056.82,done,
536,1098.953638071595,189474.61751196315,190085.86688297987,191858.52588297988,1772.659,error,
537,453.4660158379323,189756.9939911166,190370.4362590313,193522.9332590313,3152.497,done,
538,452.4864725285288,190039.37047027005,190653.9442589879,193523.4192589879,2869.475,done,
539,1100.356946611906,190321.74694942348,190937.34052699804,193523.84352699804,2586.503,done,
540,1096.3565385759532,190604.12342857692,191220.7213000059,193524.29430000592,2303.573,done,
541,453.2495541430986,190886.4999077304,191504.1148059964,193524.57780599638,2020.463,done,
542,1097.3434396893565,191345.36168635476,191964.9809539914,195047.38495399142,3082.404,done,
543,1098.798919726844,191804.2234649791,192424.6713400483,195047.75534004832,2623.084,done,
544,1100.6247569324332,192263.08524360345,192885.24922901392,195048.18422901392,2162.935,done,
545,452.4231497013314,192721.9470222278,193345.82591301203,195048.36891301203,1702.543,done,
546,1096.6901208756613,193180.80880085213,193805.74406397343,196426.38206397343,2620.638,done,
547,452.1612866564474,193639.6705794765,195923.1773720384,197948.91237203838,2025.735,done,
548,1097.1889920601316,194098.53235810084,194726.0109360218,196426.8989360218,1700.888,done,
549,452.8734254432868,194557.3941367252,194265.50833296776,196427.38633296776,2161.878,done,
550,1096.857798592369,194924.48355962467,195186.1439920068,197949.6259920068,2763.482,done,
551,1098.9782710601455,195291.57298252417,197397.126019001,199465.252019001,2068.126,done,
552,452.8351281481245,195658.66240542365,195554.70536506176,197949.30836506176,2394.603,done,
553,452.3980539605562,196025.75182832312,196291.6311389804,197950.1581389804,1658.527,done,
554,452.7286333729063,196392.8412512226,196660.1201230288,199464.9081230288,2804.788,done,
555,452.5022059947814,196759.9306741221,198870.9129330516,200093.18793305158,1222.275,done,
556,1094.515952686634,197127.0200970216,197028.6551269889,199465.7421269889,2437.087,done,
557,452.63289039583566,197494.10951992104,197765.6324660182,199466.1934660182,1700.561,done,
558,452.33640284168894,197861.1989428205,198133.8818939924,200092.8628939924,1958.981,done,
559,452.8922203396695,198228.28836572,198502.419269979,200093.648269979,1591.229,done,
560,452.0881084368338,198752.701827005,199396.5319030285,200094.1109030285,697.579,done,
561,1100.9108280895598,199277.11528829,199922.28197300437,201194.17497300438,1271.893,done,
562,452.862710439386,199801.5287495749,200973.90546900037,202434.68746900038,1460.782,done,
563,1098.9210303969194,200325.9422108599,200448.19203603268,202434.86803603268,1986.676,done,
564,452.7046352139957,200850.35567214488,201499.29065907,203672.55765906998,2173.267,done,
565,1096.9991197658455,201374.76913342983,202024.8655180335,203672.9155180335,1648.05,done,
566,452.4419403491012,201899.18259471483,202550.5975179672,205195.82951796718,2645.232,done,
567,1099.7424348790703,202266.2720176143,204761.44135403636,206721.93135403635,1960.49,done,
568,453.301178325232,202633.3614405138,205129.8082510233,206722.1072510233,1592.299,done,
569,452.4067547619964,203000.45086341328,202919.02885496616,205196.18685496616,2277.158,done,
570,452.97321270566647,203367.54028631275,203287.4382650256,205196.4072650256,1908.969,done,
571,453.6616861745874,203734.62970921223,203655.8446609974,205196.7516609974,1540.907,done,
572,1098.856812721354,204101.71913211173,204024.70584899187,206721.62684899187,2696.921,done,
573,1101.5559230149738,204468.8085550112,206694.56207603216,208244.92807603217,1550.366,done,
574,1099.2249750189533,204835.89797791067,204393.0819149613,206722.56991496132,2329.488,done,
575,452.2403151584333,205202.98740081015,205497.44413405657,208244.41013405655,2746.966,done,
576,1094.4663777153935,205570.07682370965,207614.0893010497,209627.0623010497,2012.973,done,
577,452.1764906901759,206028.938602334,205865.8763599992,208244.6593599992,2378.783,done,
578,1099.2901246214449,206487.8003809584,206234.2583150268,208245.37031502678,2011.112,done,
579,1099.9977727863543,206946.66215958272,207154.49399602413,209627.20599602413,2472.712,done,
580,1096.4892201431817,207405.52393820707,208074.5206770301,209627.5016770301,1552.981,done,
581,452.7336098794494,207864.3857168314,208535.06442397836,211005.74342397836,2470.679,done,
582,452.851592390355,208323.24749545573,208995.41322100165,211006.10322100166,2010.69,done,
583,1097.0200721111214,208782.1092740801,209455.8900600076,211006.2050600076,1550.315,done,
584,452.3229757783725,209240.97105270447,209916.47158706188,211633.47258706187,1717.001,done,
585,452.4786921403459,209574.6887098858,210250.8547400236,211633.7897400236,1382.935,done,
586,452.7170147859264,209908.4063670672,210585.12757200003,211634.10257200003,1048.975,done,
587,452.6277644983557,210242.1240242485,210919.4096180201,211634.3716180201,714.962,done,
588,452.5240489484687,210575.84168142985,211254.19895797968,212144.59095797967,890.392,done,
589,452.1357118814708,210909.5593386112,211588.4727010131,212144.92170101308,556.449,done,
590,452.9421399346554,211243.2769957925,211924.23094803092,212597.8809480309,673.65,done,
591,453.2225688787814,211576.99465297387,212259.04789704084,213051.16789704084,792.12,done,
592,1096.77644943449,211910.7123101552,212593.5631470084,214291.9481470084,1698.385,done,
593,1099.315161573487,212244.42996733656,212927.81024700403,214292.24924700405,1364.439,done,
594,1096.9110612199463,212578.1476245179,213262.0212340355,215670.5292340355,2408.508,done,
595,453.2269102302987,212911.86528169925,213596.2565100193,215670.8335100193,2074.577,done,
596,452.9363665258334,213278.95470459876,213964.585563004,215671.15756300397,1706.572,done,
597,1100.8816156242497,213646.04412749823,214701.2283680439,217195.6353680439,2494.407,done,
598,452.75651264158665,214013.1335503977,215437.910449028,217195.953449028,1758.043,done,
599,452.6354940768837,214380.2229732972,214332.87924802303,217196.20324802303,2863.324,done,
600,453.5390881684806,214747.31239619665,215069.56233996156,217196.50333996155,2126.941,done,
601,453.0684013408947,215114.40181909612,215805.70402103665,218715.60802103666,2909.904,done,
602,452.3525255914008,215481.4912419956,216174.08729600903,218715.96529600903,2541.878,done,
603,452.5491803122644,215848.5806648951,216542.3363569975,218716.5943569975,2174.258,done,
604,1097.3950535985778,216215.6700877946,216910.1527120471,218716.5737120471,1806.421,done,
605,1096.227926612772,216582.75951069407,217277.8949779868,220234.17697798682,2956.282,done,
606,452.3898008871125,216990.63664724905,217687.33929103613,220234.49329103614,2547.154,done,
607,452.073269037664,217398.513783804,218096.78254801035,220235.18554801034,2138.403,done,
608,453.41104848095887,217806.390920359,218506.2050360441,220234.7070360441,1728.502,done,
609,452.2296797376284,218214.268056914,218915.2288709879,221753.74587098788,2838.517,done,
610,452.70959680697655,218622.14519346895,219324.6544849873,221754.07348498728,2429.419,done,
611,1095.7359237417038,219030.022330024,221329.80958205464,223279.45458205463,1949.645,done,
612,1097.076795329727,219437.8994665789,219734.08287101984,221754.30987101985,2020.227,done,
613,453.2596797926533,219845.7766031339,220143.48549097776,221754.66149097777,1611.176,done,
614,452.8763416757162,220253.6537396889,220551.95647400615,223279.70347400615,2727.747,done,
615,1094.7488047038207,220620.7431625884,221698.2286739945,223279.9056739945,1581.677,done,
616,1101.3571770767858,220987.83258548783,220961.4205520153,223280.3205520153,2318.9,done,
617,1098.3771688733166,221354.9220083873,222066.72136700156,224804.84436700155,2738.123,done,
618,453.3904075500965,221722.0114312868,224645.3629829884,226329.0009829884,1683.638,done,
619,1101.12068634271,222089.10085418628,222435.23850101235,224805.22450101236,2369.986,done,
620,451.9660843290646,222456.19027708576,222803.6560370326,224805.45903703262,2001.803,done,
621,1098.6289474946243,222823.2796999853,223172.03437000516,224805.75437000516,1633.72,done,
622,1099.000974873395,223190.36912288476,223540.16229903695,226328.38429903696,2788.222,done,
623,1099.883501531594,223557.45854578423,226119.8739720583,227853.7389720583,1733.865,done,
624,453.2143748692609,223924.5479686837,223908.60045301917,226328.79545301918,2420.195,done,
625,1097.8813843140967,224291.6373915832,224276.9617779851,226329.3317779851,2052.37,done,
626,453.0962614129482,224658.72681448268,225014.6409469843,227853.0109469843,2838.37,done,
627,1097.7476473980885,225025.81623738213,227224.92000198364,229371.51300198364,2146.593,done,
628,1100.6723853671892,225392.90566028163,225383.12855505943,227853.43955505942,2470.311,done,
629,1095.962997616911,225759.99508318116,225751.5245110393,227853.9555110393,2102.431,done,
630,452.07852577582617,226127.0845060806,226488.10189199448,229371.12289199448,2883.021,done,
631,452.9938978574256,226494.17392898008,226856.5568010211,229371.7988010211,2515.242,done,
632,453.5114647401944,226861.26335187955,227593.3056269884,229372.0106269884,1778.705,done,
633,452.2217439368161,227228.35277477905,227960.77564299107,229998.89364299105,2038.118,done,
634,452.4761397735186,227595.4421976785,228329.2488270402,229999.2858270402,1670.037,done,
635,452.6512839557613,228054.30397630288,228789.70987802744,229999.55487802744,1209.845,done,
636,452.9336796819365,228513.16575492723,229250.17710602283,229999.83010602283,749.653,done,
637,451.4147605911782,228972.0275335516,229709.83672899008,230450.6617289901,740.825,done,
638,453.6780312993063,229430.88931217592,230169.6494050026,230904.68040500258,735.031,done,
639,1097.6386531012224,229889.75109080027,230629.4642959833,232002.49329598332,1373.029,done,
640,452.7486317431408,230348.61286942463,231089.66431200504,232514.29231200504,1424.628,done,
641,453.32309759333776,230807.47464804896,231550.17130202052,232514.77930202053,964.608,done,
642,453.5985147725897,231266.3364266733,232010.0541870594,233748.0101870594,1737.956,done,
643,1093.255437307023,231674.21356322832,232419.4381660223,233748.3381660223,1328.9,done,
644,451.83264962342537,232082.0906997833,233647.52455496788,235130.72155496787,1483.197,done,
645,452.1682373586995,232489.96783633827,232828.82035803795,235130.82435803793,2302.004,done,
646,1099.9136900630324,232897.84497289325,233238.19003999236,235131.12403999237,1892.934,done,
647,1095.550518857782,233305.72210944825,234056.2718270421,236507.3378270421,2451.066,done,
648,453.3288127533034,233713.59924600323,234465.70353603363,236507.57653603362,2041.873,done,
649,1095.3739689018123,234121.4763825582,234875.05624198916,236507.92624198916,1632.87,done,
650,452.62524826837455,234529.3535191132,235283.7291330099,237077.8281330099,1794.099,done,
651,453.171915453898,234937.23065566816,235693.1288280487,237078.1068280487,1384.978,done,
652,452.0057025871126,235461.64411695316,236218.62293303013,237078.43293303013,859.81,done,
653,452.8603349048069,235986.0575782381,236744.42687004805,237530.90387004806,786.477,done,
654,1100.4579924908087,236510.47103952308,237269.33293801543,238631.38893801544,1362.056,done,
655,452.0243566207039,237034.88450080805,237794.6978660226,239870.72086602257,2076.023,done,
656,1098.083229865235,237559.29796209303,238320.32834804055,239870.91634804054,1550.588,done,
657,453.2544255390972,238083.711423378,238845.41418099403,241244.54218099403,2399.128,done,
658,1092.8660614543512,238608.12488466295,239370.8982220292,241244.8642220292,1873.966,done,
659,452.6863430615812,239016.00202121795,239780.3009800315,241245.1789800315,1464.878,done,
660,452.90000815237977,239423.87915777293,240189.64349401,242621.48949401,2431.846,done,
661,452.1028169441648,239831.7562943279,240599.04985004663,242621.82185004663,2022.772,done,
662,1095.6073093670384,240239.63343088288,241008.485648036,242622.121648036,1613.636,done,
663,452.2918062045459,240647.5105674379,241826.23850405216,244001.08850405217,2174.85,done,
664,1097.4455892468657,241055.3877039929,242235.614898026,244000.807898026,1765.193,done,
665,452.889796627101,241463.26484054784,243668.7303879857,245663.0613879857,1994.331,done,
666,453.18480716238895,241871.1419771028,241416.8269190192,244001.2049190192,2584.378,done,
667,1097.1090949064076,242279.0191136578,242644.7085970044,245662.6025970044,3017.894,done,
668,1097.7680559657629,242584.92696607404,244897.77948105332,247327.10448105333,2429.325,done,
669,1097.980692736158,242890.83481849023,245205.0384299755,247327.35542997552,2122.317,done,
670,1095.996800842894,243196.7426709065,243054.1264170408,245662.9004170408,2608.774,done,
671,1099.1743726518746,243502.65052332272,243361.40911000967,245663.44111000968,2302.032,done,
672,453.1805130472597,243808.55837573897,243976.0998390317,245663.6858390317,1687.586,done,
673,452.61526090880886,244114.4662281552,244283.06418305635,247327.84118305636,3044.777,done,
674,1098.467480576207,244420.37408057143,246741.547121048,248988.806121048,2247.259,done,
675,1099.6687425107723,244726.28193298768,244590.4418619871,247327.66986198712,2737.228,done,
676,453.1297260691699,245032.1897854039,245512.37206804752,247328.13806804753,1815.766,done,
677,453.0894219230201,245338.09763782012,245819.4592330456,248988.6012330456,3169.142,done,
678,452.8489113444897,245644.0054902364,246126.8378330469,248989.5508330469,2862.713,done,
679,1097.8996076128135,245949.9133426526,246434.1962339878,248989.2532339878,2555.057,done,
680,1094.8479140129386,246283.630999834,247075.94672602412,248989.68272602413,1913.736,done,
681,1103.6550277021158,246617.3486570153,247410.9631960392,250658.9801960392,3248.017,done,
682,1099.596163284124,246951.06631419665,247745.43710404637,250659.45110404637,2914.014,done,
683,1093.074234355131,247284.783971378,248079.74255400896,250659.68355400895,2579.941,done,
684,1095.4660427040392,247618.50162855932,248414.06917101145,250659.71217101146,2245.643,done,
685,453.0411601188211,247952.2192857407,248748.6770390272,250660.11603902723,1911.439,done,
686,451.8099771468827,248285.93694292204,249083.4634820223,252319.9134820223,3236.45,done,
687,452.52907207415865,248619.6546001034,249417.88408398628,252319.7930839863,2901.909,done,
688,1096.04366985324,248953.37225728476,249752.2247070074,252320.20170700742,2567.977,done,
689,1097.2618680827954,249287.08991446608,250086.70581704375,252320.46481704374,2233.759,done,
690,452.2474312047427,249620.80757164743,250421.11824399236,252320.88924399237,1899.771,done,
691,452.8788034857974,249926.71542406367,250728.08606898785,253979.97506898784,3251.889,done,
692,1095.421129244341,250232.6232764799,251035.33858799931,253980.5995879993,2945.261,done,
693,1096.8462376441084,250538.5311288961,251342.67514503,253980.37014503,2637.695,done,
694,452.4037167835971,250844.4389813124,251650.01371604204,253980.82671604204,2330.813,done,
695,1096.503442931744,251150.3468337286,251957.2751389742,253981.1741389742,2023.899,done,
696,452.6613076375063,251456.2546861448,252264.56420505047,253980.88120505048,1716.317,error,
697,452.6458647718897,251762.16253856107,252571.85486400127,255642.00086400128,3070.146,done,
698,453.15288496089306,252068.0703909773,252879.3391510248,255642.4041510248,2763.065,done,
699,1098.012034178888,252373.97824339356,253186.70912903547,255642.64512903546,2455.936,done,
700,1098.16393094368,252679.88609580975,255643.3940899968,257310.44308999678,1667.049,error,
701,1098.071722047667,252985.793948226,253494.0827670097,255642.79376700972,2148.711,done,
702,452.8239882391725,253291.70180064224,253801.5371170044,255643.11411700438,1841.577,done,
703,1099.339986492307,253597.6096530585,254108.0056850314,257309.3866850314,3201.381,done,
704,452.7513079540168,253903.5175054747,254415.40242499116,257310.10842499117,2894.706,done,
705,1101.72234350417,254209.42535789096,254722.701916039,257309.91991603898,2587.218,done,
706,452.7618995872331,254515.3332103072,255029.8718889952,257310.3798889952,2280.508,done,
707,450.7102065450518,254821.24106272345,255337.20216804743,257310.78516804744,1973.583,done,
708,451.5135639205764,255127.14891513967,255950.55185198784,258973.05985198784,3022.508,done,
709,453.6125834787068,255433.05676755589,256257.01776599884,258973.55576599884,2716.538,done,
710,1099.152281817547,255738.96461997213,256564.2081869841,258973.8921869841,2409.684,done,
711,452.4366301022957,256044.87247238835,256871.4050400257,258974.18704002572,2102.782,done,
712,453.7953782616749,256350.7803248046,257178.71193498373,258974.45893498373,1795.747,done,
713,452.1311861712923,256656.6881772208,257485.7692809701,260634.7862809701,3149.017,done,
714,1097.8233594352723,256962.59602963703,257793.2188140154,260635.11081401538,2841.892,done,
715,453.210591488728,257207.32231157005,258038.49523198605,260635.35923198605,2596.864,done,
716,452.5105087822808,257452.04859350304,258283.7853860259,260635.6553860259,2351.87,done,
717,1097.1403923093476,257696.774875436,258529.0749330521,260636.0019330521,2106.927,done,
718,1098.9429634643236,257941.501157369,258774.3950030208,260635.5380030208,1861.143,error,
719,1097.064102822957,258186.227439302,259020.20780801773,262295.79380801774,3275.586,done,
720,453.3971862249401,258430.95372123495,259265.74752002957,262296.10052002955,3030.353,done,
721,1093.8835769343018,258675.680003168,259511.23359799385,262296.34759799385,2785.114,done,
722,453.7174935153381,258920.4062851009,259756.59599101543,262296.7669910154,2540.171,done,
723,1097.5120748005445,259165.13256703396,260002.7735580206,262296.9375580206,2294.164,done,
724,1096.7528287183636,259409.8588489669,260248.10022503135,262296.91222503135,2048.812,error,
725,452.6890014105818,259654.5851308999,260493.5013269782,262296.8553269782,1803.354,error,
726,452.1214762947085,259899.3114128329,260738.8049860001,263963.6149860001,3224.81,done,
727,452.6025389495172,260144.03769476587,260984.1774749756,263964.01147497556,2979.834,done,
728,1101.9898896343293,260388.7639766989,261229.4545419812,263964.24754198117,2734.793,done,
729,453.02463562255576,260633.49025863185,261474.7162000537,263964.5052000537,2489.789,done,
730,1097.5521607363044,261092.3520372562,261935.29220801592,263964.7672080159,2029.475,done,
731,452.8156645252367,261551.21381588056,262395.1024970412,264591.5424970412,2196.44,done,
732,452.9518702128336,262010.0755945049,262854.70520305634,264591.87420305633,1737.169,done,
733,452.8842713090477,262468.93737312924,263315.28339999914,264592.12339999917,1276.84,done,
734,452.5969265990266,262927.7991517536,263775.74740999937,264592.50940999936,816.762,done,
735,452.6646410334689,263386.660930378,264235.5692540407,265044.42125404073,808.852,done,
736,1100.752705627375,263845.5227090023,264695.1006680131,266145.4296680131,1450.329,done,
737,1097.6601592488976,264304.38448762667,265155.0997880101,267524.9267880101,2369.827,done,
738,453.079118447081,264671.47391052614,265523.60917401314,267525.35817401315,2001.749,done,
739,453.3449242811228,265038.5633334256,265891.90768802166,267525.62968802167,1633.722,done,
740,451.9277252634017,265405.65275632514,266260.2406979799,269049.68069797993,2789.44,done,
741,453.140657976289,265772.7421792246,266628.59579598904,269049.960795989,2421.365,done,
742,1100.5751365042668,266139.8316021241,266996.952622056,269050.197622056,2053.245,done,
743,453.00875547186905,266506.9210250236,267365.29690402746,269050.5939040275,1685.297,done,
744,1097.5966113854918,266874.01044792304,267734.1702529788,270572.3132529788,2838.143,done,
745,453.29668310683326,267241.09987082257,268102.5828089714,270572.7468089714,2470.164,done,
746,1099.2491671106282,267608.18929372204,268470.9624720216,270572.9444720216,2101.982,done,
747,1095.3258084307151,267975.2787166215,268839.35982602835,270573.22982602834,1733.87,done,
748,452.71481680733706,268383.1558531765,269248.1169319749,272093.7349319749,2845.618,done,
749,452.75371040042,268791.03298973147,269657.5366809964,272094.10568099644,2436.569,done,
750,1098.323848649771,269198.91012628644,270475.3437870145,272094.2787870145,1618.935,done,
751,453.5854909053479,269606.7872628414,271702.7804380059,273478.2004380059,1775.42,done,
752,1101.5086398357294,270014.6643993964,270066.79201203585,272094.47601203586,2027.684,done,
753,1098.8778590296818,270422.5415359514,270883.8958370089,273478.5008370089,2594.605,done,
754,1100.1577904559929,270830.41867250635,271293.37647497654,273478.7364749765,2185.36,done,
755,452.7410528746996,271238.2958090613,272111.0711709857,275140.0251709857,3028.954,done,
756,452.6721070501062,271646.1729456163,274056.878847003,276807.650847003,2750.772,done,
757,1096.2583333063938,271952.0807980325,272520.5443919897,275140.35739198973,2619.813,done,
758,1095.444171287602,272257.9886504488,272827.833927989,275140.589927989,2312.756,done,
759,1098.0513246620826,272563.896502865,273135.1238600612,275140.92786006123,2005.804,done,
760,1101.786154711346,272869.80435528123,273442.4555310011,275141.0495310011,1698.594,done,
761,1098.1025966074628,273175.7122076975,273749.5178009868,276807.94080098683,3058.423,done,
762,1101.083755118852,273481.6200601137,276208.7191810012,278476.70518100116,2267.986,done,
763,452.84377748273766,273787.52791252994,274364.11792200804,276808.18892200803,2444.071,done,
764,453.0645345161186,274093.4357649462,274671.4286429882,276808.3436429882,2136.915,done,
765,452.6790099375536,274399.34361736244,274978.7098850608,276808.5668850608,1829.857,done,
766,1102.5429249598028,274705.25146977865,275286.655238986,278476.384238986,3189.729,done,
767,1100.032171335073,275011.15932219493,277497.3126590252,280137.5716590252,2640.259,done,
768,453.2448829461579,275317.06717461115,275594.0593479872,278477.34934798715,2883.29,done,
769,1097.9201894267565,275500.6118860609,275901.3836720586,278477.08167205856,2575.698,done,
770,452.3290810882157,275684.1565975106,276392.87408703566,278477.7960870357,2084.922,done,
771,1097.2409386070617,275867.7013089604,276576.8871270418,278477.3441270418,1900.457,error,
772,451.99223442209546,276051.2460204101,276761.08650898933,278477.70050898934,1716.614,error,
773,452.4712470558545,276234.79073185986,276944.9819160104,280137.8299160104,3192.848,done,
774,1096.1414186708885,276418.3354433096,277129.1660619974,280138.2100619974,3009.044,done,
775,453.06102330850257,276601.88015475933,277313.2073190212,280138.37431902124,2825.167,done,
776,1097.4680124620209,276785.42486620904,277681.4430140257,280139.0560140257,2457.613,done,
777,452.8034582828657,276968.9695776588,277866.3438370228,280138.4068370228,2272.063,error,
778,452.538570675973,277152.51428910857,278050.4107800126,280138.2707800126,2087.86,error,
779,1098.0418575446013,277336.0590005583,278234.6475650072,280139.2545650072,1904.607,error,
780,452.957484946047,277519.60371200804,278419.3764310479,280139.14643104794,1719.77,error,
781,1094.963033908812,277703.1484234577,278603.4144129753,281796.4544129753,3193.04,done,
782,452.34641121646126,277886.6931349075,278787.5096260309,281796.1046260309,3008.595,done,
783,453.0346771229193,278070.2378463572,278971.6567490101,281795.6387490101,2823.982,done,
784,452.37701774725554,278253.782557807,279155.8032000661,281795.8352000661,2640.032,done,
785,452.8948181536988,278437.3272692567,279340.062632978,281796.54463297804,2456.482,done,
786,453.5295611268036,278620.87198070646,279524.3234410286,281796.3544410286,2272.031,error,
787,1099.611724635191,278804.41669215617,279708.79888904095,281796.752889041,2087.954,error,
788,452.8462385929778,278987.96140360594,279893.0363470316,281796.4983470316,1903.462,error,
789,453.4763990582803,279321.67906078725,280228.7205120325,283457.8005120325,3229.08,done,
790,1096.6237697032502,279655.39671796863,280897.8433430195,283458.2703430195,2560.427,done,
791,1097.7587337621342,279989.11437514995,282904.04931104183,285119.74931104184,2215.7,done,
792,452.546560606673,280322.8320323313,281232.2412009835,283458.49520098354,2226.254,done,
793,1098.411759593797,280656.54968951264,281566.6426520348,283459.0276520348,1892.385,done,
794,452.6301259357688,280990.267346694,280563.40664201975,283458.76964201976,2895.363,done,
795,453.1449500702377,281323.98500387534,281900.7411019802,285119.3481019802,3218.607,done,
796,1094.1489027784926,281657.7026610567,282235.3155120015,285119.9645120015,2884.649,done,
797,1097.68064572733,281991.42031823803,282569.6722650528,285120.1672650528,2550.495,done,
798,1094.996562264533,282325.1379754194,283238.39638000727,285120.31538000726,1881.919,done,
799,1094.6341684854751,282658.8556326007,283572.91997504234,286642.04497504234,3069.125,done,
800,1097.5230886998113,283117.7174112251,284032.52288901806,286642.39188901806,2609.869,done,
801,1095.7765758246192,283576.57918984944,284493.0161330104,286642.6031330104,2149.587,done,
802,1099.2636605719972,284035.4409684738,284953.4087830186,286643.2827830186,1689.874,done,
803,1095.6995185889537,284494.30274709815,285412.85569000244,288021.55469000246,2608.699,done,
804,452.5190431722728,284953.1645257225,285873.2041170001,288021.8641170001,2148.66,done,
805,1097.4546816756515,285412.02630434686,286333.5146510005,288022.1106510005,1688.596,done,
806,452.8180566590589,285870.8880829712,286793.72131997347,289404.0883199735,2610.367,done,
807,1100.122984137975,286329.7498615956,288634.53045606613,290786.2264560661,2151.696,done,
808,1098.9661680494028,286788.6116402199,289095.03346306086,290786.62546306086,1691.592,done,
809,452.57676462991407,287247.4734188443,287254.24127298594,289404.3902729859,2150.149,done,
810,1099.4294327286784,287706.33519746864,287714.6859270334,289404.60392703343,1689.918,done,
811,452.04237593373176,288165.196976093,288174.0182030201,290786.8112030201,2612.793,done,
812,1096.6115131349368,288624.0587547173,289555.2753970623,292164.1083970623,2608.833,done,
813,1095.9313215924842,289082.92053334165,290015.747123003,292164.350123003,2148.603,done,
814,452.3495955068722,289541.782311966,290476.2067500353,292164.2827500353,1688.076,done,
815,452.3737547928307,290000.6440905904,290935.7635590434,293687.1535590434,2751.39,done,
816,452.0117351677987,290334.36174777173,291604.7241060138,293687.53010601376,2082.806,done,
817,1099.5832858768033,290668.07940495305,291939.11004400253,293687.1540440025,1748.044,done,
818,453.35644307450826,291001.7970621344,291270.3013730645,293687.70737306454,2417.406,done,
819,452.7777790362954,291335.51471931575,292274.15034002066,295346.87734002067,3072.727,done,
820,1096.1845052299668,291669.2323764971,292608.67167299986,295347.22167299985,2738.55,done,
821,453.0476783953561,292002.95003367844,292943.0232989788,295347.5542989788,2404.531,done,
822,452.2510765697496,292336.6676908598,293277.40137803555,295347.75537803554,2070.354,done,
823,451.6704854082963,292670.38534804113,293611.9246620536,295347.8956620536,1735.971,done,
824,452.6587228386566,293004.1030052225,293950.28784900904,297009.196849009,3058.909,done,
825,452.9640994048353,293337.8206624038,295936.01341700554,298671.68741700554,2735.674,done,
826,453.5592769955304,293671.5383195852,294284.8837839961,297009.1327839961,2724.249,done,
827,1098.4357998213188,293933.7450502277,294619.47804003954,297009.2570400395,2389.779,done,
828,1098.2528286877284,294195.9517808701,294882.9269570112,297009.63795701123,2126.711,done,
829,1092.0322330080496,294458.1585115127,295146.0037099719,297010.0487099719,1864.045,done,
830,452.702310749147,294720.36524215515,295409.6560340524,298671.8550340524,3262.199,done,
831,451.8533522231161,294982.5719727976,298041.4717000127,300334.82670001267,2293.355,done,
832,1098.2735036722588,295244.7787034401,295672.98832803965,298672.0663280396,2999.078,done,
833,1093.7344457140189,295506.98543408257,296199.44758200645,298671.81658200646,2472.369,done,
834,1097.5000375941488,295769.1921647251,296462.8609820008,298672.5839820008,2209.723,done,
835,1096.516767418162,296031.3988953676,296725.8276010156,298671.9986010156,1946.171,error,
836,1097.842297591888,296293.60562601004,296989.31013906,298672.36213906005,1683.052,error,
837,1098.6073118646336,296555.8123566525,297252.0103740096,300335.0213740096,3083.011,done,
838,452.3925526884959,296818.01908729505,297515.4253140092,300335.0433140092,2819.618,done,
839,453.9050242509401,297080.2258179375,297778.67232602835,300335.3373260283,2556.665,done,
840,452.30518575327415,297342.43254858,298304.8050670028,300335.4120670028,2030.607,done,
841,451.9585660365329,297676.15020576137,298639.16355502605,300335.31455502607,1696.151,error,
842,1096.303431406045,298009.8678629427,298973.8799420595,301995.10594205954,3021.226,done,
843,1096.8909864827096,298343.58552012406,299308.4675310254,301995.4145310254,2686.947,done,
844,1092.5894508310853,298677.3031773054,299642.88810002804,301995.44810002804,2352.56,done,
845,1096.5998014772451,299011.0208344868,299977.2500759959,301995.58007599594,2018.33,done,
846,453.03795693905073,299344.7384916681,300311.6243470311,301995.8373470311,1684.213,done,
847,452.7646271174236,299678.45614884945,300646.02524000406,303517.85324000404,2871.828,done,
848,1094.5979718944536,300012.1738060308,300980.39853203297,303518.02053203294,2537.622,done,
849,1099.185696979668,300345.89146321215,301314.7476590276,303518.0246590276,2203.277,done,
850,1096.587589721272,300679.60912039346,301649.2003350258,303518.2313350258,1869.031,done,
851,1093.815671889514,301013.32677757484,301983.62334799767,305033.0303479977,3049.407,done,
852,452.0833980266026,301421.2039141298,302392.1613190174,305033.1793190174,2641.018,done,
853,453.6433903382026,301829.0810506848,302800.74694502354,305033.37694502354,2232.63,done,
854,452.4314344259743,302236.95818723977,303210.2236750126,305033.45967501256,1823.236,done,
855,1097.7201647860982,302644.83532379474,303618.3484930396,306553.92249303963,2935.574,done,
856,452.4601945371416,303052.7124603497,304027.3652499914,306554.0872499914,2526.722,done,
857,452.92242350778594,303460.5895969047,304436.3735650182,306554.3065650182,2117.933,done,
858,452.5619322562164,303868.4667334597,304845.2780260444,306554.15602604445,1708.878,done,
859,1099.9492600676772,304276.34387001465,305253.755038023,308077.472038023,2823.717,done,
860,452.3329601523681,304684.2210065696,305662.21257299185,308077.72957299184,2415.517,done,
861,1096.900731358112,305017.938663751,305997.2414410114,308077.9604410114,2080.719,done,
862,452.2579276364083,305351.6563209323,306332.29168605804,308077.79568605806,1745.504,done,
863,452.7382361606012,305685.3739781137,306666.4028570056,309744.0808570056,3077.678,done,
864,1100.9800866865005,306019.091635295,307001.48257505894,309744.4295750589,2742.947,done,
865,1097.729349065626,306352.8092924764,307336.5109459758,309744.3779459758,2407.867,done,
866,1095.85092249228,306686.5269496577,307671.22374004126,309744.47974004125,2073.256,done,
867,452.0310837088291,307020.2446068391,308005.9939630032,309744.4819630032,1738.488,done,
868,1098.508597508829,307353.9622640204,308340.820890069,311410.563890069,3069.743,done,
869,1100.808602806102,307687.6799212018,310266.7239000201,313074.2099000201,2807.486,done,
870,453.3509822309775,308021.3975783831,311187.42542499304,313074.23842499306,1886.813,done,
871,452.9165123283592,308355.1152355645,308675.7002160549,311410.4712160549,2734.771,done,
872,1098.6401766064898,308661.0230879807,309010.8061259985,311410.6341259985,2399.828,done,
873,452.5663998011092,308966.93094039697,309345.8448280096,311410.7298280096,2064.885,done,
874,453.4174410138948,309272.8387928132,309652.83610898256,311411.03110898257,1758.195,done,
875,452.3124283646034,309578.7466452294,309959.88864803314,313074.21264803316,3114.324,done,
876,452.55170366164737,309884.6544976456,312108.28990501165,314735.02990501164,2626.74,done,
877,1099.0845301181942,310190.56235006184,313029.43720805645,314735.15320805646,1705.716,error,
878,1097.0326318347657,310496.4702024781,310573.46670496464,313074.28070496465,2500.814,done,
879,452.83839564341525,310802.37805489433,310880.60999304056,313074.5319930406,2193.922,done,
880,452.782818754005,311108.2859073105,311494.3296370506,314734.8486370506,3240.519,done,
881,453.1333844818236,311414.1937597268,311801.57034504414,314735.3323450441,2933.762,done,
882,1097.2509291676963,311720.10161214304,312415.28061902523,314735.45261902525,2320.172,done,
883,1099.6410969959495,312026.00946455926,312722.35419100523,314735.10319100524,2012.749,done,
884,1097.5323832174258,312359.72712174064,313364.95847702026,316398.3254770203,3033.367,done,
885,453.04441685876014,312693.444778922,313699.93749302626,316398.38849302626,2698.451,done,
886,1096.4513792070495,313027.16243610333,316042.7478200197,318065.06582001975,2022.318,done,
887,1098.5615794525645,313360.88009328465,314035.03407400846,316398.57307400845,2363.539,done,
888,451.8864007537514,313694.597750466,314370.1968380213,316398.49683802127,2028.3,done,
889,452.5408829945751,314028.31540764734,314704.5178830028,316398.5718830028,1694.054,done,
890,452.48950791676725,314362.0330648287,315039.5468940139,318064.92989401385,3025.383,done,
891,1101.0123802032936,314695.75072201004,315374.01169103384,318065.33869103383,2691.327,done,
892,452.8111581774994,315029.4683791914,317202.0890420079,319730.52304200793,2528.434,done,
893,1097.302352893818,315363.18603637273,315708.3897870183,318065.2077870183,2356.818,done,
894,1100.3769638998886,315696.9036935541,316377.1392509937,318065.49025099375,1688.351,done,
895,1095.525053892393,315941.62997548707,316711.46993100643,319730.7279310064,3019.258,done,
896,1096.7408316910137,316186.3562574201,316956.81439101696,319730.65339101694,2773.839,done,
897,1095.8135457679298,316431.08253935305,317447.3965280652,319730.9915280652,2283.595,done,
898,452.49720047889616,316675.8088212861,317692.74814504385,319730.7941450438,2038.046,done,
899,452.8409131829485,316920.53510321904,317938.0946460366,319730.85364603664,1792.759,error,
900,1098.3339352858764,317165.261385152,318183.4667830467,321393.1137830467,3209.647,done,
901,1098.51923024876,317409.987667085,318428.96440297365,321393.60040297365,2964.636,done,
902,452.24339657932086,317654.713949018,320391.8536390066,323058.44463900663,2666.591,done,
903,1098.0925689917162,317899.440230951,318674.2546650171,321393.4746650171,2719.22,done,
904,452.5947023354408,318144.166512884,318919.532178998,321393.702178998,2474.17,done,
905,452.8678314718753,318388.89279481693,319164.8042449951,321393.76924499514,2228.965,done,
906,1100.257467208039,318633.61907674995,319410.08773702383,321393.85873702384,1983.771,error,
907,1100.0847228809089,318878.3453586829,319655.3893890381,321393.7893890381,1738.4,error,
908,1097.0087891186372,319123.07164061593,319901.1391610503,323058.58916105033,3157.45,done,
909,1099.8681260639755,319367.7979225489,320146.51716697216,323058.7221669722,2912.205,done,
910,453.1219889736104,319775.6750591039,320801.3607839942,323058.79278399417,2257.432,done,
911,1096.0136733671382,320183.55219565885,321210.89089500904,323058.82089500903,1847.93,done,
912,452.9194953456411,320591.4293322138,321620.2418770194,323686.3068770194,2066.065,done,
913,452.8057918139554,320999.3064687688,322028.8471120596,323686.2931120596,1657.446,done,
914,452.92511790204026,321407.18360532384,322438.3393410444,323686.6183410444,1248.279,done,
915,452.7254668014473,321815.0607418788,322847.7967900038,323686.7257900038,838.929,done,
916,451.9857332717895,322222.9378784338,323256.25963401794,324198.92263401794,942.663,done,
917,453.76501367135455,322630.8150149888,323664.86836898327,324199.0413689833,534.173,done,
918,452.610380961625,323038.69215154374,324073.9301509857,324652.00515098573,578.075,done,
919,1098.8439581604323,323405.7815744432,324441.8796219826,325751.1436219826,1309.264,done,
920,1096.9441882899823,323772.8709973427,325178.0935789943,327134.73657899426,1956.643,done,
921,1100.6997882057976,324139.96042024216,327019.9935000539,328658.6545000539,1638.661,done,
922,452.54357251867225,324507.04984314163,324809.7267910242,327134.8197910242,2325.093,done,
923,453.0220860616888,324874.1392660411,325546.47019302845,327134.9461930285,1588.476,done,
924,1097.8905350088137,325241.22868894064,328090.53857403994,330180.8275740399,2090.289,done,
925,453.2805481096046,325608.3181118401,328424.9206520319,330180.9476520319,1756.027,done,
926,1100.237388572576,325975.4075347396,326283.21963799,328658.86663799,2375.647,done,
927,452.5793700979136,326342.49695763906,326651.58668100834,328659.01668100833,2007.43,done,
928,452.6078838735791,326709.58638053853,325914.7870030403,328659.0100030403,2744.223,done,
929,1098.7384173878102,327043.30403771985,327387.7367310524,330180.6397310524,2792.903,done,
930,1097.0542601228394,327377.0216949012,329428.82549101114,331844.8974910111,2416.072,done,
931,453.3181426506012,327710.73935208254,327756.17272502184,330181.01472502184,2424.842,done,
932,1099.4536821239146,328044.4570092639,328759.99023997784,331844.7252399778,3084.735,done,
933,1095.1750563039022,328378.17466644524,329094.4269940257,331844.9869940257,2750.56,done,
934,1097.939544481184,328711.8923236266,329763.2119220495,331845.0329220495,2081.821,done,
935,452.2094160525271,329045.609980808,330097.6353780031,331845.1463780031,1747.511,done,
936,451.9045358051769,329379.3276379893,330432.227379024,333508.21637902403,3075.989,done,
937,453.05080861523146,329713.0452951706,332285.537209034,335313.023209034,3027.486,done,
938,1098.5962330219186,330046.762952352,332568.88561600447,335313.14661600447,2744.261,done,
939,1099.048839170634,330380.4806095333,332852.15734499693,335313.2573449969,2461.1,done,
940,452.42054717916193,330662.8570886868,330766.738846004,333508.460846004,2741.722,done,
941,452.5694534508381,330945.23356784025,331101.1464589834,333508.5614589834,2407.415,done,
942,452.3802098516708,331227.61004699365,331435.50612199306,333508.62012199307,2073.114,done,
943,452.98473496952926,331509.9865261471,331718.8226560354,333508.7736560354,1789.951,done,
944,452.508149867993,331792.3630053006,332002.16197901964,335313.2669790196,3311.105,done,
945,1099.073133697745,332074.73948445404,334835.3235099912,337122.95850999124,2287.635,done,
946,452.0481311888449,332357.11596360744,333135.52054804564,335313.27054804564,2177.75,done,
947,452.0927274735735,332639.4924427609,333418.9616570473,335313.42965704727,1894.468,done,
948,1095.5675384672395,332921.8689219144,333701.8350250125,337122.6280250125,3420.793,done,
949,1101.4556542320972,333204.24540106783,335381.7801630497,337123.0521630497,1741.272,error,
950,1096.2159888362914,333486.62188022124,335908.48150599,338922.90250599,3014.421,done,
951,453.20670804428926,333768.9983593747,336171.76847600937,338923.1574760094,2751.389,done,
952,452.6054765102885,334051.37483852817,336698.1491280198,338923.3681280198,2225.219,done,
953,1097.8338925405108,334313.58156917064,333985.262304008,337122.78730400803,3137.525,done,
954,452.5874943399914,334575.7882998131,334268.62724101543,337122.9492410154,2854.322,done,
955,452.6813329863842,334837.99503045564,334551.9637759924,337123.1057759924,2571.142,done,
956,1096.4007032226714,335100.2017610981,335118.6622560024,337123.23225600243,2004.57,done,
957,453.0123423817612,335362.4084917406,335645.2402380109,338923.3092380109,3278.069,done,
958,453.1070521795495,335624.61522238306,337224.9033880234,338923.4023880234,1698.499,error,
959,452.9084505975413,335886.8219530256,338804.45575606823,340730.83575606823,1926.38,done,
960,452.5744831572704,336149.02868366806,336434.91864305735,338923.4096430573,2488.491,done,
961,452.5569984667516,336411.23541431053,336961.4732429981,338923.66624299815,1962.193,done,
962,452.9393449971384,336673.442144953,337488.22991997004,340730.49491997005,3242.265,done,
963,453.1488421641917,336935.6488755955,337751.3274829984,340730.37648299837,2979.049,done,
964,1099.7264272392715,337197.855606238,338014.6289359927,340730.6229359927,2715.994,done,
965,1100.781416079354,337460.0623368805,338277.9672610164,340730.8112610164,2452.844,done,
966,1098.3041227643816,337722.2690675229,338541.23580503464,340730.95080503466,2189.715,done,
967,451.79755529943816,338055.9867247044,339138.921249032,342389.575249032,3250.654,done,
968,452.3258427614987,338389.70438188565,339473.510307014,342389.620307014,2916.11,done,
969,452.2361896545009,338723.422039067,339807.96683603525,342389.91383603524,2581.947,done,
970,1096.343874071904,339057.13969624834,340142.39066904783,342389.9636690478,2247.573,done,
971,452.5721182827411,339390.8573534297,340476.77688002586,342390.2198800259,1913.443,done,
972,453.1891815445181,339724.57501061104,340811.7761760354,344057.4181760354,3245.642,done,
973,1095.0513963638389,340058.2926677924,341146.2284989953,344057.8224989953,2911.594,done,
974,453.3694787379972,340392.01032497373,341480.6151739955,344057.6531739955,2577.038,done,
975,1097.909959349504,340725.7279821551,341814.9047630429,344057.79376304295,2242.889,done,
976,1101.9046323684202,341059.4456393364,342149.3052259684,344058.0132259684,1908.708,done,
977,452.6407467816154,341393.1632965178,342484.1763410568,345719.0703410568,3234.894,done,
978,452.386736027337,341760.2527194173,342852.20386600494,345718.99286600493,2866.789,done,
979,452.0975799805664,342127.34214231675,345062.2962689996,347245.68426899955,2183.388,done,
980,1097.1783396385815,342494.4315652162,345430.6285570264,347245.4475570264,1814.819,done,
981,451.9206514823225,342861.5209881157,343220.6282939911,345718.9112939911,2498.283,done,
982,1098.0004742266171,343228.6104110152,343589.0888210535,345719.0618210535,2129.973,done,
983,452.41788794532073,343595.6998339147,343957.557510972,345719.287510972,1761.73,done,
984,1102.1818891096052,343962.78925681417,346693.6386899948,349057.0966899948,2363.458,done,
985,1098.173448532567,344329.87867971364,344693.949977994,347245.775977994,2551.826,done,
986,1097.7008877840174,344696.9681026131,344325.295017004,347245.637017004,2920.342,done,
987,452.6435102237925,345064.0575255126,345798.39884001017,349056.91184001014,3258.513,done,
988,1095.3025082673275,345326.26425615506,346166.9805369973,349057.2425369973,2890.262,done,
989,1103.2145801660731,345588.4709867976,346430.3298640251,349057.35486402514,2627.025,done,
990,1101.1542670315005,345850.67771744006,346956.9434460401,349057.4604460401,2100.517,done,
991,452.3954619015784,346112.88444808254,347220.2539830208,349057.64798302075,1837.394,done,
992,451.9986038222953,346375.091178725,347484.9256210327,350860.2296210327,3375.304,done,
993,1097.4049666635462,346637.29790936754,347748.2632530332,350860.4432530332,3112.18,done,
994,452.4007962503194,346899.50464001,348011.5730069876,350860.54600698757,2848.973,done,
995,453.1105095364809,347161.7113706525,348274.80438005924,350860.51138005924,2585.707,done,
996,1098.241350659487,347423.918101295,348538.1373870373,350860.5563870373,2322.419,done,
997,452.3089309944096,347686.1248319375,349064.6011559963,350860.58415599633,1795.983,error,
998,453.5491475557642,347948.33156258,348801.4968699813,350860.5118699813,2059.015,done,
