# {"slo_ms": 51, "maxb": 8, "no_nexus": false, "image": "Chihuahua1_bvdb.jpg", "latencies": "/workdir/DynWork/multimodal_dataset/repeat-1/Multimodal_Real_Dataset/Azure/chatbot/gpt_convAI/latencies.csv", "reqs": "/workdir/DynWork/multimodal_dataset/repeat-1/Multimodal_Real_Dataset/Azure/chatbot/gpt_convAI/jobs.bucketed.csv", "outdir": "/workdir/DynWork/multimodal_dataset/repeat-1/Multimodal_Real_Dataset/Azure/chatbot/gpt_convAI/1_x_P99/nexus", "pause": false, "bindir": "/tmp/build/nexus-bin", "debug": false, "reproducibility": {"command_line": "python dynamic_test.py --slo_ms 51 --maxb 8 --bindir /tmp/build/nexus-bin Chihuahua1_bvdb.jpg /workdir/DynWork/multimodal_dataset/repeat-1/Multimodal_Real_Dataset/Azure/chatbot/gpt_convAI/jobs.bucketed.csv /workdir/DynWork/multimodal_dataset/repeat-1/Multimodal_Real_Dataset/Azure/chatbot/gpt_convAI/latencies.csv /workdir/DynWork/multimodal_dataset/repeat-1/Multimodal_Real_Dataset/Azure/chatbot/gpt_convAI/1_x_P99/nexus", "time": "Sat Apr  2 15:13:15 2022", "git_root": "/workdir/nexus", "git_url": "https://github.com/Aetf/nexus/tree/660705b33cdfaa936d8aa5d1e41166826dbfe4e7", "git_has_uncommitted_changes": false}}
JobId,Length,Admitted,Started,Finished,Latency,State,EName
0,44.210764035464834,0.0,5.617513008415699,55.5815130084157,49.964,done,
1,50.294673502778856,9.912247969735954,16.30221800506115,111.80821800506115,95.506,done,
2,47.92670595494581,19.82449593947191,37.97650000452995,111.94750000452996,73.971,done,
3,50.67554167132896,29.736743909207863,58.80067500472069,112.16867500472068,53.368,error,
4,6.264365409473183,39.64899187894382,101.44928099960087,165.61628099960086,64.167,done,
5,46.68634834631949,49.561239848679776,26.835999004542828,111.88499900454283,85.049,done,
6,6.389409370682108,59.47348781841573,48.688731007277966,112.46373100727797,63.775,done,
7,48.801574686743535,69.38573578815168,69.26115300506353,165.54715300506354,96.286,done,
8,5.197102079895189,79.29798375788764,79.92308200150728,166.32508200150727,86.402,done,
9,48.59679013348747,89.2102317276236,90.6777240037918,165.9857240037918,75.308,done,
10,6.545828798885852,99.12247969735954,112.45566500723362,166.21966500723363,53.764,error,
11,49.29495337374341,111.51278965952947,125.28965700417756,218.44965700417754,93.16,done,
12,6.939178241078241,123.90309962169944,137.90777300298214,218.55377300298215,80.646,done,
13,46.54142612888507,136.29340958386936,150.65772400051355,218.63572400051356,67.978,done,
14,7.100855748449574,148.6837195460393,163.55829000473022,218.66829000473024,55.11,error,
15,44.6498952712642,161.07402950820926,177.72879700362682,271.5007970036268,93.772,done,
16,6.203982719611768,173.46433947037917,190.475313000381,271.73131300038096,81.256,done,
17,49.94960761687199,185.85464943254917,259.2628640010953,328.7618640010953,69.499,done,
18,6.343151120413191,198.24495939471907,203.19059200584888,271.83559200584887,68.645,done,
19,5.843910710366146,206.5051660361657,215.93706700205803,271.80006700205803,55.863,error,
20,6.174720569267151,214.76537267761236,224.87323900312185,328.92423900312184,104.051,done,
21,48.87597734528781,223.02557931905892,233.3586160093546,328.22061600935456,94.862,done,
22,49.76374909602238,231.2857859605056,327.86068200320005,384.9126820032001,57.052,error,
23,45.64469872507406,239.5459926019522,241.9888570010662,328.4938570010662,86.505,done,
24,5.827143709488151,247.80619924339885,250.57789400964973,329.1728940096497,78.595,done,
25,46.36763402529136,256.0664058848455,267.99710600078106,328.907106000781,60.91,error,
26,47.48299329228538,264.3266125262921,277.1928820014,384.9898820014,107.797,done,
27,45.190000853503285,272.5868191677387,285.9073450043797,385.0523450043797,99.145,done,
28,48.49440386907122,280.84702580918537,372.9906029999256,442.35760299992563,69.367,done,
29,47.789602163575694,289.10723245063195,294.6631890013814,385.1621890013814,90.499,done,
30,44.97157448315949,297.3674390920786,303.40307500213385,385.31607500213386,81.913,done,
31,48.43594152472576,303.9756044052359,312.1349830105901,385.5459830105901,73.411,done,
32,44.09220385208383,310.5837697183932,321.0057810023427,385.6787810023427,64.673,done,
33,45.80035105376856,317.1919350315505,335.0976760014892,442.3196760014892,107.222,done,
34,6.464778375601681,323.8001003447078,342.67729100584984,442.60729100584985,99.93,done,
35,6.960349486167908,330.4082656578651,350.22857500612736,443.07757500612735,92.849,done,
36,48.96989287547,337.01643097102243,357.78850400447845,442.90150400447845,85.113,done,
37,44.012552917406026,343.62459628417974,365.3623440042138,442.8483440042138,77.486,done,
38,6.177592387679507,350.232761597337,379.86896999925375,443.07996999925376,63.211,error,
39,47.54345130202344,356.8409269104943,386.5532670095563,443.29226700955627,56.739,error,
40,48.134931935999234,363.4490922236516,394.01558500528336,498.8535850052833,104.838,done,
41,6.40468115288379,370.05725753680895,401.48872800171375,499.48372800171376,97.995,done,
42,6.220718201128947,376.6654228499663,409.037575006485,499.00057500648495,89.963,done,
43,6.372974353508232,383.2735881631235,416.6679430007935,499.25594300079354,82.588,done,
44,47.91625553815812,389.8817534762808,424.2797860056162,499.9837860056162,75.704,done,
45,6.8862062852314505,396.48991878943815,431.929844006896,499.605844006896,67.676,done,
46,48.16512267615835,407.50352764470034,443.0602680072189,499.35726800721886,56.297,error,
47,6.249414545489405,418.5171364999625,454.60023000091314,551.4372300009131,96.837,done,
48,47.616681188642445,429.5307453552247,466.2848800048232,551.3018800048233,85.017,done,
49,46.50560606936615,440.54435421048686,547.2872260063887,606.6772260063887,59.39,error,
50,47.1810178931315,451.557963065749,489.91211599856615,551.5351159985662,61.623,done,
51,6.594142538334752,462.5715719210112,478.04798800498247,551.8359880049825,73.788,done,
52,6.347979483798727,473.5851807762733,501.0165830031037,606.4135830031037,105.397,done,
53,6.64991266085029,484.5987896315355,568.2621510028839,659.1191510028839,90.857,done,
54,50.0584695041105,495.6123984867977,579.0311169996858,659.2261169996857,80.195,done,
55,6.53093913219966,505.5246464565337,600.2809659987688,659.5979659987688,59.317,error,
56,42.3339939229735,515.4368944262696,512.6892110034823,606.5302110034823,93.841,done,
57,45.40096607454127,525.3491423960055,524.3460530042648,606.5160530042648,82.17,done,
58,47.79793738232302,535.2613903657415,536.1900530084968,606.6410530084968,70.451,done,
59,6.549168939885104,545.1736383354774,557.6666970029473,659.6076970029474,101.941,done,
60,5.990134914139436,555.0858863052134,621.5630700066686,712.1590700066686,90.596,done,
61,47.22149606881892,564.9981342749494,653.7352870032191,712.4392870032191,58.704,error,
62,48.18546236089824,574.9103822446853,589.808669000864,659.877669000864,70.069,done,
63,5.523671944450178,584.8226302144212,610.9394550025463,712.4074550025463,101.468,done,
64,7.413182443518705,594.7348781841572,632.2922520041466,712.6542520041465,80.362,done,
65,6.13518499948533,603.7460127020989,643.0627110078931,712.915711007893,69.853,done,
66,6.799350407737787,612.7571472200408,663.8125200048089,768.6645200048089,104.852,done,
67,49.598443860432496,621.7682817379825,674.4773110076785,769.0513110076785,94.574,done,
68,6.360418334733725,630.7794162559243,685.2413340061903,769.0213340061903,83.78,done,
69,5.559924115127852,639.7905507738661,695.8396630063653,769.3196630063653,73.48,done,
70,5.759481150606556,648.8016852918079,706.5720270052552,769.6370270052553,63.065,done,
71,6.703880116373751,657.8128198097497,716.1023240089417,769.3473240089417,53.245,error,
72,6.244763563657031,666.8239543276915,726.8516260012984,777.3176260012984,50.466,done,
73,6.486750292928725,675.8350888456332,737.3730820044875,776.7950820044875,39.422,done,
74,5.585527923492864,684.8462233635751,748.0788280069828,776.8988280069829,28.82,done,
75,6.822787118626311,693.8573578815168,758.8804450035095,777.0164450035095,18.136,done,
76,44.72961938218853,704.870966736779,770.2284210026264,822.6214210026264,52.393,done,
77,6.08498023767483,715.8845755920412,782.1340470090508,873.7100470090509,91.576,done,
78,47.65639165176579,726.8981844473033,805.0785210058093,874.0155210058093,68.937,done,
79,5.389009469209813,737.9117933025655,816.6113000065088,873.6283000065089,57.017,error,
80,48.25976127062562,748.9254021578276,864.3802440017462,927.4212440017461,63.041,done,
81,46.2901008748811,759.9390110130898,793.5701640024781,874.2811640024781,80.711,done,
82,44.77981078294309,770.952619868352,828.7795090004802,927.1825090004802,98.403,done,
83,46.92132689137721,781.9662287236141,840.5766170099378,927.9786170099378,87.402,done,
84,48.54797127321908,792.9798375788763,852.4530430063605,927.5900430063605,75.137,done,
85,6.124833199836434,802.8920855486123,874.6629140079021,927.7629140079022,53.1,error,
86,47.04328117216353,812.8043335183482,885.710165001452,980.129165001452,94.419,done,
87,47.74143918760904,822.7165814880841,896.3409090042114,980.0669090042114,83.726,done,
88,47.67823779053508,832.6288294578201,906.7215340062976,980.5755340062976,73.854,done,
89,6.73490146487336,842.541077427556,917.3460670039058,980.2160670039058,62.87,done,
90,48.333307484133385,852.453325397292,927.9993170052768,980.1793170052767,52.18,error,
91,55.91274557714774,862.365573367028,939.3480210006236,1041.4830210006237,102.135,done,
92,5.961913353785619,872.2778213367639,949.7323490008712,1041.6613490008713,91.929,done,
93,45.56466366838191,882.1900693064998,960.1915480047464,1041.5105480047464,81.319,done,
94,7.253141527979929,892.1023172762358,1042.0516550019383,1097.5126550019384,55.461,error,
95,6.272467852915594,901.1134517941776,970.8024270012976,1041.5784270012975,70.776,done,
96,6.335612556508057,910.1245863121194,980.6576130017638,1041.6556130017639,60.998,error,
97,6.804693138920496,919.1357208300612,989.9584220051764,1096.8754220051765,106.917,done,
98,48.72736387663186,928.1468553480028,1000.6427180022,1097.2017180022,96.559,done,
99,44.17649199116563,937.1579898659448,1094.2238320037725,1150.1138320037726,55.89,error,
100,6.500943401044795,946.1691243838864,1011.2728630006312,1097.3988630006313,86.126,done,
101,44.37445151203514,955.1802589018282,1021.7416860088706,1097.9186860088705,76.177,done,
102,48.12264739054014,964.19139341977,1032.295667000115,1097.671667000115,65.376,done,
103,46.10275535630524,973.2025279377118,1051.3474050089717,1149.8694050089716,98.522,done,
104,5.798050102752875,982.2136624556535,1062.054732002318,1149.934732002318,87.88,done,
105,48.01989517164965,991.2247969735954,1137.2031460031867,1205.1481460031866,67.945,done,
106,5.707497475870944,1001.1370449433314,1072.9778079986572,1150.5318079986573,77.554,done,
107,6.697062339085602,1011.0492929130672,1083.474395006895,1150.5773950068951,67.103,done,
108,5.236183514180054,1020.9615408828032,1104.9950280040505,1204.9950280040505,100.0,done,
109,49.86412225267143,1030.8737888525393,1115.7189640030265,1205.0999640030266,89.381,done,
110,6.472699577283014,1040.786036822275,1198.9012160003183,1261.1382160003184,62.237,error,
111,47.770821930515325,1050.698284792011,1126.5008070096374,1205.2478070096374,78.747,done,
112,44.952431646246445,1060.610532761747,1148.0043570026755,1205.3543570026754,57.35,error,
113,7.037667380994222,1070.522780731483,1159.0272270068526,1261.0012270068526,101.974,done,
114,50.465947132816346,1080.435028701219,1169.437752008438,1260.776752008438,91.339,done,
115,6.190190701145017,1090.347276670955,1241.8447030037642,1312.875703003764,71.031,done,
116,6.45624556814648,1098.6074833124014,1179.878848001361,1261.309848001361,81.431,done,
117,6.299541410350998,1106.8676899538482,1190.443994008005,1261.526994008005,71.083,done,
118,45.613128927480645,1115.1278965952947,1207.5260970070958,1261.4860970070959,53.96,error,
119,5.886263061481607,1123.3881032367417,1216.0949850007892,1312.781985000789,96.687,done,
120,6.169901406266708,1131.648309878188,1224.6618870049715,1313.1548870049714,88.493,done,
121,45.48432756469901,1139.9085165196348,1293.9035720005631,1369.1875720005633,75.284,done,
122,6.428602216306176,1148.1687231610813,1233.2784090042114,1313.3884090042113,80.11,done,
123,49.45932306451233,1156.4289298025278,1250.5603200048208,1313.2853200048207,62.725,done,
124,48.739989200000906,1164.6891364439746,1259.2998420074582,1313.5008420074582,54.201,error,
125,47.10436051025826,1172.949343085421,1268.3051210045817,1369.3091210045816,101.004,done,
126,49.52768484324714,1181.209549726868,1276.8669650033116,1369.1189650033116,92.252,done,
127,45.695119456974695,1189.4697563683144,1347.217208005488,1421.2292080054879,74.012,done,
128,45.89860367157591,1199.3820043380504,1285.294357009232,1369.505357009232,84.211,done,
129,5.63515942452352,1209.2942523077863,1304.4867680072784,1369.6887680072784,65.202,done,
130,46.27865568124052,1219.2065002775223,1315.3532870039344,1369.6482870039345,54.295,error,
131,5.437075889953615,1229.1187482472585,1325.904190003872,1421.6391900038718,95.735,done,
132,7.496608573978053,1239.030996216994,1336.504753999412,1421.4447539994121,84.94,done,
133,47.58682465495279,1248.94324418673,1412.5447400063276,1474.8257400063276,62.281,done,
134,5.665273937822184,1258.855492156466,1422.140415005386,1475.0114150053862,52.871,error,
135,47.97737159627019,1268.767740126202,1357.9924170076847,1421.7454170076846,63.753,done,
136,6.838414008876444,1278.679988095938,1368.7501990050075,1421.9521990050075,53.202,error,
137,47.18969099314087,1288.592236065674,1380.4611040055752,1475.081104005575,94.62,done,
138,46.81353929250294,1297.6033705836155,1391.0709440037608,1474.5129440037608,83.442,done,
139,6.932110224080977,1306.6145051015574,1401.762099005282,1475.012099005282,73.25,done,
140,44.852730086664906,1315.6256396194992,1475.2826170027256,1530.5136170027256,55.231,error,
141,6.519965932743817,1324.636774137441,1432.978494003415,1530.152494003415,97.174,done,
142,50.4056813486859,1333.647908655383,1505.9778540059924,1586.1358540059923,80.158,done,
143,7.002960282837874,1342.6590431733246,1528.732569001615,1586.1325690016151,57.4,error,
144,48.51718905219981,1351.6701776912664,1443.5809950083494,1530.3029950083494,86.722,done,
145,7.146856042381291,1360.6813122092085,1454.1542710065842,1530.378271006584,76.224,done,
146,5.376785915971691,1369.69244672715,1464.8068500086663,1530.6498500086664,65.843,done,
147,47.16924531458794,1378.7035812450918,1484.468364007771,1586.570364007771,102.102,done,
148,50.52408516035767,1387.7147157630336,1495.217290006578,1586.179290006578,90.962,done,
149,6.37005333640753,1398.7283246182958,1516.8321330025792,1586.5071330025792,69.675,done,
150,46.97205314076607,1409.741933473558,1541.9047910049558,1637.0967910049558,95.192,done,
151,6.731039219038665,1420.7555423288202,1553.5526610091329,1637.182661009133,83.63,done,
152,47.76059821742808,1431.7691511840824,1565.312713004649,1637.476713004649,72.164,done,
153,6.18792352019018,1442.7827600393443,1577.068516999483,1637.7385169994832,60.67,error,
154,48.23894638706598,1453.7963688946063,1588.4189690053463,1693.2889690053462,104.87,done,
155,50.74335162796908,1464.8099777498687,1639.935725003481,1693.307725003481,53.372,error,
156,47.350126313814044,1475.823586605131,1656.160021007061,1747.830021007061,91.67,done,
157,48.92809130691127,1486.837195460393,1690.2313480079174,1748.1603480079175,57.929,error,
158,5.9928102695650844,1494.4620015909593,1599.864315003157,1693.2133150031568,93.349,done,
159,6.04853996152057,1502.0868077215252,1611.404142998159,1693.452142998159,82.048,done,
160,5.981073417919014,1509.7116138520914,1623.150008007884,1693.4150080078841,70.265,done,
161,47.33116052019174,1517.3364199826576,1631.897259004414,1693.7882590044142,61.891,error,
162,47.935652085643966,1524.9612261132236,1647.7658120021224,1748.0228120021225,100.257,done,
163,5.956024612399665,1532.5860322437898,1664.6939220055938,1748.2639220055937,83.57,done,
164,6.061891516677044,1540.210838374356,1673.218148007989,1748.506148007989,75.288,done,
165,47.90704912105807,1547.835644504922,1681.6360860094428,1748.5290860094428,66.893,error,
166,46.11619845537307,1555.460450635488,1698.639935001731,1806.011935001731,107.372,done,
167,5.730972135307223,1563.0852567660545,1707.3046490103006,1806.1276490103007,98.823,done,
168,6.664593563035057,1570.7100628966205,1780.267920009792,1860.193920009792,79.926,done,
169,51.21833278033091,1578.3348690271864,1715.9428140074017,1806.0868140074017,90.144,done,
170,6.617965005762506,1585.9596751577526,1724.638571999967,1806.1555719999672,81.517,done,
171,5.645432901932291,1596.9732840130148,1733.277570001781,1806.266570001781,72.989,done,
172,5.823336501689675,1607.986892868277,1745.0148160010576,1806.2398160010575,61.225,error,
173,6.581769088414694,1619.0005017235392,1756.8127410039306,1860.6887410039305,103.876,done,
174,43.42061830143681,1630.0141105788014,1768.5022650063038,1860.3592650063038,91.857,done,
175,49.0928521782977,1641.027719434063,1792.108820006251,1860.791820006251,68.683,done,
176,6.527902838437617,1652.0413282893255,1804.0358740091324,1860.7118740091323,56.676,error,
177,6.106230635993488,1663.0549371445877,1815.9492990076544,1913.3652990076544,97.416,done,
178,49.784546537091465,1674.06854599985,1827.658177010715,1913.498177010715,85.84,done,
179,46.94274583706718,1685.082154855112,1839.4272130057216,1913.5452130057215,74.118,done,
180,5.938139473283391,1701.6025681380054,1856.3600960075853,1913.6140960075852,57.254,error,
181,6.315117732256231,1718.122981420899,1873.517097003758,1920.254097003758,46.737,done,
182,6.412922961867524,1734.6433947037915,1890.4164530038836,1920.5424530038836,30.126,done,
183,49.49106161042683,1751.163807986685,1907.279811002314,1970.442811002314,63.163,done,
184,46.93247520845659,1767.6842212695783,1924.6753920018675,2023.6583920018675,98.983,done,
185,46.26530726919226,1784.2046345524716,1965.5483560040595,2023.9913560040595,58.443,error,
186,49.926652777522094,1795.2182434077338,1989.0739000067117,2077.320900006712,88.247,done,
187,47.44935954290914,1806.231852262996,1942.292874008417,2024.4898740084168,82.197,done,
188,46.06090140580616,1817.2454611182584,1953.922455005348,2024.563455005348,70.641,done,
189,6.470252769653327,1828.2590699735204,1977.2747570052743,2077.427757005274,100.153,done,
190,48.69167747036746,1839.2726788287823,2047.003631003201,2128.965631003201,81.962,done,
191,46.19895332704545,1850.2862876840447,2070.436638005078,2129.9986380050777,59.562,error,
192,7.027872568732997,1861.299896539307,2000.5733420103788,2077.8113420103787,77.238,done,
193,47.95937617459731,1872.313505394569,2012.118873000145,2077.973873000145,65.855,done,
194,5.931491972571781,1883.3271142498315,2023.6324189975855,2077.7314189975855,54.099,error,
195,47.40948024147307,1894.3407231050933,2035.381828002632,2129.568828002632,94.187,done,
196,47.8866070626244,1905.354331960356,2117.364929005504,2185.235929005504,67.871,error,
197,47.7315458615319,1916.3679408156177,2058.664285004139,2129.819285004139,71.155,done,
198,6.77224542816758,1927.38154967088,2082.163081005216,2184.873081005216,102.71,done,
199,52.76238454314177,1938.395158526142,2094.0765840038657,2185.6635840038657,91.587,done,
200,6.540156176685844,1949.408767381404,2105.855993002653,2185.712993002653,79.857,done,
201,5.889414002299407,1960.4223762366664,2128.972193002701,2184.955193002701,55.983,error,
202,47.052970843929806,1971.4359850919288,2141.000040002167,2235.7150400021674,94.715,done,
203,47.134203909846114,1982.4495939471908,2152.4595140069723,2235.867514006972,83.408,done,
204,6.782028341023891,1998.970007230084,2204.283580005169,2288.037580005169,83.754,done,
205,6.88108446684222,2015.4904205129767,2221.0451910048723,2288.1861910048724,67.141,done,
206,49.32744201541433,2032.0108337958704,2170.0425439998507,2236.2295439998506,66.187,done,
207,48.789637071437895,2048.5312470787635,2186.636278003454,2288.4692780034543,101.833,done,
208,6.852220309425324,2065.051660361657,2266.103433005512,2342.2314330055124,76.128,done,
209,6.15704921314073,2081.57207364455,2287.5884500071406,2342.4114500071405,54.823,error,
210,48.86302123056348,2090.583208162492,2308.193908005953,2393.024908005953,84.831,done,
211,43.78534506289646,2099.594342680434,2318.926032006741,2392.976032006741,74.05,done,
212,5.921918074550383,2108.6054771983754,2340.729448005557,2393.235448005557,52.506,error,
213,5.4748852494356495,2117.616611716317,2238.307257004082,2342.0442570040823,103.737,done,
214,6.973103954738636,2126.627746234259,2255.152734003961,2342.107734003961,86.955,done,
215,45.96659081039782,2135.6388807522007,2276.7990550026298,2342.5890550026297,65.79,done,
216,5.850776840327131,2144.650015270143,2297.5319590047,2393.2059590047,95.674,done,
217,48.0306385346184,2153.6611497880845,2382.640035003424,2446.6630350034243,64.023,done,
218,45.383202888691066,2162.672284306026,2329.8522199988365,2393.2992199988366,63.447,done,
219,6.353370507362467,2171.683418823968,2350.439751006663,2446.595751006663,96.156,done,
220,5.952915554673371,2180.69455334191,2361.095336005092,2447.253336005092,86.158,done,
221,48.1448696319748,2190.606801311645,2371.860402010381,2446.8674020103813,75.007,done,
222,6.497702597965741,2200.5190492813817,2393.4483130052686,2447.1653130052687,53.717,error,
223,6.395057062089173,2210.431297251118,2404.9789730012417,2498.7079730012415,93.729,done,
224,47.597987289440745,2220.3435452208537,2415.784359000623,2498.7933590006232,83.009,done,
225,6.462362351620163,2230.255793190589,2426.6271840035915,2499.1791840035917,72.552,done,
226,6.009979140768149,2240.1680411603256,2437.1253170073032,2498.919317007303,61.794,done,
227,6.675646041352256,2250.080289130062,2447.382275007665,2555.8562750076653,108.474,done,
228,44.239347048783735,2259.9925370997976,2458.694391004741,2555.9893910047413,97.295,done,
229,46.32616482455755,2269.9047850695333,2469.386052004993,2556.103052004993,86.717,done,
230,47.34047013639755,2279.817033039269,2480.1231900006533,2556.232190000653,76.109,done,
231,50.107850799137445,2288.828167557211,2490.9908630028367,2556.4238630028367,65.433,done,
232,6.227980290562844,2297.839302075153,2500.2123579978943,2556.1943579978943,55.982,error,
233,48.52800740586722,2306.850436593095,2509.379845008254,2609.454845008254,100.075,done,
234,45.5790952352132,2315.8615711110365,2519.9257020056248,2609.490702005625,89.565,done,
235,6.925890118220898,2324.872705628978,2530.6312990039587,2609.690299003959,79.059,done,
236,5.965196066670486,2333.88384014692,2541.314957998693,2609.596957998693,68.282,done,
237,7.053399336091248,2342.894974664862,2552.0475900024176,2609.6055900024176,57.558,error,
238,5.532094986167063,2351.9061091828034,2562.255653001368,2661.046653001368,98.791,done,
239,6.269926044639777,2360.917243700745,2572.929281003773,2661.263281003773,88.334,done,
240,45.97959322180333,2369.928378218687,2647.9466490000486,2715.6606490000486,67.714,done,
241,46.98257657467496,2378.939512736629,2583.667869009077,2661.430869009077,77.763,done,
242,6.267367224124116,2387.9506472545704,2594.389748007059,2661.520748007059,67.131,done,
243,6.913930613265292,2396.9617817725125,2605.091072000563,2661.5470720005633,56.456,error,
244,49.03863874592175,2405.972916290454,2615.219079002738,2715.2000790027378,99.981,done,
245,46.77294512345763,2414.984050808396,2626.343262009322,2715.736262009322,89.393,done,
246,6.467264020332172,2423.995185326338,2637.07421400398,2716.12121400398,79.047,done,
247,51.75832539797941,2433.0063198442795,2658.7631950080395,2715.9071950080393,57.144,error,
248,6.67170827229476,2442.017454362221,2668.767285004258,2771.416285004258,102.649,done,
249,6.614946790856367,2451.028588880163,2679.4786660075188,2770.9396660075186,91.461,done,
250,6.506161085752322,2460.039723398105,2690.1897690072656,2771.1527690072658,80.963,done,
251,49.99369633283578,2469.050857916047,2700.768886007369,2771.643886007369,70.875,done,
252,5.9024364840330446,2478.0619924339885,2711.464829005301,2771.636829005301,60.172,error,
253,7.070375267120494,2485.1421695552285,2719.299491003156,2823.816491003156,104.517,done,
254,5.309930429239172,2492.2223466764685,2726.760140001774,2823.9471400017737,97.187,done,
255,45.231526799439166,2499.3025237977085,2734.1836960092187,2823.9236960092185,89.74,done,
256,6.598213577460999,2506.382700918948,2741.597685009241,2824.154685009241,82.557,done,
257,6.953183324782479,2513.462878040188,2748.977584004402,2824.345584004402,75.368,done,
258,6.759053638645472,2520.543055161428,2756.377415008843,2824.531415008843,68.154,done,
259,48.98222567769377,2527.623232282668,2763.754973001778,2824.329973001778,60.575,error,
260,49.84729752148454,2534.703409403908,2771.206972002983,2824.2459720029833,53.039,error,
261,45.26799209163983,2541.783586525148,2778.406534999609,2880.838534999609,102.432,done,
262,5.031967323625983,2548.863763646388,2785.859388001263,2881.3423880012633,95.483,done,
263,6.624280356752761,2555.943940767628,2793.279337003827,2881.188337003827,87.909,done,
264,50.08134348802883,2563.024117888868,2800.692702010274,2881.772702010274,81.08,done,
265,46.37937538050509,2570.104295010108,2808.088768005371,2881.537768005371,73.449,done,
266,5.81992681659809,2577.184472131348,2815.510980002582,2881.740980002582,66.23,error,
267,47.01373502054597,2587.0967201010835,2826.3794940039515,2881.7784940039514,55.399,error,
268,6.1983674637294985,2597.00896807082,2837.122119009495,2933.565119009495,96.443,done,
269,6.381772129588612,2606.921216040556,2848.015937007964,2933.619937007964,85.604,done,
270,47.8958495954207,2616.833464010292,2858.9635310024023,2933.929531002402,74.966,done,
271,45.16708592977191,2626.7457119800274,2869.847569003701,2934.0445690037013,64.197,done,
272,5.8719122715790455,2636.657959949764,2880.2608540058136,2934.089854005814,53.829,error,
273,5.624226726170825,2646.5702079195,2890.8577710092068,2985.960771009207,95.103,done,
274,46.464389876784175,2656.482455889236,2901.4847600013018,2986.2607600013016,84.776,done,
275,6.868590389548512,2666.3947038589718,2911.889708004892,2986.878708004892,74.989,done,
276,47.28232805277101,2676.3069518287075,2922.403623007238,2986.471623007238,64.068,done,
277,46.2549100882719,2684.567158470154,2930.974990002811,2986.478990002811,55.504,error,
278,7.218921559185017,2692.827365111601,2940.022475004196,3041.796475004196,101.774,done,
279,49.22287954204104,2701.0875717530475,2948.602200001478,3042.137200001478,93.535,done,
280,48.57320812016285,2709.347778394494,3017.419413998723,3098.183413998723,80.764,done,
281,44.40670699135505,2717.6079850359406,3025.812908008694,3098.407908008694,72.595,done,
282,6.247226034439409,2725.868191677388,2956.984659008682,3042.3406590086815,85.356,done,
283,6.222993389599536,2734.128398318834,2965.384399004281,3042.406399004281,77.022,done,
284,7.061436150523974,2742.3886049602806,2973.943355001509,3042.5983550015094,68.655,done,
285,49.15118298572841,2750.648811601727,2982.646112009883,3042.798112009883,60.152,error,
286,5.350127166336039,2758.9090182431737,2991.8990770056844,3097.7340770056844,105.835,done,
287,6.362869964357195,2767.1692248846207,3000.5928800031543,3098.701880003154,98.109,done,
288,6.489862645026864,2775.429431526067,3009.016915000975,3099.0579150009753,90.041,done,
289,6.137631311286777,2785.341679495803,3036.2058140039444,3099.108814003944,62.903,error,
290,6.09311896642399,2795.253927465539,3046.390335008502,3152.074335008502,105.684,done,
291,47.51189151547124,2805.166175435275,3056.748074002564,3151.995074002564,95.247,done,
292,44.80270434068031,2815.078423405011,3067.157766006887,3152.164766006887,85.007,done,
293,7.348073619783472,2824.990671374747,3077.559609003365,3152.451609003365,74.892,done,
294,6.345596627145175,2834.9029193444826,3087.950945004821,3152.3919450048206,64.441,done,
295,5.540064941124031,2844.815167314219,3098.3192970082164,3152.0672970082164,53.748,error,
296,6.320528119165929,2854.7274152839545,3109.727894000709,3201.1798940007093,91.452,done,
297,45.85549973575839,2864.6396632536907,3120.0802200064063,3201.463220006406,81.383,done,
298,5.927857926286468,2874.5519112234265,3130.4791069999337,3201.9611069999337,71.482,done,
299,44.13674663095027,2885.5655200786887,3141.7991150021558,3201.5981150021557,59.799,error,
300,46.87925305555778,2896.579128933951,3152.982442006469,3253.2854420064687,100.303,done,
301,43.8795691399379,2907.592737789213,3164.570452004671,3253.777452004671,89.207,done,
302,44.30933291738314,2918.6063466444757,3234.096132002771,3302.310132002771,68.214,done,
303,46.73226777733199,2929.619955499737,3176.1723290085797,3253.4223290085797,77.25,done,
304,44.67785637978945,2940.633564355,3188.0005970075727,3253.8805970075728,65.88,done,
305,45.84264877612945,2951.647173210262,3199.8747780025005,3253.9637780025005,54.089,error,
306,6.407840918611584,2962.660782065524,3211.051391005516,3302.687391005516,91.636,done,
307,5.967932442492677,2973.674390920786,3222.4961080029607,3302.7701080029606,80.274,done,
308,6.02140988443522,2986.064700882956,3246.7162830010056,3302.8492830010055,56.133,error,
309,6.384596902608782,2998.455010845126,3259.344416998327,3355.258416998327,95.914,done,
310,49.50664071236408,3010.845320807296,3326.965355008841,3404.539355008841,77.574,done,
311,6.116955193236051,3023.235630769466,3341.3293040022254,3404.7953040022253,63.466,done,
312,5.755952854599947,3035.625940731636,3273.7598050013185,3355.3328050013183,81.573,done,
313,6.475528015795902,3048.016250693806,3286.429161004722,3355.6131610047223,69.184,done,
314,5.908670221539135,3060.406560655976,3299.2477720081806,3355.5887720081805,56.341,error,
315,46.07428871425256,3072.796870618145,3312.4987550079823,3405.0707550079824,92.572,done,
316,6.317610862393174,3086.957224860625,3400.436259001493,3457.262259001493,56.826,error,
317,49.54477080473556,3101.117579103105,3355.729839004576,3457.1478390045763,101.418,done,
318,5.998999607657819,3115.2779333455856,3370.856481000781,3457.614481000781,86.758,done,
319,6.119790582002679,3129.438287588065,3385.6407190039754,3457.4087190039754,71.768,done,
320,45.67823637617459,3143.598641830545,3415.899887010455,3510.369887010455,94.47,done,
321,6.768223148761172,3157.758996073025,3430.580470003188,3510.2264700031883,79.646,done,
322,49.648771847159416,3171.919350315505,3503.1974529996514,3565.0204529996513,61.823,done,
323,47.56508764350854,3182.9329591707674,3445.355846002698,3510.471846002698,65.116,done,
324,5.879606927660008,3193.9465680260296,3457.0951310023665,3510.8341310023666,53.739,error,
325,48.48366795484918,3204.960176881292,3468.414324998856,3564.868324998856,96.454,done,
326,5.875451395492593,3215.973785736554,3480.0128930062056,3564.7298930062057,84.717,done,
327,6.569256872910928,3226.987394591816,3526.4595110043883,3617.9535110043885,91.494,done,
328,48.50595528775645,3238.0010034470783,3538.2414280101657,3618.2054280101656,79.964,done,
329,5.721973882787529,3249.0146123023405,3564.826670005917,3618.151670005917,53.325,error,
330,6.448061874416743,3260.0282211576027,3491.694549009204,3565.140549009204,73.446,done,
331,45.35272738214973,3271.041830012865,3514.7603460028768,3618.3803460028766,103.62,done,
332,49.19449550131043,3285.202184255345,3609.729276999831,3667.420276999831,57.691,error,
333,47.721171588059946,3299.3625384978245,3550.000175006688,3618.430175006688,68.43,done,
334,47.23297314544956,3313.5228927403045,3580.6960570067167,3667.822057006717,87.126,done,
335,48.04016086103977,3327.683246982785,3595.171307004988,3667.784307004988,72.613,done,
336,44.70251130408006,3341.8436012252646,3624.664361000061,3718.507361000061,93.843,done,
337,5.89616740478653,3356.003955467744,3698.191954001784,3770.992954001784,72.801,done,
338,47.628039080165706,3370.164309710224,3706.8415400013328,3771.391540001333,64.55,done,
339,6.514290390076388,3378.4245163516707,3715.252680003643,3771.428680003643,56.176,error,
340,6.098224852642523,3386.684722993117,3639.560586005449,3718.8615860054488,79.301,done,
341,4.233317640765771,3394.944929634564,3654.2405290082097,3719.0235290082096,64.783,done,
342,44.87966907845151,3403.2051362760108,3663.087695002556,3719.065695002556,55.978,error,
343,44.57141265085848,3411.4653429174573,3672.184955008328,3770.714955008328,98.53,done,
344,46.00577413682719,3419.7255495589043,3749.126544006169,3829.4095440061687,80.283,done,
345,48.56020520492927,3427.985756200351,3768.923941999674,3829.5569419996737,60.633,error,
346,51.05334746950592,3436.2459628417973,3681.036692008376,3771.026692008376,89.99,done,
347,50.03418394906622,3444.506169483244,3689.504347003997,3771.285347003997,81.781,done,
348,48.31392964687059,3452.7663761246904,3723.970339007676,3828.996339007676,105.026,done,
349,6.111571692630946,3461.0265827661374,3732.354156009853,3829.242156009853,96.888,done,
350,6.208697580153276,3469.286789407584,3740.744614005089,3829.486614005089,88.742,done,
351,49.57963407412288,3480.300398262846,3757.525761000812,3829.768761000812,72.243,done,
352,6.024131539242644,3491.3140071181083,3780.1909539997578,3837.3399539997577,57.149,done,
353,6.946499221760401,3502.3276159733705,3791.587637007237,3837.589637007237,46.002,done,
354,6.038176792377454,3513.3412248286327,3802.9096140041943,3837.7096140041945,34.8,done,
355,5.483647493194256,3524.3548336838944,3814.3069470077753,3837.988947007775,23.682,done,
356,51.43150093247155,3535.3684425391566,3825.632954008877,3889.2909540088767,63.658,done,
357,6.254698674658343,3546.382051394419,3859.912605009973,3941.182605009973,81.27,done,
358,5.81596095819641,3557.395660249681,3882.6677400022745,3941.2977400022746,58.63,error,
359,47.02246292096655,3568.409269104943,3837.251028008759,3940.625028008759,103.374,done,
360,6.0459110822325774,3579.4228779602054,3848.5808260068297,3941.59482600683,93.014,done,
361,46.13000564499543,3590.436486815468,3871.2371570020914,3941.7061570020915,70.469,done,
362,6.4840204038285965,3601.4500956707298,3894.02267600596,3949.30667600596,55.284,done,
363,7.123760396332577,3612.463704525992,3905.41422700882,3949.54422700882,44.13,done,
364,5.734542982849248,3623.477313381254,3916.7892370074983,3949.5822370074984,32.793,done,
365,5.995901813068763,3634.490922236516,3928.4580530002713,3949.5540530002713,21.096,done,
366,6.162822147572454,3645.5045310917785,3939.963858000934,3955.9088580009343,15.945,done,
367,47.06370466621432,3656.5181399470407,3951.575562998653,4006.241562998653,54.666,done,
368,5.868378986537429,3667.531748802303,3975.838152006269,4013.490152006269,37.652,done,
369,6.237913603437672,3679.9220587644727,3962.980461001396,4013.651461001396,50.671,done,
370,5.398313014034956,3692.312368726643,3988.5282810032368,4013.9742810032367,25.446,done,
371,49.728152681048485,3704.7026786888127,4001.3023670092234,4063.4893670092233,62.187,done,
372,47.29100185656686,3717.092988650983,4053.2208420038223,4116.374842003823,63.154,error,
373,49.42736052727682,3729.483298613153,4014.393849000335,4116.2948490003355,101.901,done,
374,46.60763917265704,3741.8736085753226,4109.300532005727,4169.999532005727,60.699,error,
375,6.365075421701103,3754.263918537493,4027.5432510077953,4116.810251007795,89.267,done,
376,6.235141449858219,3766.654228499663,4040.3589200004935,4117.147920000493,76.789,done,
377,6.39982911804999,3779.044538461832,4066.0201710015535,4169.7611710015535,103.741,done,
378,49.97262680778247,3791.434848424002,4094.8041720092297,4170.47917200923,75.675,done,
379,6.828592831842867,3803.825158386173,4080.4202460050574,4170.841246005058,90.421,done,
380,48.53775066801858,3816.2154683483423,4122.117577008903,4223.390577008903,101.273,done,
381,5.660077408503481,3828.605778310512,4180.072599008679,4284.553599008679,104.481,done,
382,6.1035711242959545,3840.996088272682,4195.573384001851,4284.982384001851,89.409,done,
383,47.49289090120938,3853.386398234852,4217.017854005098,4285.399854005098,68.382,error,
384,6.239761600854531,3865.776708197022,4136.6626350060105,4223.33963500601,86.677,done,
385,5.742363238875237,3869.19472473831,4149.324390009046,4223.424390009046,74.1,done,
386,6.995131962607319,3872.612741279599,4162.167230002582,4223.606230002582,61.439,done,
387,5.669881140545348,3876.030757820887,4224.256943002343,4285.794943002343,61.538,error,
388,5.947153949593097,3879.448774362175,4175.556407004595,4284.596407004595,109.04,done,
389,6.201151246468073,3882.866790903464,4244.651895999908,4348.230895999908,103.579,done,
390,49.70608169134421,3886.284807444752,4255.829516001046,4348.634516001046,92.805,done,
391,6.604852176790243,3889.70282398604,4270.758082002401,4349.707082002401,78.949,error,
392,5.596387862830961,3893.120840527328,4184.59233700484,4284.76633700484,100.174,done,
393,5.500533376265623,3896.538857068616,4188.241322003305,4284.847322003305,96.606,done,
394,6.525510777012857,3899.956873609905,4191.951573006809,4284.989573006808,93.038,done,
395,5.698653395278411,3903.3748901511926,4200.032900005579,4285.276900005579,85.244,done,
396,49.88301859226341,3906.792906692481,4204.462446004152,4285.3474460041525,80.885,done,
397,51.57905306035618,3910.210923233769,4208.899795003235,4285.247795003235,76.348,error,
398,5.837057529405495,3913.6289397750575,4212.50079600513,4285.60679600513,73.106,error,
399,50.49529187337546,3917.046956316346,4220.783680006862,4285.428680006862,64.645,error,
400,51.11705535796657,3920.464972857634,4228.676306009293,4285.937306009293,57.261,error,
401,5.216580047796109,3923.8829893989214,4233.074810005724,4285.987810005724,52.913,error,
402,47.55340786990664,3927.301005940211,4237.507869005203,4348.0758690052035,110.568,done,
403,6.143218662417621,3930.719022481499,4241.069292008877,4348.622292008877,107.553,done,
404,46.15448675592168,3934.137039022787,4248.337125003338,4348.973125003338,100.636,done,
405,6.293010528905854,3937.555055564076,4252.013190999627,4349.107190999627,97.094,done,
406,48.77777842377946,3940.973072105364,4259.623595006764,4349.616595006764,89.993,done,
407,6.073823784802686,3944.391088646652,4263.401580005884,4350.727580005884,87.326,done,
408,44.49257664135365,3947.80910518794,4267.155784003437,4350.114784003436,82.959,error,
409,46.22125492233711,3951.2271217292287,4274.393036998808,4350.306036998808,75.913,error,
410,7.562905528408473,3954.645138270517,4277.967218004167,4350.546218004167,72.579,error,
411,45.815250806815314,3958.063154811805,4281.6096379980445,4350.337637998045,68.728,error,
412,6.55206935198084,3961.4811713530935,4285.262001007795,4350.316001007795,65.054,error,
413,6.079516462850638,3964.8991878943816,4288.864932008088,4350.534932008088,61.67,error,
414,7.172632653918825,3973.9103224123232,4299.508722007275,4401.071722007275,101.563,done,
415,6.068071136351056,3982.921456930265,4310.054869003594,4401.154869003594,91.1,done,
416,48.05008074182486,3991.932591448207,4320.772948004305,4401.422948004305,80.65,done,
417,43.73699304152603,4000.9437259661486,4331.667602010071,4401.620602010072,69.953,done,
418,6.274850438993882,4009.95486048409,4342.580588005483,4401.3635880054835,58.783,error,
419,47.7793175443113,4018.965995002032,4351.759473003447,4453.753473003447,101.994,done,
420,47.3596328217275,4027.977129519974,4361.164804004133,4453.690804004133,92.526,done,
421,6.919363707955778,4036.988264037916,4446.030708998442,4509.061708998442,63.031,error,
422,5.801649404192143,4045.999398555857,4383.038697004318,4454.463697004318,71.425,done,
423,49.35820018591832,4055.0105330737993,4393.86825799942,4454.18825799942,60.32,error,
424,6.242092228432837,4064.021667591741,4372.052078008652,4454.914078008652,82.862,done,
425,50.26623308048836,4073.9339155614766,4403.049727000296,4509.071727000296,106.022,done,
426,46.356278466038816,4083.846163531213,4413.887853004038,4509.133853004038,95.246,done,
427,48.20619872179154,4093.758411500949,4509.558590002358,4568.315590002358,58.757,error,
428,47.70888885788473,4103.670659470685,4424.405856005847,4509.572856005848,85.167,done,
429,46.31290224173215,4113.582907440421,4435.061513006687,4509.993513006687,74.932,done,
430,48.45974241099167,4123.495155410156,4456.058969005942,4509.480969005942,53.422,error,
431,53.24115784793458,4133.4074033798925,4467.116098001599,4567.846098001599,100.73,done,
432,6.679368120234534,4143.319651349629,4477.879296004772,4568.563296004772,90.684,done,
433,6.386966400420748,4153.231899319364,4548.334400005639,4617.931400005638,69.597,done,
434,6.040444594835998,4163.1441472891,4560.999221004546,4618.173221004546,57.174,error,
435,6.030009182393001,4175.53445725127,4488.440392002463,4568.083392002463,79.643,done,
436,46.66596709998718,4187.924767213441,4499.153334006667,4569.093334006667,69.94,done,
437,5.337952694397247,4200.31507717561,4522.890428006649,4617.728428006649,94.838,done,
438,47.98867548154266,4212.70538713778,4614.15403200686,4672.6930320068595,58.539,error,
439,6.646042277433209,4225.095697099951,4535.630959004164,4618.162959004164,82.532,done,
440,51.35018294295028,4237.48600706212,4574.175537005067,4672.2985370050665,98.123,done,
441,48.0843061660302,4249.87631702429,4628.341309003532,4730.020309003532,101.679,done,
442,6.00462455799221,4262.26662698646,4587.115600004792,4672.8806000047925,85.765,done,
443,6.058963119435428,4268.874792299617,4601.52965400368,4672.85965400368,71.33,done,
444,6.154900832800156,4275.482957612775,4621.416287004948,4730.092287004948,108.676,done,
445,45.95291616577879,4282.091122925932,4693.888946004212,4789.175946004212,95.287,done,
446,47.81666355413856,4288.69928823909,4701.533381000161,4789.384381000161,87.851,done,
447,6.572286405971125,4295.307453552246,4716.40111400187,4789.52411400187,73.123,done,
448,7.089777675087564,4301.915618865404,4635.323319002986,4730.203319002986,94.88,done,
449,47.320719889061344,4308.523784178561,4642.296854004264,4730.318854004264,88.022,done,
450,47.66794958440248,4315.131949491719,4649.256329007447,4730.641329007447,81.385,done,
451,6.44260500345316,4321.740114804876,4656.140663005412,4731.1356630054115,74.995,done,
452,50.350640057604366,4328.3482801180335,4663.738949000835,4731.270949000836,67.532,done,
453,6.182804958448656,4334.95644543119,4671.412221007049,4731.3962210070495,59.984,error,
454,47.69916389507952,4341.564610744348,4678.730007000268,4788.993007000268,110.263,done,
455,45.14377391656417,4348.172776057505,4786.62595000118,4843.05695000118,56.431,error,
456,6.533717829140687,4354.780941370663,4686.302579008043,4789.768579008043,103.466,done,
457,48.25055720898571,4361.38910668382,4708.962528005242,4789.678528005243,80.716,done,
458,5.978292047635872,4370.400241201762,4724.016757003963,4789.786757003963,65.77,error,
459,48.4230291978095,4379.411375719703,4733.27981800586,4789.81481800586,56.535,error,
460,5.703109086860806,4388.422510237645,4743.97473500669,4842.51473500669,98.54,done,
461,44.43807972783758,4397.433644755587,4754.826335005462,4842.869335005462,88.043,done,
462,7.451706262858728,4406.444779273528,4765.540816001594,4843.4088160015945,77.868,done,
463,47.12418575751659,4415.45591379147,4776.0323490053415,4843.794349005341,67.762,done,
464,45.91215669945139,4424.467048309411,4795.760053001344,4894.911053001344,99.151,done,
465,45.86876299523975,4433.4781828273535,4806.310735009611,4894.503735009611,88.193,done,
466,6.355973505846883,4442.489317345296,4816.881565004587,4895.073565004587,78.192,done,
467,46.86711078089412,4451.500451863237,4827.556864008308,4895.571864008309,68.015,done,
468,6.809236519591337,4460.511586381179,4837.984847001731,4895.268847001731,57.284,error,
469,6.481203908896492,4469.522720899121,4847.504662998021,4949.48966299802,101.985,done,
470,5.573848676231554,4478.533855417062,4858.284194007516,4948.848194007516,90.564,done,
471,48.21568513645078,4487.544989935004,4868.982730008662,4949.688730008662,80.706,done,
472,49.39098733309724,4496.556124452946,4879.734246999025,4949.756246999025,70.022,done,
473,48.32314291154062,4505.567258970888,4890.550450004637,4949.865450004637,59.315,error,
474,6.685747648737822,4514.5783934888295,4900.115634009242,5002.970634009242,102.855,done,
475,49.40865038779356,4523.589528006772,4911.056772001088,5003.031772001088,91.975,done,
476,43.679573425767735,4532.600662524714,4922.005863003433,5003.184863003433,81.179,done,
477,6.715575420047781,4541.611797042656,4932.690521009266,5003.446521009267,70.756,done,
478,46.64119379616712,4550.622931560597,4943.393728002906,5003.190728002905,59.797,error,
479,6.987831342272508,4559.634066078539,4952.745132006705,5057.131132006705,104.386,done,
480,48.90292013217281,4570.647674933801,4964.394230008125,5057.313230008125,92.919,done,
481,45.7395642015294,4581.661283789063,4976.178603000939,5057.463603000939,81.285,done,
482,6.001647591800546,4592.674892644325,4987.965820007026,5057.220820007026,69.255,done,
483,46.70922192332944,4603.688501499588,4999.861426010728,5057.517426010728,57.656,error,
484,6.6935253241212775,4614.7021103548495,5011.81702400744,5110.51002400744,98.693,done,
485,45.03041878931791,4625.715719210112,5023.920273005962,5110.370273005962,86.45,done,
486,48.19605683107992,4636.729328065374,5035.815386004746,5111.305386004746,75.49,done,
487,6.180259107993018,4647.742936920637,5047.6446230039,5110.9026230039,63.258,done,
488,6.421234173047257,4658.756545775898,5058.893387004733,5167.675387004733,108.782,done,
489,48.82568998720426,4669.77015463116,5070.697824001312,5167.549824001312,96.852,done,
490,51.87260393715476,4680.783763486423,5082.350014008582,5168.344014008581,85.994,done,
491,6.310189571143355,4691.797372341684,5093.735679998994,5168.511679998994,74.776,done,
492,47.64643720789627,4702.810981196947,5105.192686006427,5168.386686006427,63.194,error,
493,42.92602066258252,4713.824590052209,5117.218076005578,5214.822076005578,97.604,done,
494,6.122164259194385,4724.838198907471,5128.705565005541,5214.8245650055405,86.119,done,
495,6.847586925272653,4735.851807762733,5200.145477004349,5272.360477004349,72.215,done,
496,6.095163209224392,4746.865416617996,5140.279872998595,5215.0268729985955,74.747,done,
497,6.794584069485938,4757.879025473258,5151.846206001937,5214.801206001937,62.955,done,
498,6.147666061607134,4766.139232114704,5163.584611006081,5271.8096110060815,108.225,done,
499,5.971647567336822,4774.399438756151,5172.828004010022,5272.043004010022,99.215,done,
500,46.78333338562879,4782.659645397598,5253.114342004061,5327.042342004061,73.928,done,
501,50.23625740697709,4790.919852039045,5181.225155003369,5272.657155003369,91.432,done,
502,44.99084914177822,4799.180058680491,5191.62683300674,5272.834833006739,81.208,done,
503,6.727329891291976,4807.440265321938,5208.781287007034,5272.858287007034,64.077,error,
504,47.38097806096678,4815.700471963384,5217.365855999291,5273.163855999291,55.798,error,
505,48.38858152783848,4823.960678604831,5225.741610005498,5326.937610005498,101.196,done,
506,5.987680023680771,4832.220885246277,5236.172545008361,5327.192545008362,91.02,done,
507,7.135136988245249,4840.481091887725,5244.669543005526,5327.332543005526,82.663,done,
508,6.746941996931796,4848.741298529171,5261.645610004664,5327.509610004664,65.864,done,
509,5.684653285031385,4857.001505170618,5270.22315800935,5327.33815800935,57.115,error,
510,43.15249002823404,4868.01511402588,5281.989147000015,5378.7781470000145,96.789,done,
511,46.48568933136226,4879.028722881142,5293.648077003658,5378.342077003658,84.694,done,
512,7.080224690492781,4890.042331736404,5305.456249006093,5378.7372490060925,73.281,done,
513,5.107646173168463,4901.0559405916665,5317.27236700058,5379.395367000579,62.123,done,
514,5.794329036713045,4912.069549446928,5328.375581011176,5386.654581011177,58.279,done,
515,6.858911987135445,4923.083158302191,5340.071996003389,5386.856996003389,46.785,done,
516,6.140070891809012,4934.096767157453,5351.806113004684,5387.088113004685,35.282,done,
517,6.608368312635274,4945.110376012715,5363.513369008899,5387.554369008899,24.041,done,
518,46.55163415137745,4956.123984867977,5374.942310005426,5433.596310005427,58.654,done,
519,47.687453145787735,4966.036232837713,5407.220941007137,5486.196941007137,78.976,done,
520,6.129675237820812,4975.9484808074485,5428.310724005103,5486.358724005103,58.048,error,
521,47.86644644029319,4985.860728777185,5386.026788003743,5486.357788003743,100.331,done,
522,6.358277758648978,4995.772976746921,5396.423107005656,5486.486107005656,90.063,done,
523,47.24193878931424,5005.685224716657,5417.858972005546,5486.825972005546,68.967,done,
524,6.495016020826506,5015.597472686392,5438.407587006688,5540.188587006688,101.781,done,
525,5.915661287294693,5025.509720656129,5448.729243002832,5540.435243002832,91.706,done,
526,45.66134460491912,5035.421968625865,5459.044177003205,5540.571177003205,81.527,done,
527,47.094781392452006,5045.3342165956,5469.343360006809,5540.759360006809,71.416,done,
528,5.7674578762543725,5055.246464565336,5479.68126000464,5541.032260004639,61.351,done,
529,5.517046759913785,5062.871270695902,5487.441443003714,5540.891443003714,53.45,error,
530,5.8612227907162415,5070.496076826468,5495.834823004901,5594.3798230049015,98.545,done,
531,6.304970010933605,5078.120882957034,5504.166167005897,5594.678167005896,90.512,done,
532,46.88859275739171,5085.745689087601,5512.577067002654,5595.010067002654,82.433,done,
533,45.46898792826403,5093.370495218167,5520.965836010873,5595.345836010873,74.38,done,
534,47.57514441581031,5100.995301348733,5529.307711005211,5595.65371100521,66.346,done,
535,6.132557790534833,5108.620107479299,5537.678381003439,5595.80938100344,58.131,error,
536,6.415843751502376,5116.244913609865,5545.619883000851,5648.159883000851,102.54,done,
537,45.77115188779851,5123.869719740431,5553.974144004285,5647.5731440042855,93.599,done,
538,5.679755479818504,5131.494525870998,5562.385005004704,5647.942005004704,85.557,done,
539,6.330554956065932,5139.119332001564,5570.788756005466,5648.497756005466,77.709,done,
540,46.655640521468,5146.74413813213,5579.187763005495,5648.710763005495,69.523,done,
541,46.67607927501464,5154.368944262696,5587.592755004764,5648.817755004764,61.225,error,
542,49.74552988566196,5166.759254224866,5614.702382005751,5700.620382005751,85.918,done,
543,46.14332865190053,5179.149564187035,5685.036586001515,5752.759586001515,67.723,done,
544,6.763725078446117,5191.539874149205,5629.021423004568,5700.7304230045675,71.709,done,
545,46.824142391737816,5203.930184111376,5643.42060200125,5700.92160200125,57.501,error,
546,6.109011572715119,5216.320494073546,5600.352411001921,5701.142411001921,100.79,done,
547,48.47280818658507,5228.710804035716,5656.358561001718,5752.568561001718,96.21,done,
548,47.52359655815836,5241.1011139978855,5730.399977006018,5806.204977006018,75.805,done,
549,42.748578724143336,5253.491423960056,5751.016205005348,5806.456205005347,55.44,error,
550,44.51774698423974,5263.403671929792,5670.725839003921,5752.9798390039205,82.254,done,
551,48.62011490872696,5273.315919899527,5699.343484006822,5753.109484006822,53.766,error,
552,46.74218836801969,5283.228167869263,5709.742568008602,5806.057568008601,96.315,done,
553,6.5231856340403365,5293.140415839,5804.432940006256,5859.732940006256,55.3,error,
554,47.263116819882754,5303.052663808736,5720.078514002264,5806.4085140022635,86.33,done,
555,47.969356924619646,5312.964911778471,5740.704750999808,5806.634750999809,65.93,done,
556,45.72489367213652,5322.877159748207,5761.718894004822,5859.2488940048215,97.53,done,
557,47.1447705357604,5332.789407717944,5849.594746008515,5907.766746008515,58.172,error,
558,6.338038591081914,5342.701655687679,5772.16457400471,5859.515574004709,87.351,done,
559,5.949799555404615,5352.613903657415,5782.653436005116,5859.590436005116,76.937,done,
560,46.58516269268689,5366.774257899895,5793.386364005506,5860.016364005506,66.63,done,
561,47.07429861489261,5380.934612142375,5819.761609010398,5907.727609010399,87.966,done,
562,6.213586991725864,5395.094966384855,5879.327546000481,5960.01354600048,80.686,done,
563,48.11304985537092,5409.255320627334,5893.918171003461,5959.939171003461,66.021,done,
564,46.16541106144475,5423.415674869814,5834.711128003895,5907.977128003895,73.266,done,
565,48.66868167802386,5437.576029112294,5864.381510004401,5959.871510004401,95.49,done,
566,43.04785493328372,5451.736383354774,5930.978507004678,6016.811507004678,85.833,done,
567,48.103031527412845,5461.648631324511,5952.05794300884,6016.97094300884,64.913,error,
568,5.449918750067082,5471.560879294247,5908.8466410040855,6016.321641004086,107.475,done,
569,51.49589628005263,5481.473127263982,5920.384908005595,6016.811908005595,96.427,done,
570,48.76539631758783,5491.385375233718,5941.456463001668,6017.088463001668,75.632,done,
571,5.419389478444368,5501.297623203454,5962.364687003195,6017.171687003195,54.807,error,
572,5.5907808157703,5511.209871173191,5973.127632007003,6067.242632007003,94.115,done,
573,7.020133851867391,5521.122119142927,5983.85949100554,6067.52149100554,83.662,done,
574,45.88267887494527,5531.034367112662,5994.442370004952,6067.812370004952,73.37,done,
575,6.789941723705473,5540.946615082398,6004.838832005858,6067.750832005859,62.912,done,
576,47.08591522155842,5550.858863052134,6015.425657004118,6067.627657004118,52.202,error,
577,5.864946681438061,5563.249173014305,6028.406295001507,6118.445295001507,90.039,done,
578,6.288282227749914,5575.639482976474,6105.441455006599,6167.9704550066,62.529,done,
579,47.39095200930967,5588.029792938644,6041.006189003587,6118.571189003586,77.565,done,
580,5.601309539559885,5600.420102900815,6053.785744003952,6118.7677440039515,64.982,done,
581,44.54657549246005,5612.810412862984,6066.731229007244,6167.538229007244,100.807,done,
582,5.790853957298866,5625.200722825154,6080.030008003116,6168.636008003115,88.606,done,
583,6.575153259123514,5637.591032787324,6092.700732000172,6168.700732000172,76.0,done,
584,46.49544169808736,5649.981342749494,6119.085360005498,6222.614360005498,103.529,done,
585,6.9658054328262935,5658.992477267436,6129.832141004503,6222.740141004503,92.908,done,
586,6.439857224584305,5668.003611785377,6214.308391004801,6276.313391004801,62.005,error,
587,49.82674940610626,5677.014746303319,6140.404537007213,6222.896537007213,82.492,done,
588,47.80700109402638,5686.025880821261,6150.956606000662,6223.339606000662,72.383,done,
589,48.81362561310542,5695.037015339202,6161.386839002371,6223.364839002371,61.978,error,
590,47.4196990007277,5704.048149857144,6171.063292004168,6275.821292004168,104.758,done,
591,6.070645983140773,5713.059284375086,6182.024184003472,6276.558184003472,94.534,done,
592,6.192938126605712,5722.070418893028,6255.33361800015,6331.086618000149,75.753,done,
593,5.492793998638389,5731.08155341097,6192.668839998543,6276.238839998543,83.57,done,
594,6.560620959700931,5740.092687928911,6203.415535002947,6276.831535002947,73.416,done,
595,6.562951931156875,5749.103822446853,6223.783123001456,6276.456123001456,52.673,error,
596,48.84924295947786,5759.016070416589,6233.565462008119,6331.489462008119,97.924,done,
597,45.500101247930935,5768.928318386325,6244.54680300504,6331.45380300504,86.907,done,
598,49.68712923266642,5778.840566356061,6266.139191001654,6332.136191001654,65.997,done,
599,46.20921341803786,5788.752814325797,6276.614296004176,6332.068296004176,55.454,error,
600,5.654727362003845,5798.665062295533,6287.983330003917,6383.719330003917,95.736,done,
601,6.754775306169809,5808.577310265269,6298.615814000368,6382.912814000368,84.297,done,
602,5.6891997239358725,5818.4895582350055,6375.208311006427,6433.254311006427,58.046,error,
603,46.83338500848422,5828.401806204741,6309.262059010565,6383.384059010566,74.122,done,
604,46.345798186861074,5838.314054174477,6319.651689007878,6384.092689007878,64.441,done,
605,47.21077025203951,5848.226302144213,6330.157328009605,6384.222328009605,54.065,error,
606,6.708068391064746,5859.239910999475,6340.857467003167,6433.3564670031665,92.499,done,
607,45.047423890337335,5870.2535198547375,6352.301296003163,6433.437296003163,81.136,done,
608,7.202613909870319,5881.267128709999,6398.461463004351,6485.706463004351,87.245,done,
609,5.547107327187462,5892.280737565262,6432.876974999905,6486.106974999904,53.23,error,
610,45.43506991237473,5903.294346420524,6363.788009002805,6433.639009002804,69.851,done,
611,44.90365496460517,5914.307955275786,6386.952466011047,6485.804466011047,98.852,done,
612,47.42991747224363,5925.321564131048,6410.007104001939,6485.99110400194,75.984,done,
613,6.478535372805717,5936.335172986311,6421.421736001968,6486.291736001968,64.87,done,
614,5.712535285264989,5947.348781841572,6445.189489997923,6537.443489997923,92.254,done,
615,6.891532869323408,5957.261029811309,6508.959178000689,6589.3251780006885,80.366,done,
616,6.397782459112256,5967.173277781044,6530.018254004419,6589.7042540044185,59.686,error,
617,47.11304034932448,5977.08552575078,6456.033183000982,6537.6611830009815,81.628,done,
618,6.257008468132237,5986.997773720516,6466.8127960041165,6537.752796004116,70.94,done,
619,46.08737282939392,5996.910021690252,6477.704766005278,6537.9897660052775,60.285,done,
620,7.188687029253559,6006.822269659988,6487.864557005465,6589.418557005465,101.554,done,
621,46.84473909716283,6016.734517629724,6562.142078004777,6643.4280780047775,81.286,done,
622,6.30257756313881,6026.64676559946,6583.656741000712,6643.571741000712,59.915,error,
623,6.0566011659671135,6036.559013569196,6498.379955008626,6589.530955008626,91.151,done,
624,49.01274119676968,6046.471261538932,6519.55558000505,6589.92658000505,70.371,done,
625,45.25005049670604,6056.383509508668,6540.889944002032,6643.4399440020325,102.55,done,
626,47.47038815899974,6066.295757478403,6626.68011700362,6695.9741170036195,69.294,done,
627,5.364061713115761,6076.208005448139,6551.464026004076,6643.727026004076,92.263,done,
628,5.812283230815008,6086.120253417876,6572.897040002048,6643.757040002048,70.86,done,
629,47.30135628342485,6096.032501387612,6594.447492003441,6695.658492003441,101.211,done,
630,5.805061657516139,6105.944749357347,6687.36346000433,6751.7864600043295,64.423,done,
631,5.323645274502836,6115.856997327083,6616.00918700546,6696.35518700546,80.346,done,
632,45.51878182485424,6125.76924529682,6637.52977900207,6696.28877900207,58.759,error,
633,50.63203814581156,6135.681493266555,6605.242864005268,6696.474864005268,91.232,done,
634,5.925154092121973,6145.593741236291,6648.217712000012,6751.6557120000125,103.438,done,
635,7.234760354754164,6157.984051198461,6658.664433002472,6751.969433002472,93.305,done,
636,43.24606480452544,6170.374361160631,6673.048223003745,6752.229223003745,79.181,done,
637,46.80245949515361,6182.764671122801,6700.14778200537,6801.82578200537,101.678,done,
638,5.726216735575177,6195.154981084971,6714.499757006764,6802.672757006764,88.173,done,
639,6.653620470746101,6207.545291047141,6728.8242670074105,6802.924267007411,74.1,done,
640,6.262128679751992,6219.935601009311,6743.171033002436,6802.931033002436,59.76,error,
641,46.42821785113889,6232.325910971481,6755.7916990071535,6851.454699007153,95.663,done,
642,5.146722140316395,6244.716220933651,6770.167947001755,6851.604947001755,81.437,done,
643,4.822555062860685,6255.729829788913,6850.902734011412,6906.072734011412,55.17,error,
644,48.29116197076903,6266.743438644176,6781.491987004876,6851.954987004876,70.463,done,
645,44.46736920675039,6277.757047499437,6792.8364940062165,6851.775494006217,58.939,error,
646,6.509181110866894,6288.7706563547,6804.594764001668,6905.634764001668,101.04,done,
647,46.03292987828279,6299.784265209962,6816.155890002847,6905.814890002846,89.659,done,
648,49.138428376076426,6310.797874065224,6904.904409006238,6960.126409006238,55.222,error,
649,50.207174313474574,6321.811482920486,6827.814885005355,6906.496885005355,78.682,done,
650,6.584803046006709,6332.825091775749,6839.5381750017405,6906.43017500174,66.892,done,
651,50.59887628705984,6343.83870063101,6875.203409001231,6960.569409001231,85.366,done,
652,51.285217984740726,6357.99905487349,6949.013169005513,7014.828169005513,65.815,done,
653,6.232771707982407,6372.15940911597,6889.994254998863,6960.619254998863,70.625,done,
654,7.6582582266908386,6386.3197633584505,6863.321674004197,6960.899674004198,97.578,done,
655,50.82734911628735,6400.48011760093,6919.582720004022,7015.372720004022,95.79,done,
656,6.375655815549339,6414.64047184341,6934.267103008926,7015.468103008926,81.201,done,
657,46.62880634492756,6428.80082608589,6991.132510006428,7069.3455100064275,78.213,done,
658,5.618687720680613,6442.96118032837,7002.913935005665,7069.725935005665,66.812,done,
659,5.783451783056187,6453.974789183632,7014.642407007515,7069.692407007516,55.05,error,
660,49.44314592939482,6464.988398038894,7061.128464005888,7122.352464005889,61.224,error,
661,46.17655107091549,6476.002006894157,6964.4302140027285,7069.455214002728,105.025,done,
662,5.606997148946049,6487.015615749418,6979.433193005621,7070.232193005621,90.799,done,
663,49.34274713678754,6498.029224604681,7026.572953000665,7122.338953000664,95.766,done,
664,48.58453782927474,6509.042833459943,7117.877188004553,7180.700188004554,62.823,error,
665,5.830150314198386,6520.0564423152055,7037.933814004064,7122.793814004063,84.86,done,
666,6.378627988749698,6531.070051170467,7049.435713998973,7122.450713998974,73.015,done,
667,5.256892695004114,6542.08366002573,7072.980547010899,7180.434547010898,107.454,done,
668,5.508561304739938,6550.343866667176,7084.331893004477,7180.643893004477,96.312,done,
669,51.00479642850939,6558.604073308623,7177.84518700093,7233.28318700093,55.438,error,
670,5.854453400215591,6566.864279950069,7092.703567005694,7180.453567005694,87.75,done,
671,44.92667011835914,6575.124486591516,7101.08524300158,7181.0372430015805,79.952,done,
672,46.47633457797203,6583.3846932329625,7109.455491006374,7180.765491006375,71.31,done,
673,6.195552706104498,6591.644899874409,7126.544895000756,7180.826895000756,54.282,error,
674,5.974895123085907,6599.9051065158565,7135.298807002604,7233.218807002604,97.92,done,
675,6.100840847902672,6608.165313157303,7143.698718003929,7233.421718003929,89.723,done,
676,6.277563310956197,6616.4255197987495,7152.1443850025535,7233.156385002553,81.012,done,
677,46.57291927435479,6624.685726440196,7160.787835009396,7233.299835009396,72.512,done,
678,6.218293819701668,6632.945933081643,7169.353542000055,7233.592542000055,64.239,done,
679,48.60818420014795,6641.206139723089,7186.88582200557,7286.84982200557,99.964,done,
680,6.145584430632385,6650.217274241031,7197.497422002256,7286.772422002256,89.275,done,
681,47.87552717814482,6659.228408758972,7208.126634009182,7286.791634009182,78.665,done,
682,6.668153708087295,6668.239543276914,7218.941663004458,7287.212663004458,68.271,done,
683,46.99261107989858,6677.2506777948565,7229.432336010039,7287.206336010039,57.774,error,
684,6.167284419116517,6686.261812312798,7239.639753006399,7294.331753006399,54.692,done,
685,6.34063338185619,6695.27294683074,7250.342793002725,7294.5697930027245,44.227,done,
686,6.012791601995216,6704.284081348681,7261.054088003933,7294.691088003933,33.637,done,
687,6.165133763308737,6713.295215866623,7271.630550004542,7294.729550004542,23.099,done,
688,46.30223867970437,6722.306350384565,7282.2902970016,7340.993297001601,58.703,done,
689,6.2857826612985175,6731.317484902506,7301.404013000429,7396.228013000428,94.824,done,
690,6.00743812527756,6740.328619420448,7318.813564002514,7396.868564002514,78.055,done,
691,47.25213473783237,6748.588826061895,7353.612728007138,7452.769728007138,99.157,done,
692,43.97077865736883,6756.849032703341,7396.794881008565,7453.369881008565,56.575,error,
693,6.578338964230245,6765.109239344788,7291.724970005453,7396.614970005453,104.89,done,
694,4.928209386788498,6773.3694459862345,7310.2663130015135,7397.022313001514,86.756,done,
695,48.41210218492447,6781.629652627681,7327.319157004356,7397.336157004356,70.017,done,
696,5.716613062094861,6789.889859269128,7335.839873000979,7397.5588730009795,61.719,done,
697,6.323503921271543,6798.150065910575,7344.961308002472,7453.097308002472,108.136,done,
698,46.79283819502877,6806.4102725520215,7449.551438003778,7505.195438003778,55.644,error,
699,48.37724572242139,6814.670479193468,7362.440675005317,7453.065675005317,90.625,done,
700,45.21013349857039,6822.930685834915,7371.194384008646,7453.474384008646,82.28,done,
701,48.63363696413093,6831.190892476361,7379.675042003393,7453.568042003393,73.893,done,
702,45.45302186668524,6839.451099117808,7388.256416998804,7453.736416998803,65.48,done,
703,7.88314546665403,6847.711305759254,7406.165731005371,7504.809731005371,98.644,done,
704,6.751039853215465,6855.971512400701,7502.267129004002,7561.091129004001,58.824,error,
705,5.899454303067171,6864.231719042147,7414.759173005819,7504.851173005819,90.092,done,
706,6.350987419055067,6872.491925683595,7423.458808004856,7505.0678080048565,81.609,done,
707,49.02585001390568,6880.752132325041,7432.154277004302,7505.281277004302,73.127,done,
708,48.30400219154348,6889.012338966488,7440.898763008416,7505.5137630084155,64.615,done,
709,49.12247913031522,6897.272545607934,7458.805492006242,7560.479492006242,101.674,done,
710,47.75029694134084,6905.532752249381,7467.598436005413,7561.058436005413,93.46,done,
711,45.83084174149732,6913.792958890828,7526.241783998907,7621.516783998906,95.275,done,
712,6.434204959867511,6922.053165532275,7556.728192999959,7622.143192999959,65.415,error,
713,47.31060616362901,6930.313372173721,7476.343814000487,7560.773814000488,84.43,done,
714,6.631817186395488,6938.573578815168,7485.02122399956,7560.91022399956,75.889,done,
715,6.492551371668056,6945.181744128325,7493.655241005123,7561.164241005123,67.509,done,
716,6.450681970660633,6951.789909441482,7511.361161001027,7621.7041610010265,110.343,done,
717,49.904984439397694,6958.398074754639,7602.650761000812,7676.269761000812,73.619,done,
718,7.322300660143761,6965.006240067797,7617.674247004092,7676.444247004092,58.77,error,
719,51.97714486001165,6971.614405380954,7518.786417007446,7621.7964170074465,103.01,done,
720,48.65676553119799,6978.222570694112,7533.806403003633,7621.933403003633,88.127,done,
721,6.114182419057737,6984.830736007269,7541.455348007381,7622.236348007381,80.781,done,
722,6.31235420445876,6991.438901320426,7549.114482007921,7622.41148200792,73.297,done,
723,6.83361379361346,6998.047066633583,7564.269241005182,7622.276241005182,58.007,error,
724,46.23355867265401,7004.655231946741,7571.967351004481,7675.7003510044815,103.733,done,
725,5.5798366278323375,7011.263397259898,7579.685236006975,7675.929236006975,96.244,done,
726,44.59982990270885,7017.871562573056,7587.381592005491,7676.582592005491,89.201,done,
727,6.25962030915733,7024.4797278862125,7595.09468600899,7676.33968600899,81.245,done,
728,48.91639323641315,7031.08789319937,7610.089406006038,7676.953406006038,66.864,done,
729,6.44511705160153,7037.696058512527,7624.77994300425,7727.0339430042495,102.254,done,
730,46.51674108146446,7050.086368474697,7637.664795003831,7727.332795003831,89.668,done,
731,6.542710258249198,7062.476678436867,7715.378388002515,7780.283388002515,64.905,done,
732,43.62733040892256,7074.866988399037,7650.4455400034785,7727.421540003478,76.976,done,
733,6.280115574674032,7087.257298361206,7663.342548005283,7727.531548005283,64.189,done,
734,7.273308221848158,7099.6476083233765,7676.191741004586,7780.238741004586,104.047,done,
735,48.17555068669909,7112.037918285547,7689.649310000241,7780.722310000241,91.073,done,
736,5.29398273857614,7124.428228247716,7702.472899004817,7780.880899004817,78.408,done,
737,48.34340197654044,7136.818538209886,7728.094072006643,7781.132072006642,53.038,error,
738,46.24401782565303,7146.730786179623,7739.45649100095,7836.27149100095,96.815,done,
739,5.959054085783561,7156.643034149359,7750.019516006112,7836.3565160061125,86.337,done,
740,6.051353538450936,7166.555282119094,7760.726816006005,7836.392816006005,75.666,done,
741,50.95890110929519,7176.46753008883,7771.414599999785,7836.654599999785,65.24,done,
742,6.661149918345695,7186.379778058566,7781.466359004378,7836.705359004378,55.239,error,
743,6.863839535485218,7196.292026028303,7792.035800002515,7893.399800002515,101.364,done,
744,6.185155243638199,7206.204273998039,7802.568767003715,7893.683767003715,91.115,done,
745,51.664183918177166,7216.116521967774,7882.896622009575,7948.307622009575,65.411,error,
746,6.392300094671226,7226.02876993751,7813.196795009077,7893.417795009076,80.221,done,
747,49.56413817902535,7235.9410179072465,7823.90864200145,7893.34864200145,69.44,done,
748,51.17317734833215,7246.954626762508,7834.904835000634,7893.673835000634,58.769,error,
749,6.211214222025803,7257.968235617771,7847.644649006426,7948.1766490064265,100.532,done,
750,6.908502281307097,7268.981844473033,7859.376162,7948.343161999999,88.967,done,
751,50.43777921821804,7279.995453328295,7871.138531006873,7948.211531006873,77.073,done,
752,44.05398377878506,7291.009062183557,7894.060037009418,7948.533037009418,54.473,error,
753,47.00339111897326,7302.02267103882,7906.080875001848,8001.232875001848,95.152,done,
754,6.065074855116387,7313.036279894081,7917.710000008345,8001.360000008344,83.65,done,
755,49.63295937325391,7324.049888749344,7929.432199008763,8001.520199008763,72.088,done,
756,48.4472713744427,7335.063497604606,7941.245912000537,8001.244912000537,59.999,error,
757,48.0944877031081,7343.323704246052,7949.791569001973,8058.448569001973,108.657,done,
758,6.423259681815162,7351.583910887499,7959.192246004939,8059.287246004939,100.095,done,
759,44.28032085641031,7359.844117528945,7967.878258004785,8059.653258004784,91.775,done,
760,5.467464946162781,7368.104324170392,7976.409705005586,8059.5857050055865,83.176,done,
761,48.99547466881844,7376.364530811838,7985.029711008072,8059.931711008072,74.902,done,
762,6.225615317731589,7384.624737453285,7993.438197001815,8060.402197001815,66.964,done,
763,49.050464838600206,7392.884944094732,8001.856715008616,8060.134715008617,58.278,error,
764,44.34578511348246,7401.145150736179,8011.023646004498,8111.700646004498,100.677,done,
765,47.60631730624343,7409.4053573776255,8019.672156006098,8112.182156006098,92.51,done,
766,6.297398277068475,7417.665564019072,8028.375132009387,8111.7791320093875,83.404,done,
767,48.01034420751389,7425.9257706605185,8037.114915005863,8112.2879150058625,75.173,done,
768,52.29684995407581,7434.185977301965,8045.85721001029,8112.35721001029,66.5,error,
769,6.090416170713152,7439.142101286833,8051.613522008061,8112.546522008061,60.933,error,
770,6.591000632555748,7444.098225271701,8057.20251300931,8112.72951300931,55.527,error,
771,6.689260035718063,7449.054349256569,8062.576594002545,8172.143594002545,109.567,done,
772,48.75230752892692,7454.010473241437,8068.341988004744,8172.465988004744,104.124,done,
773,48.401014699933896,7458.966597226305,8158.090804003179,8234.018804003179,75.928,done,
774,6.027060474177584,7463.922721211173,8073.9245029985905,8172.778502998591,98.854,done,
775,6.512076365806497,7468.878845196041,8079.486371010542,8172.929371010542,93.443,done,
776,45.01140411160199,7473.834969180909,8085.004747003317,8172.977747003317,87.973,done,
777,48.888725224168674,7478.791093165777,8090.598801001906,8173.735801001906,83.137,done,
778,6.682405947295957,7483.747217150645,8096.305807001889,8172.990807001889,76.685,done,
779,6.290710658435223,7488.703341135513,8102.207378007472,8173.1443780074715,70.937,done,
780,46.56383297159716,7493.659465120381,8108.017280004919,8173.430280004918,65.413,error,
781,48.15744795239274,7498.6155891052495,8113.27625900507,8173.45425900507,60.178,error,
782,5.8337227194576,7503.571713090118,8118.487140007317,8173.601140007317,55.114,error,
783,46.61796643788242,7508.527837074986,8124.136119008064,8233.238119008065,109.102,done,
784,50.78489183814522,7513.483961059853,8129.817620001733,8233.359620001733,103.542,done,
785,45.710619496913104,7518.440085044721,8221.511704005301,8284.5807040053,63.069,done,
786,45.94011772966723,7523.396209029589,8135.514319002628,8233.685319002629,98.171,done,
787,48.353203500938726,7528.352333014457,8141.137741006911,8233.92874100691,92.791,done,
788,6.742828898505607,7533.308456999325,8146.761538006365,8234.121538006366,87.36,done,
789,41.42120256093857,7542.319591517267,8152.478320002556,8234.501320002555,82.023,done,
790,6.56569550214047,7551.330726035208,8168.809000007808,8234.180000007807,65.371,error,
791,46.45355410838962,7560.341860553151,8178.937263004482,8234.301263004481,55.364,error,
792,6.230379801883212,7569.352995071093,8189.651970006525,8284.709970006525,95.058,done,
793,5.882992813631084,7578.364129589034,8200.31122200191,8284.07722200191,83.766,done,
794,7.158150774067032,7587.375264106976,8241.883597999811,8337.596597999811,95.713,done,
795,6.785682342806704,7596.386398624917,8263.604288004339,8338.346288004339,74.742,done,
796,6.282524011363055,7605.397533142859,8210.431455999613,8284.913455999613,74.482,done,
797,5.7796302878703925,7614.408667660801,8232.64854400605,8337.96354400605,105.315,done,
798,46.52847631744332,7623.419802178742,8326.181792005897,8390.430792005896,64.249,error,
799,46.75141556472904,7632.4309366966845,8252.736355006695,8338.866355006694,86.13,done,
800,6.215848139488644,7644.821246658855,8274.566534005105,8339.143534005105,64.577,done,
801,6.657101694296952,7657.211556621024,8287.675962001085,8390.354962001085,102.679,done,
802,49.47522069397435,7669.601866583194,8377.321797005832,8399.131797005832,21.81,done,
803,45.927709063908765,7681.992176545364,8300.555539004505,8390.977539004505,90.422,done,
804,7.012015698147227,7694.382486507534,8313.346297003329,8391.076297003328,77.73,done,
805,5.6746351095276895,7706.772796469704,8339.134426005185,8398.854426005184,59.72,done,
806,6.90257616938576,7719.1631064318735,8351.822397008538,8399.860397008539,48.038,done,
807,7.111816191548046,7731.553416394044,8364.613791003823,8399.508791003824,34.895,done,
808,6.042842508028728,7743.943726356214,8390.336648002267,8405.196648002267,14.86,done,
809,6.719672750920282,7756.334036318383,8403.028517007828,8414.981517007827,11.953,done,
810,5.613747363014685,7768.724346280554,8415.915444001555,8432.283444001556,16.368,done,
811,6.159952742353271,7781.114656242724,8428.642423003912,8446.805423003912,18.163,done,
812,6.711174719954139,7793.504966204893,8441.299953006208,8460.677953006209,19.378,done,
813,6.635327983974336,7805.895276167063,8454.676073998213,8471.819073998213,17.143,done,
814,6.053932188616649,7818.285586129233,8467.635140001774,8484.278140001774,16.643,done,
815,48.64495555232398,7830.675896091403,8480.741534009576,8538.554534009576,57.813,done,
816,47.501362362833525,7839.687030609345,8490.501656003296,8596.320656003296,105.819,done,
817,52.49763244017496,7848.698165127286,8511.390388004482,8596.531388004481,85.141,done,
818,6.588112954670972,7857.709299645228,8541.627027004957,8596.469027004958,54.842,error,
819,5.787481412813072,7866.72043416317,8584.471980005503,8650.876980005503,66.405,done,
820,5.751185971401729,7875.731568681113,8595.348036006093,8651.052036006093,55.704,error,
821,49.16554232977088,7884.742703199054,8501.003494001925,8596.609494001925,95.606,done,
822,6.018334701592451,7893.753837716996,8521.739476010203,8596.713476010204,74.974,done,
823,5.553630811885599,7902.764972234938,8532.183094002306,8596.640094002307,64.457,error,
824,49.37548417633072,7911.77610675288,8552.414171002805,8650.878171002805,98.464,done,
825,47.43967224995352,7920.787241270821,8563.024765007198,8651.501765007199,88.477,done,
826,48.943174064758686,7929.798375788763,8573.660353004932,8651.271353004933,77.611,done,
827,5.840445205258013,7936.878552910003,8602.810894005,8708.895894005,106.085,done,
828,49.177493359787015,7943.958730031243,8610.506629005075,8708.647629005074,98.141,done,
829,47.847716190450974,7951.038907152483,8702.05941800028,8763.331418000282,61.272,error,
830,45.1046643011622,7958.119084273723,8618.134420998394,8708.714420998394,90.58,done,
831,6.410340996573812,7965.199261394963,8625.899503007531,8708.916503007531,83.017,done,
832,5.763091528637708,7972.279438516203,8633.76761200279,8709.56161200279,75.794,done,
833,5.277474628633921,7979.359615637442,8641.175930008292,8709.834930008292,68.659,done,
834,6.627656038462129,7986.439792758682,8648.668018005788,8709.350018005789,60.682,error,
835,45.99290149080581,7993.519969879922,8656.784419000149,8762.48341900015,105.699,done,
836,6.436984214641288,8000.600147001162,8664.48149600625,8762.89849600625,98.417,done,
837,6.621274855367267,8007.680324122402,8671.94027800113,8763.10127800113,91.161,done,
838,5.771772084168254,8014.760501243642,8679.42570900172,8763.28570900172,83.86,done,
839,43.93334117463967,8021.840678364882,8686.992859005928,8763.704859005928,76.712,done,
840,47.15844519836551,8028.920855486122,8694.45340500027,8764.25640500027,69.803,done,
841,46.187284554544455,8037.931990004065,8711.539641007781,8820.193641007781,108.654,done,
842,52.11527337092763,8046.943124522006,8722.130861006677,8820.209861006677,98.079,done,
843,6.738970269571322,8055.954259039948,8732.553253002465,8820.352253002466,87.799,done,
844,47.37032094653671,8064.96539355789,8743.112989008427,8820.842989008426,77.73,done,
845,49.80642918234806,8073.976528075831,8753.925543002784,8820.296543002783,66.371,error,
846,48.955898144909,8082.987662593773,8763.357738010585,8820.267738010585,56.91,error,
847,5.408865228507001,8091.998797111714,8773.541993007064,8872.725993007063,99.184,done,
848,48.06218034716707,8101.009931629656,8784.395000003278,8873.269000003278,88.874,done,
849,5.941704175593939,8110.0210661475985,8794.776255004108,8872.977255004107,78.201,done,
850,6.700415093439618,8119.03220066554,8851.787649005651,8928.17664900565,76.389,done,
851,49.67102571702983,8128.043335183482,8805.41269300133,8873.33469300133,67.922,done,
852,46.95249006884944,8139.056944038744,8816.099336005747,8873.143336005747,57.044,error,
853,42.5845504780612,8150.070552894006,8827.830770008266,8928.068770008265,100.238,done,
854,45.4186629373968,8161.084161749269,8839.975177004933,8928.501177004933,88.526,done,
855,50.1815266421493,8172.09777060453,8863.642275005579,8928.51127500558,64.869,done,
856,6.777431840355845,8183.111379459793,8875.55640500784,8928.793405007838,53.237,error,
857,5.07200232277555,8194.124988315056,8887.159124009311,8982.833124009312,95.674,done,
858,46.047241961985016,8205.138597170317,8974.693796999753,9037.643796999753,62.95,error,
859,46.4413559540448,8216.15220602558,8898.736307002604,8982.869307002604,84.133,done,
860,49.208473467565504,8227.165814880842,8910.480552010238,8982.913552010239,72.433,done,
861,46.33611137200472,8236.176949398783,8922.26065800339,8983.08165800339,60.821,done,
862,49.31286141985122,8245.188083916726,8931.762277007103,9037.402277007102,105.64,done,
863,48.83784093344093,8254.199218434667,9038.083011001348,9092.633011001348,54.55,error,
864,5.629519647363464,8263.210352952608,8942.464767999947,9037.597767999947,95.133,done,
865,6.557858004554582,8272.22148747055,8953.154135003686,9038.218135003686,85.064,done,
866,5.905067491033408,8281.232621988493,8963.853949010372,9037.811949010373,73.958,done,
867,6.638586769159934,8290.243756506434,8983.914865002036,9037.864865002037,53.95,error,
868,6.326120448467201,8299.254891024375,8994.759574003518,9092.725574003518,97.966,done,
869,50.130265842405045,8308.266025542316,9005.507908001542,9092.316908001541,86.809,done,
870,6.536493189311091,8317.27716006026,9016.375045001509,9093.167045001508,76.792,done,
871,46.3924591028517,8326.2882945782,9027.15094100684,9093.03594100684,65.885,done,
872,6.081948482023769,8334.548501219648,9047.150531001387,9148.081531001388,100.931,done,
873,46.96129921036969,8342.808707861093,9055.977750003338,9148.444750003338,92.467,done,
874,6.152591228497797,8351.06891450254,9064.799955002964,9148.537955002963,83.738,done,
875,49.10625101719231,8359.329121143986,9073.57653400302,9148.73853400302,75.162,done,
876,46.85671314512668,8367.589327785434,9082.436215005817,9149.353215005816,66.917,done,
877,49.0640316896704,8375.849534426881,9091.023022003472,9149.232022003473,58.209,error,
878,45.319621604153454,8384.109741068327,9100.268367998302,9202.800367998301,102.532,done,
879,6.206386083732712,8392.369947709774,9108.906835004687,9203.443835004688,94.537,done,
880,47.94567387033321,8400.63015435122,9184.418534003198,9255.748534003198,71.33,done,
881,5.934884148086401,8408.890360992667,9117.310940004883,9203.165940004883,85.855,done,
882,47.200521629020535,8417.150567634113,9125.865980006754,9203.499980006754,77.634,done,
883,45.33611467400223,8425.41077427556,9134.598989009855,9203.866989009855,69.268,done,
884,45.3681925403628,8434.421908793502,9143.07998200506,9203.61998200506,60.54,error,
885,47.83791387150278,8443.433043311445,9152.605653002858,9256.100653002859,103.495,done,
886,6.015427839620824,8452.444177829386,9163.346299000084,9255.695299000085,92.349,done,
887,45.30302640645493,8461.455312347327,9225.899160005152,9312.072160005153,86.173,done,
888,5.892986083558551,8470.46644686527,9173.75804000348,9256.03504000348,82.277,done,
889,6.035592610798793,8479.477581383211,9256.310603000224,9312.144603000224,55.834,error,
890,49.61651563894858,8488.488715901154,9195.102284006774,9256.559284006775,61.457,error,
891,6.723564801886645,8497.499850419095,9204.293156005442,9312.354156005442,108.061,done,
892,45.75777082626008,8506.510984937036,9215.202252998948,9312.051252998948,96.849,done,
893,49.26585670448184,8515.52211945498,9236.444756008685,9312.752756008686,76.308,done,
894,6.40219246870656,8524.53325397292,9246.91839300096,9312.88239300096,65.964,done,
895,6.127011101088104,8531.141419286078,9263.578359998764,9370.752359998765,107.174,done,
896,6.295332432643151,8537.749584599234,9271.125300005078,9371.168300005078,100.043,done,
897,46.899361110473386,8544.357749912393,9338.743179008365,9425.671179008365,86.928,done,
898,48.679385024301205,8550.96591522555,9278.642474010589,9370.918474010588,92.276,done,
899,50.32519123267362,8557.574080538707,9286.23888400197,9371.56088400197,85.322,done,
900,47.40040429026608,8564.182245851864,9293.6556520015,9371.3266520015,77.671,done,
901,50.86945043706426,8570.79041116502,9301.122042007744,9371.850042007743,70.728,done,
902,6.842884578935984,8577.39857647818,9308.800959005952,9371.404959005951,62.604,error,
903,43.49790432892924,8584.006741791336,9316.05317300558,9371.43317300558,55.38,error,
904,47.03293322444782,8590.614907104493,9323.711477003992,9426.053477003992,102.342,done,
905,45.28726260194367,8597.22307241765,9331.176836006343,9425.755836006343,94.579,done,
906,6.517336471476569,8603.831237730807,9415.416737005116,9476.109737005116,60.693,done,
907,43.34624145129807,8610.439403043965,9346.179961003363,9426.198961003363,80.019,done,
908,5.65020881387048,8617.047568357122,9353.570055000484,9426.903055000485,73.333,done,
909,49.23833379259852,8623.655733670279,9360.94691900164,9426.39391900164,65.447,done,
910,44.828361191198816,8634.669342525542,9368.35152000934,9426.43252000934,58.081,error,
911,43.56175462123967,8645.682951380804,9379.993753001094,9475.960753001094,95.967,done,
912,6.814061149889756,8656.696560236065,9391.770670004187,9476.328670004188,84.558,done,
913,45.53578536456075,8667.710169091328,9450.26742900163,9529.99142900163,79.724,done,
914,44.75470991105687,8678.72377794659,9403.639785006642,9476.717785006642,73.078,done,
915,49.07788188844587,8689.737386801853,9426.514018006625,9530.290018006624,103.776,done,
916,46.76160216033854,8700.750995657114,9438.552222006025,9529.985222006026,91.433,done,
917,6.4534965745585815,8711.764604512377,9461.9459490031,9530.3359490031,68.39,done,
918,6.896727261256605,8722.77821336764,9473.6436580047,9530.6186580047,56.975,error,
919,6.431103099240128,8732.690461337375,9484.116579003632,9585.569579003632,101.453,done,
920,50.558729297608366,8742.602709307112,9495.120010010898,9585.601010010898,90.481,done,
921,46.02145379502001,8752.514957276848,9505.846464008093,9585.877464008094,80.031,done,
922,6.076545527742426,8762.427205246584,9516.63262899965,9586.08362899965,69.451,done,
923,48.703476742758426,8772.339453216318,9527.323031000791,9586.06203100079,58.739,error,
924,6.333083168691558,8782.251701186055,9537.880741998551,9638.26074199855,100.38,done,
925,45.55192814029982,8792.16394915579,9548.682969003916,9638.449969003916,89.767,done,
926,6.503408352450838,8802.076197125527,9559.221722006798,9638.425722006798,79.204,done,
927,47.63735281785903,8811.988445095263,9570.031256005168,9638.881256005168,68.85,done,
928,6.458937275562604,8821.900693065,9580.67921500653,9638.81921500653,58.14,error,
929,7.295942866125891,8830.91182758294,9590.496333003044,9690.875333003045,100.379,done,
930,5.693662766472952,8839.922962100884,9601.059259004893,9691.216259004892,90.157,done,
931,47.82731388893852,8848.934096618825,9611.663949005306,9690.785949005305,79.122,done,
932,47.53388481015386,8857.945231136766,9622.406793005764,9691.445793005765,69.039,done,
933,47.99881412573467,8866.956365654707,9632.771310009062,9691.393310009062,58.622,error,
934,50.1545974281984,8875.96750017265,9642.595186002553,9746.116186002553,103.521,done,
935,6.874646051563247,8884.978634690591,9653.121275000274,9746.431275000274,93.31,done,
936,45.12376254636886,8893.989769208532,9663.707699008286,9746.396699008286,82.689,done,
937,48.279881343135095,8903.000903726474,9674.45636100322,9746.63236100322,72.176,done,
938,5.459067565573289,8912.012038244417,9685.14494100958,9746.70294100958,61.558,error,
939,48.07282082855852,8921.023172762358,9695.14117900282,9802.754179002819,107.613,done,
940,6.032447933132806,8928.647978892925,9703.688452005386,9802.966452005387,99.278,done,
941,46.59759802279753,8936.27278502349,9712.32397799939,9803.96197799939,91.638,done,
942,6.251827992856432,8943.897591154056,9720.988948002458,9803.184948002458,82.196,done,
943,5.776198831324433,8951.522397284622,9729.79049000889,9803.31349000889,73.523,done,
944,4.982105702182041,8959.147203415188,9738.648728005588,9803.618728005587,64.97,done,
945,5.172122454078609,8966.772009545755,9746.837098002434,9804.166098002434,57.329,error,
946,50.912840240576514,8974.39681567632,9754.86306900531,9860.82706900531,105.964,done,
947,6.818177930204797,8982.021621806887,9763.279044009743,9860.601044009743,97.322,done,
948,46.72045166030245,8989.646427937454,9858.426368005574,9919.597368005574,61.171,error,
949,5.847124911529724,8997.27123406802,9771.71241800487,9860.670418004871,88.958,done,
950,5.918773935780945,9004.896040198586,9780.479814000428,9860.511814000427,80.032,done,
951,6.1722516201213775,9012.520846329153,9788.450254008174,9860.495254008174,72.045,done,
952,50.37610471057233,9020.145652459718,9796.510819010437,9861.001819010437,64.491,error,
953,50.01740691619596,9027.22582958096,9804.34798400104,9861.01798400104,56.67,error,
954,6.367822617226464,9034.306006702198,9812.498396001756,9919.064396001757,106.566,done,
955,43.83441784880318,9041.386183823435,9820.19379300624,9919.262793006239,99.069,done,
956,5.911757323605258,9048.466360944678,9888.824062004684,9974.956062004683,86.132,done,
957,5.427986497110309,9055.54653806592,9827.771795004606,9919.453795004607,91.682,done,
958,5.746853033611092,9062.626715187158,9835.356745004654,9919.413745004655,84.057,done,
959,50.70876578726442,9069.706892308395,9843.168626002967,9919.788626002968,76.62,done,
960,5.640203237328393,9076.787069429638,9850.904988005756,9919.773988005756,68.869,done,
961,6.087850559733591,9083.86724655088,9866.31505600363,9919.71605600363,53.401,error,
962,44.62387910990521,9090.947423672118,9873.932595007122,9975.778595007121,101.846,done,
963,47.857763920047134,9098.027600793355,9881.361110001802,9975.464110001802,94.103,done,
964,45.06714627222642,9105.107777914598,9896.527408003809,9975.926408003808,79.399,done,
965,5.944343109560766,9112.18795503584,9904.21028700471,9976.12128700471,71.911,done,
966,5.857887575586256,9119.268132157078,9911.893607005475,9976.587607005475,64.694,done,
967,48.269778735351984,9128.27926667502,9921.627491004763,9976.677491004762,55.05,error,
968,7.045397474493683,9137.290401192962,9931.995266005397,10029.077266005397,97.082,done,
969,6.611608250201639,9146.301535710903,9942.333177007737,10029.766177007737,87.433,done,
970,6.642836413388792,9155.312670228845,10024.627372004092,10081.949372004092,57.322,error,
971,48.71591613484256,9164.323804746786,9952.647634007037,10029.263634007037,76.616,done,
972,46.414880205068656,9173.334939264729,9962.971498005092,10029.514498005092,66.543,done,
973,46.90995901169269,9182.34607378267,9973.305209003389,10029.945209003388,56.64,error,
974,5.566499335635077,9191.357208300611,9983.242902003229,10081.395902003229,98.153,done,
975,5.984547392945192,9200.368342818552,10056.22229000926,10127.79829000926,71.576,done,
976,47.45910225586634,9209.379477336495,9993.623306006191,10081.743306006192,88.12,done,
977,45.08703266863762,9218.390611854436,10004.003953002391,10081.974953002391,77.971,done,
978,5.738328193684965,9228.302859824173,10014.324723005297,10082.268723005296,67.944,done,
979,6.6014584313967415,9238.215107793909,10035.43066200614,10127.48366200614,92.053,done,
980,6.328297060106965,9248.127355763643,10118.854629002512,10182.739629002512,63.885,error,
981,42.0064585434606,9258.03960373338,10045.859601005912,10127.938601005912,82.079,done,
982,6.3075770109278055,9267.951851703116,10066.601272009311,10128.28527200931,61.684,done,
983,6.418587127734448,9277.864099672852,10076.9746870026,10182.2626870026,105.288,done,
984,48.36607283211348,9287.776347642588,10128.913061007856,10182.833061007856,53.92,error,
985,49.278512619646726,9297.688595612324,10166.160679005086,10239.901679005086,73.741,done,
986,45.62773086713276,9307.60084358206,10087.929137006402,10182.499137006402,94.57,done,
987,6.98152182193205,9317.513091551797,10098.254616007209,10182.71361600721,84.459,done,
988,48.22634527506763,9324.593268673038,10108.555433005096,10183.025433005096,74.47,done,
989,6.554724223436909,9331.673445794277,10136.437846004965,10239.668846004965,103.231,done,
990,49.25146198538304,9338.753622915516,10143.7666670084,10240.0086670084,96.242,done,
991,46.40437617861944,9345.833800036757,10151.111662007868,10240.556662007868,89.445,done,
992,6.425904192754922,9352.913977157998,10158.469513997436,10240.214513997436,81.745,done,
993,45.78563639451724,9359.994154279237,10173.903750002384,10240.398750002385,66.495,done,
994,45.59606325171358,9367.074331400476,10181.717302009463,10240.670302009463,58.953,error,
995,46.69685699866802,9374.154508521717,10189.812459997833,10291.719459997832,101.907,done,
996,7.376790109693662,9381.234685642958,10197.458301007748,10292.267301007747,94.809,done,
997,5.808660140894376,9388.314862764197,10204.9925930053,10292.434593005299,87.442,done,
998,47.27208789466751,9395.395039885436,10212.528146006169,10292.551146006168,80.023,done,
