# {"debug": false, "pause": false, "output": "/users/pleple/DynWork/log/worldcup/LenScale_0.1/summarization/bart_cnn/1.2_x_P99/clipper", "slo_us": 899000, "batch_size": 8, "reqs": "/users/pleple/DynWork/log/worldcup/LenScale_0.1/summarization/bart_cnn/jobs.csv", "latencies": "/users/pleple/DynWork/log/worldcup/LenScale_0.1/summarization/bart_cnn/latencies.csv"}
JobId,Length,Admitted,Started,Finished,Latency,State,EName
0,370.63735779956914,0.0,3.665842995047569,376.94403798982967,373.2781949947821,done,
1,416.823375003878,1068.9615090112716,1072.7151120007038,1492.3065399996703,419.59142799896654,done,
2,284.95149439550005,2137.923018022543,2141.686594992876,2428.7588899811963,287.0722949883202,done,
3,310.55751579697244,3206.8845270338147,3210.6506839990616,3522.6841890034266,312.033505004365,done,
4,699.9297178001143,4275.846036045086,4279.6174670010805,4982.058178001316,702.4407110002358,done,
5,311.7628794978373,5344.807545056357,5348.581486001611,5662.618038010085,314.03655200847425,done,
6,208.43887149821967,6413.769054067629,6417.544833004475,6628.180812009494,210.6359790050192,done,
7,298.41546029783785,7482.730563078901,7486.52157600224,7786.592283004546,300.0707070023054,done,
8,295.32531849690724,8551.692072090173,8555.487337991595,8852.39365799143,296.9063199998345,done,
9,275.4935683973599,9620.653581101444,9624.450956001878,9902.01733698987,277.5663809879916,done,
10,491.8244583997876,10689.615090112717,10693.414512991903,11186.593916994052,493.1794040021487,done,
11,317.65918679884635,11758.576599123988,11762.3779899925,12081.659925000393,319.2819350078935,done,
12,304.54427039949223,12827.53810813526,12831.352698996663,13138.53603899933,307.1833400026662,done,
13,376.7371210968122,13896.49961714653,13900.316035985948,14278.311846981293,377.9958109953441,done,
14,547.5295316020492,14965.461126157805,14969.282829999924,15518.157990005915,548.8751600059913,done,
15,391.7823957977817,16034.422635169074,16038.246988996863,16431.523835993605,393.27684699674137,done,
16,552.4370846978854,17103.384144180345,17107.21106800437,17661.42958500958,554.2185170052107,done,
17,335.98554600030184,18172.345653191616,18176.174404993653,18513.966693985858,337.7922889922047,done,
18,308.1061756995041,19241.307162202887,19245.13834299147,19554.774817985948,309.6364749944769,done,
19,611.3996728963684,20310.26867121416,20314.10224199295,20927.199707997497,613.0974660045467,done,
20,308.7464321986772,21379.23018022543,21383.06551900506,21693.199523006217,310.1340040011564,done,
21,304.0698743017856,22448.191689236704,22452.02930700779,22758.412827998283,306.3835209904937,done,
22,461.3506828027312,23517.153198247976,23520.99284499884,23983.860549000678,462.8677040018374,done,
23,456.98415700462647,24586.114707259247,24589.956623002887,25048.717223001528,458.7605999986408,done,
24,329.24259629799053,25655.07621627052,25658.935698986053,25991.113199983258,332.17750099720433,done,
25,340.6840150011704,26724.03772528179,26727.914956003428,27070.61129300366,342.69633700023405,done,
26,499.7381393972319,27792.99923429306,27796.87813399732,28298.68645999022,501.8083259928972,done,
27,337.70947080338374,28861.96074330433,28865.8420419991,29205.544473999296,339.7024320001947,done,
28,332.8833179024514,29930.92225231561,29934.805549010634,30269.878379009897,335.07282999926247,done,
29,377.5835565000307,30999.88376132688,31003.769077003,31382.952767997976,379.183690994978,done,
30,302.9617877036799,32068.845270338148,32072.733415991068,32377.58195298561,304.84853699454106,done,
31,557.7052831999026,33137.80677934942,33141.69680300355,33701.52156199864,559.8247589950915,done,
32,351.1835040000733,34206.76828836069,34210.66055099666,34563.664052990614,353.00350199395325,done,
33,487.6861202996224,35275.72979737196,35279.62437899411,35769.201940989355,489.5775619952474,done,
34,363.5235535970424,36344.69130638323,36348.58782599866,36714.206317995086,365.6184919964289,done,
35,425.4651575000025,37413.6528153945,37417.55141399801,37844.722276005195,427.1708620071877,done,
36,244.80625110445544,38482.614324405775,38486.51490199566,38733.3154669964,246.80056500073988,done,
37,543.7817757017912,39551.575833417046,39555.47838900983,40101.25328301964,545.7748940098099,done,
38,413.3230287989136,40620.53734242832,40624.441996991634,41039.29410899943,414.852112007793,done,
39,193.75765610020608,41689.49885143959,41693.40575399995,41888.4825729999,195.0768189999508,done,
40,397.6494050002657,42758.46036045086,42762.36966300011,43161.98150500376,399.61184200365096,done,
41,281.00478089763783,43827.42186946214,43831.33336099982,44114.245392005076,282.9120310052531,done,
42,692.2507166978903,44896.38337847341,44900.29693800211,45594.75868299382,694.4617449917132,done,
43,578.6704098049086,45965.34488748468,45969.26054599881,46549.33976799494,580.0792219961295,done,
44,434.182944195345,47034.30639649595,47038.22885200381,47474.45680199482,436.22794999100734,done,
45,277.1930123970378,48103.26790550722,48107.19204899669,48385.99303699902,278.800988002331,done,
46,403.2287998008542,49172.22941451849,49176.15509599447,49580.74351299903,404.58841700456105,done,
47,210.7685494993348,50241.19092352976,50245.11850300431,50457.425402008346,212.30689900403377,done,
48,527.3394577961881,51310.15243254104,51314.095054998994,51843.58035199542,529.4852969964268,done,
49,260.4591233015526,52379.11394155231,52383.05852200091,52645.598396996036,262.5398749951273,done,
50,390.6314985011704,53448.07545056358,53452.025035992265,53844.55384199042,392.528805998154,done,
51,276.5724399010651,54517.03695957485,54520.98889398575,54799.93310198141,278.9442079956643,done,
52,562.7185194985941,55585.99846858612,55589.95205999911,56154.02073998796,564.0686799888499,done,
53,450.4481295996811,56654.95997759739,56658.91549798846,57111.66338999476,452.7478920063004,done,
54,308.3224641974084,57723.92148660866,57727.87918500602,58037.45316201297,309.5739770069485,done,
55,472.3031520959921,58792.88299561993,58796.84271200001,59270.811030998244,473.9683189982316,done,
56,428.2746637996752,59861.84450463121,59865.80946600437,60295.694094993756,429.8846289893845,done,
57,463.9995859994088,60930.80601364248,60934.77240200341,61400.329238006496,465.5568360030884,done,
58,340.8058283966966,61999.76752265376,62003.73588000238,62345.96891300916,342.233033006778,done,
59,386.4558079047129,63068.72903166503,63072.69955798984,63460.71118598048,388.011627990636,done,
60,402.40767060313374,64137.690540676296,64141.66300499439,64545.87344998529,404.2104449908948,done,
61,502.8939031006303,65206.65204968757,65210.62640200555,65715.77330401645,505.1469020108925,done,
62,277.93740580091253,66275.61355869884,66279.58997899294,66559.62076598406,280.0307869911194,done,
63,383.7162145995535,67344.5750677101,67348.55356699228,67733.89928799844,385.3457210061606,done,
64,300.9689191007056,68413.53657672138,68417.51715400815,68719.77057700488,302.2534229967277,done,
65,438.04204820189625,69482.49808573266,69486.48033100367,69926.20453500317,439.7242039995035,done,
66,365.3871376009192,70551.45959474392,70555.44379799068,70922.70073900255,367.256941011874,done,
67,388.9401946973521,71620.4211037552,71624.40693499148,72015.66762999492,391.26069500343874,done,
68,259.4582751044072,72689.38261276647,72693.37009099126,72954.84175198816,261.4716609969037,done,
69,361.9224619003944,73758.34412177774,73762.3334890008,74126.2890840075,363.9555950067006,done,
70,217.1619799977634,74827.30563078901,74831.2968659997,75050.4255099917,219.1286439920077,done,
71,228.34718610392883,75896.26713980029,75900.2677769959,76130.3434639913,230.0756869954057,done,
72,487.5522949034348,76965.22864881155,76969.23165500164,77458.89690199227,489.66524699062575,done,
73,418.2077996025328,78034.19015782283,78038.19519200921,78457.54106700339,419.3458749941783,done,
74,408.0363866989501,79103.15166683409,79107.15900100768,79516.92592401814,409.7669230104657,done,
75,453.9014552021399,80172.11317584537,80176.12252800167,80631.43502600281,455.3124980011489,done,
76,419.8363763047382,81241.07468485663,81245.10519099236,81666.78309299855,421.6779020061949,done,
77,257.88919500191696,82310.03619386791,82314.0723350048,82573.76434000302,259.6920049982145,done,
78,329.5713495987002,83378.99770287918,83383.03589300811,83713.66091600247,330.6250229943544,done,
79,316.211131302407,84447.95921189045,84451.99920000136,84769.75895300251,317.75975300115533,done,
80,960.0620250042994,85516.92072090172,85520.97427900136,86419.68821400788,898.7139350065263,past_due,
81,278.7188044982031,86585.882229913,86589.93755599856,86870.30358500686,280.36602900829166,done,
82,281.2686630990356,87654.84373892428,87658.90097300708,87941.767739014,282.8667660069186,done,
83,293.9663697965443,88723.80524793554,88727.8646299988,89023.42715600622,295.5625260074157,done,
84,354.0254149993416,89792.76675694682,89796.82775700092,90152.93537400174,356.1076170008164,done,
85,330.66035929950885,90861.72826595808,90865.79107300936,91197.96631000504,332.1752369956812,done,
86,315.6037427019328,91930.68977496936,91934.75454100966,92252.27019400022,317.51565299055073,done,
87,492.7162556967232,92999.65128398062,93003.7181379944,93498.39502599799,494.6768880035961,done,
88,265.7335521944333,94068.6127929919,94072.68103399871,94340.52791699684,267.8468829981284,done,
89,255.8819055964705,94603.09354749753,94607.1636340022,94864.87008501367,257.70645101147244,done,
90,385.3624063020106,95137.57430200317,95141.6461649984,95529.09174599846,387.44558100006543,done,
91,316.53451090096496,95672.0550565088,95676.12871399522,95993.71379800048,317.585084005259,done,
92,317.0283609011676,96206.53581101444,96210.61117500068,96529.4809909945,318.86981599382125,done,
93,252.283890300896,96741.01656552008,96745.09385499358,96999.43321600393,254.33936101035212,done,
94,263.4428543969989,97275.49732002572,97279.57604500651,97544.9340240123,265.3579790057847,done,
95,304.2904883972369,97631.81782302949,97635.89812500776,97941.41982099881,305.5216959910467,done,
96,270.571154600475,97988.13832603322,97992.22000600398,98264.13444900513,271.9144430011511,done,
97,746.2602807965595,98344.458829037,98348.5419459939,99096.3099699911,747.768023997196,done,
98,714.3969237979036,98700.77933204074,98704.86401700974,99605.5158680093,900.6518509995658,past_due,
99,272.3243499000091,99057.0998350445,99061.1864989996,99960.09275799675,898.9062589971581,past_due,
100,306.19104169891216,99413.42033804824,99417.5087299943,100316.09225900203,898.5835290077375,past_due,
101,408.95333089865744,99769.740841052,99773.83113099636,100522.73930599181,748.9081749954494,done,
102,241.98040349874643,100126.06134405576,100130.15361300112,100952.09826400586,821.9446510047419,done,
103,337.63630620087497,100482.38184705951,100486.4758040011,100952.22879999608,465.75299599498976,done,
104,450.9336339018773,100749.62222431236,100753.71789498629,101404.53172198638,650.8138270000927,done,
105,509.337418602081,101016.86260156515,101020.9604279995,101919.54792500893,898.5874970094301,past_due,
106,352.9762968013529,101284.10297881796,101288.20241899788,102051.44113700348,763.2387180055957,done,
107,247.4315910018049,101551.3433560708,101555.4442500025,102453.9901990093,898.5459490068024,past_due,
108,708.6736935016233,101818.5837333236,101822.68605099618,102721.63822600071,898.9521750045242,past_due,
109,210.27951129944995,102085.82411057645,102089.9284029901,102988.49259599496,898.5641930048587,past_due,
110,614.4029057002626,102353.06448782924,102357.17138700189,103255.7285960042,898.5572090023197,past_due,
111,378.41200859984383,102620.30486508209,102624.41319699584,103522.95258400564,898.5393870098051,past_due,
112,479.1382756025996,102887.54524233488,102891.655520007,103790.3369049985,898.6813849915052,past_due,
113,249.93121650186367,103154.78561958772,103158.89767199756,104057.45973099316,898.5620589955943,past_due,
114,512.7704762038775,103422.02599684052,103426.1399229914,104324.68306698557,898.5431439941749,past_due,
115,339.5692545978818,103689.26637409336,103693.38220499456,104591.9275129895,898.5453079949366,past_due,
116,344.9946617009118,103956.50675134615,103960.62481799722,104847.6342819978,887.0094640005846,done,
117,468.54606379638426,104223.74712859896,104227.86734099686,105126.44174298516,898.5744019882986,past_due,
118,468.1446753034834,104490.9875058518,104495.10943201184,105393.664678019,898.5552460071631,past_due,
119,287.78565480024554,104758.2278831046,104762.351624012,105567.99619701551,805.6445730035193,done,
120,641.6877112002112,105025.46826035743,105029.5937550068,105928.13757901198,898.5438240051735,past_due,
121,327.5806739984546,105292.70863761024,105296.8355460018,106195.3659760022,898.5304300003918,past_due,
122,366.9503284967504,105559.94901486309,105564.07752799988,106462.6174249961,898.5398969962262,past_due,
123,569.9052773008589,105827.18939211588,105831.31953899562,106729.9103730066,898.5908340109745,past_due,
124,656.0892400972081,106040.98169391816,106045.113913998,106943.67471099329,898.560796995298,past_due,
125,373.7486885045655,106254.7739957204,106258.90761700273,107157.46471699665,898.5570999939227,past_due,
126,457.52146950108,106468.56629752264,106472.70154099166,107371.23152998171,898.5299889900489,past_due,
127,348.4720579988789,106682.3585993249,106686.49541398884,107585.5258969965,899.0304830076639,past_due,
128,464.0647501975764,106896.15090112716,106900.28955900668,107798.85922200371,898.5696629970334,past_due,
129,221.61776360007931,107109.9432029294,107114.08382299542,108012.64166398742,898.5578409919981,past_due,
130,311.38642479782004,107323.73550473168,107327.87776699662,108226.43235198304,898.5545849864138,past_due,
131,379.504044202622,107537.52780653392,107541.67179100215,108440.30488499731,898.6330939951586,past_due,
132,299.5844686985947,107751.32010833618,107755.46613499522,108654.0350969974,898.5689620021731,past_due,
133,340.3733554005157,107965.11241013843,107969.26038999856,108867.8306039893,898.5702139907517,past_due,
134,274.9986967013683,108143.27266164032,108147.42245200276,109045.97392100212,898.5514689993579,past_due,
135,394.2102199012879,108321.43291314218,108325.58426399528,109224.11294098465,898.5286769893719,past_due,
136,320.7792826986406,108499.59316464406,108503.74654600024,109391.97604100197,888.229495001724,done,
137,407.8977052995469,108677.75341614596,108681.90875899792,109580.45001899928,898.541260001366,past_due,
138,469.7812839993276,108855.91366764782,108860.07081200182,109759.60088599345,899.5300739916274,past_due,
139,344.23232530243695,109034.0739191497,109038.23310399055,109936.77489499131,898.5417910007527,past_due,
140,356.4590427966323,109247.86622095195,109252.02746801078,110150.60101900308,898.5735509922961,past_due,
141,511.35603299480863,109461.6585227542,109465.8217729926,110364.40010198984,898.578328997246,past_due,
142,254.4000043009873,109675.45082455646,109679.6159979999,110578.16109500662,898.5450970067177,past_due,
143,485.0412473024335,109889.24312635872,109893.42253500225,110791.97240199581,898.5498669935623,past_due,
144,463.5386415000539,110103.03542816098,110107.21662899852,111005.75497400388,898.5383450053632,past_due,
145,417.6503757014871,110281.19567966284,110285.37881200016,111183.93192399805,898.5531119978987,past_due,
146,331.311916798586,110459.35593116473,110463.54054298995,111362.07447898328,898.5339359933278,past_due,
147,308.9285039983224,110637.51618266662,110641.70224499702,111540.22908799397,898.5268429969437,past_due,
148,424.11981290206313,110815.67643416848,110819.86448700726,111718.40077800979,898.5362910025287,past_due,
149,379.6344004978892,110993.83668567037,110998.02665999532,111896.58236799669,898.5557080013677,past_due,
150,338.57751640025526,111171.99693717224,111176.1885920018,112074.75084199128,898.5622499894816,past_due,
151,325.15616380260326,111350.15718867411,111354.35030400752,112252.88942901009,898.5391250025714,past_due,
152,429.53378499951214,111528.317440176,111532.51239599288,112431.0380759862,898.5256799933268,past_due,
153,450.24504699977126,111706.47769167788,111710.67431800067,112609.22614800395,898.5518300032709,past_due,
154,306.52990550152026,111884.63794317975,111888.8368410021,112787.45416499942,898.6173239973141,past_due,
155,326.6749463044107,112062.79819468164,112066.9989039898,112965.59431598966,898.5954119998496,past_due,
156,285.7397796993609,112240.95844618352,112245.1613969952,113143.72994799308,898.5685509978794,past_due,
157,517.8100453980733,112454.75074798576,112458.95566099882,113357.54023300053,898.5845720017096,past_due,
158,404.553084197687,112668.54304978804,112672.750285998,113571.41234399426,898.6620579962619,past_due,
159,371.48272990016267,112882.33535159029,112886.54476098716,113785.15423998877,898.6094790016068,past_due,
160,433.33207049872726,113096.12765339253,113100.33881500363,113998.9461099956,898.6072949919617,past_due,
161,348.8751390017569,113309.91995519478,113314.13331000508,114212.71108800861,898.5777780035278,past_due,
162,387.7174496999942,113488.08020669666,113492.29591299592,114390.8792329945,898.5833199985791,past_due,
163,300.1660121022724,113666.24045819856,113670.45828600228,114569.02183799527,898.5635519929929,past_due,
164,363.3802572032437,113844.40070970042,113848.62063899636,114747.16721898876,898.5465799923986,past_due,
165,327.70715869846754,114022.5609612023,114026.78243100645,114925.35818600272,898.5757549962727,past_due,
166,252.52262630383484,114200.7212127042,114204.94482401012,115103.51615000002,898.5713259899057,past_due,
167,362.8390397003386,114378.88146420606,114383.10688599944,115281.65730400127,898.5504180018324,past_due,
168,309.19333749916404,114592.67376600832,114596.90118099748,115461.46493900228,864.563758004806,done,
169,585.8265781018417,114806.46606781056,114810.69542500377,115709.26221200393,898.5667870001635,past_due,
170,355.9863115020562,115020.2583696128,115024.48995999992,115923.12919400109,898.6392340011662,past_due,
171,328.685780899832,115234.05067141508,115238.28385299444,116136.82895999833,898.5451070038835,past_due,
172,361.01132559706457,115447.84297321732,115452.07829800248,116350.68231700908,898.6040190065978,past_due,
173,390.775711502647,115661.63527501958,115665.8723320067,116564.43869900948,898.5663670027861,past_due,
174,362.2300527000334,115875.42757682184,115879.66666699946,116778.22654099588,898.5598739964189,past_due,
175,246.9432254962157,116089.21987862408,116093.46094100176,116992.01413300609,898.5531920043286,past_due,
176,514.0906373038888,116303.01218042636,116307.25499498844,117205.81594198488,898.5609469964402,past_due,
177,463.2558154989965,116516.8044822286,116521.04902899264,117419.61947399504,898.5704450024059,past_due,
178,379.72687439760193,116694.96473373048,116699.211492002,117597.74585798987,898.5343659878708,past_due,
179,862.8240788006224,116873.12498523237,116877.37371499836,117775.92802998854,898.5543149901787,past_due,
180,272.90734000271186,117051.28523673424,117055.53584699333,117954.09723498556,898.5613879922312,past_due,
181,446.70374609995633,117229.44548823612,117233.69786900282,118132.23468100757,898.5368120047497,past_due,
182,558.486876997631,117407.605739738,117411.86039200424,118310.44770900648,898.5873170022387,past_due,
183,384.8061887023505,117585.76599123988,117590.0222750008,118488.57560799863,898.5533329978352,past_due,
184,481.7950283002574,117738.47477824148,117742.73307301104,118641.30886700645,898.5757939954055,past_due,
185,411.6113210038748,117891.18356524307,117895.44359099864,118793.99263599816,898.5490449995268,past_due,
186,178.9307064958848,118043.8923522447,118048.15429000556,118946.73895100679,898.5846610012231,past_due,
187,418.2695710973349,118196.60113924633,118200.86529900134,119099.41028499149,898.5449859901564,past_due,
188,794.922609301284,118349.30992624792,118353.57637800276,119252.14273499383,898.5663569910685,past_due,
189,403.6653316987213,118502.01871324952,118506.2868359983,119404.8304490007,898.5436130024027,past_due,
190,268.58545239665546,118654.72750025116,118658.99753399192,119557.58765599223,898.5901220003143,past_due,
191,330.6741596956272,118832.88775175302,118837.15944500268,119735.69476401003,898.5353190073511,past_due,
192,412.5706554972567,119011.04800325492,119015.32202899456,119913.85946198774,898.5374329931801,past_due,
193,397.0491669024341,119189.20825475678,119193.48415100574,120092.0318429973,898.5476919915527,past_due,
194,322.8840949013829,119367.36850625866,119371.64651399852,120270.2351529986,898.5886390000815,past_due,
195,471.0785984003451,119545.52875776056,119549.80978900194,120448.39446100441,898.584672002471,past_due,
196,425.8927497023251,119723.68900926242,119727.9716309905,120626.52846999583,898.5568390053231,past_due,
197,393.1748580012936,119876.39779626403,119880.68218898772,120779.32014099426,898.6379520065384,past_due,
198,433.5498623026069,120029.10658326565,120033.39266701044,120931.93707300491,898.5444059944712,past_due,
199,419.8153231991455,120181.81537026726,120186.10333500804,121084.68288700645,898.5795519984094,past_due,
200,435.00603919965215,120334.52415726884,120338.81415399908,121237.35063499141,898.536480992334,past_due,
201,379.1006201005075,120487.23294427046,120491.5246219933,121390.0910999981,898.5664780047955,past_due,
202,362.4753918964416,120639.94173127208,120644.2353899926,121542.78301198944,898.5476219968405,past_due,
203,301.22339809895493,120792.65051827367,120796.94620899856,121695.4914269899,898.5452179913409,past_due,
204,427.28951369645074,120945.3593052753,120949.65700699388,121848.2040179849,898.5470109910239,past_due,
205,290.17993439920247,121098.06809227692,121102.36717499793,122000.92222098901,898.5550459910883,past_due,
206,160.64398430171426,121250.77687927852,121255.07777300476,122153.61519600077,898.5374229960144,past_due,
207,494.7905601991806,121403.48566628012,121407.78821100296,122306.33340801044,898.5451970074791,past_due,
208,436.9100593030453,121556.19445328174,121560.52268400788,122459.07394201902,898.551258011139,past_due,
209,667.4168433004525,121708.90324028335,121713.24211899936,122611.77914999588,898.5370309965219,past_due,
210,377.0734568999615,121861.61202728497,121865.95243699849,122764.53172799374,898.5792909952579,past_due,
211,413.4969570965041,122014.32081428658,122018.66285400093,122917.21817999997,898.5553259990411,past_due,
212,421.9925549987238,122167.0296012882,122171.37325200438,123069.90881100192,898.535558997537,past_due,
213,461.3051294989418,122319.7383882898,122324.08359999956,123222.62779500581,898.5441950062523,past_due,
214,472.8065962030087,122472.4471752914,122476.79427799582,123375.34298098169,898.5487029858632,past_due,
215,468.3852712041698,122625.155962293,122629.50477600098,123528.05991201021,898.5551360092359,past_due,
216,312.8605742007494,122777.86474929462,122782.21520400047,123680.78654999926,898.5713459987892,past_due,
217,448.6861263983883,122930.57353629624,122934.92563199995,123833.48793100029,898.5622990003321,past_due,
218,438.8696398003958,123083.28232329784,123087.6363710016,123986.22672299494,898.5903519933345,past_due,
219,335.14700739760883,123235.99111029944,123240.34683799744,124138.89399900415,898.5471610067179,past_due,
220,275.0111258996185,123388.69989730106,123393.05747699738,124291.5930149965,898.5355379991233,past_due,
221,332.9530381015502,123541.40868430267,123545.76783399284,124444.32365098805,898.5558169952128,past_due,
222,403.5641125985421,123694.11747130429,123698.4781319946,124597.04129399627,898.5631620016648,past_due,
223,417.92756950017065,123846.8262583059,123851.18838898838,124749.73116199602,898.5427730076481,past_due,
224,298.9772944012657,123999.53504530752,124003.8991380036,124902.43742200734,898.5382840037346,past_due,
225,289.0656093019061,124152.24383230912,124156.60936500132,125055.15604499448,898.5466799931601,past_due,
226,388.13883619732223,124304.95261931072,124309.31974300742,125207.85963099601,898.5398879885906,past_due,
227,519.2559568968136,124457.66140631234,124462.0302809924,125360.5904470021,898.5601660097018,past_due,
228,472.4714023002889,124610.37019331394,124614.74081899226,125513.29928098724,898.5584619949805,past_due,
229,389.1072742000688,124763.07898031556,124767.45113700628,125665.98570500384,898.534567997558,past_due,
230,310.5372585006989,124915.78776731716,124920.16203600168,125818.73707000876,898.5750340070808,past_due,
231,230.86394619895145,125068.49655431876,125072.87239299716,125971.40814300314,898.5357500059763,past_due,
232,573.1088263972197,125221.20534132038,125225.58295100927,126124.1444290051,898.5614779958269,past_due,
233,363.9245579019189,125373.914128322,125378.29347899556,126276.84518898919,898.551709993626,past_due,
234,436.3622075994499,125526.6229153236,125531.00419799984,126429.53869501315,898.5344970133156,past_due,
235,485.1671440002974,125679.33170232522,125683.7145959884,126582.31017799827,898.5955820098752,past_due,
236,399.6797616011463,125832.04048932684,125836.42543400824,126734.99535800843,898.569924000185,past_due,
237,193.54481089976616,125984.74927632844,125989.13598300517,126887.6664920079,898.5305090027396,past_due,
238,345.743583602598,126137.45806333004,126141.84626999496,127040.38617698835,898.5399069933919,past_due,
239,521.5782263956498,126290.16685033166,126294.5569179952,127193.09164600562,898.5347280104179,past_due,
240,318.5292945010588,126442.87563733329,126447.26736599208,127345.80995798846,898.5425919963745,past_due,
241,315.0866233976558,126595.58442433488,126599.97822500764,127498.57079101667,898.5925660090288,past_due,
242,275.4246673954185,126748.29321133648,126752.68868298829,127651.2257549921,898.537072003819,past_due,
243,426.8959212990012,126901.00199833808,126905.3988699913,127803.95310398552,898.5542339942185,past_due,
244,269.47020029765554,127053.7107853397,127058.1093879938,127956.7333939832,898.6240059894044,past_due,
245,348.754036903847,127206.41957234131,127210.82021699846,128109.36090601177,898.5406890133163,past_due,
246,362.4925082025584,127359.12835934293,127363.54278700054,128262.47776898998,898.9349819894414,past_due,
247,304.52958419919014,127511.83714634454,127516.25354599953,128414.81553600449,898.5619900049642,past_due,
248,449.2865053995047,127664.54593334616,127668.96371299028,128567.50497299165,898.541260001366,past_due,
249,373.3905857952777,127817.25472034776,127821.67424099147,128720.31513900415,898.6408980126726,past_due,
250,346.1323226976674,127969.96350734936,127974.384980008,128872.945927019,898.5609470109921,past_due,
251,446.3401155953761,128122.67229435098,128127.09541800618,129025.68027999846,898.5848619922763,past_due,
252,615.3800809988752,128275.3810813526,128279.80577500165,129178.33875999821,898.5329849965638,past_due,
253,321.86427440028643,128428.0898683542,128432.5161730051,129331.064787006,898.5486140009016,past_due,
254,546.1867384961806,128580.7986553558,128585.22695200144,129483.76276199041,898.5358099889709,past_due,
255,210.3989016963169,128733.50744235744,128737.93738000096,129636.48019299727,898.5428129963111,past_due,
256,252.6008423010353,128886.21622935902,128890.64809799194,129789.19229398773,898.5441959957825,past_due,
257,400.5068814032711,129038.92501636063,129043.35899700224,129941.88915600232,898.5301590000745,past_due,
258,353.89011389925145,129191.63380336225,129196.06934399904,130094.61411099743,898.5447669983841,past_due,
259,298.02696589613333,129344.34259036386,129348.78927999736,130247.33193299537,898.5426529980032,past_due,
260,435.5145815992728,129497.05137736548,129501.49979799986,130400.03005800478,898.5302600049181,past_due,
261,325.12301450478844,129649.76016436708,129654.21013599634,130552.73469399335,898.5245579970069,past_due,
262,299.05972180422395,129802.46895136868,129806.9209549874,130705.46090199857,898.5399470111588,past_due,
263,291.7605758004356,129955.1777383703,129959.6314330101,130858.18104800815,898.5496149980463,past_due,
264,369.3602858984377,130107.88652537193,130112.34179000556,131010.88122599712,898.5394359915517,past_due,
265,616.7204471013974,130260.59531237352,130265.052098006,131163.72995500208,898.6778569960734,past_due,
266,342.0944938028697,130413.30409937512,130417.76274599136,131316.27509100246,898.5123450111132,past_due,
267,200.6216089008376,130591.464350877,130595.9246979952,131494.46180998767,898.5371119924821,past_due,
268,497.4655795958825,130769.62460237888,130774.08652000128,131672.65080300975,898.5642830084544,past_due,
269,433.09496229630895,130947.78485388076,130952.24868300556,131850.78559499653,898.5369119909592,past_due,
270,463.3242295996752,131125.94510538265,131130.4109250009,132029.0227269975,898.6118019965943,past_due,
271,335.9086134005338,131304.1053568845,131308.5833169967,132207.14884300064,898.5655260039493,past_due,
272,406.71095619909465,131482.2656083864,131486.7449579984,132385.2856669915,898.5407089930959,past_due,
273,443.43296849983744,131634.974395388,131639.4554760009,132537.99135599914,898.535879998235,past_due,
274,479.6673400967848,131787.68318238962,131792.1658139974,132690.7809139964,898.6150999990059,past_due,
275,377.28478069766425,131940.39196939123,131944.87610200047,132843.4316189934,898.5555169929285,past_due,
276,293.41177250025794,132093.10075639284,132097.58682999015,132996.19590799918,898.6090780090308,past_due,
277,316.68194599915296,132245.80954339445,132250.2974179983,133148.9035309964,898.6061129980953,past_due,
278,307.55075669731013,132398.51833039607,132403.00806699693,133301.58634698333,898.5782799863955,past_due,
279,343.1311394961085,132551.22711739768,132555.71887500584,133454.28692501038,898.5680500045419,past_due,
280,339.84198800171725,132703.9359043993,132708.4297439903,133606.99635198736,898.5666079970542,past_due,
281,465.1596220035572,132856.6446914009,132861.14016200602,133759.7307050078,898.5905430017738,past_due,
282,341.17563359905034,133009.3534784025,133013.85095000267,133912.43028200523,898.579332002555,past_due,
283,455.1352338981815,133162.06226540412,133166.56138800085,134065.1537240023,898.5923360014567,past_due,
284,339.7435097023845,133314.77105240573,133319.27175599337,134217.82125099632,898.5494950029533,past_due,
285,543.7794787983876,133467.47983940734,133471.98246400058,134370.53493399709,898.5524699965026,past_due,
286,254.4764304009732,133620.18862640896,133624.69309300184,134523.27508900897,898.581996007124,past_due,
287,274.48880380252376,133772.89741341057,133777.4036410004,134675.9877010075,898.5840600071242,past_due,
288,231.22668890282512,133925.60620041218,133930.11450000107,134828.71047200228,898.5959720012033,past_due,
289,420.288903801702,134078.3149874138,134082.82545800507,134981.4039779962,898.5785199911334,past_due,
290,324.7742075996939,134231.02377441537,134235.5361469984,135134.11585899512,898.5797119967174,past_due,
291,515.5828977003694,134383.73256141698,134388.24650399387,135286.8547599943,898.6082560004434,past_due,
292,203.8525877986104,134536.4413484186,134540.95699200034,135439.52053399617,898.5635419958271,past_due,
293,493.7971139035653,134689.1501354202,134693.66768100858,135592.2467620197,898.5790810111212,past_due,
294,371.0760093992576,134841.85892242182,134846.3779679984,135744.9459479937,898.5679799952777,past_due,
295,278.3456547011156,134994.56770942343,134999.0888170004,135897.8082029943,898.7193859938998,past_due,
296,332.0988065970596,135147.27649642504,135151.799665004,136050.3916410056,898.5919760016259,past_due,
297,415.3077912982553,135299.98528342665,135304.51046399772,136203.10755899933,898.5970950016053,past_due,
298,356.1842120019719,135452.69407042826,135457.2210520059,136355.77972500364,898.5586729977513,past_due,
299,299.1749557026196,135605.40285742987,135609.93122899532,136508.48000299453,898.5487739992095,past_due,
300,675.689024903113,135758.11164443148,135762.6416170001,136661.18141399557,898.5397969954647,past_due,
301,237.7884132962208,135891.7318330579,135896.26327899098,136796.38521998934,900.1219409983605,past_due,
302,415.725220303284,136025.3520216843,136029.88566300273,136928.45443500055,898.5687719978159,past_due,
303,273.6569837026764,136158.97221031072,136163.50781600177,137062.07276999904,898.5649539972655,past_due,
304,653.7721013999544,136292.59239893712,136297.12975800037,137195.6882510055,898.5584930051118,past_due,
305,616.3303590961732,136426.21258756352,136430.75150999427,137329.32134399086,898.5698339965893,past_due,
306,517.4468406010419,136559.83277618996,136564.3737129867,137462.93405898905,898.5603460023412,past_due,
307,278.81818439927883,136693.45296481636,136697.9959859997,137596.544028998,898.5480429982999,past_due,
308,255.6774338998366,136827.07315344276,136831.61794899404,137730.1683360003,898.550387006253,past_due,
309,545.8229593990836,136960.69334206916,136965.25580100715,137863.79618799547,898.5403869883157,past_due,
310,442.39028350566514,137094.31353069557,137098.87796398997,137997.41748099204,898.5395170020638,past_due,
311,274.84803189872764,137227.933719322,137232.49968600273,138131.04124701046,898.5415610077325,past_due,
312,457.63945460203104,137361.5539079484,137366.12195900083,138264.66184700397,898.5398880031426,past_due,
313,430.292153096525,137495.1740965748,137499.7438110113,138398.3309370051,898.5871259937994,past_due,
314,472.5405721052084,137628.79428520123,137633.3658440113,138531.9301770056,898.5643329942832,past_due,
315,466.6600416006986,137762.41447382764,137766.9877769947,138665.55293199758,898.5651550028706,past_due,
316,315.5482040019706,137896.03466245404,137900.61001999676,138799.2041489979,898.5941290011397,past_due,
317,297.1978062996641,138048.74344945565,138053.32037699223,138951.8563770001,898.5360000078799,past_due,
318,379.6852835046593,138201.45223645726,138206.03064399958,139104.61150900275,898.5808650031686,past_due,
319,242.9046943958383,138354.16102345887,138358.7416830063,139257.32589400408,898.5842109977966,past_due,
320,276.21495370403863,138506.86981046048,138511.45255199075,139410.03386800142,898.5813160106773,past_due,
321,243.2335908000823,138659.5785974621,138664.16283001006,139562.71820701356,898.555377003504,past_due,
322,331.83781140251085,138812.2873844637,138816.87324801087,139715.432703014,898.5594550031237,past_due,
323,322.6524032012094,138964.99617146532,138969.58356499672,139868.1550719979,898.5715070011793,past_due,
324,409.8704390984494,139117.70495846693,139122.2938130051,140020.8515040105,898.5576910054078,past_due,
325,617.2309588000644,139270.41374546854,139275.00455099344,140173.53535099083,898.5307999973884,past_due,
326,309.560555400094,139423.12253247015,139427.71512000263,140326.27491399262,898.559793989989,past_due,
327,366.3048171962146,139575.83131947173,139580.42578800023,140478.97820799635,898.5524199961219,past_due,
328,260.10457380325533,139728.54010647337,139733.13607500494,140631.70509700465,898.5690219997196,past_due,
329,755.0926140975207,139881.24889347496,139885.84633299708,140784.39698999957,898.5506570024882,past_due,
330,556.6328265005723,140033.95768047657,140038.5566010028,140937.1053540036,898.5487530007958,past_due,
331,267.4698251008522,140186.66646747818,140191.26725900173,141089.8319820019,898.5647230001632,past_due,
332,461.1461099993903,140339.3752544798,140343.97783699632,141242.5064129954,898.5285759990802,past_due,
333,368.7456050014589,140492.0840414814,140496.68866600096,141395.22859300324,898.5399270022754,past_due,
334,133.23436779901382,140644.792828483,140649.40994399786,141547.9895760027,898.5796320048394,past_due,
335,339.9175351019949,140797.50161548462,140802.1207820028,141700.68725900352,898.5664770007133,past_due,
336,367.6532772020437,140950.21040248623,140954.8310199976,141853.43006898672,898.5990489891265,past_due,
337,507.39663610002026,141102.91918948785,141107.5417879969,142006.06763900432,898.5258510074345,past_due,
338,495.2250161964912,141281.07944098974,141285.70359000564,142184.22983200848,898.5262420028448,past_due,
339,325.958205095958,141459.2396924916,141463.86531199515,142362.40602098824,898.5407089930959,past_due,
340,339.2867840011604,141637.39994399349,141642.02757500112,142540.56556799565,898.5379929945339,past_due,
341,387.69376310519874,141815.56019549537,141820.18975700438,142718.74108501023,898.5513280058512,past_due,
342,359.854004799854,141993.72044699723,141998.35149899125,142896.90877899237,898.5572800011141,past_due,
343,247.0930421026424,142171.88069849912,142176.51360100508,143026.4833990056,849.9697980005294,done,
344,539.7743905021343,142350.040950001,142354.67523300648,143253.23277300666,898.5575400001835,past_due,
345,749.7887452016585,142528.20120150287,142532.83720500767,143431.39213001414,898.554925006465,past_due,
346,340.2506252983585,142706.36145300476,142710.99929699302,143609.54442400578,898.5451270127669,past_due,
347,289.8562348971609,142884.52170450665,142889.16153000295,143787.74326700054,898.5817369975848,past_due,
348,454.5024697028566,143062.6819560085,143067.32372199,143965.8804910006,898.5567690106109,past_due,
349,207.07791509921665,143240.8422075104,143245.48578500748,144144.04536899878,898.5595839913003,past_due,
350,222.81543689896364,143454.63450931266,143459.27964800596,144357.81801201613,898.5383640101645,past_due,
351,315.1781508000568,143668.4268111149,143673.07358199358,144571.69372098614,898.6201389925554,past_due,
352,271.1911585996859,143882.21911291714,143886.86746500432,144785.44928100426,898.5818159999326,past_due,
353,346.2044953019358,144096.0114147194,144100.66177000105,144999.2182790126,898.5565090115415,past_due,
354,404.1032409993932,144309.80371652165,144314.45564299822,145107.97828800452,793.5226450063055,done,
355,240.13758840155788,144487.96396802354,144492.61750499904,145391.17047799705,898.5529729980044,past_due,
356,488.8396948983427,144666.1242195254,144670.7801489979,145569.34004399274,898.5598949948326,past_due,
357,270.17499079811387,144844.2844710273,144848.9424419999,145747.49356000707,898.5511180071626,past_due,
358,430.7760370022152,145022.44472252918,145027.10444399714,145925.65886799572,898.5544239985757,past_due,
359,348.3040830993559,145200.60497403104,145205.27845799923,146103.83376400394,898.5553060047096,past_due,
360,192.89579869946465,145378.76522553293,145383.44059099257,146281.98856299208,898.5479719995055,past_due,
361,374.7370871948078,145556.92547703482,145561.60267399251,146460.13731099525,898.53463700274,past_due,
362,312.2877341986168,145735.08572853668,145739.7644649893,146638.32766697963,898.5632019903278,past_due,
363,312.7525129006244,145913.24598003857,145917.92631700635,146766.6699430102,848.7436260038521,done,
364,314.9184086010792,146091.40623154046,146096.08830899,146994.65267199033,898.5643630003324,past_due,
365,457.4347237008624,146269.56648304232,146274.25020100176,147172.7862909987,898.5360899969237,past_due,
366,425.0940419966355,146447.7267345442,146452.41187299788,147351.03898499173,898.6271119938465,past_due,
367,362.9232650040649,146625.8869860461,146630.57368399203,147529.12650599936,898.552822007332,past_due,
368,454.3291444017086,146804.04723754796,146808.73546600342,147707.30712400982,898.5716580064036,past_due,
369,329.06946139992215,146982.20748904985,146986.89761899412,147885.49121699587,898.593598001753,past_due,
370,244.16077539790425,147160.36774055174,147165.0593609959,148063.60119199986,898.5418310039677,past_due,
371,374.1371584997978,147338.5279920536,147343.22162300348,148241.7607190041,898.5390960006043,past_due,
372,524.8955813003704,147516.6882435555,147521.38330499828,148419.9315779896,898.5482729913201,past_due,
373,423.18818959756754,147730.48054535774,147735.17759899795,148633.75199199317,898.574392995215,past_due,
374,355.4246329003945,147944.27284716,147948.97147201002,148847.52830100362,898.5568289936054,past_due,
375,362.8062592993956,148158.06514896225,148162.76571699977,149061.3037210101,898.5380040103337,past_due,
376,299.0882201003842,148371.85745076448,148376.56008198857,149275.10081998364,898.540737995063,past_due,
377,385.3476099029649,148585.64975256674,148590.35412599146,149375.13077799045,784.7766519989818,done,
378,378.219486301532,148799.442054369,148804.14827999473,149702.7005699986,898.5522900038632,past_due,
379,540.7863471948076,149013.23435617125,149017.9421930015,149916.57027699053,898.6280839890242,past_due,
380,645.4221200023312,149227.0266579735,149231.7364680022,150130.27720700135,898.5407389991451,past_due,
381,496.14429240464233,149440.81895977576,149445.5307420045,150344.09719899634,898.5664569918299,past_due,
382,401.6696587961633,149654.611261578,149659.32504600286,150557.87109501043,898.5460490075639,past_due,
383,318.4054291981738,149868.40356338027,149873.11904999614,150771.65670298517,898.5376529890345,past_due,
384,536.712075502146,150082.19586518253,150086.91350498796,150985.47828898975,898.5647840017918,past_due,
385,346.23552950215526,150295.98816698478,150300.70774000883,151199.27451701183,898.5667770029977,past_due,
386,329.1719489963725,150509.78046878704,150514.501613006,151413.04973500664,898.5481220006477,past_due,
387,301.3948192994576,150723.5727705893,150728.29546700418,151626.83408200578,898.5386150015984,past_due,
388,285.53895369987004,150937.36507239155,150942.09057199955,151840.64503700542,898.5544650058728,past_due,
389,257.17604479868896,151151.1573741938,151155.88467599452,151929.73467399867,773.8499980041524,done,
390,211.2769917002879,151364.94967599606,151369.67903099954,152268.2545359939,898.5755049943691,past_due,
391,380.3972036985215,151578.74197779832,151583.47310499847,152481.99985800637,898.5267530079,past_due,
392,309.2789324000478,151792.53427960057,151797.26737900078,152514.82353300694,717.5561540061608,done,
393,215.68472610088065,152006.32658140283,152011.06111299992,152909.631287002,898.5701740020886,past_due,
394,396.7787273984868,152220.11888320508,152224.85523700714,153123.39406200743,898.538825000287,past_due,
395,350.456364301499,152433.9111850073,152438.6496309936,153125.10880499496,686.4591740013566,done,
396,591.5436370007228,152647.70348680957,152652.44377599657,153551.02681399358,898.5830379970139,past_due,
397,435.9462591994088,152861.49578861182,152866.24757800996,153764.80695201713,898.5593740071636,past_due,
398,275.966502801748,153075.28809041408,153080.04145099223,153978.58705999353,898.5456090013031,past_due,
399,353.7584064994008,153289.08039221633,153293.8353050053,154192.40963701345,898.5743320081383,past_due,
400,260.8127990970388,153502.8726940186,153507.62915799022,154406.180706996,898.5515490057878,past_due,
401,318.8374807999935,153716.66499582084,153721.42316299677,154619.97440099902,898.5512380022556,past_due,
402,500.49247160204686,153930.4572976231,153935.2178979963,154833.7870899915,898.5691919951933,past_due,
403,440.32031670212746,154144.24959942535,154149.01221199334,155047.58923898707,898.5770269937348,past_due,
404,515.9694052010309,154358.0419012276,154362.80620598793,155261.33570299228,898.5294970043469,past_due,
405,312.70267829531804,154571.83420302987,154576.6002600044,155475.17725700664,898.5769970022375,past_due,
406,336.62561399978586,154785.62650483212,154790.394122988,155688.94326798827,898.5491450002883,past_due,
407,439.7276422008872,154999.41880663438,155004.18827800453,155902.72999901057,898.5417210060405,past_due,
408,238.4189567004796,155266.65918388718,155271.43019899726,156169.97880298644,898.5486039891839,past_due,
409,400.602541299304,155533.89956114002,155538.69111599028,156437.22305799287,898.5319420025917,past_due,
410,751.742855500197,155801.13993839285,155805.93290700018,156704.4806390095,898.5477320093196,past_due,
411,430.44226149795577,156068.38031564566,156073.17476800084,156971.71492499614,898.5401569952955,past_due,
412,323.03066750173457,156282.1726174479,156286.96884199977,157185.8398940059,898.8710520061431,past_due,
413,421.2200121022761,156495.96491925017,156500.7632369995,157399.37736399926,898.6141269997461,past_due,
414,378.2807310984936,156709.75722105242,156714.5572900027,157613.1160130154,898.5587230126839,past_due,
415,302.33155190362595,156923.54952285468,156928.3513740003,157826.93613701046,898.5847630101489,past_due,
416,500.8038119995035,157137.34182465693,157142.14533799887,158040.72115399677,898.5758159979014,past_due,
417,286.90549610182643,157351.1341264592,157355.9410649985,158254.9747139936,899.0336489951005,past_due,
418,702.5864156021271,157564.92642826145,157569.73568999767,158468.30820899724,898.5725189995719,past_due,
419,297.2280292015057,157778.71873006367,157783.529854998,158682.2143749959,898.6845199979143,past_due,
420,254.91073559969664,157992.51103186593,157997.3243799955,158895.94020999133,898.6158299958333,past_due,
421,471.4543401030824,158206.30333366818,158211.11885400116,159109.70565000118,898.5867960000178,past_due,
422,376.8336933979299,158420.09563547044,158424.91295801103,159323.47526700853,898.5623089974979,past_due,
423,337.01267419965006,158633.8879372727,158638.70746299624,159537.24822200427,898.5407590080285,past_due,
424,372.881379595492,158847.68023907495,158852.50144699216,159751.06226399634,898.5608170041814,past_due,
425,234.72252599895,159061.4725408772,159066.2957609892,159964.84390499233,898.5481440031435,past_due,
426,253.71282629785128,159275.26484267946,159280.09029598534,160067.98828499368,787.8979890083428,done,
427,404.8861764953472,159542.5052199323,159547.33287900686,160445.93225800432,898.59937899746,past_due,
428,395.276317500975,159809.7455971851,159814.57545100152,160582.53547199734,767.9600209958153,done,
429,540.3396686015185,160076.9859744379,160081.8180129975,160980.38478199695,898.5667689994443,past_due,
430,359.33479240047745,160344.22635169074,160349.0599949956,161247.61428898736,898.554293991765,past_due,
431,353.890634997515,160611.46672894355,160616.30255700648,161514.85600000224,898.5534429957625,past_due,
432,251.3093499001116,160878.70710619638,160883.5449990034,161782.08361399046,898.5386149870465,past_due,
433,344.0314745006617,161145.94748344918,161150.7870709896,161813.22617898637,662.4391079967609,done,
434,598.3488418045454,161413.18786070202,161418.02904199064,162316.5904389905,898.5613969998667,past_due,
435,658.6601027986035,161680.42823795482,161685.27125400305,162583.8155200081,898.5442660050467,past_due,
436,376.8926902033854,161947.66861520766,161952.5137760043,162851.08489201008,898.571116005769,past_due,
437,417.5512974965386,162214.90899246046,162219.77559499443,163118.34828499355,898.5726899991278,past_due,
438,596.3053395040333,162482.14936971327,162487.01781700552,163385.59541500185,898.5775979963364,past_due,
439,387.0335182000417,162749.38974696607,162754.2603289932,163652.85189399053,898.5915649973322,past_due,
440,573.9172329020221,163016.6301242189,163021.5030119866,163920.04964199394,898.5466300073313,past_due,
441,268.6237513960805,163283.87050147174,163288.7451530099,164187.30203200388,898.5568789939862,past_due,
442,311.1581460980233,163551.11087872455,163555.98776599765,164454.55741899752,898.5696529998677,past_due,
443,430.5917204997968,163818.35125597735,163823.229817003,164721.77476298995,898.5449459869415,past_due,
444,311.6749960987363,164085.5916332302,164090.4718489945,164989.0015169984,898.5296680039028,past_due,
445,504.5930899970699,164352.83201048302,164357.71384000778,165256.25801600923,898.544176001451,past_due,
446,428.07707639876753,164620.07238773585,164624.95607198775,165523.502811993,898.5467400052585,past_due,
447,382.410352199804,164887.31276498863,164892.19820399582,165790.732669999,898.5344660031842,past_due,
448,254.42640610272065,165154.55314224146,165159.44033499062,166035.17362498923,875.7332899986068,done,
449,369.1713929001708,165421.7935194943,165426.68263700604,166325.2405080041,898.5578709980473,past_due,
450,360.20426470204256,165689.0338967471,165693.9247290045,166592.46324400534,898.5385150008369,past_due,
451,410.1508479972836,165956.2742739999,165961.1672310084,166665.9441470065,704.7769159980817,done,
452,610.7357507047709,166223.5146512527,166228.40976299343,167126.99676899213,898.5870059987064,past_due,
453,456.0035141010303,166490.75502850555,166495.65194499493,167394.2334109922,898.5814659972675,past_due,
454,354.1123574017547,166757.99540575835,166762.89418700337,167661.4629889927,898.5688019893132,past_due,
455,222.29345720261333,167025.2357830112,167030.1365889907,167928.69367799792,898.5570890072268,past_due,
456,343.0223770032171,167292.476160264,167297.37911100686,167986.21532701666,688.836216009804,done,
457,435.32862960128114,167559.7165375168,167564.62123300135,168463.18893199915,898.5676989977947,past_due,
458,314.1345977957826,167826.95691476963,167831.8633850068,168539.33048400367,707.4670989968581,done,
459,502.2197676007636,168094.1972920225,168099.11899100244,168997.67968700745,898.5606960050063,past_due,
460,218.14808070193976,168361.43766927527,168366.3697589934,169177.24954399338,810.8797849999974,done,
461,307.0408525993116,168628.67804652808,168633.6120110005,169532.17944999924,898.5674389987253,past_due,
462,262.72284080041567,168895.9184237809,168900.85394199193,169649.8173710024,748.9634290104732,done,
463,281.77447309717536,169163.15880103374,169168.09641501307,169649.9443410124,481.8479259993183,done,
464,414.1680984001141,169430.39917828655,169435.3382959962,170065.55053399643,630.2122380002402,done,
465,173.01115920417942,169697.63955553935,169702.5800869912,170601.15146299603,898.5713760048384,past_due,
466,736.2807079975028,169964.8799327922,169969.8223889917,170868.36784700234,898.5454580106307,past_due,
467,309.9189303989988,170232.120310045,170237.06486099958,171135.59952799382,898.5346669942373,past_due,
468,403.6281984008383,170499.36068729783,170504.30742299557,171402.8392840022,898.5318610066315,past_due,
469,343.72950939578004,170766.60106455063,170771.54970499873,171621.04806399043,849.4983589916956,done,
470,321.3631263002753,171033.84144180344,171038.7918470055,171937.35068899463,898.5588419891428,past_due,
471,297.3472026002128,171301.08181905624,171306.03366799653,172115.62745800358,809.5937900070567,done,
472,266.19753959821537,171568.32219630908,171573.2755690068,172115.7577340008,542.4821649939986,done,
473,313.8262066000607,171835.5625735619,171840.51739999652,172514.78771900677,674.2703190102475,done,
474,282.2621397965122,172102.80295081472,172107.75942100585,172514.92001900473,407.1605979988817,done,
475,432.6870077988133,172370.04332806752,172375.00149300694,172948.99314600707,573.991653000121,done,
476,538.5941895016003,172637.28370532035,172642.24356499314,173540.81663498643,898.5730699932901,past_due,
477,468.4766944032162,172904.5240825732,172909.48546499014,173632.98756098258,723.5020959924441,done,
478,529.0528617973905,173171.764459826,173176.72752700746,174075.28392500244,898.5563979949802,past_due,
479,365.678245498566,173439.0048370788,173443.9698190093,174304.89373301528,860.9239140059799,done,
480,334.69060589559376,173706.24521433163,173711.21169000864,174609.7705130221,898.5588230134454,past_due,
481,268.2195109024178,173973.48559158447,173978.45401199162,174819.94361800468,841.4896060130559,done,
482,274.8991345986724,174240.72596883727,174245.6961930096,174820.07484600248,574.3786529928911,done,
483,511.7897468036972,174507.96634609008,174512.9382249862,175411.48391298985,898.5456880036509,past_due,
484,419.00720489793457,174775.2067233429,174780.1800660044,175469.9518970109,689.7718310065102,done,
485,241.73542680218816,175042.44710059575,175047.42224800587,175914.4765830076,867.0543350017397,done,
486,349.6008644986432,175309.68747784855,175314.6644899994,175914.61133699573,599.9468469963176,done,
487,304.05411910032853,175576.92785510136,175581.90739299357,176480.51741198765,898.6100189940771,past_due,
488,547.3511716001667,175844.16823235416,175849.14925399423,176609.59458399517,760.4453300009482,done,
489,393.2120981044136,176111.408609607,176116.39161600173,177014.93597099173,898.5443549900083,past_due,
490,520.2424045011867,176378.6489868598,176383.63357698917,177270.38114699908,886.7475700099021,done,
491,241.887808899628,176645.88936411263,176650.87566898763,177549.43949097686,898.563821989228,past_due,
492,305.06468749954365,176913.12974136544,176918.11813099682,177816.66823699104,898.550105994218,past_due,
493,483.396342897322,177180.37011861824,177185.36009201407,178013.5289900055,828.1688979914179,done,
494,338.31703810137697,177447.61049587108,177452.60226400197,178351.1449159959,898.542651993921,past_due,
495,575.412903103279,177714.8508731239,177719.84443499148,178618.38823999185,898.5438050003722,past_due,
496,190.41834520176053,177982.09125037672,177987.08647699654,178885.6411819926,898.5547049960587,past_due,
497,307.2842101042625,178249.33162762952,178254.32830798626,179152.8819719965,898.5536640102509,past_due,
498,512.3224231007043,178516.57200488236,178521.5703289956,179420.13561399074,898.5652849951293,past_due,
499,211.79187840316445,178783.8123821352,178788.81228099763,179685.41350300203,896.6012220043922,done,
500,392.9782230989076,179051.052759388,179056.05424199998,179954.72838200035,898.6741400003666,past_due,
501,514.1271813015919,179318.2931366408,179323.29609300196,180221.84815199417,898.5520589922089,past_due,
502,388.0037809954956,179585.53351389364,179590.53868499398,180475.7365229911,885.1978379971115,done,
503,332.5445771042723,179852.77389114644,179857.78105700016,180756.34575000883,898.5646930086659,past_due,
504,447.6236081041861,180120.01426839927,180125.02298900485,181023.55743600323,898.5344469983829,past_due,
505,278.67159440065734,180387.25464565208,180392.2654910088,181164.0220520016,771.7565609927988,done,
506,316.3947132008616,180654.49502290488,180659.5075320005,181558.07379900254,898.5662670020247,past_due,
507,509.8989558988251,180921.7354001577,180926.74965400997,181811.64866800586,884.8990139958914,done,
508,456.08513230108656,181188.97577741047,181193.99157500267,182092.55629900692,898.5647240042454,past_due,
509,503.0011844006367,181456.21615466336,181461.2518709898,182359.80561398785,898.5537429980468,past_due,
510,375.5635362002067,181723.45653191616,181728.494272992,182584.9161579853,856.421884993324,done,
511,473.6177991027944,181990.69690916897,181995.7363139987,182894.3209349967,898.5846209980082,past_due,
512,282.4835298990365,182257.9372864218,182262.9785860032,183161.5208779973,898.5422919940902,past_due,
513,467.6188606012147,182525.17766367464,182530.22066800296,183313.06875400734,782.8480860043783,done,
514,533.1539004982915,182792.41804092744,182797.4629099965,183696.08839799662,898.625488000107,past_due,
515,161.19155390188098,183059.65841818025,183064.70479999483,183963.27971298818,898.5749129933538,past_due,
516,581.3306663010735,183326.89879543308,183331.94699199495,184230.53918799243,898.5921959974803,past_due,
517,526.5643796999939,183594.13917268591,183599.1894949973,184497.75131299862,898.5618180013262,past_due,
518,453.2945689978078,183861.37954993872,183866.43195700645,184765.00896400586,898.5770069994032,past_due,
519,367.21585280029103,184217.70005294247,184222.7542079985,185121.33334900718,898.5791410086676,past_due,
520,411.96989730233327,184574.02055594625,184579.076910004,185407.08133800034,828.0044279963477,done,
521,292.0342394965701,184930.34105895,184935.39907099307,185834.08767799824,898.6886070051696,past_due,
522,427.4117686029058,185197.5814362028,185202.6413320005,185950.21090298775,747.5695709872525,done,
523,220.2535275020637,185464.8218134556,185469.89549699423,186230.85251198857,760.9570149943465,done,
524,209.9762589030433,185732.0621907084,185737.1397919953,186230.9678199992,493.828028003918,done,
525,341.44339820486493,185999.30256796125,186004.38230499625,186573.8211729948,569.4388679985423,done,
526,271.0428179008886,186266.54294521408,186271.6249769926,186918.79857899563,647.1736020030221,done,
527,251.50043760077097,186533.7833224669,186538.86693799496,186918.92939599848,380.0624580035219,done,
528,458.7626971944701,186801.0236997197,186806.10924099383,187379.09026799243,572.9810269986046,done,
529,352.37411319976684,187068.26407697253,187073.35156199336,187827.12294698216,753.771384988795,done,
530,292.52724639954977,187335.50445422536,187340.59358400104,187827.25370399115,486.6601199901197,done,
531,487.8331902029458,187602.74483147816,187607.8358850032,188316.44120000105,708.6053149978397,done,
532,283.33511389791965,187869.98520873097,187875.0779570043,188677.30846201512,802.2305050108116,done,
533,232.8365189023316,188137.2255859838,188142.3201289922,188677.4061670053,535.0860380131053,done,
534,337.24055489874445,188404.46596323664,188409.56204999983,189015.7737109972,606.21166099736,done,
535,313.2665751967579,188671.70634048944,188676.80408100784,189414.2578160048,737.4537349969614,done,
536,232.25283709471117,188938.94671774225,188944.04643300176,189414.39144900313,470.34501600137446,done,
537,420.1980445999652,189206.18709499508,189211.2885349989,189835.95526600315,624.666731004254,done,
538,317.7073411003221,189562.50759799883,189567.61064499617,190155.27228599123,587.6616409950657,done,
539,295.5787475977558,189918.82810100255,189923.9326159954,190452.24891800212,528.316302006715,done,
540,235.7635788968764,190275.14860400636,190280.25483700636,190689.51208801896,409.2572510126047,done,
541,509.9381433974486,190631.46910701008,190636.5773689896,191200.95678599237,564.3794170027832,done,
542,730.6061019015033,190987.78961001383,190992.899849996,191891.48757800253,898.5877280065324,past_due,
543,385.3353537037037,191344.1101130176,191349.2221709937,192247.80296499806,898.5807940043742,past_due,
544,304.86279309843667,191611.3504902704,191616.46430198848,192515.00811698602,898.543814997538,past_due,
545,459.7638067032676,191878.59086752325,191883.70649398863,192640.03541198478,756.328917996143,done,
546,341.9908833981026,192145.83124477608,192150.9487159997,193049.49811098733,898.54939498764,past_due,
547,340.23966030217707,192413.0716220289,192418.1908469945,193074.88705699865,656.6962100041565,done,
548,307.0171385013964,192769.39212503264,192774.5131790042,193383.4026890007,608.8895099965157,done,
549,315.3630596003495,193125.7126280364,193130.8358400017,193700.29083799792,569.4549979962176,done,
550,370.2431397978216,193482.03313104017,193487.15809100863,194072.04054100762,584.882449998986,done,
551,370.8316939999349,193749.27350829297,193754.40031298995,194590.37365699105,835.9733440011041,done,
552,407.8779514995404,194016.51388554575,194021.64242500067,194590.5022500133,568.8598250126233,done,
553,342.2676192014478,194283.7542627986,194288.8846559972,195187.46277499574,898.5781189985573,past_due,
554,616.7676682001911,194550.99464005145,194556.12669800225,195373.4289439982,817.3022459959611,done,
555,238.61234670039264,194907.3151430552,194912.45020100477,195677.3010800055,764.8508790007327,done,
556,238.24176380294367,195263.63564605892,195268.7724729925,195677.44225698823,408.6697839957196,done,
557,299.6830964984838,195619.9561490627,195625.09472300112,195981.8397609935,356.74503799236845,done,
558,289.68132109730504,195976.27665206644,195981.41735500097,196272.8568159989,291.4394609979354,done,
559,556.4091801992618,196332.59715507025,196337.7528409958,196896.17854998983,558.4257089940365,done,
560,411.8958359991666,196688.917658074,196694.0753120035,197309.59308099782,615.517768994323,done,
561,474.6481665002648,197045.2381610777,197050.3973929882,197785.77425199922,735.3768590110121,done,
562,333.37116870097816,197401.5586640815,197406.71955400705,198305.3275700173,898.6080160102574,past_due,
563,448.60555499908514,197757.87916708525,197763.04191499949,198355.7391309936,592.6972159941215,done,
564,272.2436582960654,198114.199670089,198119.36402599516,198629.49998499957,510.1359590044012,done,
565,393.44741179957055,198470.52017309275,198475.68634700772,199024.44619900532,548.7598519976018,done,
566,180.12822560267523,198826.8406760965,198832.0087980032,199206.055502997,374.0467049938161,done,
567,288.72539230505936,199183.16117910025,199188.33144000173,199496.26521400723,307.93377400550526,done,
568,451.9724801008124,199539.48168210403,199544.65357099476,199998.25273799294,453.5991669981741,done,
569,266.0532325971872,199895.80218510775,199900.975801006,200265.79972400112,364.8239229951287,done,
570,414.83161759679206,200252.12268811156,200257.29812300205,200682.15118300368,424.8530600016238,done,
571,259.3967569002416,200608.4431911153,200613.62103499472,200943.05099498946,329.4299599947408,done,
572,244.6085930976551,200964.76369411903,200969.9434159994,201216.59869600274,246.65528000332412,done,
573,325.94023889978416,201321.0841971228,201326.26624800265,201653.8361400069,327.5698920042487,done,
574,741.7868565011304,201677.4047001266,201682.58848901093,202425.7844420186,743.195953007671,done,
575,383.6529126041569,202033.72520313037,202038.91105099025,202937.53204099336,898.6209900031099,past_due,
576,513.1558861001395,202390.0457061341,202395.2334419936,203077.51622099557,682.2827790019801,done,
577,563.9438841957599,202746.36620913784,202751.556675002,203642.95201999755,891.3953449955443,done,
578,225.2820227004122,203102.6867121416,203107.8788149953,204006.48879499023,898.6099799949443,past_due,
579,332.2374315990601,203459.0072151453,203464.2011269927,204065.45893599396,601.2578090012539,done,
580,376.5835960977711,203815.3277181491,203820.523458004,204443.56231000926,623.0388520052657,done,
581,235.5228955973871,204171.6482211529,204176.84602999687,204680.66267298453,503.8166429876583,done,
582,415.946742601227,204527.9687241566,204533.16856101155,205098.19122102344,565.0226600118913,done,
583,486.775126302382,204884.2892271604,204889.49132299423,205586.45578698453,696.9644639902981,done,
584,278.1785844010301,205240.6097301641,205245.8141449988,205866.1546680032,620.3405230044154,done,
585,373.049498203909,205596.9302331679,205602.1364659965,206240.70585398213,638.5693879856262,done,
586,414.94645299972046,205953.25073617167,205958.48139999807,206657.1799329985,698.6985330004245,done,
587,705.4652278951835,206309.57123917545,206314.80370099843,207213.43487999064,898.6311789922183,past_due,
588,408.1744018010795,206576.81161642823,206582.0461729914,207480.60116899665,898.5549960052595,past_due,
589,437.1022918028757,206844.05199368103,206849.28880500796,207747.88497801477,898.5961730068084,past_due,
590,259.006691200193,207111.29237093384,207116.5310269892,208016.43019698103,899.8991699918406,past_due,
591,407.4914494995028,207378.5327481867,207383.77307799456,208224.98809699246,841.2150189979002,done,
592,445.9434324002359,207645.7731254395,207651.0165529996,208549.59246800872,898.5759150091326,past_due,
593,389.8269919038285,207913.01350269237,207918.2589149922,208816.83274599246,898.5738310002489,past_due,
594,398.8361156021712,208180.25387994517,208185.5018080026,208910.78650599986,725.2846979972674,done,
595,580.410775198834,208447.49425719795,208452.74447999892,209351.42751701115,898.6830370122334,past_due,
596,236.74742740113288,208714.73463445075,208719.98699198663,209618.55467199418,898.5676800075453,past_due,
597,211.73555360292085,208981.9750117036,208987.22979600728,209885.78858901467,898.5587930073962,past_due,
598,280.9273872000631,209249.2153889564,209254.471957013,210153.01611302013,898.5441560071195,past_due,
599,406.21078319964,209516.45576620923,209521.71439899504,210272.46202198986,750.7476229948224,done,
600,193.89140019775368,209783.69614346203,209788.95681099597,210687.54496899704,898.5881580010755,past_due,
601,419.657243299298,210050.93652071487,210056.1990929991,210805.8751060007,749.67601300159,done,
602,354.6067047980614,210318.1768979677,210323.4413550049,211222.02265999978,898.5813049948774,past_due,
603,622.4473496025894,210585.4172752205,210590.68364700675,211489.24322100088,898.5595739941346,past_due,
604,601.0049062024336,210852.6576524733,210857.9271609932,211756.74197600243,898.8148150092456,past_due,
605,338.7106601963751,211119.89802972612,211125.16971300545,212023.738495015,898.5687820095336,past_due,
606,277.5404214975424,211387.13840697895,211392.4121060073,212290.97192000618,898.5598139988724,past_due,
607,733.3915297000203,211654.37878423175,211659.6542470008,212558.2471040045,898.5928570036776,past_due,
608,375.17788959667087,211921.6191614846,211926.8964889944,212825.43414198342,898.5376529890345,past_due,
609,125.37918770103715,212188.8595387374,212194.1386900097,213092.68713301106,898.5484430013457,past_due,
610,245.7692441996187,212456.09991599023,212461.38085199893,213359.9229540032,898.542102004285,past_due,
611,195.55378329823725,212723.34029324303,212728.62300398943,213627.16678898092,898.5437849914888,past_due,
612,415.0791838997975,212990.58067049587,212995.8654360026,213894.50114400196,898.6357079993468,past_due,
613,460.1765311963391,213257.82104774867,213263.10757799447,214161.64851699513,898.540939000668,past_due,
614,544.0645169001073,213525.06142500148,213530.3503299952,214428.89281199366,898.5424819984473,past_due,
615,369.96249659569,213792.3018022543,213797.59287200868,214696.14449100918,898.5516190005001,past_due,
616,356.4348080020864,214059.54217950717,214064.8357049972,214963.4084440072,898.5727390099782,past_due,
617,388.6084583995398,214326.78255675995,214332.0780569911,215230.63087799435,898.5528210032498,past_due,
618,367.15587680228055,214594.0229340128,214599.32049900293,215421.48571599158,822.1652169886511,done,
619,309.83127179788426,214861.2633112656,214866.56262099743,215765.1312619989,898.568641001475,past_due,
620,413.1379436992576,215075.05561306785,215080.35708598795,215978.90632998492,898.5492439969676,past_due,
621,350.7477122999262,215288.8479148701,215294.15096899867,216056.84993900615,762.6989700074773,done,
622,370.2130922989454,215502.6402166724,215507.94521299005,216406.49120200006,898.5459890100174,past_due,
623,345.21410500165075,215716.4325184746,215721.73951800168,216620.77561999857,899.0361019968987,past_due,
624,261.8501282995567,215930.22482027687,215935.533611998,216626.33533499963,690.8017230016412,done,
625,228.1471885973588,216144.01712207912,216149.32743500173,217047.90114599233,898.573710990604,past_due,
626,338.78733509918675,216357.80942388135,216363.1218199879,217162.023628989,798.9018090011086,done,
627,348.1340662983712,216571.6017256836,216576.91589300332,217162.15192001066,585.2360270073405,done,
628,447.5177448999602,216785.39402748583,216790.7102480084,217689.25845101956,898.5482030111598,past_due,
629,313.84550299844705,216999.1863292881,217004.5048829913,217730.5786589993,726.0737760079792,done,
630,433.7942293961533,217212.9786310904,217218.29890701172,218116.85983401383,898.5609270021087,past_due,
631,525.3727740026079,217426.77093289263,217432.09291100505,218330.63724601528,898.5443350102287,past_due,
632,213.6890308000148,217640.56323469488,217645.8867940009,218538.14585801496,892.2590640140697,done,
633,390.13716809568,217854.35553649717,217859.6809990108,218758.29048702004,898.6094880092423,past_due,
634,285.55526779964566,218068.1478382994,218073.4755630046,218972.02428700344,898.5487239988288,past_due,
635,333.2015033985954,218246.30808980128,218251.63778598607,219150.17762298475,898.5398369986797,past_due,
636,485.4492081969511,218424.46834130317,218429.7995779961,219328.32645999218,898.5268819960766,past_due,
637,356.46304459660314,218602.62859280503,218607.96240200105,219506.5063059981,898.5439039970515,past_due,
638,531.3747829990461,218780.78884430687,218786.12489399317,219684.6860909915,898.5611969983438,past_due,
639,426.6529848973733,218958.9490958088,218964.28689600527,219863.85390901507,899.5670130098006,past_due,
640,461.8075024976861,219137.10934731067,219142.44876900315,220040.99388500012,898.5451159969671,past_due,
641,451.31351739983074,219350.90164911293,219356.24310299757,220254.7829999938,898.5398969962262,past_due,
642,544.8291056032758,219564.6939509152,219570.0371669978,220468.58030998788,898.5431429900927,past_due,
643,335.4417377035133,219778.48625271744,219783.8314410001,220682.36971500667,898.5382740065688,past_due,
644,384.42620710120536,219992.2785545197,219997.62594600025,220896.16086400047,898.5349180002231,past_due,
645,309.72137770149857,220206.07085632195,220211.4204010069,221109.96201101094,898.5416100040311,past_due,
646,395.5050521006342,220419.8631581242,220425.2150049955,221228.75097199847,803.535967002972,done,
647,318.3471808966715,220633.6554599265,220639.0093099922,221537.55350499845,898.5441950062523,past_due,
648,370.5224628036376,220847.4477617287,220852.8043049872,221751.34439299186,898.5400880046654,past_due,
649,313.19888940197416,221061.24006353092,221066.6103219986,221798.8187660079,732.2084440093022,done,
650,630.5870895041153,221275.0323653332,221280.40441600975,222178.95629500932,898.5518789995695,past_due,
651,259.94705430348404,221488.82466713543,221494.1982090026,222392.74096200138,898.5427529987646,past_due,
652,325.4066330031492,221702.6169689377,221707.99209299684,222606.53634899016,898.544255993329,past_due,
653,489.7213905991521,221916.40927074,221921.78604599836,222820.33168400163,898.5456380032701,past_due,
654,285.12381199980155,222130.20157254225,222135.5801900029,223034.2175609951,898.6373709922191,past_due,
655,328.98120359750465,222343.99387434448,222349.374605,223247.92596398687,898.5513589868788,past_due,
656,428.37510489625856,222522.1541258464,222527.5368179977,223426.07278699544,898.5359689977486,past_due,
657,348.26918859616853,222700.31437734823,222705.69866999984,223604.22983999422,898.531169994385,past_due,
658,619.4274932029657,222878.4746288501,222883.86110199988,223782.45615301037,898.5950510104885,past_due,
659,301.1936914990656,223056.634880352,223062.0363599956,223960.56581800082,898.5294580052141,past_due,
660,302.899455698207,223234.79513185387,223240.19851200283,224138.74792699935,898.5494149965234,past_due,
661,446.22213449911214,223412.95538335576,223418.36045399308,224316.9214709988,898.5610170057043,past_due,
662,256.79729260155,223626.747685158,223632.1547189951,224530.68734199821,898.5326230031205,past_due,
663,420.9284670010675,223840.53998696027,223845.94927299023,224744.49536198645,898.5460889962269,past_due,
664,376.5219364955556,224054.33228876253,224059.74339801076,224958.27728401826,898.533886007499,past_due,
665,781.4533489989117,224268.1245905648,224273.5375420004,225172.16017500206,898.6226330016507,past_due,
666,335.9692298981827,224481.91689236704,224487.33174599707,225385.85980099393,898.5280549968593,past_due,
667,455.40052489959646,224660.07714386893,224665.49376700816,225564.02533800967,898.5315710015129,past_due,
668,357.37152629881166,224838.2373953708,224843.65602000055,225742.20683700134,898.5508170007961,past_due,
669,398.73700849711895,225016.39764687268,225021.81800299883,225920.34356299706,898.5255599982338,past_due,
670,287.6536199008114,225194.55789837457,225199.9804150015,226098.5322949906,898.5518799890997,past_due,
671,322.35575649538083,225372.71814987643,225378.1424469948,226276.66571199594,898.5232650011312,past_due,
672,378.1891515012832,225550.87840137832,225556.30442999303,226454.83464899065,898.530218997621,past_due,
673,661.3420218985993,225729.03865288015,225734.4666520059,226633.0096450094,898.5429930035025,past_due,
674,484.1836901963688,225907.1989043821,225912.6285739988,226811.17344000842,898.5448660096154,past_due,
675,330.13274790137075,226085.35915588395,226090.79053600127,226989.3226690123,898.532133011031,past_due,
676,388.052363099996,226263.5194073858,226268.95230799916,227167.48743599807,898.5351279989118,past_due,
677,408.4664497990161,226441.67965888768,226447.11445000768,227345.69460201066,898.5801520029781,past_due,
678,192.3851486004424,226619.8399103896,226625.276643008,227523.82051701355,898.5438740055542,past_due,
679,548.2058583991602,226798.00016189145,226803.43834400177,227701.99483200035,898.5564879985759,past_due,
680,393.0791919003241,226976.1604133933,226981.60047599676,227880.15251499464,898.5520389978774,past_due,
681,383.6980918014888,227154.3206648952,227159.7624489963,228058.3281049925,898.5656559962081,past_due,
682,581.0297977004666,227332.4809163971,227337.92431099716,228236.4583769973,898.5340660001384,past_due,
683,506.0919518000446,227510.64116789892,227516.0862120092,228414.6128940183,898.5266820091056,past_due,
684,447.3995427018963,227688.80141940084,227694.248424992,228592.78388099108,898.535455999081,past_due,
685,355.0879449991044,227866.96167090276,227872.41044698656,228770.9603099929,898.5498630063375,past_due,
686,209.70106679596935,228045.1219224046,228050.5724989921,228949.1218219914,898.5493229993153,past_due,
687,351.692634698702,228223.28217390648,228228.73445099592,229127.25670300913,898.5222520132083,past_due,
688,363.5800317046233,228401.4424254084,228406.89678299427,229305.43398400082,898.5372010065475,past_due,
689,252.5858255976345,228579.60267691023,228585.0586539954,229483.67118798243,898.6125339870341,past_due,
690,338.1475282018073,228757.7629284121,228763.2204660028,229642.97255499577,879.7520889929729,done,
691,270.8161876013037,228935.923179914,228941.38280799985,229839.94032899523,898.5575209953822,past_due,
692,300.99991519819014,229114.08343141587,229119.5451110005,230018.09032800232,898.5452170018107,past_due,
693,436.507492599776,229292.24368291776,229297.70708300173,230196.24031701067,898.5332340089371,past_due,
694,313.5357394989114,229470.40393441965,229475.8692459911,230374.40601698856,898.5367709974525,past_due,
695,365.71463720174506,229648.5641859215,229654.0309469998,230552.5856709861,898.5547239863081,past_due,
696,536.9723338983022,229826.7244374234,229832.19272899628,230730.73877800384,898.5460490075639,past_due,
697,430.6827698019333,230004.8846889253,230010.3543300033,230908.89492899846,898.5405989951687,past_due,
698,241.839186596917,230183.04494042715,230188.515982002,231087.04959699462,898.5336149926297,past_due,
699,522.6195371011272,230361.205191929,230366.67821499705,231265.2099669953,898.5317519982345,past_due,
700,219.20166210038587,230539.3654434309,230544.8398859948,231443.38128600013,898.5414000053424,past_due,
701,125.05309699918143,230717.5256949328,230723.00207799676,231621.53722600456,898.5351480077952,past_due,
702,276.5559798979666,230895.68594643465,230901.1638199985,231799.68499199767,898.5211719991639,past_due,
703,462.163035501726,231073.8461979365,231079.32601200044,231977.84131199622,898.5152999957791,past_due,
704,480.9167399012949,231252.0064494384,231257.48797400296,232156.02215000102,898.5341759980656,past_due,
705,362.14366140193306,231430.1667009403,231435.6498170048,232334.18777001067,898.5379530058708,past_due,
706,402.3833408020437,231608.32695244215,231613.8118389994,232512.43158699654,898.6197479971452,past_due,
707,272.854883299442,231786.48720394404,231791.97410100696,232690.50149399354,898.5273929865798,past_due,
708,498.4401106019504,231964.64745544596,231970.13589300212,232868.68025800385,898.544365001726,past_due,
709,329.61574860382825,232142.80770694785,232148.2980859876,233046.84168998236,898.5436039947672,past_due,
710,300.15170440310607,232320.96795844968,232326.4599069953,233224.98136898503,898.5214619897306,past_due,
711,383.38922620168887,232499.1282099516,232504.6215989888,233403.16499298488,898.5433939960785,past_due,
712,443.47659240011126,232677.28846145343,232682.800613001,233581.354496003,898.5538830020232,past_due,
713,427.753478300292,232855.4487129553,232860.96285499632,233759.54342800076,898.5805730044376,past_due,
714,366.1940512014553,233033.6089644572,233039.1247870028,233937.67261901288,898.547832010081,past_due,
715,248.4076780034229,233211.7692159591,233217.2867200077,234115.8131510108,898.5264310031198,past_due,
716,320.1863412978128,233389.92946746096,233395.44907200336,234294.00150300073,898.5524309973698,past_due,
717,577.8178189997561,233568.08971896284,233573.6108839959,234472.17851298442,898.5676289885305,past_due,
718,293.0047131027095,233746.24997046476,233751.77287600932,234650.3036760067,898.5307999973884,past_due,
719,176.09541390556842,233924.4102219666,233929.93531900644,234828.46830301348,898.5329840070335,past_due,
720,403.50173789775,234102.57047346848,234108.09723098576,235006.61581699317,898.5185860074125,past_due,
721,341.03420129977167,234280.73072497037,234286.25929299,235184.7903339962,898.5310410062084,past_due,
722,483.52618719800375,234458.89097647223,234464.42155599597,235362.94189598938,898.5203399934107,past_due,
723,310.67237940151244,234637.0512279741,234642.58386799693,235541.1381319972,898.5542640002677,past_due,
724,334.57724530017003,234815.211479476,234820.7461809963,235719.27643999713,898.5302590008359,past_due,
725,441.4853275986388,234993.37173097784,234998.9084739983,235897.46145499987,898.5529810015578,past_due,
726,170.33778870245442,235171.53198247973,235177.07033599916,236075.59813000742,898.5277940082597,past_due,
727,337.3339337995276,235349.6922339816,235355.2322380096,236253.76267800716,898.5304399975576,past_due,
728,287.06196030252613,235527.85248548348,235533.3941000104,236431.931132011,898.5370320006041,past_due,
729,386.2490673956927,235706.01273698537,235711.55609099567,236610.09204999625,898.5359590005828,past_due,
730,646.4317756006494,235884.1729884873,235889.71792300043,236788.30045101102,898.5825280105928,past_due,
731,282.3487381974701,236062.33323998912,236067.87993599477,236966.41126598747,898.5313299926929,past_due,
732,319.1275538003538,236240.493491491,236246.04186700284,237144.56700599962,898.5251389967743,past_due,
733,440.20881290198304,236418.6537429929,236424.20381999016,237322.7404309893,898.5366109991446,past_due,
734,378.76306290272623,236596.8139944948,236602.36579199132,237500.8808119937,898.5150200023782,past_due,
735,676.293051999528,236774.97424599665,236780.5277940035,237679.05065900157,898.5228649980854,past_due,
736,500.7173116959166,236953.1344974985,236958.68972599503,237857.24383900463,898.5541130095953,past_due,
737,160.2970514970366,237131.2947490004,237136.8515879959,238035.37279999827,898.5212120023789,past_due,
738,280.9168434003368,237309.4550005023,237315.0134689957,238213.53636398527,898.5228949895827,past_due,
739,253.84536339552145,237487.61525200415,237493.1756220013,238391.69931900513,898.5236970038386,past_due,
740,332.9786556016188,237665.77550350604,237671.3376839906,238569.87004699465,898.5323630040511,past_due,
741,344.28378749871626,237843.93575500796,237849.49980600175,238748.12312000393,898.6233140021795,past_due,
742,307.44623640202923,238022.09600650985,238027.66182899475,238926.21017099125,898.5483419965021,past_due,
743,387.0743057981599,238200.25625801168,238205.8238709867,239104.38631998817,898.5624490014743,past_due,
744,349.1387307003606,238378.4165095136,238383.98643399772,239282.5431119861,898.5566779883811,past_due,
745,467.2433143015951,238556.57676101543,238562.14858599007,239460.74146298808,898.5928769980092,past_due,
746,433.17019040114246,238734.7370125173,238740.31075899303,239638.85666699253,898.5459079995053,past_due,
747,260.2389533945825,238912.8972640192,238918.4727409929,239817.04205400182,898.5693130089203,past_due,
748,491.8014668975957,239091.0575155211,239096.63503301144,239995.18087100168,898.5458379902411,past_due,
749,890.3778103005607,239269.21776702296,239274.79688599703,240173.3580129861,898.5611269890796,past_due,
750,300.5145741975866,239447.37801852485,239452.9587070048,240351.49126100272,898.5325539979385,past_due,
751,420.8703048003372,239661.1703203271,239666.75251999497,240565.29283799266,898.5403179976856,past_due,
752,290.1731614023447,239874.96262212936,239880.54707600176,240779.0940260057,898.5469500039471,past_due,
753,276.9424174970481,240088.7549239316,240094.34116899967,240992.88568499207,898.5445159923984,past_due,
754,252.512718597427,240302.54722573384,240308.13541398945,241206.677223995,898.541810005554,past_due,
755,393.6967730987817,240516.3395275361,240521.92945700884,241420.45934601268,898.5298890038393,past_due,
756,310.93770369770937,240694.499779038,240700.09146900475,241598.622007999,898.5305389942368,past_due,
757,411.0576742968988,240872.66003053985,240878.25361201167,241776.7899930178,898.5363810061244,past_due,
758,317.74926200159825,241050.8202820417,241056.4158650041,241954.94903900093,898.5331739968387,past_due,
759,541.4659362984821,241228.9805335436,241234.5777259916,242133.13857300184,898.5608470102306,past_due,
760,357.0825162983965,241407.14078504549,241412.73976899683,242311.2866690004,898.5469000035664,past_due,
761,433.5886228014715,241585.30103654735,241590.9017609954,242489.42849300487,898.5267320094863,past_due,
762,264.1044988995418,241799.09333834963,241804.6961760074,242703.25248401333,898.5563080059364,past_due,
763,352.0370856975205,242012.8856401519,242018.490128994,242917.05157698377,898.5614479897777,past_due,
764,337.5233946950175,242226.6779419541,242232.2840729952,243130.84460798325,898.5605349880643,past_due,
765,373.4691709978506,242440.4702437564,242446.07831700143,243344.61009899116,898.5317819897318,past_due,
766,344.4576537993271,242654.26254555865,242659.8722410053,243558.40865200292,898.5364109976217,past_due,
767,412.75234099593945,242832.4227970605,242838.03423199055,243715.38263799806,877.3484060075134,done,
768,463.81088560447097,243010.5830485624,243016.19653500617,243914.75980600168,898.5632709955098,past_due,
769,452.3291607038118,243188.7433000643,243194.3584669977,244092.90062799546,898.5421609977493,past_due,
770,564.1324844968041,243366.90355156615,243372.5203090012,244271.0721679919,898.551858990686,past_due,
771,321.6518215020187,243545.06380306804,243550.6821310073,244449.24766700843,898.5655360011151,past_due,
772,307.6343788998201,243723.22405456996,243728.8440629989,244627.39573199977,898.5516690008808,past_due,
773,435.2249257965013,243875.93284157157,243881.55442099276,244780.15381998455,898.5993989917915,past_due,
774,360.1289680984337,244028.64162857315,244034.2648780048,244932.83225700597,898.5673790011788,past_due,
775,245.48488319851455,244181.3504155748,244186.9928790033,245085.5403210075,898.547442004201,past_due,
776,475.87688069907017,244334.05920257635,244339.7033469975,245238.26299098635,898.5596439888468,past_due,
777,504.3783447006717,244486.767989578,244492.41423600912,245390.96827999898,898.5540439898614,past_due,
778,447.19865869847126,244639.4767765796,244645.1250040084,245543.65170601185,898.5267020034371,past_due,
779,502.5345422967803,244792.1855635812,244797.8358629942,245696.39204099332,898.5561779991258,past_due,
780,528.4801025001798,244970.34581508307,244975.99808499217,245874.54519598396,898.5471109917853,past_due,
781,467.2460473026149,245148.50606658493,245154.1602779925,246052.7184799884,898.5582019959111,past_due,
782,762.9300306958612,245326.6663180868,245332.32207000256,246230.88633199804,898.5642619954888,past_due,
783,319.1124539996963,245504.8265695887,245510.48424200717,246409.04073100982,898.556489002658,past_due,
784,254.7474898979999,245682.98682109057,245688.64625400305,246587.17375799164,898.5275039885892,past_due,
785,378.6141499003861,245861.1470725925,245866.80843700469,246765.3501979994,898.5417609947035,past_due,
786,334.1612792981323,246039.30732409435,246044.97005799413,246943.50615800277,898.5361000086414,past_due,
787,586.4371366973501,246217.4675755962,246223.13224999607,247121.67385000293,898.5416000068653,past_due,
788,461.7363985977136,246395.6278270981,246401.29442299905,247299.83920000916,898.5447770101018,past_due,
789,330.7001298002433,246573.7880786,246579.4560150057,247477.99725400866,898.5412390029524,past_due,
790,352.72574159898795,246751.94833010185,246757.61778599024,247656.16075898486,898.542972994619,past_due,
791,361.70646540122107,246930.1085816037,246935.77950800955,247834.32862301834,898.549115008791,past_due,
792,318.8627572031692,247108.26883310563,247113.94163000584,248012.46012701374,898.518497007899,past_due,
793,375.4752937995363,247286.4290846075,247292.10331100225,248190.63064499537,898.5273339931155,past_due,
794,611.7132555984426,247464.58933610935,247470.26528298852,248368.81405700228,898.5487740137614,past_due,
795,522.8075370017905,247642.74958761127,247648.4273059964,248546.99072799712,898.5634220007341,past_due,
796,301.2782557983883,247820.90983911316,247826.58918699625,248725.16170599582,898.5725189995719,past_due,
797,409.64000719832256,247999.07009061505,248004.75134000185,248903.29156699186,898.5402269900078,past_due,
798,294.5380006043706,248151.77887761663,248157.46246899664,249056.01078199118,898.5483129945351,past_due,
799,330.9339953993913,248304.48766461824,248310.1728169918,249208.7095579832,898.5367409914033,past_due,
800,253.79082289873625,248457.19645161985,248462.88370500505,249361.43605601054,898.5523510054918,past_due,
801,437.82932509784587,248609.90523862143,248615.5943429917,249514.13017198548,898.5358289937722,past_due,
802,236.299906502245,248762.61402562304,248768.3046810031,249666.85461700184,898.5499359987443,past_due,
803,437.6305437006522,248915.32281262465,248921.0153889954,249819.55144898628,898.5360599908745,past_due,
804,409.003089700127,249068.0315996263,249073.72621800005,249972.26021399093,898.5339959908742,past_due,
805,328.35098010255024,249220.74038662788,249226.4366759956,250124.9784970024,898.5418210068019,past_due,
806,605.406569497427,249373.4491736295,249379.1472439915,250277.68527698924,898.5380329977488,past_due,
807,617.190929496428,249526.1579606311,249531.8577219993,250430.38295099966,898.52522900037,past_due,
808,401.3178744004108,249678.8667476327,249684.56813900173,250583.11564001394,898.5475010122173,past_due,
809,236.7905976017937,249831.57553463432,249837.2946369946,250735.83573599358,898.5410989989759,past_due,
810,727.8088580002077,249984.28432163596,249990.00512498617,250888.64337798452,898.638252998353,past_due,
811,299.2320405028295,250136.99310863757,250142.71540300548,251041.23184500646,898.5164420009824,past_due,
812,740.9249873016961,250315.15336013943,250320.87719498572,251219.4075839788,898.5303889930947,past_due,
813,280.2762728999369,250493.3136116413,250499.0391060114,251397.57649801183,898.5373920004349,past_due,
814,263.0864873004612,250671.4738631432,250677.20071800053,251575.74634500255,898.5456270020222,past_due,
815,259.2939499998465,250849.63411464507,250855.3626099974,251753.90269699797,898.5400870005833,past_due,
816,442.7946550014896,251027.79436614693,251033.524872005,251932.09945500456,898.5745829995722,past_due,
817,489.7032995009795,251205.9546176488,251211.68685500324,252110.25978400302,898.5729289997835,past_due,
818,192.9545018007048,251358.66340465043,251364.39714200795,252262.92618899432,898.5290469863685,past_due,
819,169.92563559906557,251511.37219165204,251517.10785099864,252415.6348229983,898.5269719996722,past_due,
820,402.7157423028257,251664.08097865368,251669.81817799807,252568.37296300055,898.5547850024886,past_due,
821,166.89321680460125,251816.78976565527,251822.5284249932,252721.05528699493,898.526862001745,past_due,
822,475.5630456027575,251969.49855265688,251975.23898300529,252873.7587620078,898.5197790025268,past_due,
823,219.35109629994255,252122.2073396585,252127.94933100045,253026.46622499847,898.5168939980213,past_due,
824,244.1814396996051,252274.9161266601,252280.65970900652,253179.20159001087,898.5418810043484,past_due,
825,238.87174209812656,252427.6249136617,252433.3700159937,253331.90202799102,898.5320119973039,past_due,
826,478.46943890326656,252580.3337006633,252586.0806149989,253484.61091400296,898.5302990040509,past_due,
827,598.1471546983812,252733.04248766493,252738.79105199876,253637.3215419967,898.5304899979383,past_due,
828,207.11011299863455,252885.7512746665,252891.5020110011,253790.03253000102,898.5305189999053,past_due,
829,429.8650337033905,253038.46006166813,253044.2123180032,253942.75691400204,898.5445959988283,past_due,
830,153.9590190979652,253191.1688486697,253196.922555998,254095.44682300035,898.5242670023581,past_due,
831,261.3038894021884,253343.87763567132,253349.6327929944,254248.15674899323,898.5239559988258,past_due,
832,300.3771063988097,253522.03788717324,253527.7946759909,254426.33886098544,898.5441849945346,past_due,
833,231.1717081989628,253700.1981386751,253705.9567769915,254604.49103299598,898.5342560044955,past_due,
834,545.1552073005587,253878.358390177,253884.1185690016,254782.7409120127,898.622343011084,past_due,
835,597.7007143024821,254056.51864167888,254062.28078199923,254960.8254169972,898.5446349979611,past_due,
836,326.4477219025139,254234.67889318077,254240.44255299863,255138.98462400734,898.5420710087055,past_due,
837,437.1791799960192,254412.83914468263,254418.60423499343,255317.1355859991,898.5313510056585,past_due,
838,521.9281833036803,254626.63144648488,254632.4016749859,255530.93391699076,898.532242004876,past_due,
839,374.2673658009153,254840.42374828717,254846.19701200724,255744.94559299934,898.7485809921054,past_due,
840,498.2943126989994,255054.2160500894,255059.9911160022,255958.51634500257,898.52522900037,past_due,
841,310.73582329554483,255268.00835189165,255273.78531000015,256172.3329420087,898.5476320085581,past_due,
842,365.038614498917,255481.8006536939,255487.5799050033,256386.1145819947,898.5346769914031,past_due,
843,440.02877050079405,255695.59295549616,255701.37373799089,256599.90803398404,898.5342959931586,past_due,
844,252.68394550075757,255909.3852572984,255915.1675309986,256799.84274299932,884.6752120007295,done,
845,357.5796931050718,256123.17755910067,256128.9616750032,257027.49900699154,898.5373319883365,past_due,
846,371.1219174030703,256336.96986090293,256342.75586999956,257241.30131799847,898.545447998913,past_due,
847,362.4577145965304,256550.7621627052,256556.54972299933,257455.0939880003,898.5442650009645,past_due,
848,541.9406172004528,256764.55446450744,256770.34416799247,257668.87505799346,898.5308900009841,past_due,
849,343.6916670994833,256978.3467663097,256984.13795100152,257882.6991380027,898.561187001178,past_due,
850,556.4340224023908,257192.13906811195,257197.93222500384,258096.51067401073,898.5784490068909,past_due,
851,593.1891713000368,257405.9313699142,257411.7259389907,258310.27514299902,898.5492040083045,past_due,
852,435.9512316004839,257619.7236717165,257625.5198519975,258524.05031099985,898.5304590023588,past_due,
853,503.8011953001842,257886.96404896927,257892.7619030029,258791.3199340138,898.5580310109071,past_due,
854,284.51344570494257,258154.20442622207,258160.0038650036,259058.53781099408,898.5339459904935,past_due,
855,552.9287152981851,258421.4448034749,258427.2461359948,259325.78975999844,898.5436240036506,past_due,
856,366.38892120099626,258688.6851807277,258694.48827800155,259593.01335700077,898.5250789992278,past_due,
857,262.174876203062,259223.16593523332,259228.97067800164,259961.10672499577,732.1360469941283,done,
858,577.5057181017473,259757.646689739,259763.4532070011,260540.1112789919,776.6580719908234,done,
859,199.18940640054643,260292.12744424463,260297.9356969893,260740.78234798915,442.8466509998543,done,
860,640.6320765963756,260826.60819875027,260832.41794599596,261474.75470799688,642.336762000923,done,
861,434.3904146982823,261895.56970776155,261901.38127300143,262337.7171060025,436.3358330010669,done,
862,593.3728194970172,262964.5312167728,262970.3442880064,263565.36060700554,595.0163189991144,done,
863,395.2955873974133,264033.4927257841,264039.3075039983,264436.74944500613,397.44194100785535,done,
864,304.30260419962,265102.4542347953,265108.2707400024,265414.4271720111,306.15643200872,done,
865,223.35641600075175,266171.41574380663,266177.234085992,266401.74144198175,224.5073559897719,done,
866,262.5120960001368,267240.3772528179,267246.19771298766,267510.5506659909,264.3529530032538,done,
867,353.6327335983515,268309.3387618292,268315.1608889997,268670.5213869967,355.360497997026,done,
868,280.1422796037514,269378.3002708404,269384.1245160103,269666.07643701276,281.9519210024737,done,
869,305.97246660036035,270447.2617798517,270453.0879019946,270760.40996300406,307.32206100947224,done,
870,391.7475135007408,271516.22328886297,271522.051037997,271915.0671339978,393.01609600079246,done,
871,319.52211399911903,272585.18479787424,272591.0146650076,272912.0458769994,321.0312119917944,done,
872,341.47226869827136,273654.1463068855,273659.9783719927,274002.72418198315,342.745809990447,done,
873,613.5019237990491,274723.1078158968,274728.9417180121,275344.3270770052,615.3853589930804,done,
874,378.9027927035932,275792.0693249081,275797.9049440026,276178.2212210081,380.3162770054769,done,
875,412.678250600584,276861.03083391936,276866.8690609932,277281.2881659932,414.419104999979,done,
876,729.5845929009374,277929.99234293064,277935.83265800774,278667.2076300129,731.3749720051419,done,
877,391.2688599026296,278998.95385194186,279004.79632499814,279397.46830098925,392.6719759911066,done,
878,414.0149198996369,280067.91536095313,280073.7602420002,280489.0232689966,415.2630269963993,done,
879,836.7859578982461,281136.8768699644,281142.723488003,281981.24779199867,838.5243039956549,done,
880,432.0868700975552,282205.8383789757,282211.6874559969,282645.79243299784,434.1049770009704,done,
881,348.10946980142035,283274.79988798697,283280.6517530084,283630.6360320127,349.98427900427487,done,
882,455.6271798966918,284343.76139699825,284349.61552999914,284807.0755879936,457.4600579944672,done,
883,273.9184522011783,285412.7229060095,285418.5787770003,285694.3408249973,275.76204799697734,done,
884,263.49636030499823,286481.6844150208,286487.54295399785,286752.85772100405,265.3147670062026,done,
885,269.89089060225524,287550.645924032,287556.5067320019,287827.7899230049,271.2831910030218,done,
886,480.58115349849686,288619.6074330433,288625.47038801014,289108.1768830033,482.70649499318097,done,
887,283.409603202017,289688.5689420546,289694.4345860034,289979.6207950063,285.18620900285896,done,
888,328.17217700066976,290757.53045106586,290763.3984230012,291092.9083439948,329.509920993587,done,
889,319.5986467995681,291826.49196007714,291832.3619289994,292153.34042100306,320.9784920036327,done,
890,424.3298832967412,292895.4534690884,292901.32586699724,293327.10669699986,425.7808300026227,done,
891,224.8342877952382,293964.4149780997,293970.2893129885,294196.7124919917,226.4231790031772,done,
892,405.86238819523714,295033.376487111,295039.2527589947,295446.71906300297,407.4663040082669,done,
893,336.78813760052435,296102.33799612225,296108.2165759951,296446.3079389904,338.0913629953284,done,
894,521.4357134012971,297171.2995051335,297177.18021300435,297700.2480270113,523.0678140069358,done,
895,180.3949041001033,298240.26101414475,298246.1436289996,298428.4363809966,182.2927519970108,done,
896,434.47463670163415,299309.22252315603,299315.10764700174,299751.51912301185,436.4114760101074,done,
897,477.9838868998922,300378.1840321673,300384.07103300095,300863.7442080112,479.6731750102481,done,
898,383.114615699742,301447.1455411786,301453.03416900337,301837.831185002,384.7970159986289,done,
899,285.7099271030165,302516.10705018986,302521.9978950024,302810.0252120037,288.0273170012515,done,
900,498.6466903996188,303585.06855920114,303590.96166199446,304091.6621190015,500.7004570070421,done,
901,321.88796859700244,304654.0300682124,304659.9250789881,304983.4566759968,323.5315970086958,done,
902,181.1062594992109,305722.99157722364,305728.8890859932,305912.05175800185,183.16267200862055,done,
903,355.6477625039406,306791.9530862349,306797.852541998,307155.0164199957,357.1638779976638,done,
904,589.4411911955103,307860.9145952462,307866.8166600019,308457.88700800587,591.0703480039956,done,
905,521.4228853001259,308929.8761042575,308935.78006599844,309458.60104500595,522.8209790075198,done,
906,310.37857540068217,309998.8376132688,310004.74368199706,310316.8632899999,312.1196080028312,done,
907,366.8130773003213,311067.79912228003,311073.7070789933,311442.48648999433,368.7794110010145,done,
908,432.8530006983783,312136.7606312913,312142.6709560007,312577.0756779936,434.40472199290525,done,
909,400.2636862976942,313205.7221403026,313211.6349630058,313613.6700550094,402.0350920036435,done,
910,339.97218019794684,314274.68364931387,314280.598259002,314621.74564400123,341.1473849992035,done,
911,333.8713963981718,315343.6451583251,315349.5620959997,315684.8317579983,335.2696619986091,done,
912,470.3479349031113,316412.6066673364,316418.5253819972,316890.63931199175,472.11392999452073,done,
913,429.8025983967818,317481.56817634765,317487.4895400107,317919.05501701415,431.5654770034598,done,
914,336.89483130001463,318550.5296853589,318556.45379699767,318895.4712759942,339.01747899653856,done,
915,230.2935910003725,319619.4911943702,319625.41738399863,319857.10236499994,231.6849810013082,done,
916,381.6193649021443,320688.4527033815,320694.38754299283,321077.45483698766,383.0672939948272,done,
