# {"bindir": "/tmp/build/nexus-bin", "slo_ms": 39, "maxb": 8, "reqs": "/workdir/DynWork/multimodal_dataset/repeat-4/Multimodal_Real_Dataset/Azure/chatbot/blenderbot_cornell/jobs.bucketed.csv", "image": "Chihuahua1_bvdb.jpg", "no_nexus": false, "debug": false, "pause": false, "outdir": "/workdir/DynWork/multimodal_dataset/repeat-4/Multimodal_Real_Dataset/Azure/chatbot/blenderbot_cornell/3_x_P99/nexus", "latencies": "/workdir/DynWork/multimodal_dataset/repeat-4/Multimodal_Real_Dataset/Azure/chatbot/blenderbot_cornell/latencies.csv", "reproducibility": {"command_line": "python dynamic_test.py --slo_ms 39 --maxb 8 --bindir /tmp/build/nexus-bin Chihuahua1_bvdb.jpg /workdir/DynWork/multimodal_dataset/repeat-4/Multimodal_Real_Dataset/Azure/chatbot/blenderbot_cornell/jobs.bucketed.csv /workdir/DynWork/multimodal_dataset/repeat-4/Multimodal_Real_Dataset/Azure/chatbot/blenderbot_cornell/latencies.csv /workdir/DynWork/multimodal_dataset/repeat-4/Multimodal_Real_Dataset/Azure/chatbot/blenderbot_cornell/3_x_P99/nexus", "time": "Sat Apr  2 16:29:37 2022", "git_root": "/workdir/nexus", "git_url": "https://github.com/Aetf/nexus/tree/660705b33cdfaa936d8aa5d1e41166826dbfe4e7", "git_has_uncommitted_changes": false}}
JobId,Length,Admitted,Started,Finished,Latency,State,EName
0,9.619450027864842,0.0,3.96458999812603,20.98158999812603,17.017,done,
1,8.468520766653556,3.3217983379989,7.48581799864769,33.89981799864769,26.414,done,
2,9.59851023551878,6.6435966759978005,10.944536000490189,34.23753600049019,23.293,done,
3,8.458386895531381,9.965395013996702,14.490722998976707,50.52072299897671,36.03,done,
4,9.895763263995622,13.2871933519956,21.482547998428345,50.53554799842834,29.053,done,
5,4.537101053577555,16.6089916899945,41.290632002055645,73.88963200205563,32.599,done,
6,8.965459993219246,19.930790027993403,17.99668899923563,52.96168899923563,34.965,done,
7,4.864561716133823,23.252588365992302,25.20690600574017,73.22090600574018,48.014,done,
8,5.743217962790496,26.5743867039912,29.60725700110197,73.35925700110198,43.752,done,
9,5.373795921436954,29.8961850419901,33.07248700410128,73.49848700410129,40.426,done,
10,9.47957088591885,33.217983379989,36.85898799449205,73.97598799449204,37.117,done,
11,12.544349801843117,37.370231302487625,45.71184500306845,102.74584500306844,57.034,done,
12,4.088182220349565,41.52247922498625,50.31928699463606,102.61428699463606,52.295,done,
13,9.176744374006232,45.67472714748487,54.67121899873018,103.07821899873018,48.407,done,
14,5.161755709600343,49.826975069983504,59.359760999679565,103.23776099967957,43.878,done,
15,4.61290284309579,53.97922299248212,63.97738299518824,103.39138299518825,39.414,done,
16,7.124311818956027,58.13147091498075,68.66952800005674,140.90152800005674,72.232,done,
17,5.627856316660628,62.28371883747938,106.1184389963746,183.6354389963746,77.517,done,
18,7.076135447136997,66.435966759978,128.11667400598526,184.33567400598525,56.219,error,
19,11.212762564006724,69.20413204164375,133.50784900039434,184.63984900039435,51.132,error,
20,5.031472323495292,71.9722973233095,73.21989700198174,140.84189700198175,67.622,done,
21,7.947585325886161,74.74046260497525,77.62071900069714,141.18571900069713,63.565,done,
22,7.171841905183204,77.50862788664101,80.99617499858141,141.1501749985814,60.154,done,
23,8.627636459741971,80.27679316830675,84.48566100001335,141.24366100001336,56.758,done,
24,10.391683849501588,83.04495844997251,88.02038700133562,141.29438700133562,53.274,done,
25,4.803314179248484,85.81312373163826,91.66846299916506,141.31246299916506,49.644,done,
26,12.629372175650484,88.581289013304,95.2861839979887,141.3901839979887,46.104,done,
27,9.650536658620284,91.34945429496976,98.97303900122644,141.52603900122642,42.553,error,
28,7.74721897455237,94.1176195766355,102.585820004344,183.533820004344,80.948,done,
29,4.148978611302651,96.88578485830126,172.82781299948692,220.35281299948693,47.525,error,
30,4.351151462262338,99.653950139967,109.56650400161745,184.09950400161745,74.533,done,
31,5.552030682301685,101.8684823652996,113.02061700075863,184.12361700075863,71.103,done,
32,9.766794667395027,104.0830145906322,116.53114499896763,184.16914499896762,67.638,done,
33,7.668912588420087,106.2975468159648,120.07668799906968,184.3986879990697,64.322,done,
34,5.266186109119514,108.5120790412974,122.6408609971404,184.43986099714039,61.799,done,
35,5.239464589186324,110.72661126663,125.33227200061084,184.52227200061083,59.19,done,
36,5.64810287767404,112.9411434919626,130.91154200583696,184.79354200583697,53.882,error,
37,4.701229732558605,115.1556757172952,185.68154899775985,260.9915489977599,75.31,done,
38,7.187711917102084,117.3702079426278,136.18776900321245,184.85276900321244,48.665,error,
39,8.120332608278723,119.5847401679604,138.82632499933243,184.87732499933242,46.051,error,
40,4.806047229890542,121.799272393293,141.5682369992137,184.9542369992137,43.386,error,
41,10.626518383311296,124.0138046186256,143.92618899792433,185.00118899792432,41.075,error,
42,4.747398462232007,126.2283368439582,146.59134500473738,219.48434500473738,72.893,done,
43,7.808914086108942,128.4428690692908,199.4786739945412,261.6056739945412,62.127,done,
44,8.226341848122807,130.6574012946234,210.3306479975581,261.9376479975581,51.607,done,
45,10.477237166404317,132.871933519956,217.52687399834397,262.07987399834394,44.553,error,
46,4.414457812604859,136.562820562177,149.62601099908352,219.9200109990835,70.294,done,
47,4.808859357053162,140.253707604398,152.08566600084305,220.04166600084307,67.956,done,
48,5.084650971261671,143.944594646619,154.5303089991212,219.99730899912117,65.467,done,
49,4.313510639429588,147.63548168884,156.99612200260162,220.09712200260162,63.101,done,
50,5.1134723283601975,151.326368731061,159.51143199950457,220.29143199950457,60.78,done,
51,5.089677489818319,155.017255773282,164.04268399626017,220.28168399626017,56.239,done,
52,11.386161680537244,158.70814281550298,167.96891900151968,220.4169190015197,52.448,done,
53,5.995159816688171,162.399029857724,177.68260700255632,220.45560700255632,42.773,error,
54,4.970064977053823,166.089916899945,181.61541199684143,261.13641199684145,79.521,done,
55,4.338711897794593,169.4117152379439,233.00847700238228,295.9044770023823,62.896,done,
56,5.101826480872721,172.7335135759428,190.27165000140667,261.40865000140667,71.137,done,
57,12.284166744920276,176.0553119139417,194.9138960018754,261.6788960018754,66.765,done,
58,5.091975334454854,179.3771102519406,203.1035009995103,261.83050099951026,58.727,done,
59,4.984585256574299,182.6989085899395,206.7552469968796,262.0232469968796,55.268,done,
60,8.661072295932456,186.0207069279384,213.88974700123072,262.3237470012307,48.434,error,
61,10.142852929128974,189.3425052659373,220.9852700009942,262.5252700009942,41.54,error,
62,4.953152078833256,192.66430360393625,225.0182959958911,296.1092959958911,71.091,done,
63,9.145054792523412,195.98610194193512,229.52690099924803,296.152900999248,66.626,done,
64,4.498435041674227,199.307900279934,237.36587999761105,296.31687999761107,58.951,done,
65,4.042543084877824,202.3277169508421,240.7956569939852,296.58165699398523,55.786,done,
66,5.437291179699546,205.3475336217502,244.3005100041628,296.3265100041628,52.026,done,
67,5.535149368237767,208.3673502926583,247.838178999722,296.668178999722,48.83,done,
68,9.977759550548946,211.3871669635664,251.4330840036273,296.6710840036273,45.238,done,
69,9.427096266815772,214.40698363447447,255.32680899649856,296.8728089964986,41.546,error,
70,9.873040837503003,217.42680030538256,258.8893079981208,332.1723079981208,73.283,done,
71,7.681163071352427,220.44661697629064,262.03128200024366,332.3042820002437,70.273,done,
72,5.929804253971903,223.4664336471988,265.95941600203514,332.5974160020352,66.638,done,
73,4.3729475793086925,226.48625031810684,269.5214110016823,332.83941100168227,63.318,done,
74,5.139187365192975,229.50606698901493,272.97105699777603,333.06605699777606,60.095,done,
75,8.385573543268766,232.525883659923,276.42441499978304,333.584414999783,57.16,done,
76,9.311732251278428,236.216770702144,280.9210650026798,333.6670650026798,52.746,done,
77,10.7178645370247,239.907657744365,285.4827380031347,333.9107380031347,48.428,done,
78,11.824050757379355,243.598544786586,290.1175019964576,333.8665019964576,43.749,error,
79,5.376831662347855,247.289431828807,294.66733100265265,370.98233100265264,76.315,done,
80,5.039304724849574,250.980318871028,298.9012579992413,370.8702579992413,71.969,done,
81,11.349515662376875,254.671205913249,303.5915779992938,371.07857799929377,67.487,done,
82,7.300797508045452,258.36209295547,308.3652070015669,371.30820700156687,62.943,done,
83,5.186239682805971,262.052979997691,312.90173399448395,371.4867339944839,58.585,done,
84,4.057636003839248,265.743867039912,317.3357229977846,371.7137229977846,54.378,done,
85,11.150219818117415,269.06566537791093,320.9784089997411,371.4954089997411,50.517,done,
86,9.746029062689288,272.3874637159098,324.6059489995241,371.5029489995241,46.897,done,
87,5.159492866642082,275.7092620539087,328.2214029952884,371.72640299528837,43.505,error,
88,4.7730747664434645,279.0310603919076,332.5931099951267,397.23410999512674,64.641,done,
89,5.595411393544574,282.35285872990653,337.0599749982357,397.5729749982357,60.513,done,
90,4.710292887755372,285.6746570679054,340.6425840035081,397.8185840035081,57.176,done,
91,5.183859149540883,288.99645540590427,344.32771199941635,398.01471199941636,53.687,done,
92,4.890577050323201,292.3182537439032,347.9361070021987,398.1251070021987,50.189,done,
93,5.277578649742564,295.6400520819021,351.6205869987607,398.6365869987607,47.016,done,
94,7.69411808021465,298.961850419901,355.28537199646235,398.75437199646234,43.469,done,
95,5.447999657704462,301.9816670908091,359.07818599790335,398.95318599790335,39.875,done,
96,8.688355498426528,305.0014837617172,362.7443809956312,436.7013809956312,73.957,done,
97,11.588650723130932,308.02130043262525,366.3563000038266,437.17730000382664,70.821,done,
98,5.285491583667167,311.04111710353334,369.7614779993892,436.91347799938916,67.152,done,
99,6.208002259567607,314.0609337744414,373.5798919945955,437.02389199459554,63.444,done,
100,8.725939106494366,317.0807504453496,376.9678080007434,437.2798080007434,60.312,done,
101,5.121476555540084,320.10056711625765,380.3656769990921,437.3526769990921,56.987,done,
102,4.778303803347571,323.12038378716574,383.81418500095606,437.5051850009561,53.691,done,
103,5.008317870744501,326.1402004580738,387.2512339949608,437.36723399496077,50.116,done,
104,5.799732579856165,329.1600171289819,390.7490120008588,437.5510120008588,46.802,error,
105,5.496421905222222,332.17983379989,394.193682000041,437.516682000041,43.323,error,
106,7.600806247757562,335.5016321378889,397.7135109975934,472.25051099759344,74.537,done,
107,4.485374420244437,338.8234304758878,401.7515560016036,472.5355560016036,70.784,done,
108,7.957527682905167,342.14522881388666,405.34253399819136,472.69553399819137,67.353,done,
109,4.982314596981807,345.4670271518856,408.944403000176,472.593403000176,63.649,done,
110,5.44448526066077,348.7888254898845,412.492015004158,472.973015004158,60.481,done,
111,7.627533209461604,352.1106238278834,415.9350109994412,473.1030109994412,57.168,done,
112,5.331052314608802,355.43242216588226,419.5023339986801,472.9093339986801,53.407,done,
113,10.439809820807914,358.7542205038812,423.1759129986167,473.4439129986167,50.268,done,
114,4.817228988566778,362.0760188418801,426.8019509986043,472.9779509986043,46.176,error,
115,7.427393154671107,365.397817179879,430.7939779981971,473.25197799819705,42.458,error,
116,4.938301793857312,368.16598246154473,434.6353609934449,508.4383609934449,73.803,done,
117,4.822410058601053,370.9341477432105,437.6766939982772,508.8596939982772,71.183,done,
118,8.514161189499209,373.7023130248763,440.5545499995351,508.9285499995351,68.374,done,
119,10.323324934483544,376.470478306542,444.0215559974313,509.2255559974313,65.204,done,
120,10.73241867576575,379.23864358820776,447.4870150014758,509.2920150014758,61.805,done,
121,4.55952236310265,382.0068088698735,451.1489320024848,509.5549320024848,58.406,done,
122,5.32252421318213,384.77497415153925,454.5545179992914,509.6435179992914,55.089,done,
123,8.597775689327813,387.543139433205,457.9331659972668,509.8541659972668,51.921,done,
124,10.821337354689666,390.31130471487074,461.319948002696,509.687948002696,48.368,error,
125,8.333235192878098,393.07946999653655,464.7275869995356,509.9315869995356,45.204,error,
126,5.609020300418297,395.8476352782023,468.163009993732,510.001009993732,41.838,error,
127,7.909743475292154,398.615800559868,471.6627739965916,543.9367739965917,72.274,done,
128,4.594253893610919,401.9375988978669,475.6395250037313,544.3315250037313,68.692,done,
129,8.16707598882821,405.2593972358658,479.17389699816704,544.207896998167,65.034,done,
130,7.656299538775002,408.5811955738648,482.6188670024276,544.5918670024275,61.973,done,
131,4.975025390212474,411.9029939118636,486.0610369965434,544.5640369965435,58.503,done,
132,9.958118322229993,415.2247922498625,489.53435300290585,545.0813530029059,55.547,done,
133,4.419218324269331,418.54659058786143,493.0049690008164,544.7479690008164,51.743,done,
134,10.3809556058074,421.8683889258604,496.481869995594,545.406869995594,48.925,done,
135,5.440711321612164,425.1901872638592,499.95509999990463,545.1650999999047,45.21,error,
136,10.638527939406265,428.5119856018581,503.41869600117207,545.246696001172,41.828,error,
137,10.256997541002333,431.833783939857,506.9077219963074,578.9577219963073,72.05,done,
138,7.009219073388152,434.8536006107651,510.0423189923167,579.1673189923167,69.125,done,
139,8.743757378646292,437.8734172816732,572.1788010001183,619.8968010001182,47.718,error,
140,5.218264215212233,440.8932339525813,513.1997660025954,579.3817660025954,66.182,done,
141,10.131917565188411,443.91305062348937,516.769493997097,579.500493997097,62.731,done,
142,9.024000612988615,446.9328672943975,520.249149993062,579.750149993062,59.501,done,
143,7.05783966501084,449.9526839653056,523.6583890020847,579.8643890020847,56.206,done,
144,9.936792572991624,452.9725006362137,527.0610500052571,580.1340500052571,53.073,done,
145,9.301844843838248,455.99231730712177,530.5119879990816,580.1769879990816,49.665,done,
146,7.544839701294848,459.01213397802985,534.067374996841,580.341374996841,46.274,error,
147,5.613835973793358,462.03195064893794,537.6118619963527,580.4178619963527,42.806,error,
148,4.839117317713654,465.051767319846,541.1201549991965,619.1811549991966,78.061,done,
149,7.235647120468659,468.742654362067,544.5862450003624,619.3402450003624,74.754,done,
150,5.074821577193965,472.433541404288,609.2140000015497,653.2020000015498,43.988,error,
151,13.267942493897948,476.124428446509,549.3769229948521,619.2689229948521,69.892,done,
152,4.955812094710218,479.81531548873,554.055137000978,619.776137000978,65.721,done,
153,4.68266527281481,483.50620253095104,558.5866599977016,620.0506599977016,61.464,done,
154,9.239395962294765,487.197089573172,563.0873220041394,620.4213220041395,57.334,done,
155,10.177995961337556,490.887976615393,567.6481829956174,620.2981829956174,52.65,done,
156,4.126881255669657,494.578863657614,576.8715220019221,620.3815220019221,43.51,error,
157,4.950637728635141,498.269750699835,580.6594749987125,652.5884749987125,71.929,done,
158,9.816899111727691,500.8249801906034,585.129002995789,652.5850029957891,67.456,done,
159,5.807587455205192,503.3802096813718,588.7752680033445,652.8262680033446,64.051,done,
160,5.697220966891991,505.93543917214015,592.1748180016875,652.9988180016875,60.824,done,
161,5.582083301742921,508.49066866290855,595.5368200019002,653.5748200019002,58.038,done,
162,7.1062739400265125,511.04589815367694,598.9241739958525,652.9211739958524,53.997,done,
163,5.779648354082832,513.6011276444453,602.4151319935918,653.2131319935918,50.798,done,
164,9.63009541874636,516.1563571352137,605.8102479949594,653.3552479949593,47.545,done,
165,4.3452428359169,518.7115866259821,612.6131369993091,653.4161369993091,40.803,error,
166,8.53632473854618,521.2668161167504,616.0224549993873,695.8104549993873,79.788,done,
167,7.042789039356171,523.8220456075188,619.5213610008359,695.9073610008359,76.386,done,
168,5.314779579692523,526.3772750982872,677.3470560014248,730.1230560014247,52.776,done,
169,4.923149599282668,528.9325045890556,622.4572099968791,695.9412099968791,73.484,done,
170,12.718062549138548,531.487734079824,625.957230001688,696.697230001688,70.74,done,
171,4.6915704534735685,535.178621122045,629.398125000298,696.336125000298,66.938,done,
172,4.616199515061662,538.869508164266,633.8609999939799,696.42199999398,62.561,done,
173,5.920993027404338,542.560395206487,638.4475390017033,697.2245390017033,58.777,done,
174,5.065774471476403,546.251282248708,642.9092449992895,696.6632449992895,53.754,done,
175,6.34058228675965,549.9421692909291,647.5791079998016,697.4091079998017,49.83,error,
176,7.329060682551841,553.6330563331501,652.0388809964061,697.4888809964061,45.45,error,
177,3.819276067262893,557.3239433753711,656.6481290012598,729.8421290012598,73.194,done,
178,12.832394729333869,561.0148304175921,661.4651430025697,730.0421430025697,68.577,done,
179,8.761592650424646,564.7057174598131,713.417481996119,768.225481996119,54.808,done,
180,10.404117705606057,570.2420480231445,717.9740079939365,768.2770079939365,50.303,done,
181,9.083334664231824,575.778378586476,722.483767002821,768.113767002821,45.63,done,
182,12.383491451622644,581.3147091498075,727.0970139950514,768.3560139950514,41.259,error,
183,7.439220417339463,586.851039713139,666.128669001162,730.284669001162,64.156,done,
184,7.862650435181165,592.3873702764705,670.6974909976125,730.2794909976125,59.582,done,
185,5.300795867771914,597.923700839802,683.9271130040288,730.4261130040288,46.499,done,
186,5.388510493221015,601.614587882023,690.4595670029521,768.8795670029521,78.42,done,
187,8.607344536755539,605.305474924244,696.5404170006514,767.0674170006514,70.527,done,
188,11.846645066207914,608.996361966465,740.1139200031757,806.1339200031757,66.02,done,
189,14.869914786816423,612.687249008686,702.7534929960966,767.9064929960966,65.153,done,
190,5.451976468524506,616.3781360509071,708.6044310033321,769.0444310033322,60.44,done,
191,7.587342044585958,620.0690230931281,731.0650609955192,805.8940609955191,74.829,done,
192,3.651496419922784,623.7599101353491,785.4019750058651,848.5899750058651,63.188,done,
193,7.156581706058553,627.45079717757,796.5120420008898,848.7390420008898,52.227,done,
194,12.50267041611142,631.141684219791,735.3399659991264,806.2729659991264,70.933,done,
195,4.85692297359145,634.832571262012,744.7756900042295,806.4156900042295,61.64,done,
196,7.837332641766394,638.523458304233,749.3479330018163,806.6039330018162,57.256,done,
197,5.017806729832314,642.214345346454,753.9253780022264,806.7403780022264,52.815,done,
198,3.54926336028848,645.905232388675,758.4287870004773,806.9467870004773,48.518,done,
199,6.724914477150432,649.596119430896,762.8368330001831,807.0248330001831,44.188,error,
200,8.447651470036137,653.287006473117,767.2957109957933,848.4967109957934,81.201,done,
201,5.887796305453515,656.977893515338,832.2056839987636,883.9506839987636,51.745,done,
202,10.347959884519463,660.668780557559,771.849698998034,848.498698998034,76.649,done,
203,13.79208531510444,664.35966759978,776.368296995759,848.649296995759,72.281,done,
204,7.706630389032301,669.8959981631115,780.8502079993486,848.6782079993486,67.828,done,
205,4.4241906636313,675.432328726443,789.9398790001869,848.860879000187,58.921,done,
206,4.541269820601818,680.9686592897745,803.1022110059857,848.9502110059857,45.848,error,
207,5.676035103552836,686.504989853106,808.7891869992018,883.4051869992018,74.616,done,
208,9.35392956720306,692.0413204164375,859.9315560013056,924.4485560013056,64.517,done,
209,11.544685799782547,697.577650979769,815.3976859971881,883.6956859971881,68.298,done,
210,5.223283647380035,700.5974676506771,821.9607819989324,883.8327819989323,61.872,done,
211,5.334160855813848,703.6172843215852,828.5512410029769,884.0482410029769,55.497,done,
212,4.925991706687665,706.6371009924933,835.8580529987812,884.2200529987812,48.362,done,
213,8.84274227375464,709.6569176634014,839.4963920041919,884.4633920041919,44.967,done,
214,6.82706093950202,712.6767343343095,842.9269849956036,884.5759849956036,41.649,error,
215,8.885000617226511,715.6965510052175,846.4318249970675,924.0068249970675,77.575,done,
216,11.404462403542157,718.7163676761256,892.1294810026884,962.8424810026884,70.713,done,
217,9.1566868163532,721.7361843470337,899.0851150006056,963.0591150006056,63.974,done,
218,5.458110756613951,724.7560010179418,916.1794069930912,963.5874069930912,47.408,error,
219,11.975604271674554,727.7758176888499,849.5396899953485,924.2556899953485,74.716,done,
220,10.66604539843448,730.795634359758,853.1699109971523,924.3909109971523,71.221,done,
221,5.106715301521883,734.1174326977568,856.5052029937506,924.4852029937506,67.98,done,
222,4.45719104037935,737.4392310357558,863.346585996449,924.647585996449,61.301,done,
223,5.531528579645735,740.7610293737547,866.8262110054493,924.6772110054493,57.851,done,
224,11.801078615420373,744.0828277117536,870.2680969983339,924.6920969983339,54.424,done,
225,6.1903284267496055,747.4046260497526,873.7840690016747,924.7580690016747,50.974,error,
226,5.515827130694333,750.7264243877514,877.2996939942241,924.676693994224,47.377,error,
227,11.368725236300056,754.0482227257503,880.7803940027952,924.8703940027953,44.09,error,
228,4.3993353787691865,757.3700210637492,884.3001089990139,924.6171089990139,40.317,error,
229,4.623083286994612,760.6918194017481,888.594138994813,962.9131389948129,74.319,done,
230,10.60109456325548,764.013617739747,895.6053839996457,963.1893839996458,67.584,done,
231,6.747693608093924,767.0334344106551,902.582309000194,963.384309000194,60.802,done,
232,7.253578277076233,770.0532510815632,905.990927003324,963.5469270033241,57.556,done,
233,8.751572711695164,773.0730677524713,909.3583489954472,963.9353489954472,54.577,done,
234,4.9358801829211645,776.0928844233794,912.7482920065522,963.7172920065523,50.969,done,
235,7.89678900657869,779.1127010942874,919.6029059961438,963.8279059961438,44.225,error,
236,4.515380045847382,782.1325177651956,923.115924999118,964.0309249991179,40.915,error,
237,4.888134507581458,785.1523344361037,926.7585479989648,1007.3185479989647,80.56,done,
238,4.846931294227726,788.1721511070118,930.352530002594,1007.553530002594,77.201,done,
239,13.1298193956984,791.1919677779199,933.9352549985052,1007.5632549985053,73.628,done,
240,4.59084294998525,794.211784448828,937.3985520005226,1007.8135520005226,70.415,done,
241,6.132311368692907,797.2316011197361,940.8793200030924,1007.9203200030925,67.041,done,
242,4.653329681896396,800.2514177906442,944.4189599975944,1007.8889599975944,63.47,done,
243,6.768073885041023,803.2712344615522,947.9579439982772,1008.0259439982772,60.068,done,
244,4.526008747702197,806.2910511324603,951.5606380030512,1008.5066380030512,56.946,done,
245,8.353013058030022,809.3108678033684,955.1089949980378,1008.7159949980378,53.607,error,
246,11.44758333554542,812.3306844742765,958.7269859984516,1008.6319859984516,49.905,error,
247,5.363560052511604,815.3505011451846,962.3451109975576,1008.7281109975577,46.383,error,
248,5.245016851997616,818.3703178160927,966.228268004954,1009.0662680049539,42.838,error,
249,5.958786125727152,821.3901344870008,969.7430539950728,1053.1280539950728,83.385,done,
250,5.294244905197401,824.4099511579088,973.266377992928,1053.297377992928,80.031,done,
251,7.885849872239946,827.4297678288169,976.9074699953198,1053.3444699953197,76.437,done,
252,10.292694664997502,830.449584499725,980.308528997004,1053.647528997004,73.339,done,
253,4.362479354063988,832.8222975982957,983.6796260029078,1053.7516260029079,70.072,done,
254,13.53837023009645,835.1950106968663,987.1234560012816,1053.8964560012816,66.773,done,
255,8.060594441439374,837.5677237954369,990.5823149979116,1054.0733149979117,63.491,done,
256,10.90956381505091,839.9404368940076,993.091807000339,1053.9818070003391,60.89,done,
257,4.197501626995733,842.3131499925782,995.588210001588,1054.119210001588,58.531,error,
258,4.326856638306393,844.6858630911489,998.1575079932808,1054.1595079932808,56.002,error,
259,10.95551359671116,847.0585761897196,1000.7985979989172,1054.3115979989173,53.513,error,
260,8.708039603230958,849.4312892882901,1003.3315839990972,1054.5705839990972,51.239,error,
261,5.194523761313304,851.8040023868608,1005.8682789951564,1054.9142789951563,49.046,error,
262,5.774044362834291,854.1767154854315,1008.386420994997,1054.388420994997,46.002,error,
263,9.916020454816486,856.5494285840022,1011.6999889984728,1054.8629889984727,43.163,error,
264,4.947876134129068,858.9221416825727,1015.1415579989552,1092.3055579989552,77.164,done,
265,5.096729798109789,861.2948547811434,1018.5246260017155,1092.3746260017156,73.85,done,
266,5.658952070831541,863.667567879714,1021.899649001658,1092.476649001658,70.577,done,
267,4.825120572656065,866.9893662177129,1025.3606700003147,1092.6246700003146,67.264,done,
268,8.156581892659755,870.3111645557118,1028.816104002297,1092.7701040022969,63.954,done,
269,6.032662256424323,873.6329628937108,1032.2549410015345,1092.9129410015344,60.658,done,
270,7.468399414980118,876.9547612317097,1036.707769997418,1093.1247699974178,56.417,done,
271,11.52218585989695,880.2765595697085,1040.224949002266,1093.264949002266,53.04,done,
272,6.705076987981121,883.5983579077074,1043.6742310002446,1093.3502310002445,49.676,error,
273,4.643095873690307,886.9201562457063,1047.2635089978576,1093.5695089978576,46.306,error,
274,10.849399263552456,890.2419545837053,1050.9032960012555,1093.8132960012556,42.91,error,
275,5.181272033264441,893.5637529217041,1054.3140550032258,1128.7180550032258,74.404,done,
276,5.174028510426642,896.885551259703,1057.865835994482,1129.201835994482,71.336,done,
277,4.263243471333603,899.6537165413688,1061.5154689997437,1129.3704689997437,67.855,done,
278,5.053406179116101,902.4218818230344,1065.0081939995289,1129.709193999529,64.701,done,
279,5.761154338037954,905.1900471047004,1068.5442679971457,1129.3952679971458,60.851,done,
280,6.991740925003173,907.958212386366,1072.1817139983175,1129.7917139983174,57.61,done,
281,10.87933493109055,910.7263776680318,1075.6734220013022,1129.8114220013022,54.138,done,
282,7.220663247467163,913.4945429496976,1079.1697560027242,1130.1117560027242,50.942,done,
283,10.986352311271318,916.2627082313631,1082.663557998836,1129.950557998836,47.287,error,
284,4.7501898980891335,919.0308735130292,1086.2686519995332,1130.1436519995332,43.875,error,
285,9.849959793643496,921.7990387946948,1089.887251995504,1171.153251995504,81.266,done,
286,12.459091172445412,924.5672040763606,1092.9424540027976,1170.9134540027976,77.971,done,
287,6.846899656513337,927.3353693580262,1095.86662799865,1171.26262799865,75.396,done,
288,9.734432084776948,930.103534639692,1099.5151610001922,1171.6001610001922,72.085,done,
289,4.686011580236817,933.4253329776908,1103.1306359991431,1171.277635999143,68.147,done,
290,4.942753262643421,936.7471313156898,1106.911941997707,1171.738941997707,64.827,done,
291,4.6369052885996265,940.0689296536888,1110.5300029963255,1171.8250029963256,61.295,done,
292,5.367420263202376,943.3907279916876,1114.1842559948564,1172.1002559948563,57.916,done,
293,6.085098740410656,946.7125263296864,1117.8376440033317,1171.8856440033317,54.048,error,
294,5.111308840264883,950.0343246676854,1121.395842000842,1172.3548420008422,50.959,error,
295,6.400121553277552,953.3561230056844,1124.9598409980536,1172.1568409980537,47.197,error,
296,11.333348799857207,956.6779213436832,1128.6018420010805,1172.2908420010806,43.689,error,
297,4.215398310294892,959.999719681682,1132.2717339992523,1211.8597339992523,79.588,done,
298,5.938340117015295,963.321518019681,1135.84495100379,1212.03595100379,76.191,done,
299,4.789152581233855,967.012405061902,1140.348816998303,1212.2358169983029,71.887,done,
300,12.00598644858263,970.703292104123,1144.8728009983895,1212.2658009983895,67.393,done,
301,5.687852725989483,974.394179146344,1149.4715399965644,1212.3825399965644,62.911,done,
302,4.920271514961412,978.085066188565,1154.0763809978962,1212.6993809978962,58.623,done,
303,9.105001859931878,981.775953230786,1158.5598729923368,1212.6568729923367,54.097,done,
304,4.830724580066181,985.466840273007,1162.9958849996328,1212.9108849996328,49.915,done,
305,6.467354970964549,989.157727315228,1167.4381369948387,1212.7741369948387,45.336,error,
306,4.945538958723144,992.848614357449,1171.8442939966917,1212.7292939966917,40.885,error,
307,9.24847199148408,996.53950139967,1176.2537010014055,1241.0457010014054,64.792,done,
308,9.508159182643542,1000.6917493221688,1180.743172004819,1241.388172004819,60.645,done,
309,5.339402993849197,1004.8439972446672,1185.1086240038276,1241.5386240038276,56.43,done,
310,4.2924406693118256,1008.996245167166,1189.4760649949312,1241.8010649949313,52.325,done,
311,4.320901294341357,1013.1484930896644,1193.8761769980192,1241.6351769980192,47.759,done,
312,5.328062193211136,1017.3007410121631,1198.277323000133,1241.9273230001331,43.65,done,
313,5.539156938449975,1021.4529889346618,1202.669187001884,1242.078187001884,39.409,done,
314,6.442192797553592,1025.6052368571604,1207.132644996047,1266.901644996047,59.769,done,
315,6.278934086495548,1029.757484779659,1211.6743589937687,1266.7893589937687,55.115,done,
316,10.312343678385623,1034.5029109768004,1263.4784420058131,1303.7444420058132,40.266,error,
317,10.748255738494583,1039.2483371739415,1216.6994759961965,1267.1134759961965,50.414,done,
318,6.42018801979855,1043.9937633710829,1222.2247380018234,1267.3317380018234,45.107,done,
319,4.764539230911553,1048.7391895682242,1227.6710050031545,1267.4560050031546,39.785,done,
320,13.65643205885359,1053.4846157653656,1233.1871969997885,1303.3481969997886,70.161,done,
321,7.367448435840165,1058.230041962507,1238.8312470018864,1303.5912470018864,64.76,done,
322,4.814359922161339,1062.975468159648,1244.2526559978724,1303.3696559978723,59.117,done,
323,5.2082081379057215,1066.666355201869,1250.0268859937787,1303.5848859937787,53.558,done,
324,7.989737614753406,1070.35724224409,1254.643000997603,1303.975000997603,49.332,done,
325,5.524096637350286,1074.048129286311,1259.1115779951217,1304.1035779951217,44.992,done,
326,5.493265937647038,1077.739016328532,1267.3938050046563,1335.4058050046563,68.012,done,
327,9.723234803543216,1081.429903370753,1271.6095899939537,1335.6335899939536,64.024,done,
328,9.547049097867315,1085.120790412974,1276.2422960028052,1335.6872960028052,59.445,done,
329,10.465115668641005,1088.811677455195,1280.7774799987674,1336.0114799987673,55.234,done,
330,4.716169405148328,1092.502564497416,1285.165712997317,1335.813712997317,50.648,done,
331,10.03324349567184,1096.193451539637,1289.7013359963894,1336.0723359963895,46.371,done,
332,9.807366307780354,1100.9388777367783,1295.3523600026963,1336.2453600026963,40.893,done,
333,8.272038560066605,1105.6843039339196,1301.1412720009685,1358.0352720009685,56.894,done,
334,5.371065380453802,1110.429730131061,1306.9525360018015,1358.1345360018015,51.182,done,
335,6.146175104017084,1115.175156328202,1312.539296001196,1358.335296001196,45.796,done,
336,5.408305940571283,1119.9205825253434,1318.0924740061164,1358.3774740061165,40.285,done,
337,4.176881304484117,1124.6660087224848,1323.626294001937,1358.3412940019368,34.715,done,
338,5.357471740725575,1129.411434919626,1329.3087439984083,1358.6517439984084,29.343,done,
339,5.036461983216161,1132.1796002012918,1332.856605000794,1393.989605000794,61.133,done,
340,5.260912113342109,1134.9477654829575,1336.07806699723,1394.12106699723,58.043,done,
341,7.77259114706629,1137.7159307646234,1339.0807440057397,1394.1557440057397,55.075,done,
342,4.910586684650974,1140.484096046289,1342.6076259985566,1394.2666259985567,51.659,done,
343,5.413954652225105,1143.2522613279548,1346.1287129968405,1394.5197129968406,48.391,done,
344,5.507217138879889,1146.0204266096207,1349.6178220063448,1394.6728220063449,45.055,done,
345,11.78290494979781,1148.7885918912864,1353.0664719939232,1394.7764719939232,41.71,done,
346,3.318378389874786,1151.556757172952,1356.521748997271,1428.240748997271,71.719,done,
347,4.758844356401589,1154.3249224546178,1359.3232919946313,1428.3202919946314,68.997,done,
348,5.903912568004594,1157.0930877362837,1362.736143000424,1428.561143000424,65.825,done,
349,9.94708909957942,1159.8612530179494,1366.1836549937725,1428.6626549937725,62.479,done,
350,4.206978458415419,1162.629418299615,1369.6450050026178,1428.969005002618,59.324,done,
351,4.881151774512356,1166.320305341836,1374.130993001163,1429.109993001163,54.979,done,
352,9.470848612930505,1170.011192384057,1378.6307009980085,1429.1327009980084,50.502,done,
353,4.552698253624995,1173.702079426278,1383.1755250021815,1429.2685250021816,46.093,done,
354,11.099944572603883,1177.392966468499,1387.605884000659,1429.451884000659,41.846,error,
355,10.2697218628857,1181.08385351072,1391.9639969989655,1459.3069969989656,67.343,done,
356,8.934463327836477,1184.774740552941,1396.4358809962869,1459.536880996287,63.101,done,
357,6.574304970903713,1188.465627595162,1400.8664489984512,1459.6364489984512,58.77,done,
358,5.573604163357316,1192.156514637383,1405.3659649938345,1459.6729649938345,54.307,done,
359,5.115885047480082,1195.847401679604,1409.9510159939528,1459.8960159939527,49.945,done,
360,5.708274564497137,1199.538288721825,1414.4469639956951,1459.766963995695,45.32,done,
361,4.676238742873607,1203.229175764046,1419.009560994804,1460.047560994804,41.038,done,
362,4.270574740733433,1206.920062806267,1423.4697899967432,1491.5867899967432,68.117,done,
363,8.038577056563557,1210.610949848488,1427.95136000216,1491.4973600021601,63.546,done,
364,10.451027442163248,1214.301836890709,1432.2461609989405,1491.9781609989404,59.732,done,
365,4.989697364090492,1217.99272393293,1436.666859999299,1492.0958599992991,55.429,done,
366,10.550987276100232,1221.683610975151,1441.093684002757,1492.172684002757,51.079,done,
367,4.721779195153215,1225.374498017372,1445.5148999989033,1492.6738999989034,47.159,done,
368,5.821378127813179,1229.065385059593,1449.9375909939408,1492.4605909939407,42.523,done,
369,5.653472833204917,1233.2176329820916,1454.4926830008626,1519.2166830008625,64.724,done,
370,8.132187812119055,1237.3698809045902,1459.056029997766,1519.635029997766,60.579,done,
371,8.987305354852126,1241.5221288270889,1463.8938390016556,1519.3608390016557,55.467,done,
372,4.357042132901502,1245.6743767495875,1468.5314740017056,1519.8394740017056,51.308,done,
373,4.854430919362002,1249.8266246720862,1473.011313997209,1519.9803139972091,46.969,done,
374,5.725471316283074,1253.9788725945848,1477.5037019997835,1520.0717019997835,42.568,done,
375,4.609582554386819,1258.1311205170834,1482.2032909989357,1520.0872909989357,37.884,done,
376,4.694467622688077,1262.283368439582,1486.8773469999433,1540.7653469999432,53.888,done,
377,5.220565307575968,1266.4356163620807,1491.5622159987688,1541.597215998769,50.035,done,
378,4.025988928063699,1270.5878642845794,1496.5141209959984,1541.8181209959985,45.304,done,
379,5.391475980492624,1274.740112207078,1501.0873840004206,1542.1213840004207,41.034,done,
380,7.935373452945309,1278.8923601295764,1505.4927520006895,1542.4877520006894,36.995,done,
381,5.405458054837205,1283.044608052075,1509.9830999970436,1542.5820999970435,32.599,done,
382,5.420654856667127,1287.1968559745735,1514.5432429984212,1572.5812429984212,58.038,done,
383,5.077343568920352,1291.3491038970724,1518.999732002616,1572.7737320026158,53.774,done,
384,4.6888299801453455,1295.501351819571,1524.07589700073,1572.52589700073,48.45,done,
385,4.100370825254987,1296.6467995223293,1525.5791199952364,1572.8811199952363,47.302,done,
386,4.994458793471639,1297.7922472250875,1526.9986290037632,1572.848629003763,45.85,done,
387,3.927907057349219,1298.9376949278458,1528.4882239997387,1573.1252239997386,44.637,done,
388,5.086704523688341,1300.083142630604,1529.9705049991608,1573.3265049991608,43.356,done,
389,9.208543054013065,1301.2285903333625,1531.4920329973102,1573.23703299731,41.745,done,
390,4.819783484408506,1302.3740380361205,1533.083709999919,1609.667709999919,76.584,done,
391,9.227352890895869,1303.5194857388788,1534.4533959925177,1609.3593959925176,74.906,done,
392,8.481420707041348,1304.664933441637,1598.331270992756,1651.9472709927559,53.616,error,
393,4.489930822692946,1305.8103811443953,1602.0820799991488,1652.0860799991488,50.004,error,
394,10.865057760212238,1306.9558288471535,1535.89224999398,1609.84424999398,73.952,done,
395,5.754925551370991,1308.1012765499115,1537.3189960047605,1609.9789960047606,72.66,done,
396,6.954927123072933,1309.24672425267,1538.730850994587,1610.1198509945868,71.389,done,
397,4.49418133956552,1310.3921719554282,1540.1777049973607,1610.1007049973607,69.923,done,
398,5.197082671908387,1311.5376196581865,1541.7511899992824,1609.9961899992823,68.245,done,
399,5.141560737194422,1312.6830673609445,1543.002872005105,1610.452872005105,67.45,done,
400,9.116322003551888,1313.8285150637028,1544.7986479997635,1610.4196479997636,65.621,error,
401,9.387795559811972,1314.973962766461,1546.2768680006266,1610.6558680006265,64.379,error,
402,4.8618363329738585,1316.1194104692192,1547.6947759985924,1610.7937759985923,63.099,error,
403,9.7763119867879,1317.2648581719775,1549.066532000899,1610.741532000899,61.675,error,
404,5.455187868803316,1318.4103058747355,1550.4326859936118,1610.8836859936118,60.451,error,
405,5.354326987661027,1319.555753577494,1551.8268129974604,1610.8248129974604,58.998,error,
406,4.930437763336418,1320.7012012802522,1553.2101360037925,1610.9901360037925,57.78,error,
407,5.731841938733863,1321.8466489830105,1554.6256719976664,1610.8766719976663,56.251,error,
408,4.255712416054446,1322.9920966857687,1556.0932359993458,1610.9112359993458,54.818,error,
409,4.791958087936869,1324.137544388527,1557.5673559978604,1611.1023559978605,53.535,error,
410,10.939883364471877,1325.2829920912852,1559.020506002009,1611.094506002009,52.074,error,
411,5.622830666726921,1326.4284397940437,1560.9067059978845,1611.1927059978846,50.286,error,
412,4.545430913481573,1327.5738874968015,1562.377893999219,1611.325893999219,48.948,error,
413,5.303417837145543,1328.71933519956,1563.8514129966495,1611.3694129966495,47.518,error,
414,11.039655996945172,1331.739151870468,1565.233258999884,1611.500258999884,46.267,error,
415,5.228605767347081,1334.758968541376,1566.6770229935646,1611.4630229935647,44.786,error,
416,9.968460492144487,1337.7787852122842,1570.215492002666,1650.712492002666,80.497,done,
417,7.641431610965311,1340.7986018831923,1573.4101560041308,1650.9111560041308,77.501,done,
418,5.852096909838588,1343.8184185541004,1577.2839989960194,1650.9009989960193,73.617,done,
419,4.605805160601655,1346.8382352250087,1580.7830619961023,1652.1380619961024,71.355,done,
420,9.043844230925778,1349.8580518959168,1584.2467719987037,1651.4407719987037,67.194,done,
421,12.153789229232512,1352.8778685668249,1587.7650670036674,1651.6360670036674,63.871,done,
422,6.639612478191983,1355.897685237733,1591.283766001463,1651.981766001463,60.698,done,
423,11.24853136437044,1358.917501908641,1594.8020780012012,1652.6460780012012,57.844,done,
424,8.178598808547656,1361.9373185795491,1605.6275079995394,1652.0835079995393,46.456,error,
425,8.01291601289513,1365.259116917548,1609.2511409968138,1652.0421409968137,42.791,error,
426,4.646494988039876,1368.5809152555469,1613.4299290031197,1693.6089290031198,80.179,done,
427,12.67589336363458,1371.9027135935455,1617.0719619989395,1693.5489619989396,76.477,done,
428,10.792874943021406,1375.2245119315446,1620.613370999694,1693.7853709996941,73.172,done,
429,5.0059758224180975,1378.5463102695437,1624.0869380012157,1694.0319380012156,69.945,done,
430,10.18934936127231,1381.8681086075426,1627.614863999188,1693.927863999188,66.313,done,
431,9.034601172257036,1385.1899069455417,1631.1064359992745,1694.1314359992746,63.025,done,
432,10.043267357620804,1388.5117052835403,1634.6133619993925,1694.2323619993924,59.619,done,
433,5.188909829260379,1391.8335036215392,1638.1878569945693,1694.2648569945693,56.077,done,
434,11.670666037737202,1395.155301959538,1641.7551669999957,1694.3001669999958,52.545,error,
435,8.54746890509017,1399.3075498820367,1646.3852830007672,1694.0602830007672,47.675,error,
436,5.486113978415166,1403.4597978045354,1651.1230089962482,1694.2510089962482,43.128,error,
437,6.222235245412822,1407.612045727034,1656.4437789991498,1731.9607789991499,75.517,done,
438,10.303076714350976,1411.7642936495326,1661.352540999651,1732.441540999651,71.089,done,
439,10.109765641104316,1415.916541572031,1710.759984999895,1773.0739849998952,62.314,done,
440,11.427874973396491,1420.0687894945297,1721.926920004189,1773.346920004189,51.42,error,
441,4.1381148253288105,1424.2210374170284,1725.3880869969726,1773.2220869969726,47.834,error,
442,4.704179893789233,1428.373285339527,1665.9566079974174,1732.4166079974175,66.46,done,
443,3.7218245016942775,1430.5878175648595,1670.8218069970608,1732.6528069970607,61.831,done,
444,4.996872766688781,1432.8023497901922,1675.4183980003,1732.6943980003,57.276,done,
445,11.264120184847886,1435.0168820155247,1680.0360959991813,1732.7600959991812,52.724,done,
446,5.51982464400618,1437.2314142408577,1682.6291060000658,1733.0511060000658,50.422,done,
447,10.969541796490253,1439.44594646619,1685.1870350018144,1733.2540350018144,48.067,done,
448,9.333052985170204,1441.6604786915225,1687.667644999921,1733.1176449999211,45.45,error,
449,4.833331648276561,1443.8750109168552,1690.1324660032988,1733.0854660032987,42.953,error,
450,5.1244478274765415,1446.0895431421875,1692.5922219976785,1733.1872219976785,40.595,error,
451,5.058407258595736,1448.3040753675205,1694.895433999598,1771.963433999598,77.068,done,
452,5.401359410827195,1450.518607592853,1698.1682919934392,1772.6462919934393,74.478,done,
453,5.2056215410981705,1452.7331398181857,1700.8610259965062,1772.856025996506,71.995,done,
454,11.87486066179421,1454.9476720435182,1703.342559993267,1772.994559993267,69.652,done,
455,7.572496839636112,1457.1622042688507,1705.7401439994574,1773.1101439994573,67.37,done,
456,10.588170727202312,1459.3767364941834,1708.247195996344,1773.1961959963442,64.949,done,
457,5.297418639957899,1461.591268719516,1713.2620289996266,1773.2010289996267,59.939,done,
458,6.101894944731447,1464.611085390424,1715.8227609992027,1773.4077609992028,57.585,error,
459,6.117628782506806,1467.630902061332,1718.313152000308,1773.2991520003081,54.986,error,
460,5.144341051034682,1470.6507187322402,1729.0220480039716,1773.5020480039716,44.48,error,
461,5.225733276645511,1473.6705354031485,1732.5068739950657,1773.3988739950657,40.892,error,
462,5.2745240996528,1476.6903520740564,1736.3335089981556,1811.8155089981556,75.482,done,
463,4.7249354893047855,1479.710168744965,1739.9662979990244,1812.0462979990243,72.08,done,
464,9.291879206643882,1482.7299854158728,1743.386266998947,1812.1482669989468,68.762,done,
465,5.063467021915963,1485.7498020867808,1746.7491059973836,1812.0401059973835,65.291,done,
466,9.18591296660688,1488.769618757689,1750.3114660009742,1812.141466000974,61.83,done,
467,11.610119823872711,1491.789435428597,1753.8499300032854,1812.2049300032854,58.355,done,
468,5.417292771449086,1494.809252099505,1757.5013839975,1812.3243839975,54.823,done,
469,4.959933654486185,1497.8290687704132,1761.1625740006566,1812.4725740006566,51.31,done,
470,8.576779340822092,1500.8488854413213,1764.7475579977036,1812.3155579977035,47.568,error,
471,10.679584042123995,1503.8687021122294,1768.5043540000916,1812.5973540000916,44.093,error,
472,4.239794316774608,1506.8885187831374,1772.123884998262,1812.740884998262,40.617,error,
473,9.125758279459694,1509.9083354540455,1775.60548299551,1843.0854829955101,67.48,done,
474,4.502594478069847,1512.9281521249536,1779.1424050033092,1843.2054050033094,64.063,done,
475,8.438771385517706,1515.9479687958617,1782.61546099931,1843.21146099931,60.596,done,
476,6.918189730934783,1518.9677854667698,1786.1525750011206,1843.3575750011205,57.205,done,
477,8.865668717823798,1521.987602137678,1789.6129280030727,1843.5219280030728,53.909,done,
478,8.21417995141969,1525.007418808586,1793.0763769969344,1843.5973769969344,50.521,done,
479,4.377970381527147,1528.027235479494,1796.566519998014,1843.765519998014,47.199,done,
480,6.157868696400936,1531.718122521715,1801.0720249935985,1843.9030249935984,42.831,done,
481,10.575635935226996,1535.409009563936,1805.6660889983175,1877.0000889983176,71.334,done,
482,4.967753282335652,1539.099896606157,1810.142163999379,1877.218163999379,67.076,done,
483,10.562592416898667,1542.790783648378,1814.921230994165,1877.0112309941649,62.09,done,
484,4.957896850612124,1546.481670690599,1819.6039749979973,1877.2059749979974,57.602,done,
485,9.55771393598479,1550.17255773282,1824.1524619981649,1877.3364619981649,53.184,done,
486,4.333387754450145,1553.863444775041,1828.7571009993555,1877.2781009993555,48.521,done,
487,11.084448592151976,1557.554331817262,1833.3425149992108,1877.5845149992108,44.242,done,
488,10.335112258003225,1561.245218859483,1837.6992980018256,1912.0682980018255,74.369,done,
489,6.296510965998789,1564.936105901704,1842.1219980046155,1912.3079980046155,70.186,done,
490,4.895375564675159,1568.626992943925,1902.6004990041256,1946.7714990041256,44.171,error,
491,4.659590350222539,1572.317879986146,1846.120218999684,1912.255218999684,66.135,done,
492,8.791121643639093,1576.008767028367,1850.686230994761,1912.424230994761,61.738,done,
493,7.513721032925277,1579.6996540705882,1855.2093930020928,1912.464393002093,57.255,done,
494,4.892935910047778,1583.3905411128092,1859.782911002636,1912.548911002636,52.766,done,
495,5.146844682418168,1587.0814281550302,1864.3935300037265,1912.8125300037266,48.419,done,
496,9.86053011011058,1590.7723151972511,1869.001775994897,1912.5827759948968,43.581,done,
497,8.048922962222708,1594.463202239472,1873.6751109957693,1945.8101109957693,72.135,done,
498,6.936881363973194,1597.2313675211378,1877.708920001984,1945.9349200019842,68.226,done,
499,7.412835825683359,1599.9995328028035,1881.396858997643,1945.983858997643,64.587,done,
500,7.285735329964963,1602.7676980844694,1884.9828210026023,1946.3758210026024,61.393,done,
501,5.64345512260399,1605.5358633661351,1888.4274120032787,1946.5414120032788,58.114,done,
502,6.50955080104636,1608.3040286478008,1891.8800060004,1946.5680060004001,54.688,done,
503,8.374274648262002,1611.0721939294667,1895.532452002168,1947.0934520021679,51.561,done,
504,8.97630803880529,1613.8403592111324,1899.147477000952,1947.051477000952,47.904,done,
505,7.48409613384818,1616.608524492798,1906.079704999924,1947.350704999924,41.271,error,
506,5.348302650537336,1619.3766897744638,1909.575850002468,1981.344850002468,71.769,done,
507,9.702357121291064,1622.1448550561297,1912.648564003408,1981.1425640034079,68.494,done,
508,4.567881284169715,1624.9130203377954,1974.443962998688,2017.650962998688,43.207,error,
509,10.427640140138363,1627.681185619461,1915.8820390030744,1981.4780390030744,65.596,done,
510,8.616643044224563,1631.372072661682,1919.4219449982047,1981.5479449982047,62.126,done,
511,10.086857324991168,1635.062959703903,1923.964812003076,1981.735812003076,57.771,done,
512,6.619019434096771,1638.753846746124,1928.415164999664,1981.605164999664,53.19,done,
513,4.168272824817699,1642.444733788345,1933.0445809960363,1981.8275809960362,48.783,done,
514,10.415769866273427,1646.135620830566,1937.615106999874,1981.9271069998738,44.312,done,
515,5.1717249736619495,1649.826507872787,1942.141964994371,2017.7029649943709,75.561,done,
516,5.202693763570916,1653.517394915008,1946.5633629933,2016.7733629933,70.21,done,
517,4.88607996812118,1657.208281957229,2003.9697869941592,2055.7577869941592,51.788,done,
518,9.67083654552207,1660.89916899945,1951.194083996117,2017.105083996117,65.911,done,
519,9.488805014961388,1664.2209673374489,1955.67175899446,2016.97475899446,61.303,done,
520,7.61495009554917,1667.5427656754478,1960.3284699991343,2017.3684699991343,57.04,done,
521,8.914116161365143,1670.8645640134466,1963.846918001771,2017.541918001771,53.695,done,
522,9.166379656157837,1674.1863623514455,1967.3494120016692,2017.6674120016692,50.318,done,
523,7.453371297576528,1677.5081606894446,1970.8852239996197,2017.8652239996197,46.98,done,
524,8.396659270644912,1680.8299590274437,1977.969426997006,2055.399426997006,77.43,done,
525,4.849647564843738,1684.1517573654423,1981.891970001161,2055.040970001161,73.149,done,
526,7.84957454208492,1687.4735557034412,1986.347927995026,2055.452927995026,69.105,done,
527,5.767701750072734,1690.79535404144,1989.9144169986248,2055.7064169986247,65.792,done,
528,8.40741206810102,1694.117152379439,1993.4705349951985,2055.5375349951983,62.067,done,
529,4.730442120656478,1696.6723818702071,1997.0013640001416,2055.9613640001417,58.96,done,
530,11.317059964671213,1699.2276113609755,2000.4876030012963,2056.1626030012962,55.675,done,
531,8.670309608456655,1701.782840851744,2007.5691059976816,2055.9581059976817,48.389,error,
532,8.781181536000192,1704.3380703425123,2011.1335619986055,2056.2275619986053,45.094,error,
533,4.775590743671855,1706.893299833281,2014.610579997301,2056.2765799973013,41.666,error,
534,8.25866330356169,1709.448529324049,2017.6682920008896,2096.4342920008894,78.766,done,
535,9.323111803341666,1712.0037588148175,2020.9729019999504,2096.9089019999506,75.936,done,
536,7.822237924276422,1714.558988305586,2089.995967000723,2140.141967000723,50.146,error,
537,9.587839635371823,1717.1142177963543,2024.401455000043,2097.021455000043,72.62,done,
538,12.121588405975327,1719.669447287123,2027.7749679982664,2097.1559679982665,69.381,done,
539,4.977154473226631,1722.224676777891,2031.1716020032763,2097.4356020032765,66.264,done,
540,4.744334166687079,1724.7799062686595,2034.794358998537,2097.707358998537,62.913,done,
541,5.248082258952858,1727.335135759428,2038.3250479996204,2097.8340479996205,59.509,done,
542,4.844137913448448,1731.4873836819268,2041.8189570009708,2098.002957000971,56.184,done,
543,8.876404633037957,1735.6396316044254,2046.2908419966695,2097.9548419966695,51.664,error,
544,4.897863930713319,1739.791879526924,2050.752255998552,2098.080255998552,47.328,error,
545,14.441934912744768,1743.9441274494225,2055.2881620004773,2098.0511620004772,42.763,error,
546,10.834513857644923,1748.096375371921,2060.40053999424,2139.99753999424,79.597,done,
547,10.120965633129073,1752.2486232944198,2065.062773995101,2139.821773995101,74.759,done,
548,9.376515519540767,1756.4008712169184,2069.634105995297,2139.995105995297,70.361,done,
549,4.873723940619891,1760.553119139417,2074.3203419968486,2140.1753419968486,65.855,done,
550,3.950233735875479,1763.874917477416,2079.0253039970994,2140.2283039970994,61.203,done,
551,7.529995959102984,1767.1967158154148,2082.7646170035005,2140.4536170035003,57.689,done,
552,5.17903303977657,1770.5185141534137,2086.3675390034914,2140.5605390034916,54.193,done,
553,4.836036135677557,1773.8403124914123,2093.578636996448,2140.651636996448,47.073,error,
554,0.2804532206735572,1777.1621108294116,2097.17372199893,2140.41872199893,43.245,error,
555,7.396259406157513,1780.4839091674105,2101.02233299613,2175.64233299613,74.62,done,
556,8.297434832492344,1783.8057075054094,2104.4819979965687,2175.8589979965686,71.377,done,
557,4.452752617500499,1787.1275058434082,2107.913241997361,2176.020241997361,68.107,done,
558,9.517982112479002,1790.4493041814071,2112.457897000015,2175.935897000015,63.478,done,
559,5.291228673658383,1793.771102519406,2115.957003995776,2176.168003995776,60.211,done,
560,5.465271823823767,1798.516528716547,2121.4936309978366,2176.5786309978366,55.085,done,
561,10.514927246264076,1803.2619549136884,2127.2028210014105,2176.5068210014106,49.304,done,
562,4.979512392712465,1808.0073811108296,2132.7134379968047,2176.9234379968048,44.21,done,
563,4.443796006369968,1812.7528073079711,2138.216096997261,2208.298096997261,70.082,done,
564,9.005458724292778,1817.4982335051125,2143.604412995279,2208.4744129952787,64.87,done,
565,5.136704710964717,1822.2436597022536,2149.1361790001392,2208.502179000139,59.366,done,
566,4.232370059427428,1826.989085899395,2154.756127998233,2208.670127998233,53.914,done,
567,5.7496921809864,1830.3108842373936,2158.252254001796,2208.618254001796,50.366,done,
568,9.609610092645145,1833.632682575393,2161.700159996748,2208.787159996748,47.087,done,
569,5.199928229840883,1836.954480913392,2165.278613999486,2208.796613999486,43.518,done,
570,6.809288812475975,1840.2762792513904,2168.821936003864,2209.013936003864,40.192,done,
571,5.511362657650954,1843.5980775893893,2172.39187400043,2238.50687400043,66.115,done,
572,5.682327619919136,1846.9198759273884,2175.9594810009003,2238.0644810009003,62.105,done,
573,8.799919897236277,1850.2416742653872,2179.96332000196,2238.81432000196,58.851,done,
574,5.317359818581695,1853.5634726033863,2183.6322960034013,2238.6522960034013,55.02,done,
575,5.560434330246375,1856.8852709413848,2187.221486002207,2238.547486002207,51.326,done,
576,5.176371515569433,1860.207069279384,2190.773808993399,2239.067808993399,48.294,done,
577,8.238453388581624,1864.3593172018827,2195.270305998624,2239.029305998624,43.759,done,
578,5.351169107494961,1868.5115651243811,2199.87341799587,2239.14341799587,39.27,done,
579,4.76754451602089,1872.66381304688,2204.584527000785,2266.9185270007847,62.334,done,
580,9.282837794431057,1876.816060969379,2209.0024000033736,2267.2774000033737,58.275,done,
581,8.90423649751769,1880.968308891877,2213.713178001344,2267.070178001344,53.357,done,
582,4.992238383866084,1885.120556814376,2218.461370997131,2267.542370997131,49.081,done,
583,9.365294258733442,1889.2728047368744,2223.0728859975934,2268.0058859975934,44.933,done,
584,6.486969225115635,1893.425052659373,2227.457771994173,2267.761771994173,40.304,done,
585,5.543577875182543,1896.444869330281,2230.887079000473,2268.142079000473,37.255,done,
586,5.152517301485681,1899.4646860011887,2234.3119210004807,2306.178921000481,71.867,done,
587,5.63804941143211,1902.4845026720973,2280.332776002586,2345.987776002586,65.655,done,
588,5.828878438064431,1905.5043193430051,2283.809194996953,2346.351194996953,62.542,done,
589,4.633394929555186,1908.5241360139132,2287.2672260031104,2346.7252260031105,59.458,done,
590,9.567611531428906,1911.5439526848213,2290.763995997608,2346.8139959976083,56.05,done,
591,7.719463553531314,1914.5637693557296,2294.34048999846,2347.00548999846,52.665,done,
592,11.48718776036338,1917.5835860266377,2297.954258002341,2347.1592580023407,49.205,error,
593,10.807885865753796,1920.6034026975456,2301.4547950029373,2347.2147950029375,45.76,error,
594,5.478464278070274,1923.6232193684536,2241.178869001568,2306.259869001568,65.081,done,
595,5.150226152681638,1926.643036039362,2244.8132570013404,2306.4762570013404,61.663,done,
596,4.962750556714117,1929.9648343773608,2248.2316469997168,2306.709646999717,58.478,done,
597,10.200366411103372,1933.28663271536,2251.675592005253,2306.908592005253,55.233,done,
598,4.549146636141698,1936.6084310533588,2255.1520470008254,2307.0760470008254,51.924,done,
599,5.028592488182315,1939.9302293913577,2258.615481995046,2307.239481995046,48.624,done,
600,9.83847759330366,1943.2520277293563,2262.113999001682,2307.2269990016816,45.113,error,
601,5.2586767931874485,1946.5738260673556,2265.5354119986296,2307.3384119986295,41.803,error,
602,8.715991574808093,1949.8956244053545,2237.9261549934745,2307.3911549934746,69.465,done,
603,11.652326310422032,1953.2174227433532,2268.915456004441,2345.4934560044408,76.578,done,
604,5.013213939450223,1956.5392210813525,2328.7512720003724,2366.3432720003725,37.592,done,
605,4.649692529436209,1959.8610194193511,2333.238857999444,2366.575857999444,33.337,done,
606,5.424150047902152,1963.551906461572,2272.431382998824,2345.8113829988242,73.38,done,
607,4.783693947985243,1967.242793503793,2275.9160830006003,2347.5450830006002,71.629,done,
608,6.533056788261308,1970.933680546014,2306.1079459935427,2365.5379459935425,59.43,done,
609,5.263506097183332,1974.624567588235,2365.2024360001087,2423.4034360001087,58.201,done,
610,4.868896267779597,1978.315454630456,2310.2680940032005,2366.0020940032005,55.734,done,
611,5.489591077969488,1982.006341672677,2314.952312000096,2366.185312000096,51.233,done,
612,4.522646682392331,1985.697228714898,2319.4366530030966,2366.1286530030966,46.692,done,
613,8.002019742976415,1989.388115757119,2324.0734809935093,2366.653480993509,42.58,done,
614,9.785299747936916,1993.07900279934,2337.6908899992704,2393.52688999927,55.836,done,
615,10.153896695844947,1996.400801137339,2376.3925760015845,2423.9945760015844,47.602,done,
616,4.114678034763149,1999.7225994753376,2342.085065998137,2393.650065998137,51.565,done,
617,10.02174267829708,2003.044397813337,2346.0674419999123,2393.348441999912,47.281,done,
618,5.283029606203591,2006.3661961513355,2350.349012002349,2393.7320120023487,43.383,done,
619,9.711778820377106,2009.6879944893344,2353.8541510030627,2393.964151003063,40.11,done,
620,5.09431324657541,2013.0097928273333,2357.3098200038075,2394.0468200038076,36.737,done,
621,4.841751025587084,2016.3315911653324,2360.771481998265,2423.5524819982647,62.781,done,
622,4.462702878599059,2019.6533895033317,2413.264480993152,2467.3074809931522,54.043,done,
623,9.198238627181883,2022.97518784133,2369.3730650022626,2423.5810650022627,54.208,done,
624,5.342369201119561,2026.296986179329,2372.887662999332,2424.160662999332,51.273,done,
625,5.462118726031175,2029.618784517328,2380.7804419994354,2424.3394419994356,43.559,done,
626,6.174541550523963,2032.9405828553267,2385.1394019946456,2424.3004019946457,39.161,done,
627,11.196643630414885,2036.2623811933256,2388.685574993491,2465.928574993491,77.243,done,
628,11.298237463404078,2039.5841795313247,2435.4937309995294,2491.3997309995293,55.906,done,
629,9.660787779086858,2042.905977869324,2392.2237340062857,2466.2777340062858,74.054,done,
630,8.697483519980729,2046.2277762073224,2395.710829995573,2466.376829995573,70.666,done,
631,4.883777754628205,2049.5495745453213,2399.3122319951653,2466.7972319951655,67.485,done,
632,4.471284996104526,2052.8713728833204,2402.796865001321,2466.988865001321,64.192,done,
633,12.585982346389503,2056.193171221319,2406.2536239996552,2467.190623999655,60.937,done,
634,10.703801904909854,2059.514969559318,2409.749446004629,2467.463446004629,57.714,done,
635,5.63330588003553,2063.667217481817,2416.8788749948144,2467.4628749948142,50.584,error,
636,8.283734391497628,2067.8194654043155,2421.5135840028524,2467.6035840028526,46.09,error,
637,7.875311388902226,2071.971713326814,2426.076610997319,2491.1236109973192,65.047,done,
638,5.503715721565064,2076.1239612493127,2430.8128259927034,2491.3808259927036,60.568,done,
639,3.898673947023668,2080.276209171811,2440.3388599976897,2491.6108599976897,51.272,done,
640,4.0087705978157135,2084.4284570943096,2445.166814997792,2491.667814997792,46.501,done,
641,5.048504054826192,2088.580705016808,2449.9390399977565,2491.9780399977567,42.039,done,
642,5.345071420763891,2092.732952939307,2454.453815996647,2491.858815996647,37.405,done,
643,4.900897138510447,2096.423839981528,2459.141856998205,2519.333856998205,60.192,done,
644,8.650065460865498,2100.114727023749,2463.818925999105,2519.468925999105,55.65,done,
645,10.246769895933593,2103.80561406597,2467.6841240003705,2519.5931240003706,51.909,done,
646,6.660516750568288,2107.496501108191,2471.9913479983807,2519.8723479983805,47.881,done,
647,5.250826299293074,2111.187388150412,2476.6608029976487,2520.0338029976488,43.373,done,
648,9.639393379729055,2114.878275192633,2481.3507300019264,2520.2047300019262,38.854,done,
649,5.015601562427793,2118.569162234854,2486.007674999535,2549.328674999535,63.321,done,
650,4.602351080982066,2122.260049277075,2490.578630000353,2549.437630000353,58.859,done,
651,5.814308726892526,2125.950936319296,2494.770441003144,2549.688441003144,54.918,done,
652,10.69236508318066,2130.696362516437,2500.20246899873,2549.76446899873,49.562,done,
653,11.052947444151268,2135.4417887135787,2505.670515999198,2549.885515999198,44.215,done,
654,4.283751052882142,2140.18721491072,2511.1729899942875,2549.9069899942874,38.734,done,
655,5.305984099241149,2144.9326411078614,2516.734306998551,2581.424306998551,64.69,done,
656,11.06900505326875,2149.6780673050025,2521.9549899995327,2581.6019899995326,59.647,done,
657,5.71957484664195,2154.423493502144,2527.536664001644,2581.9436640016443,54.407,done,
658,5.134333189190476,2159.168919699285,2533.033121995628,2581.9341219956277,48.901,done,
659,11.898286316435758,2162.859806741506,2537.612539999187,2582.059539999187,44.447,done,
660,8.191070941085822,2166.550693783727,2542.161384999752,2582.266384999752,40.105,done,
661,11.003672416315393,2170.241580825948,2546.7169049978256,2619.344904997826,72.628,done,
662,5.060908942694658,2173.932467868169,2600.425857000053,2652.486857000053,52.061,done,
663,11.23182863715663,2177.62335491039,2607.420354999602,2652.592354999602,45.172,error,
664,8.417181723335988,2181.314241952611,2550.5338229984045,2619.5248229984045,68.991,done,
665,5.5475527031633,2185.005128994832,2555.3572079986334,2619.6322079986335,64.275,done,
666,6.97512262858096,2188.696016037053,2559.866366997361,2619.8243669973613,59.958,done,
667,9.342965902255733,2192.386903079274,2564.236366003752,2619.9893660037524,55.753,done,
668,4.697532085578951,2195.15506836094,2568.592140004039,2620.003140004039,51.411,done,
669,5.056266547842896,2197.9232336426053,2573.0769210010767,2620.164921001077,47.088,done,
670,9.526735141398737,2200.691398924271,2576.526964999736,2620.3479649997357,43.821,done,
671,4.917973026842183,2203.459564205937,2579.94238499552,2651.8563849955203,71.914,done,
672,5.604199657516904,2206.2277294876026,2582.8716850057244,2652.1286850057245,69.257,done,
673,8.587035331828545,2208.9958947692685,2586.478357002139,2652.309357002139,65.831,done,
674,5.231391651093669,2211.7640600509344,2589.89934899658,2652.43234899658,62.533,done,
675,8.639470706115667,2214.5322253326,2593.3095500022173,2652.422550002217,59.113,done,
676,6.057904375266098,2217.300390614266,2596.810930006206,2652.649930006206,55.839,done,
677,5.0415340230322885,2220.068555895932,2603.954109996557,2652.671109996557,48.717,done,
678,5.947528183335758,2222.836721177597,2610.862613998353,2652.755613998353,41.893,error,
679,10.223564957563603,2225.604886459263,2614.399934001267,2686.704934001267,72.305,done,
680,5.13159085630474,2228.6247031301714,2617.9926779940724,2687.0386779940723,69.046,done,
681,5.003443612670544,2231.6445198010792,2622.0940119996667,2686.894011999667,64.8,done,
682,4.780658049197377,2234.664336471988,2625.6297729983926,2687.2057729983926,61.576,done,
683,5.590145290570876,2237.6841531428954,2629.1087680011988,2687.200768001199,58.092,done,
684,4.388693397974777,2240.703969813804,2632.6047159954906,2687.3687159954907,54.764,done,
685,6.359462741160351,2243.723786484712,2636.0883100032806,2687.4693100032805,51.381,done,
686,8.996026501526021,2246.74360315562,2639.574087999761,2687.602087999761,48.028,done,
687,13.950913594524968,2249.763419826528,2643.037397995591,2687.813397995591,44.776,error,
688,5.166556355353441,2252.783236497436,2646.5852259993558,2687.619225999356,41.034,error,
689,5.1268053243935805,2255.803053168344,2650.171973004937,2708.718973004937,58.547,done,
690,6.0460027653402815,2258.822869839252,2653.2920370027423,2709.363037002742,56.071,done,
691,4.964902789299537,2261.591035120918,2657.0657560005784,2709.8387560005785,52.773,done,
692,4.940428331270743,2264.359200402584,2660.500654995441,2709.706654995441,49.206,done,
693,6.319781024998677,2267.127365684249,2663.898790001869,2709.7607900018693,45.862,done,
694,5.288464460795838,2269.895530965915,2667.328808993101,2709.865808993101,42.537,done,
695,5.66513444731521,2272.663696247581,2670.809086002409,2709.996086002409,39.187,done,
696,4.586340383601157,2275.431861529247,2674.326495997608,2710.056495997608,35.73,done,
697,4.576241609505799,2278.2000268109123,2677.866405002773,2749.706405002773,71.84,done,
698,5.564095372505916,2280.968192092578,2681.351864993572,2749.753864993572,68.402,done,
699,9.270821930216632,2283.736357374244,2684.9096379950643,2750.031637995064,65.122,done,
700,7.353615555598282,2286.5045226559096,2687.756357997656,2749.7843579976557,62.028,done,
701,12.0704147267579,2289.272687937575,2690.64494600147,2750.17294600147,59.528,done,
702,4.630197576327921,2292.040853219241,2694.0818929970264,2750.3038929970267,56.222,done,
703,8.144775372517492,2294.809018500907,2697.531720995903,2750.518720995903,52.987,done,
704,8.954419192287428,2297.5771837825723,2700.905896000564,2750.990896000564,50.085,done,
705,5.860172612849354,2300.3453490642382,2704.3452879935503,2750.75528799355,46.41,error,
706,4.828274845618569,2303.113514345904,2707.717689998448,2751.114689998448,43.397,error,
707,4.871499094246968,2305.8816796275696,2710.595913000405,2789.5349130004047,78.939,done,
708,4.533494671723051,2308.6498449092355,2714.105713002384,2789.301713002384,75.196,done,
709,11.73723003630939,2311.418010190901,2756.138895995915,2830.490895995915,74.352,done,
710,4.158871716421496,2314.186175472567,2717.619161993265,2789.668161993265,72.049,done,
711,5.023387876281536,2316.954340754233,2721.126085996628,2789.7880859966276,68.662,done,
712,4.81148162640531,2319.7225060358987,2724.5130609944463,2789.9150609944463,65.402,done,
713,4.072583155392948,2322.490671317564,2727.9286329969764,2790.050632996976,62.122,done,
714,8.342652938583454,2325.25883659923,2731.3386309966445,2789.9526309966445,58.614,done,
715,5.880937990081216,2327.473368824563,2734.9469139948487,2790.3059139948487,55.359,done,
716,11.503944736485122,2329.687901049895,2737.483655005693,2790.228655005693,52.745,error,
717,5.692258211617696,2331.902433275228,2739.914677001536,2790.425677001536,50.511,error,
718,10.36962963079556,2334.1169655005606,2742.3447889983654,2790.4627889983653,48.118,error,
719,8.56653369013516,2336.331497725893,2744.8985349982977,2790.4465349982975,45.548,error,
720,4.579390718949466,2338.5460299512256,2747.5413049981,2790.4703049981,42.929,error,
721,4.733001139691446,2340.7605621765583,2750.1997620016336,2830.2477620016334,80.048,done,
722,5.234085387256011,2342.9750944018906,2753.386220999062,2830.529220999062,77.143,done,
723,4.9722003577918725,2345.189626627224,2805.702716000378,2871.423716000378,65.721,done,
724,10.924764106985997,2347.404158852556,2758.7629339993,2830.7939339993,72.031,done,
725,12.189296881857226,2349.6186910778883,2761.1677260026336,2830.9307260026335,69.763,done,
726,4.738732064740186,2351.833223303221,2763.57306599617,2831.01406599617,67.441,done,
727,5.237021446417215,2354.047755528554,2766.019873999059,2830.978873999059,64.959,done,
728,5.129219898689365,2356.262287753886,2768.416900999844,2831.1389009998443,62.722,done,
729,12.351733210882443,2358.476819979219,2770.814541004598,2831.155541004598,60.341,error,
730,5.896387907161215,2362.629067901717,2773.2653170004487,2831.1383170004488,57.873,error,
731,4.79991589475964,2366.781315824216,2777.778174996376,2831.219174996376,53.441,error,
732,5.308745479960249,2370.9335637467148,2782.2476230040197,2831.12962300402,48.882,error,
733,5.2715784216181305,2375.0858116692134,2786.8332419991493,2831.2712419991494,44.438,error,
734,12.095728627166634,2379.238059591712,2791.1507089957595,2870.7857089957597,79.635,done,
735,11.16272663759508,2383.3903075142107,2796.1551499962807,2871.4611499962807,75.306,done,
736,4.719303758697965,2387.5425554367093,2800.983846999705,2871.662846999705,70.679,done,
737,4.3835126198228185,2391.694803359208,2810.300112001598,2871.6431120015977,61.343,done,
738,5.427697542297358,2395.016601697207,2813.7661500051618,2871.8121500051616,58.046,done,
739,4.467105495407766,2398.3384000352057,2817.2904810011387,2871.849481001139,54.559,done,
740,5.154561453075586,2401.660198373205,2820.826096996665,2872.290096996665,51.464,done,
741,13.4383770509541,2404.9819967112035,2824.2442039996386,2872.100203999639,47.856,error,
742,11.712062201961649,2408.3037950492026,2828.624030001461,2872.103030001461,43.479,error,
743,5.268788713849904,2411.6255933872017,2832.035210996866,2872.302210996866,40.267,error,
744,5.670396242921152,2414.9473917252003,2835.8086579963565,2897.6836579963565,61.875,done,
745,4.913205176987819,2418.2691900631994,2840.2077110037208,2897.942711003721,57.735,done,
746,7.733852945580783,2421.590988401198,2844.591352000833,2897.775352000833,53.184,done,
747,7.558957657370096,2424.912786739197,2849.053581997752,2897.963581997752,48.91,done,
748,8.320478364651644,2428.603673781418,2853.5276369974017,2898.204636997402,44.677,done,
749,8.503417206368809,2432.294560823639,2858.006687000394,2898.1486870003937,40.142,done,
750,5.21576936284737,2435.98544786586,2862.5911910012364,2898.3131910012366,35.722,done,
751,11.280314194439155,2439.676334908081,2867.214937999845,2928.306937999845,61.092,done,
752,9.053742840632037,2443.367221950302,2871.8622900024056,2928.3642900024056,56.502,done,
753,4.307231557710331,2447.058108992523,2875.7741879969835,2928.5171879969835,52.743,done,
754,4.786360892105185,2450.748996034744,2880.571905001998,2928.781905001998,48.21,done,
755,9.498702935488833,2454.439883076965,2885.275366999209,2928.684366999209,43.409,done,
756,10.35890709660992,2458.130770119186,2889.915732994676,2929.2267329946762,39.311,done,
757,6.380553272167317,2460.898935400852,2893.346496000886,2968.392496000886,75.046,done,
758,3.973040799912732,2463.667100682517,2896.9355349987745,2968.4615349987744,71.526,done,
759,11.92548341817977,2466.435265964183,2900.5383670032024,2968.6213670032025,68.083,done,
760,9.99879669595592,2469.203431245849,2904.1660840064287,2968.7880840064286,64.622,done,
761,5.786727885679783,2471.9715965275145,2907.635503001511,2968.797503001511,61.162,done,
762,5.050981306026441,2474.7397618091804,2911.0564910024405,2969.0054910024405,57.949,done,
763,9.25898520667344,2477.5079270908464,2914.605475999415,2969.1334759994147,54.528,done,
764,5.385629907445802,2480.276092372512,2918.151205994189,2969.5122059941887,51.361,done,
765,5.169252036772701,2483.0442576541777,2921.691780999303,2969.117780999303,47.426,error,
766,12.420598809043025,2485.812422935844,2925.2165710031986,2969.4825710031987,44.266,error,
767,7.341263564207671,2488.580588217509,2928.755616001785,2969.3956160017847,40.64,error,
768,9.536886176807112,2491.348753499175,2932.035125002265,3009.301125002265,77.266,done,
769,5.434219881106066,2493.0096526681746,2934.5890109986067,3009.5710109986067,74.982,done,
770,6.788635355392331,2494.670551837174,2937.032304994762,3009.679304994762,72.647,done,
771,4.656440444825833,2496.331451006173,2939.5288899987936,3009.8518899987935,70.323,done,
772,3.990236592454303,2497.9923501751728,2941.9427269995213,3009.9637269995214,68.021,done,
773,5.325159816408826,2499.6532493441723,2944.4062929973006,3010.0642929973005,65.658,done,
774,10.503937877672612,2501.314148513172,2946.849091000855,3010.523091000855,63.674,done,
775,12.040450192835214,2502.9750476821714,2949.2609440013766,3010.2549440013768,60.994,done,
776,10.16639665734602,2504.6359468511705,2951.858191996813,3010.5071919968127,58.649,error,
777,4.619721957540975,2506.29684602017,2954.46071100235,3010.57071100235,56.11,error,
778,9.691844841882952,2507.9577451891696,2957.054189994931,3010.690189994931,53.636,error,
779,3.770010973703275,2509.618644358169,2959.5442750006914,3010.9892750006916,51.445,error,
780,10.09627229434643,2511.2795435271687,2961.9158070012927,3010.7728070012927,48.857,error,
781,7.313135405073527,2512.940442696168,2964.4000650048256,3010.7010650048255,46.301,error,
782,5.320024811246614,2514.601341865168,2966.9967209994797,3010.9867209994795,43.99,error,
783,4.903175267801293,2516.262241034167,2969.0622500032187,3010.8372500032187,41.775,error,
784,9.459678123441387,2517.9231402031664,2971.597516000271,3047.0385160002706,75.441,done,
785,5.118286131998841,2519.584039372166,2974.301732994616,3047.384732994616,73.083,done,
786,4.626883197259208,2521.244938541165,3016.9315330013637,3090.9985330013637,74.067,done,
787,4.859669362801272,2522.9058377101646,3043.247178003192,3091.930178003192,48.683,error,
788,5.079597657987046,2524.566736879164,2977.0518300011754,3047.751830001175,70.7,done,
789,4.707273457539601,2527.586553550072,2979.56295799464,3047.70895799464,68.146,done,
790,10.895122960125835,2530.6063702209804,2982.092490002513,3048.356490002513,66.264,done,
791,8.201505511443779,2533.626186891888,2985.587537996471,3048.502537996471,62.915,done,
792,4.480181278517286,2536.6460035627965,2989.1252569928765,3048.6732569928763,59.548,done,
793,8.832220047724535,2539.6658202337044,2992.5929519981146,3049.1729519981145,56.58,done,
794,3.8608308902000648,2542.6856369046127,2996.0289039984345,3048.8779039984347,52.849,error,
795,5.109053293616782,2545.705453575521,2999.470017001033,3049.1970170010327,49.727,error,
796,4.555975719307976,2548.725270246429,3002.9056009948254,3049.2836009948255,46.378,error,
797,4.770382396398512,2551.7450869173367,3006.3421499952674,3049.2941499952676,42.952,error,
798,4.367311154516697,2554.764903588245,3009.902120999992,3091.0751209999917,81.173,done,
799,4.987412934099382,2557.784720259153,3013.241711996496,3091.200711996496,77.959,done,
800,12.992401855214831,2561.9369681816515,3061.6539340019226,3128.9319340019224,67.278,done,
801,9.681685228383044,2566.08921610415,3020.583929002285,3091.5649290022848,70.981,done,
802,7.922054173411949,2570.241464026649,3025.084766998887,3091.580766998887,66.496,done,
803,5.020767765082,2574.3937119491475,3029.7044049948454,3091.6954049948454,61.991,done,
804,5.981715068889603,2578.545959871646,3034.306699000299,3092.037699000299,57.731,done,
805,5.379544825739062,2582.6982077941448,3038.7649479955435,3092.1579479955435,53.393,done,
806,10.281344024692952,2586.8504557166434,3047.6972749978304,3091.8082749978303,44.111,error,
807,4.66309817043015,2591.002703639142,3052.588038004935,3129.0740380049347,76.486,done,
808,5.242030057629685,2595.1549515616407,3057.0965679958463,3128.988567995846,71.892,done,
809,8.89280532959781,2599.30719948414,3066.0368069931865,3129.3358069931865,63.299,done,
810,11.115547030709598,2603.459447406638,3070.396423995495,3129.293423995495,58.897,done,
811,8.94522562001834,2607.6116953291366,3074.7755400016904,3129.2685400016903,54.493,done,
812,7.380239735917268,2611.7639432516357,3079.4132980033755,3129.5642980033754,50.151,done,
813,5.844991600432955,2615.916191174134,3083.919009000063,3129.634009000063,45.715,done,
814,6.683563074839821,2620.0684390966326,3088.404381997884,3129.576381997884,41.172,error,
815,4.713185680450493,2624.220687019131,3092.759519003332,3200.756519003332,107.997,done,
816,10.52789391894943,2627.240503690039,3096.141993999481,3200.620993999481,104.479,done,
817,5.713348270940374,2630.2603203609474,3099.8629959970717,3201.0009959970716,101.138,done,
818,9.438531790453592,2633.2801370318552,3103.415626995265,3200.935626995265,97.52,done,
819,8.924304862230294,2636.299953702764,3107.237265996635,3201.164265996635,93.927,done,
820,8.823075281343074,2639.3197703736714,3110.929142996669,3201.3061429966688,90.377,done,
821,4.475482147718305,2642.33958704458,3114.611046999693,3201.547046999693,86.936,done,
822,18.892687017350585,2645.359403715488,3118.0449919998646,3201.8159919998648,83.771,done,
823,14.117793362134485,2648.379220386396,3121.4452729970217,3201.6082729970217,80.163,error,
824,12.21657120390161,2651.399037057304,3124.868776999414,3201.618776999414,76.75,error,
825,7.026004190847191,2654.418853728212,3128.352396003902,3201.698396003902,73.346,error,
826,9.407276479822618,2657.43867039912,3131.6312310025096,3201.8782310025094,70.247,error,
827,4.79486556471316,2659.8113834976907,3135.101846992969,3201.971846992969,66.87,error,
828,9.39817780768481,2662.184096596261,3138.518486000597,3202.016486000597,63.498,error,
829,12.246908983200113,2664.556809694832,3142.029656998813,3201.913656998813,59.884,error,
830,4.673048552497762,2666.9295227934026,3144.61032500118,3202.13032500118,57.52,error,
831,4.518863931075029,2669.3022358919734,3148.0797159969807,3202.158715996981,54.079,error,
832,5.253482236791399,2671.674948990544,3151.5349869951606,3202.0869869951607,50.552,error,
833,13.062573540065962,2674.0476620891145,3154.0865369960666,3202.0805369960667,47.994,error,
834,12.936630998598847,2676.4203751876853,3156.667626000941,3202.138626000941,45.471,error,
835,9.063255999057931,2678.793088286256,3159.2622940018773,3202.3202940018773,43.058,error,
836,7.797568794798545,2681.1658013848264,3162.726803995669,3235.289803995669,72.563,done,
837,4.878871241959643,2683.538514483397,3166.169936001301,3235.3389360013007,69.169,done,
838,7.498646568272657,2685.911227581968,3169.62038499862,3235.56738499862,65.947,done,
839,5.618672547543366,2688.2839406805383,3173.066560000181,3235.427560000181,62.361,done,
840,10.05480821289412,2690.656653779109,3176.55012999475,3235.45812999475,58.908,done,
841,5.968768360795485,2693.6764704500174,3180.1407819986343,3235.5737819986343,55.433,done,
842,4.403568904825733,2696.6962871209253,3183.7306770011783,3235.7686770011783,52.038,done,
843,6.009035232303943,2699.7161037918336,3187.2772719934583,3235.9092719934583,48.632,done,
844,6.863516328986955,2702.735920462741,3190.8327110037208,3235.795711003721,44.963,error,
845,4.639983599709709,2705.7557371336497,3194.3684739992023,3235.9454739992025,41.577,error,
846,5.099213448244596,2708.7755538045576,3197.9064130038023,3271.1874130038022,73.281,done,
847,4.409110350239518,2711.795370475466,3201.4721499979496,3271.1311499979497,69.659,done,
848,4.75593255265848,2714.815187146374,3204.6235600039363,3271.6525600039363,67.029,done,
849,5.599475299238184,2717.835003817282,3208.1491509974003,3271.9521509974,63.803,done,
850,10.615110185311623,2720.85482048819,3211.572873003781,3271.765873003781,60.193,done,
851,7.979189706979097,2723.8746371590983,3215.0376509949565,3272.0386509949567,57.001,done,
852,5.001329357438048,2727.565524201319,3219.475824996829,3272.134824996829,52.659,done,
853,8.811532321717547,2731.25641124354,3223.948297001421,3272.490297001421,48.542,done,
854,10.49057982229498,2734.947298285761,3228.5484139993787,3272.111413999379,43.563,error,
855,5.39462855512015,2738.6381853279822,3233.209437996149,3314.365437996149,81.156,done,
856,9.448420169884956,2742.329072370203,3237.0310899987817,3314.340089998782,77.309,done,
857,12.775347580352426,2746.019959412424,3241.13440400362,3314.45740400362,73.323,done,
858,10.065736421609442,2749.710846454645,3245.8054260015488,3314.765426001549,68.96,done,
859,4.186771017788891,2753.401733496866,3250.343877002597,3314.606877002597,64.263,done,
860,4.907879636721424,2757.092620539087,3254.9445559978485,3315.0005559978486,60.056,done,
861,5.912519664919024,2760.1124372099957,3258.442861996591,3315.105861996591,56.663,done,
862,5.311894226127638,2763.132253880903,3261.901955001056,3315.3759550010564,53.474,done,
863,8.734302441139738,2766.1520705518114,3265.4145060032606,3315.080506003261,49.666,error,
864,4.666677880348688,2769.1718872227198,3268.959217004478,3315.157217004478,46.198,error,
865,4.679427697314442,2772.191703893628,3272.173688992858,3315.104688992858,42.931,error,
866,5.555905941720651,2775.2115205645355,3275.536452002824,3347.845452002824,72.309,done,
867,9.014847088418833,2778.231337235444,3279.179211996496,3347.9682119964964,68.789,done,
868,5.586140968008399,2781.251153906352,3282.878803998232,3348.1858039982317,65.307,done,
869,9.79702328233816,2784.27097057726,3286.41629999876,3348.3072999987603,61.891,done,
870,4.507285489461787,2787.290787248168,3289.98510299623,3348.28310299623,58.298,done,
871,4.393735312998818,2790.310603919076,3293.5777079984546,3348.4127079984546,54.835,done,
872,5.360460879522972,2793.078769200742,3297.089463993907,3348.505463993907,51.416,done,
873,7.268233933886382,2795.8469344824075,3300.6326010003686,3348.575601000369,47.943,done,
874,6.071281325569736,2798.6150997640734,3304.088688991964,3348.694688991964,44.606,error,
875,11.949916286122114,2801.383265045739,3307.593235999346,3348.6462359993457,41.053,error,
876,8.55736196731654,2804.151430327405,3311.1591639965773,3392.594163996577,81.435,done,
877,5.28050879011521,2806.9195956090707,3314.837173998356,3392.6731739983557,77.836,done,
878,13.191633562594912,2809.687760890736,3318.468788996339,3393.045788996339,74.577,done,
879,11.631422887380705,2812.455926172402,3321.9984259977937,3393.258425997794,71.26,done,
880,7.143933694736415,2815.2240914540675,3325.427068993449,3393.3050689934494,67.878,done,
881,8.493321967393461,2817.992256735733,3328.908211998641,3393.583211998641,64.675,done,
882,5.033910939308248,2820.760422017399,3332.424363002181,3393.7043630021813,61.28,done,
883,5.500084882082351,2823.528587299065,3336.1101180016994,3393.6691180016996,57.559,done,
884,9.577303784568954,2826.548403969973,3339.6386329978704,3393.9566329978707,54.318,error,
885,5.836672789450914,2829.568220640881,3343.1826030015945,3394.2256030015947,51.043,error,
886,5.471710972189271,2832.5880373117893,3346.81410099566,3394.48010099566,47.666,error,
887,5.070573583851775,2835.607853982697,3350.6965679973364,3394.5165679973366,43.82,error,
888,8.363023737622521,2838.627670653605,3354.2492159977555,3426.8992159977556,72.65,done,
889,4.927883858639929,2841.6474873245133,3357.7914339974523,3427.0644339974524,69.273,done,
890,5.431282325950179,2844.6673039954217,3361.320091001689,3427.068091001689,65.748,done,
891,8.097948155399976,2847.687120666329,3364.803776994348,3427.2847769943482,62.481,done,
892,10.010438591373896,2850.706937337238,3368.2877949997783,3427.4647949997784,59.177,done,
893,4.852046062567547,2853.7267540081457,3371.7954460009933,3427.9784460009932,56.183,done,
894,6.554510592251795,2856.746570679054,3375.392088994384,3428.078088994384,52.686,done,
895,5.082169241239913,2858.9611029043867,3377.9496180042624,3428.3486180042623,50.399,done,
896,4.866627740043801,2861.175635129719,3380.534256003797,3428.311256003797,47.777,error,
897,5.737943184879342,2863.390167355052,3383.134342998266,3428.5433429982663,45.409,error,
898,8.086253604437434,2865.6046995803845,3385.6699689999223,3428.4849689999223,42.815,error,
899,8.248488210394434,2867.819231805717,3388.379981994629,3462.7829819946287,74.403,done,
900,8.07394406917226,2870.033764031049,3390.9642340019345,3463.1272340019345,72.163,done,
901,5.870946923440925,2872.248296256382,3393.5486330017447,3462.982633001745,69.434,done,
902,8.525598738141833,2874.462828481715,3395.9852660000324,3463.3752660000323,67.39,done,
903,4.761502570609382,2876.677360707048,3399.06722600013,3463.75922600013,64.692,done,
904,5.068115065058445,2878.89189293238,3401.8722489997745,3464.2592489997746,62.387,done,
905,10.540131064657418,2881.1064251577127,3404.426279000938,3463.999279000938,59.573,done,
906,8.309782037490367,2883.3209573830454,3407.01727899909,3464.40927899909,57.392,done,
907,5.411289508283619,2885.535489608378,3409.5343030020595,3464.5113030020593,54.977,error,
908,5.156861560231407,2887.7500218337104,3412.018422998488,3464.755422998488,52.737,error,
909,4.6700354512695,2889.964554059043,3414.3956689983606,3464.6276689983606,50.232,error,
910,9.218060858990308,2893.655441101264,3418.885303996504,3464.7463039965037,45.861,error,
911,4.529503567393461,2897.346328143485,3423.401464998722,3490.4804649987223,67.079,done,
912,5.025970113206133,2901.037215185706,3427.368404999376,3490.397404999376,63.029,done,
913,4.249145443144716,2904.728102227927,3431.3392729982734,3490.5112729982734,59.172,done,
914,5.482014714438518,2908.418989270148,3436.124223999679,3490.733223999679,54.609,done,
915,6.241100911763808,2912.109876312369,3440.8058589994907,3490.7228589994907,49.917,done,
916,6.598385284288926,2915.80076335459,3445.4063249975443,3490.9983249975444,45.592,done,
917,5.046039123855587,2919.491650396811,3450.015523999929,3490.844523999929,40.829,done,
918,8.108916653928025,2923.182537439032,3454.648941002786,3490.8799410027864,36.231,done,
919,5.213541735818396,2926.504335777031,3458.4996109977365,3528.0856109977362,69.586,done,
920,8.8536118783959,2929.8261341150296,3462.283076003194,3528.085076003194,65.802,done,
921,4.511742800139597,2933.1479324530287,3502.696229994297,3566.236229994297,63.54,done,
922,9.92519567084761,2936.469730791028,3506.288277998566,3566.5742779985662,60.286,done,
923,8.026092567108817,2939.7915291290265,3465.730027996004,3528.614027996004,62.884,done,
924,5.79337201407674,2943.1133274670256,3469.5341729968786,3529.363172996879,59.829,done,
925,11.18137765264688,2946.435125805024,3473.952215999365,3529.475215999365,55.523,done,
926,4.753250764742072,2949.7569241430238,3477.4404499977827,3529.657449997783,52.217,done,
927,5.0728537758777765,2953.078722481022,3481.008570998907,3529.528570998907,48.52,done,
928,4.999258715341631,2956.400520819021,3484.5167049989104,3529.8007049989105,45.284,done,
929,11.133741166714664,2959.4203374899294,3488.0632530003786,3529.9142530003787,41.851,error,
930,5.010484900173273,2962.440154160837,3491.5083620026708,3566.1323620026706,74.624,done,
931,4.7358976314049,2965.459970831745,3495.516147002578,3566.4981470025778,70.982,done,
932,4.224620215965754,2968.4797875026534,3554.3196619972587,3603.5686619972585,49.249,error,
933,4.933286844228044,2971.4996041735617,3499.181341998279,3566.7513419982793,67.57,done,
934,4.563789436964189,2974.5194208444696,3509.788967996836,3566.883967996836,57.095,done,
935,4.429915490896425,2977.539237515378,3513.3672209978104,3567.1802209978105,53.813,done,
936,4.300244511327451,2980.5590541862857,3516.865405999124,3567.130405999124,50.265,done,
937,11.691552641575589,2983.578870857194,3520.3237150013447,3567.194715001345,46.871,error,
938,5.3367196566332105,2986.598687528102,3523.7909419983625,3567.2949419983624,43.504,error,
939,7.783628843907719,2989.61850419901,3527.259917996824,3602.621917996824,75.362,done,
940,9.073549728518836,2992.1737336897786,3530.4083059951663,3603.157305995166,72.749,done,
941,9.884059529234024,2994.728963180547,3533.241977997124,3602.881977997124,69.64,done,
942,10.7638383754799,2997.2841926713154,3536.8157759979367,3602.992775997937,66.177,done,
943,5.044001321847662,2999.839422162084,3540.3040460050106,3603.0390460050107,62.735,done,
944,4.439116652190781,3002.394651652852,3543.8265129998326,3603.4225129998326,59.596,done,
945,9.1349421542206,3004.9498811436206,3547.3461029976606,3603.7011029976607,56.355,done,
946,7.969280213755031,3007.5051106343885,3550.852811999619,3603.917811999619,53.065,done,
947,11.020725781197504,3010.060340125157,3557.795834995806,3603.962834995806,46.167,error,
948,5.382585279458059,3012.6155696159253,3561.201140999794,3604.019140999794,42.818,error,
949,4.582853289357121,3015.1707991066937,3564.6300709992647,3642.392070999265,77.762,done,
950,4.598107198410193,3017.726028597462,3567.3057129979134,3642.5977129979133,75.292,done,
951,4.905625869482584,3020.2812580882305,3641.51695600152,3687.1719560015204,45.655,error,
952,10.076489752916206,3022.836487578999,3570.6589839980006,3642.757983998001,72.099,done,
953,6.021774786687323,3025.2092006775697,3574.2644660025835,3642.9604660025834,68.696,done,
954,9.093193241688734,3027.58191377614,3576.824421994388,3643.040421994388,66.216,done,
955,11.75926276837744,3029.954626874711,3579.398413002491,3643.368413002491,63.97,done,
956,9.41817856056826,3032.3273399732816,3582.772185996175,3643.451185996175,60.679,done,
957,8.428487639364448,3034.7000530718524,3586.2195239961147,3643.742523996115,57.523,done,
958,13.35115895089907,3037.0727661704227,3589.671019002795,3643.4980190027954,53.827,error,
959,8.77027924628611,3039.445479268993,3593.1549429968,3643.7649429968,50.61,error,
960,4.915580696976314,3041.8181923675643,3596.6365410014987,3643.8505410014986,47.214,error,
961,5.164229813440215,3044.1909054661346,3600.0881230011582,3643.9211230011583,43.833,error,
962,12.317919043943816,3046.5636185647054,3603.250658996403,3685.7886589964032,82.538,done,
963,4.876190104816711,3048.936331663276,3605.8444179967046,3686.0814179967047,80.237,done,
964,4.741472938109408,3051.309044761847,3655.47559799999,3720.73259799999,65.257,done,
965,5.104407092698232,3053.6817578604173,3608.423749998212,3686.205749998212,77.782,done,
966,12.87495997692954,3056.054470958988,3610.948454000056,3686.379454000056,75.431,done,
967,4.434855840684495,3059.0742876298964,3613.4778899922967,3686.6448899922966,73.167,done,
968,5.397921796870688,3062.094104300804,3616.92417999357,3686.86717999357,69.943,done,
969,5.468362933095213,3065.113920971713,3620.4325750023127,3686.685575002313,66.253,done,
970,4.727799009898703,3068.1337376426204,3623.9112580046058,3687.1362580046057,63.225,done,
971,5.577321640354162,3071.1535543135287,3627.402109995485,3686.9531099954847,59.551,error,
972,9.988605802426104,3074.1733709844366,3630.884631998837,3687.240631998837,56.356,error,
973,6.881397950124748,3077.193187655345,3634.4000860005617,3687.280086000562,52.88,error,
974,7.091009290752384,3080.2130043262528,3637.937619999051,3687.482619999051,49.545,error,
975,5.191639276481825,3083.232820997161,3644.656468003988,3686.974468003988,42.318,error,
976,6.259493013709212,3086.252637668069,3648.489987999201,3720.9469879992007,72.457,done,
977,10.233914678119875,3089.272454338977,3688.664313003421,3759.4943130034208,70.83,done,
978,5.568120653309059,3092.594252676976,3652.024388000369,3720.880388000369,68.856,done,
979,7.2051787562641465,3095.916051014975,3714.759974993765,3760.7859749937647,46.026,error,
980,5.528201543359077,3099.237849352974,3658.952463999391,3721.0874639993913,62.135,done,
981,10.212350779280037,3102.5596476909727,3662.461815997958,3720.322815997958,57.861,done,
982,5.702047358182517,3105.881446028972,3666.36930899322,3720.89830899322,54.529,done,
983,5.47507041665718,3109.2032443669705,3670.445969998837,3721.516969998837,51.071,done,
984,6.901333554800788,3112.5250427049696,3674.255424000323,3721.369424000323,47.114,done,
985,10.652765951621744,3115.846841042968,3678.004099994898,3721.797099994898,43.793,error,
986,9.827784471186051,3119.168639380967,3681.649581998586,3760.1275819985863,78.478,done,
987,9.756446060228113,3122.490437718966,3685.166149996221,3760.019149996221,74.853,done,
988,10.777490765670557,3124.8631508175367,3692.908929996193,3760.160929996193,67.252,done,
989,11.466108572579303,3127.235863916107,3695.550487995148,3760.4484879951483,64.898,done,
990,11.565750275034477,3129.608577014678,3698.0659100040793,3760.5369100040793,62.471,done,
991,5.210443556152367,3131.9812901132486,3700.560061998665,3760.701061998665,60.141,done,
992,5.2558493583733785,3134.3540032118194,3704.0473330020905,3760.8853330020906,56.838,done,
993,7.759828094420901,3136.7267163103897,3706.6223750039935,3760.6833750039937,54.061,error,
994,4.447713825703798,3139.0994294089605,3709.303884997964,3760.909884997964,51.606,error,
995,4.797461194818766,3141.4721425075318,3712.0781589969993,3761.066158996999,48.988,error,
996,9.906172828262658,3143.8448556061016,3717.542470000684,3761.0864700006837,43.544,error,
997,4.572045519767697,3146.2175687046724,3720.16130900383,3761.34230900383,41.181,error,
998,4.27660684684842,3148.590281803243,3722.6700339987874,3764.2080339987874,41.538,done,
