# {"debug": false, "pause": false, "output": "/home/cc/DynWork/multimodal_dataset/repeat-3/Multimodal/Azure/incoming_rate_36.36/Modal_num/six_modal/5_x_P99/clipper", "slo_us": 489000, "batch_size": 8, "reqs": "/home/cc/DynWork/multimodal_dataset/repeat-3/Multimodal/Azure/incoming_rate_36.36/Modal_num/six_modal/jobs.bucketed.csv", "latencies": "/home/cc/DynWork/multimodal_dataset/repeat-3/Multimodal/Azure/incoming_rate_36.36/Modal_num/six_modal/latencies.csv"}
JobId,Length,Admitted,Started,Finished,Latency,State,EName
0,13.459594874408,0.0,5.894382998347282,23.888303000829183,17.9939200024819,done,
1,30.96874983266325,25.882352941176467,31.78024299442768,65.43230898561887,33.65206599119119,done,
2,12.745742196306733,51.764705882352935,57.66567499935627,84.52160099963658,26.855926000280306,done,
3,79.0477528084322,77.6470588235294,83.55136799812317,165.75659499224275,82.20522699411958,done,
4,63.63694276641192,103.52941176470588,109.4400990009308,265.65227800572757,156.21217900479678,done,
5,12.969315515759895,129.41176470588235,161.21521799266338,265.9032959830947,104.68807799043134,done,
6,47.548719710750525,155.2941176470588,135.32859899103642,266.0843309870688,130.75573199603238,done,
7,97.10771884915484,181.17647058823528,238.87431900203228,413.6802220089594,174.8059030069271,done,
8,14.651043927709043,207.0588235294117,212.98825399577615,413.98841198685113,201.00015799107496,done,
9,78.74490964392201,232.9411764705882,187.10206899046895,414.2771369988331,227.17506800836415,done,
10,11.639680191114415,258.8235294117647,316.5347490012646,636.3651980082504,319.8304490069859,done,
11,81.9516531823219,284.7058823529412,290.6461540013552,636.6699750113767,346.0238210100215,done,
12,47.379636028153584,310.5882352941176,264.760905995965,636.7548839944648,371.99397799849976,done,
13,46.83567313889567,336.4705882352941,342.42084600031376,636.8839290027972,294.4630830024835,done,
14,12.618129692234064,362.35294117647055,368.3074700087309,637.0593770110281,268.75190700229723,done,
15,96.181880245401,388.235294117647,394.1937059909105,637.1642769855679,242.97057099465744,done,
16,46.033445770415646,414.1176470588235,420.07954999804497,910.3752939897822,490.29574399173725,past_due,
17,79.55733007725816,440.0,445.9662970006466,911.5750349996379,465.6087379989913,done,
18,96.7605473903849,463.157894736842,469.1281149983406,911.9079130007885,442.77979800244793,done,
19,12.778077759233302,486.31578947368416,492.2892020046711,912.2307419972494,419.9415399925783,done,
20,63.06217896629207,509.47368421052624,515.4505580067635,912.5760460083839,397.1254880016204,done,
21,96.6552606059444,532.6315789473683,538.6119540035725,912.8697380056838,374.2577840021113,done,
22,63.23763371145542,555.7894736842104,561.7775700092316,912.9774750043871,351.1999049951555,done,
23,30.076298045553244,578.9473684210525,584.9390930086374,913.3718270020327,328.43273399339523,done,
24,13.98232004366017,602.1052631578947,608.100884988904,1097.978826992563,489.877942003659,past_due,
25,80.2115759903765,625.2631578947368,631.2619650065899,1121.1035469982307,489.84158199164085,past_due,
26,63.47087580149322,648.4210526315788,654.4233219921589,1143.4797679850599,489.056445992901,past_due,
27,13.633310097677487,671.578947368421,677.5847090035677,1170.1667140010977,492.58200499753,past_due,
28,47.09665011835309,694.7368421052631,700.7474670112133,1187.7051300120074,486.9576630007941,done,
29,12.654480818290711,717.8947368421052,770.2326370030642,1188.0879450158682,417.855308012804,done,
30,97.81386909831954,741.0526315789473,747.0705910027027,1188.2789680029964,441.2083770002937,done,
31,12.877503124425155,764.2105263157894,723.9095070064068,1188.423884999007,464.5143779926002,done,
32,44.62749487784881,787.3684210526314,793.394263997674,1285.3683820032747,491.9741180056008,past_due,
33,29.256618272525063,810.5263157894735,816.5651289969683,1306.9267600008752,490.36163100390695,past_due,
34,79.95102546617576,833.6842105263156,839.7266120016575,1329.546312001883,489.8197000002256,past_due,
35,44.79535470700832,856.8421052631578,862.8920190036297,1353.0900750134606,490.1980560098309,past_due,
36,63.20583564203488,879.9999999999999,886.0533780008554,1379.1689660048578,493.1155880040024,past_due,
37,45.99551794063155,911.4285714285712,917.4868640005589,1406.8880590096815,489.4011950091226,past_due,
38,63.422102201732415,942.8571428571428,948.9199820011854,1438.360393999843,489.4404119986575,past_due,
39,95.75415543670796,974.285714285714,980.3703880012037,1459.0722300041234,478.7018420029199,done,
40,97.30681218184796,1005.7142857142856,1011.8025709986688,1501.3528000005754,489.5502290019067,past_due,
41,45.35732536945848,1037.1428571428569,1043.2354249954224,1534.2036009990843,490.96817600366194,past_due,
42,63.37493108394774,1068.5714285714284,1074.6685889959335,1563.8078469989123,489.1392580029788,past_due,
43,14.435916536085768,1099.9999999999998,1106.1015260070562,1595.4033879984636,489.30186199140735,past_due,
44,28.80260568193771,1131.428571428571,1137.5352900028229,1627.0165660058847,489.4812760030618,past_due,
45,29.355163893947427,1162.857142857143,1168.968021005392,1658.4683229973307,489.5003019919386,past_due,
46,77.61848387622135,1194.2857142857142,1200.4012759923935,1689.9378659934737,489.5365900010802,past_due,
47,30.33908819754268,1225.7142857142856,1231.8341600000858,1721.224959004554,489.39079900446814,past_due,
48,28.36566831691941,1257.1428571428569,1263.2667410075665,1752.5338080017827,489.2670669942163,past_due,
49,78.5717415049745,1288.5714285714284,1294.7011480033398,1784.2589160032803,489.55776799994055,past_due,
50,11.976531837568594,1319.9999999999998,1326.13408100605,1815.4896930138348,489.3556120077847,past_due,
51,28.728163903341848,1345.8823529411764,1352.0343659967184,1841.465244992054,489.43087899533566,past_due,
52,13.32850115336112,1371.7647058823527,1377.9217669963837,1867.3331729971105,489.41140600072686,past_due,
53,64.64860807079793,1397.6470588235293,1403.8064849972725,1893.0874769956572,489.2809919983847,past_due,
54,63.51392014123061,1423.5294117647056,1429.693613007665,1918.9925390046558,489.2989259969909,past_due,
55,96.60991973328328,1449.4117647058822,1455.5826870054009,1944.8091730154122,489.2264860100113,past_due,
56,45.22117242132828,1475.2941176470586,1481.469233006239,1970.8779390009586,489.4087059947197,past_due,
57,97.6237309639315,1501.1764705882351,1507.354843005538,1996.6340570072643,489.2792140017264,past_due,
58,13.223776728453828,1527.0588235294117,1533.2412219941616,2022.378122994327,489.1369010001654,past_due,
59,97.21849091571534,1552.941176470588,1559.127306997776,2048.2461019956972,489.1187949979212,past_due,
60,29.689453754742992,1578.8235294117644,1585.0136010050774,2073.9918470137054,488.9782460086281,past_due,
61,12.63632420447847,1604.705882352941,1610.9001509994268,2100.1843729991233,489.28422199969646,past_due,
62,31.345568990267523,1630.5882352941176,1636.78844499588,2126.225941983983,489.4374969881028,past_due,
63,29.213617021195315,1656.470588235294,1662.673971995711,2152.6215219944715,489.9475499987602,past_due,
64,12.474942455920608,1682.3529411764705,1688.560628995299,2179.550754001946,490.9901250066469,past_due,
65,98.18999768103669,1708.2352941176468,1714.4480509907007,2207.713783982559,493.2657329918584,past_due,
66,96.73068168903612,1734.1176470588234,1740.3340569883585,2229.7101689776173,489.3761119892588,past_due,
67,80.48654835503766,1759.9999999999998,1766.2205770015717,2255.8229210103163,489.6023440087447,past_due,
68,29.7733293586802,1787.4999999999998,1793.7246180027723,2283.1074569931952,489.3828389904229,past_due,
69,14.039259321195724,1815.0,1821.229452997446,2310.6350869955495,489.4056339981034,past_due,
70,46.99427535353805,1842.5,1848.7327319979668,2338.0702840021113,489.3375520041445,past_due,
71,96.96201354785244,1870.0,1876.2547430098057,2365.5330470075132,489.2783039977076,past_due,
72,13.42270167916325,1897.5,1903.757952004671,2393.158151997486,489.40019999281503,past_due,
73,78.36839794465898,1925.0,1931.262681990862,2420.5709169935435,489.3082350026816,past_due,
74,30.181210453529808,1952.4999999999995,1958.7655330002308,2448.1353479974205,489.3698149971897,past_due,
75,44.93412809569885,1979.9999999999995,1986.2704290002584,2475.7162530017085,489.4458240014501,past_due,
76,29.898152833558388,2007.4999999999995,2013.7746360003948,2503.310562012135,489.5359260117402,past_due,
77,95.73271730705927,2034.9999999999995,2041.2778940051796,2530.9442320110975,489.6663380059181,past_due,
78,30.42115279936178,2062.4999999999995,2068.786851003766,2558.0641580061056,489.2773070023395,past_due,
79,81.32088950985809,2089.9999999999995,2096.2902480065823,2585.5692779993406,489.2790299927583,past_due,
80,78.50391615542338,2117.4999999999995,2123.7944619953632,2613.2722239873838,489.4777619920205,past_due,
81,96.11516037834043,2144.9999999999995,2151.2993879914284,2640.7278529840987,489.4284649926704,past_due,
82,62.33913846917452,2172.4999999999995,2178.802728012204,2668.2188630215824,489.4161350093782,past_due,
83,28.05617656866733,2199.9999999999995,2206.307424992323,2695.808480991749,489.50105599942617,past_due,
84,78.7919447373588,2227.4999999999995,2233.8107759952545,2723.3334599969676,489.52268400171306,past_due,
85,47.34992689374495,2254.9999999999995,2261.3159649968147,2750.8416539981263,489.5256890013116,past_due,
86,64.02338154245294,2282.4999999999995,2288.819728001952,2778.3327709960286,489.5130429940764,past_due,
87,79.91749147547445,2309.9999999999995,2316.324117988348,2805.590260994155,489.26614300580695,past_due,
88,46.87042564782703,2337.4999999999995,2343.828786998987,2833.339728987543,489.5109419885557,past_due,
89,95.24945739946722,2364.9999999999995,2371.331073001027,2860.4175680003827,489.0864949993557,past_due,
90,96.53896688686044,2392.4999999999995,2398.8358889967203,2888.3783049880294,489.5424159913091,past_due,
91,62.13453950206765,2419.9999999999995,2426.3405409902334,2915.6337210034253,489.2931800131919,past_due,
92,79.07336685545667,2447.4999999999995,2453.8439179956918,2943.267828995595,489.42391099990346,past_due,
93,81.10297450022175,2474.9999999999995,2481.347728997469,2970.6818189991172,489.3340900016483,past_due,
94,14.125128139049636,2502.4999999999995,2508.8511720001698,2998.345908990479,489.4947369903093,past_due,
95,30.05944939401389,2529.9999999999995,2536.355811998248,3025.66983600019,489.314024001942,past_due,
96,62.81344933806968,2557.4999999999995,2563.858279004693,3053.015224002069,489.15694499737583,past_due,
97,13.066589932037676,2584.9999999999995,2591.362807005644,3080.7710550079355,489.40824800229166,past_due,
98,95.6452669218021,2612.4999999999995,2618.867250010371,3108.492037015967,489.6247870055959,past_due,
99,96.43038881147343,2639.9999999999995,2646.3708139956,3135.38215100125,489.0113370056497,past_due,
100,81.19848466038101,2667.4999999999995,2673.875721007585,3163.4677150102793,489.5919940026943,past_due,
101,29.72643880749532,2694.9999999999995,2701.3783410042524,3190.4681330019375,489.0897919976851,past_due,
102,47.81046788932245,2722.4999999999995,2728.882870003581,3218.3681209932547,489.48525098967366,past_due,
103,13.239208709230535,2749.9999999999995,2756.385993003845,3245.67261200957,489.2866190057248,past_due,
104,81.06381686517463,2777.4999999999995,2783.890404999256,3273.3380109991413,489.4476059998851,past_due,
105,96.94383719524194,2804.9999999999995,2811.39567001164,3300.5953140099305,489.1996439982904,past_due,
106,63.1324497077937,2832.4999999999995,2838.898386001587,3328.2752070038114,489.37682100222446,past_due,
107,46.463536932369294,2859.9999999999995,2866.403191998601,3355.64778099861,489.244589000009,past_due,
108,28.609717672416004,2887.4999999999995,2893.907614007592,3383.257852007635,489.35023800004274,past_due,
109,79.99399665884678,2914.9999999999995,2921.411516994238,3410.686632987461,489.2751159932232,past_due,
110,63.01584627839446,2942.4999999999995,2948.9310750067234,3439.327183004818,490.3961079980945,past_due,
111,63.72898352446809,2969.9999999999995,2976.434435993433,3469.015026995912,492.5805910024792,past_due,
112,79.45213565377433,2997.4999999999995,3003.939759001136,3498.298017002875,494.3582580017392,past_due,
113,63.11435292352062,3024.9999999999995,3031.4423799961805,3520.429926002864,488.98754600668326,past_due,
114,96.3739498354542,3052.4999999999995,3058.946467995644,3548.2976049984577,489.3511370028136,past_due,
115,11.700740312582647,3079.9999999999995,3086.451256006956,3575.724112000433,489.2728559934767,past_due,
116,29.659443371752417,3109.333333333333,3115.7872319966555,3604.966919993167,489.17968799651135,past_due,
117,47.46088409648802,3138.666666666666,3145.125432997942,3634.426772008068,489.301339010126,past_due,
118,29.297846751777797,3167.9999999999995,3174.4636680036783,3663.9457320075016,489.4820640038233,past_due,
119,79.47130629537918,3197.333333333333,3203.8009340018034,3693.067326005432,489.2663920036284,past_due,
120,30.74186417558968,3226.666666666666,3233.138576000929,3722.4930760095594,489.35450000863057,past_due,
121,62.201710188180606,3255.9999999999995,3262.476988002658,3751.8370010043727,489.3600130017148,past_due,
122,63.40675648974291,3285.333333333333,3291.815430998802,3781.3260149956914,489.5105839968892,past_due,
123,46.10836446871558,3314.666666666666,3321.154048010707,3810.4107570098713,489.2567089991644,past_due,
124,29.8830371213101,3343.9999999999995,3350.491613999009,3839.7954759910936,489.3038619920844,past_due,
125,29.40979351457486,3373.333333333333,3379.828832000494,3869.0684280055575,489.2395960050635,past_due,
126,30.35901254578726,3402.666666666666,3409.167721003294,3898.730986003764,489.56326500047,past_due,
127,11.81888757465145,3431.9999999999995,3438.504647001624,3927.637270990177,489.13262398855295,past_due,
128,30.24943835347773,3461.333333333333,3467.84258300066,3957.444883004413,489.602300003753,past_due,
129,98.30034347361769,3490.666666666666,3497.1807159930468,3986.564209994278,489.3834940012312,past_due,
130,46.16269603919895,3519.9999999999995,3526.519106000662,4015.8096420036163,489.29053600295447,past_due,
131,12.829662357362752,3549.333333333333,3555.854857012629,4044.841329015209,488.98647200257983,past_due,
132,97.52651561924355,3578.666666666666,3585.19187900424,4074.517270001932,489.325390997692,past_due,
133,30.299842717753663,3608.0,3614.5286809951062,4103.815244994592,489.2865639994852,past_due,
134,79.72486235438275,3637.333333333333,3643.865900993347,4132.95734098088,489.0914399875328,past_due,
135,13.375607543566094,3666.666666666666,3673.202882006765,4162.544750007102,489.34186800033785,past_due,
136,62.50684397999717,3696.0,3702.5498749911785,4191.420904991333,488.87103000015486,past_due,
137,12.381395965047716,3725.333333333333,3731.8885450065136,4221.312234002398,489.42368899588473,past_due,
138,29.75821598414017,3754.666666666666,3761.226346999407,4250.618715995457,489.3923689960502,past_due,
139,96.91221088354992,3784.0,3790.563593998552,4282.0723929924425,491.5087989938911,past_due,
140,12.862171036255342,3813.333333333333,3819.900895997882,4313.447636993835,493.54674099595286,past_due,
141,46.753909005683646,3842.666666666666,3849.2428770065303,4338.943997014779,489.7011200082488,past_due,
142,28.914693038217127,3872.0,3878.580274000764,4368.039058010676,489.45878400991205,past_due,
143,28.501172532986537,3901.333333333333,3907.9171040058136,4397.434783007251,489.5176790014375,past_due,
144,95.99506944297386,3930.666666666666,3937.254805997014,4426.44731900387,489.1925130068557,past_due,
145,79.28341022740096,3960.0,3966.592822000384,4455.719326995895,489.1265049955109,past_due,
146,46.85071921472292,3991.428571428571,3998.025206997991,4487.334940003931,489.3097330059391,past_due,
147,63.14743510043751,4022.857142857142,4029.458841994405,4518.840926002362,489.382084007957,past_due,
148,14.842294415544412,4054.2857142857138,4060.891876995564,4550.223118998227,489.3312420026632,past_due,
149,12.57654794011906,4085.714285714285,4092.325442999602,4583.450803989428,491.12536098982673,past_due,
150,63.04563206328063,4117.142857142857,4123.757738009095,4613.293279020814,489.53554101171903,past_due,
151,46.26743316250598,4148.571428571428,4155.189991012216,4644.628438022104,489.4384470098885,past_due,
152,63.672163277683794,4179.999999999999,4186.62257000804,4660.420970002889,473.7983999948483,done,
153,96.07652402118308,4211.428571428571,4218.0561460107565,4707.501447016373,489.4453010056168,past_due,
154,12.727366780089175,4242.857142857142,4249.489966005087,4739.076527006575,489.586561001488,past_due,
155,13.794720327174678,4274.285714285714,4280.922758996487,4770.344007985434,489.4212489889469,past_due,
156,95.95009896078646,4305.714285714284,4312.355127990246,4803.548991990043,491.193863999797,past_due,
157,79.77053355374689,4337.142857142856,4343.788148000836,4833.320099011413,489.5319510105765,past_due,
158,13.085636071263664,4368.571428571428,4375.220696002245,4864.567361012334,489.34666501008905,past_due,
159,13.673995976912671,4399.999999999999,4406.658197999001,4899.202726008603,492.5445280096028,past_due,
160,81.14450902992101,4443.999999999999,4450.662208005786,4932.448207005626,481.7859989998397,done,
161,64.53555112152128,4487.999999999999,4494.666912004352,4983.594996004133,488.92808399978094,past_due,
162,13.7734601788891,4531.999999999999,4538.670870006084,5028.740830002702,490.0699599966174,past_due,
163,96.68628827040438,4575.999999999999,4582.675710991025,5071.835383992293,489.159673001268,past_due,
164,62.67581049353896,4619.999999999999,4626.678697004914,5115.822743999539,489.1440469946247,past_due,
165,64.47232642640769,4663.999999999999,4670.688794001937,5160.014700006461,489.3259060045239,past_due,
166,14.337482402723795,4707.999999999999,4714.693302989006,5203.709693976678,489.0163909876719,past_due,
167,96.4154690527993,4751.999999999999,4802.702562987804,5210.302313995897,407.5997510080924,done,
168,13.751809008200665,4795.999999999999,4758.697378993034,5210.598791984026,451.901412990992,done,
169,29.948706155649184,4839.999999999999,4846.705565005541,5336.560268997564,489.85470399202313,past_due,
170,62.28534949289374,4865.882352941176,4872.59272800386,5361.953927001218,489.36119899735786,past_due,
171,12.892104077874484,4891.764705882352,4898.478506997228,5387.754564994131,489.2760579969036,past_due,
172,96.59884841091284,4917.647058823529,4924.364987000823,5413.782636995544,489.4176499947207,past_due,
173,44.21582855737565,4943.529411764705,4950.250218987465,5439.2625519844005,489.0123329969356,past_due,
174,62.77587711679372,4969.411764705881,4976.137723997235,5465.3147529950365,489.1770289978013,past_due,
175,79.59399770317235,4995.294117647058,5002.02319701016,5483.299994009897,481.2767969997367,done,
176,15.236869734324486,5021.176470588234,5027.908401995897,5483.472260991344,455.5638589954469,done,
177,31.08653013657676,5047.058823529411,5053.795705989003,5543.1464969763765,489.3507909873733,past_due,
178,79.57681207611088,5072.941176470587,5079.680867999792,5568.607234000461,488.9263660006691,past_due,
179,96.79658787047325,5098.823529411764,5105.566976010799,5595.016881009564,489.4499049987644,past_due,
180,98.09956131053458,5124.7058823529405,5131.452197000384,5620.750159995281,489.2979629948968,past_due,
181,64.24290516098786,5150.588235294117,5157.339285001159,5646.600176002481,489.2608910013223,past_due,
182,10.0,5176.470588235294,5183.224707007408,5672.5798240026925,489.35511699528433,past_due,
183,30.687377405694747,5202.352941176469,5209.111942008138,5703.189309003181,494.0773669950431,past_due,
184,94.78616628898652,5228.235294117646,5234.9971359968185,5727.64075300307,492.6436170062516,past_due,
185,64.04935910703975,5254.117647058823,5260.883596003056,5753.813143999083,492.9295479960274,past_due,
186,12.554717945839514,5279.999999999999,5286.769887000322,5779.405432990519,492.635545990197,past_due,
187,11.760764879362632,5304.444444444443,5311.217848002911,5805.607866010745,494.3900180078344,past_due,
188,62.52878115158688,5328.888888888888,5335.66573600471,5824.898088008165,489.2323520034552,past_due,
189,13.52710480850716,5353.333333333332,5360.114471003413,5849.745181002305,489.6307099988917,past_due,
190,45.896492005561576,5377.7777777777765,5384.563077002764,5873.728239990538,489.16516298777424,past_due,
191,29.579889828131925,5402.222222222222,5409.012122005224,5898.4387590008555,489.42663699563127,past_due,
192,80.26320643904886,5426.666666666666,5433.4597799927,5922.861305985134,489.4015259924345,past_due,
193,80.78708153408336,5451.11111111111,5457.908849000931,5947.011854006676,489.1030050057452,past_due,
194,95.01797658229212,5475.555555555555,5482.35772100091,5971.482017001137,489.1242960002273,past_due,
195,79.85188643247434,5499.999999999999,5506.80662201345,5995.827589025488,489.02096701203845,past_due,
196,80.03856346796925,5524.444444444443,5531.254043996334,6020.217917995062,488.9638739987277,past_due,
197,97.28313836496628,5548.888888888888,5555.703152999282,6044.802316997899,489.09916399861686,past_due,
198,97.49977939407468,5573.333333333332,5580.150927007198,6069.231113009155,489.08018600195646,past_due,
199,27.87966078216876,5597.7777777777765,5604.598672002554,6093.972524006618,489.37385200406425,past_due,
200,79.67668908033802,5622.222222222221,5629.046483010054,6118.38977501716,489.3432920071064,past_due,
201,62.863286941434005,5646.666666666666,5653.494140997529,6142.765136994305,489.270995996776,past_due,
202,96.98132897050608,5671.11111111111,5677.941655993462,6167.743509000982,489.80185300752055,past_due,
203,64.3124692922089,5695.555555555555,5702.389349997044,6195.505367006059,493.1160170090152,past_due,
204,13.034877237153582,5719.999999999999,5726.845054015517,6215.941573014366,489.0965189988492,past_due,
205,11.552709290706154,5745.882352941176,5752.73873500526,6242.274777010317,489.5360420050565,past_due,
206,14.156979397441477,5771.764705882352,5778.624346002936,6267.707049995544,489.082703992608,past_due,
207,97.44787805859072,5797.647058823529,5804.511234998703,6293.923608992831,489.4123739941279,past_due,
208,12.358251903518484,5823.529411764705,5830.397360995412,6319.60139099916,489.2040300037479,past_due,
209,61.7015240158865,5849.411764705881,5856.283376008272,6345.725298000965,489.4419219926931,past_due,
210,80.66595576366473,5875.294117647058,5882.1696310043335,6371.440167000517,489.27053599618375,past_due,
211,95.80672399859324,5901.176470588234,5908.054912000895,6397.275100000203,489.2201879993081,past_due,
212,81.38774588088057,5927.058823529411,5933.941232994199,6423.446055000182,489.5048220059834,past_due,
213,47.16328795289004,5952.941176470587,5959.8272999972105,6448.853947989643,489.0266479924321,past_due,
214,13.34384045932634,5978.823529411764,5985.713630989194,6474.7895659838105,489.07593499461655,past_due,
215,63.22167449433152,6004.7058823529405,6011.600660994649,6500.944498000084,489.3438370054355,past_due,
216,12.287898638853704,6030.588235294117,6037.4870519936085,6526.7566729944665,489.269621000858,past_due,
217,45.39796180773141,6056.470588235294,6063.372055009007,6553.19699601247,489.8249410034623,past_due,
218,80.71011654774694,6082.352941176469,6089.259213000536,6580.759152002633,491.4999390020967,past_due,
219,62.36531777620057,6108.235294117646,6115.144795998931,6607.7278470026795,492.58305100374855,past_due,
220,78.90295187975964,6134.117647058823,6141.031419992447,6630.644385982538,489.61296599009074,past_due,
221,63.78634311078502,6159.999999999999,6166.916510000825,6655.849633008707,488.9331230078824,past_due,
222,30.23068506854751,6187.499999999999,6194.420155003667,6683.751476998208,489.3313219945412,past_due,
223,62.3908795656313,6214.999999999999,6221.923767000437,6711.108493000967,489.18472600053065,past_due,
224,64.3493324717285,6242.499999999999,6249.431330993772,6738.85652100516,489.4251900113886,past_due,
225,31.426614270206475,6269.999999999999,6276.93470300734,6766.135182009079,489.2004790017381,past_due,
226,29.123590109228847,6297.499999999999,6304.439220011234,6794.077720014146,489.6385000029113,past_due,
227,46.61674483963264,6324.999999999999,6331.943500995636,6821.48583299329,489.5423319976544,past_due,
228,97.91630717076757,6352.499999999999,6359.447697997093,6848.771851005149,489.3241530080559,past_due,
229,46.48042249833858,6379.999999999999,6386.952385991812,6876.23911899724,489.2867330054287,past_due,
230,12.428699180079365,6407.499999999999,6414.455372005701,6903.663380008307,489.2080080026062,past_due,
231,14.744591258138929,6434.999999999999,6441.960537999868,6931.765737991547,489.8051999916788,past_due,
232,80.00767205520326,6462.499999999999,6469.4637710005045,6958.565006988123,489.10123598761857,past_due,
233,29.236449776317443,6489.999999999999,6496.968415006995,6986.298990997602,489.33057599060703,past_due,
234,63.58546654553558,6517.499999999999,6524.47256501019,7013.786505003925,489.3139399937354,past_due,
235,80.1758831121251,6544.999999999999,6551.976808011532,7041.378458015388,489.4016500038561,past_due,
236,62.894925076944645,6572.499999999999,6579.481421008706,7068.906843021279,489.4254220125731,past_due,
237,11.878396200125382,6599.999999999999,6606.984861001372,7096.000971995643,489.016110994271,past_due,
238,96.14847915669571,6636.666666666666,6643.656874001026,7135.666565007414,492.0096910063876,past_due,
239,97.14322977721534,6673.333333333332,6680.327517002821,7169.470625006012,489.1431080031907,past_due,
240,46.510479639587246,6709.999999999999,6716.99868799746,7206.292911994155,489.2942239966942,past_due,
241,62.05575936390166,6746.666666666666,6753.669930011034,7243.12646800559,489.45653799455613,past_due,
242,97.55683874148215,6783.333333333332,6790.341905012727,7282.95383500529,492.6119299925631,past_due,
243,46.817722028498096,6819.999999999999,6827.013868004084,7316.401080994634,489.3872129905503,past_due,
244,31.263722409596,6856.666666666666,6863.685743004084,7353.203055995749,489.5173129916657,past_due,
245,63.87916911656859,6893.333333333332,6900.356878995895,7389.658831994981,489.3019529990852,past_due,
246,30.265671517960037,6929.999999999999,6937.029042005539,7429.583956997609,492.5549149920698,past_due,
247,79.14477029158658,6966.666666666666,6973.700542002916,7463.068541997927,489.3679999950109,past_due,
248,63.92063865446615,7003.333333333332,7010.371624007821,7499.8182120139245,489.4465880061034,past_due,
249,13.019875850456296,7039.999999999999,7047.043399006128,7536.33098300756,489.2875840014312,past_due,
250,79.83614031461524,7069.333333333332,7076.3812070041895,7549.796679010498,473.4154720063089,done,
251,63.70916943509705,7098.666666666666,7105.71839299798,7550.156653002952,444.4382600049721,done,
252,13.31366503605967,7127.999999999999,7135.054941996932,7627.052482998115,491.997541001183,past_due,
253,63.45353584458591,7157.333333333332,7164.393416002393,7653.860091006616,489.46667500422336,past_due,
254,47.0345520267857,7186.666666666666,7193.731874004006,7682.916529005743,489.18465500173625,past_due,
255,80.16069262055152,7215.999999999999,7223.070286005735,7712.366401009262,489.2961150035262,past_due,
256,12.02181816734865,7245.333333333332,7252.407526001334,7742.959853000357,490.5523269990226,past_due,
257,96.21912560926924,7274.666666666666,7281.745388999581,7771.244173998013,489.4987849984318,past_due,
258,31.98565292945737,7303.999999999999,7311.084766998887,7800.647633000393,489.5628660015064,past_due,
259,46.38059469428684,7333.333333333332,7340.423246994615,7822.605482990039,482.182235995424,done,
260,79.50619630779478,7362.666666666666,7369.760522007942,7859.00980299653,489.249280988588,past_due,
261,95.1092602552372,7391.999999999999,7399.097822010517,7888.33664901962,489.23882700910326,past_due,
262,46.23358517057221,7421.333333333332,7428.435325995088,7917.977127982886,489.541801987798,past_due,
263,13.16036908296804,7450.666666666666,7457.77258400619,7947.322388004861,489.54980399867054,past_due,
264,30.439320666033343,7479.999999999999,7487.108690008521,7976.172346009756,489.06365600123536,past_due,
265,81.71363147577607,7503.157894736842,7510.271086007357,7999.363391004386,489.0923049970297,past_due,
266,96.35812560132756,7526.315789473683,7533.433437004685,8023.210253005498,489.7768160008127,past_due,
267,45.850882228819714,7549.473684210526,7556.595241010189,8045.793384997058,489.1981439868687,past_due,
268,79.43660906411577,7572.631578947367,7579.760461002588,8068.794765005005,489.0343040024163,past_due,
269,63.17748860463841,7595.78947368421,7602.921500995755,8091.832572991727,488.9110719959717,past_due,
270,63.89928235032935,7618.947368421052,7626.083323001862,8116.9351920081535,490.851869006292,past_due,
271,80.59061305299754,7642.105263157894,7649.245149999857,8138.535342999618,489.2901929997606,past_due,
272,64.0718810925938,7665.263157894736,7672.406079992652,8161.809569984325,489.40348999167327,past_due,
273,31.538909350438907,7688.421052631578,7695.566978991032,8184.511866000015,488.9448870089837,past_due,
274,63.531119900608005,7711.57894736842,7718.732093006372,8211.375306997332,492.64321399095934,past_due,
275,28.43191340472116,7734.736842105262,7741.893531009555,8231.270341010531,489.37681000097655,past_due,
276,62.63292862893957,7757.894736842104,7765.05533900857,8254.53751900571,489.4821799971396,past_due,
277,46.249218581214855,7781.052631578947,7788.216556996107,8277.74194299744,489.5253860013327,past_due,
278,30.162517556792217,7804.210526315788,7811.377435997128,8305.395187986433,494.0177519893041,past_due,
279,97.58632055262242,7827.368421052631,7834.547084003687,8323.710159999435,489.16307599574793,past_due,
280,29.819323497943227,7850.526315789472,7857.709426999092,8347.090156994993,489.3807299959008,past_due,
281,45.91454710453342,7873.684210526315,7880.871338993311,8370.190503997728,489.3191650044173,past_due,
282,80.54736714373603,7896.842105263157,7904.03162099421,8393.140444001183,489.1088230069727,past_due,
283,79.70971763669395,7919.999999999999,7927.192372009158,8416.522926011821,489.3305540026631,past_due,
284,63.94414189651364,7951.428571428571,7958.626074999571,8447.83370198938,489.2076269898098,past_due,
285,45.62792808001872,7982.857142857142,7990.059769004583,8479.417318992782,489.357549988199,past_due,
286,12.672057317797597,8014.285714285713,8021.494220003486,8510.811804000521,489.3175839970354,past_due,
287,62.878166383684295,8045.714285714284,8052.927268013358,8542.064853026299,489.1375850129407,past_due,
288,30.026152492506792,8077.142857142856,8084.36037799716,8573.546400995343,489.18602299818303,past_due,
289,62.5739916920901,8108.5714285714275,8115.793087989092,8605.392580986605,489.5994929975132,past_due,
290,64.38741272024254,8139.999999999998,8147.225382998586,8639.090409006458,491.8650260078721,past_due,
291,63.0944655940795,8171.42857142857,8178.657958000898,8672.646139014163,493.9881810132647,past_due,
292,78.66518324449204,8202.857142857141,8210.091946005821,8699.633180017816,489.5412340119947,past_due,
293,96.23514362925054,8234.285714285712,8241.52539600432,8731.080837997026,489.5554419927066,past_due,
294,46.36380821025099,8265.714285714284,8272.990149006248,8764.985695012612,491.9955460063648,past_due,
295,79.80587641315337,8297.142857142855,8304.422752991319,8793.818794992636,489.39604200131726,past_due,
296,63.68978043776512,8328.571428571428,8335.856476008892,8825.369292022195,489.51281601330265,past_due,
297,13.693701577691693,8359.999999999998,8367.28951099515,8859.945331994211,492.6558209990617,past_due,
298,29.37430634699533,8393.846153846152,8401.140450000763,8890.507166997064,489.36671699630097,past_due,
299,46.052181764780805,8427.692307692307,8434.989637002349,8924.359346992918,489.3697099905694,past_due,
300,29.42760212293888,8461.53846153846,8468.840969994664,8958.432584992726,489.5916149980621,past_due,
301,47.622088540813735,8495.384615384613,8502.692055001855,8992.011734998552,489.3196799966972,past_due,
302,12.11726141309278,8529.230769230768,8536.542445003986,9009.278069007676,472.73562400368974,done,
303,29.14665036165315,8563.076923076922,8570.393134996295,9009.64036100416,439.2472260078648,done,
304,30.48233380879488,8596.923076923074,8604.243753001094,9009.860779002076,405.61702600098215,done,
305,46.19881102779805,8630.769230769229,8638.094422996044,9010.118515993934,372.02409299789,done,
306,80.63860316456376,8664.615384615383,8671.943360999227,9160.975548993098,489.0321879938711,past_due,
307,46.12724740877053,8698.461538461537,8705.793018996716,9196.92438300082,491.1313640041044,past_due,
308,46.30161690762973,8732.30769230769,8739.644675001502,9229.082436994533,489.437761993031,past_due,
309,30.714133565362573,8766.153846153844,8807.345108002424,9238.259598005912,430.914490003488,done,
310,30.89529295611583,8799.999999999998,8773.496265992522,9238.557708002278,465.0614420097554,done,
311,48.31307377301176,8825.882352941175,8885.005519002676,9238.751952002873,353.7464330001967,done,
312,13.145822178988272,8851.764705882351,8859.11924599111,9238.934258003952,379.8150120128412,done,
313,14.299041674623153,8877.647058823528,8833.233137995005,9239.073188991635,405.84005099663045,done,
314,95.5500011356004,8903.529411764704,8910.890983998775,9400.03511699522,489.14413299644366,past_due,
315,63.19031923522589,8929.411764705881,8936.77782098949,9426.093869992299,489.3160490028095,past_due,
316,97.16134989332126,8955.294117647058,8962.665435001254,9452.017126999563,489.3516919983085,past_due,
317,78.96537253901785,8981.176470588234,8988.550353005528,9478.001367005752,489.451014000224,past_due,
318,48.17431031076037,9007.05882352941,9014.437959000468,9503.868422000203,489.430462999735,past_due,
319,46.396057958428166,9032.941176470586,9040.324131011965,9514.126886016691,473.8027550047264,done,
320,96.32773550766092,9058.823529411762,9066.212020009756,9514.546652000048,448.3346319902921,done,
321,63.76596040163904,9084.70588235294,9092.098249003291,9519.964624993852,427.8663759905612,done,
322,62.25741261631784,9110.588235294115,9117.984632000327,9607.325169999269,489.3405379989417,past_due,
323,45.77773551292429,9136.470588235292,9143.87080900371,9633.337172014872,489.46636301116087,past_due,
324,62.9973424740622,9162.352941176468,9169.761959001422,9658.822166009573,489.06020700815134,past_due,
325,96.05824678847549,9188.235294117643,9195.648874998093,9688.135727001005,492.4868520029122,past_due,
326,63.35965328636362,9214.117647058822,9221.534686997533,9713.219843999017,491.6851570014842,past_due,
327,30.79713268575661,9239.999999999998,9247.421590000393,9737.251101003729,489.829511003336,past_due,
328,97.96989286785885,9273.846153846152,9281.272605001926,9770.737846991746,489.4652419898193,past_due,
329,79.382701357194,9307.692307692309,9315.12347599864,9791.42806399404,476.3045879954007,done,
330,12.952089666421244,9341.53846153846,9348.974948003888,9838.372733004508,489.3977850006195,past_due,
331,30.281328897203178,9375.384615384612,9382.83170799911,9872.605092993006,489.7733849938959,past_due,
332,64.09617090868196,9409.230769230768,9416.682207003236,9908.927904012147,492.2456970089115,past_due,
333,80.1948898182329,9443.076923076922,9450.533619999886,9939.886755999294,489.35313599940855,past_due,
334,13.711173638505068,9476.923076923074,9484.385145008564,9973.869007003377,489.4838619948132,past_due,
335,95.61502971203132,9510.769230769229,9518.238037005069,10008.517616001775,490.2795789967058,past_due,
336,95.39092426540714,9544.615384615385,9552.089734002948,10041.35122000298,489.26148600003216,past_due,
337,80.94865667749926,9578.461538461535,9585.940546005964,10062.200924002333,476.26037799636833,done,
338,64.18117936422095,9612.30769230769,9619.789180994034,10108.749311992782,488.9601309987484,past_due,
339,13.54362745384689,9646.153846153844,9653.640366002915,10143.112541005363,489.4721750024473,past_due,
340,13.960433680237191,9679.999999999998,9687.489586010575,10176.559748013038,489.0701620024629,past_due,
341,81.46708599991612,9704.444444444443,9711.938165009022,10201.31590601243,489.377741003409,past_due,
342,96.70027527421938,9728.888888888889,9736.385728999972,10225.438919991371,489.0531909913989,past_due,
343,97.34831931540413,9753.333333333332,9760.833373993635,10250.043844995205,489.2104710015701,past_due,
344,46.43287952034336,9777.777777777776,9785.281209990382,10275.129292991944,489.8480830015615,past_due,
345,14.009005264315626,9802.22222222222,9809.7289249897,10299.293346983846,489.564421994146,past_due,
346,62.96350159380923,9826.666666666664,9834.176234990358,10323.325808002031,489.14957301167306,past_due,
347,62.73236966101036,9851.11111111111,9858.625042006372,10347.993906006797,489.3688640004257,past_due,
348,31.048715598781957,9875.555555555551,9883.074120000005,10372.291283994913,489.21716399490833,past_due,
349,45.72541360040963,9899.999999999998,9907.523912012575,10397.103352019794,489.5794400072191,past_due,
350,65.39505009473659,9924.444444444443,9931.97276300192,10422.222363001436,490.24959999951534,past_due,
351,30.12693014099255,9948.888888888889,9956.420223996043,10451.476229991182,495.05600599513855,past_due,
352,46.71650101094463,9973.333333333332,9980.868429005146,10470.227443003329,489.3590139981825,past_due,
353,96.5703239028498,9997.777777777776,10005.3170620054,10494.812711007893,489.4956490024924,past_due,
354,63.27419772172633,10022.22222222222,10029.765449002383,10518.819057008017,489.0536080056336,past_due,
355,97.39750889740375,10046.666666666664,10054.214152008297,10543.329839008164,489.11568699986674,past_due,
356,80.760801712346,10071.11111111111,10078.662441000342,10568.34043699666,489.6779959963169,past_due,
357,96.27771001026906,10095.555555555551,10103.109854012728,10592.399690010352,489.2898359976243,past_due,
358,63.25608928770957,10119.999999999998,10127.557506009936,10616.634138012188,489.07663200225215,past_due,
359,80.05280728518804,10149.333333333332,10156.896798998116,10646.138519000726,489.24172000261024,past_due,
360,62.09763782362144,10178.666666666664,10186.23458699882,10675.517567996634,489.28298099781387,past_due,
361,30.041623392242613,10207.999999999998,10215.57118999958,10707.501558006741,491.9303680071607,past_due,
362,97.03199363460902,10237.333333333332,10244.907276004553,10733.995588014252,489.0883120096987,past_due,
363,95.883457076379,10266.666666666664,10274.243939012287,10763.396261011714,489.1523219994269,past_due,
364,97.07377351353196,10295.999999999998,10303.581206008792,10793.145314001711,489.5641079929192,past_due,
365,45.958464176667846,10325.333333333332,10332.918472006915,10823.219043014453,490.30057100753766,past_due,
366,12.795327706623286,10354.666666666664,10362.254732996224,10852.022507004438,489.7677740082145,past_due,
367,30.58830011243032,10383.999999999998,10391.59130999446,10880.965410996345,489.3741010018857,past_due,
368,45.64983383874349,10413.333333333332,10420.930042997004,10910.507916999866,489.5778740028618,past_due,
369,29.01358920828949,10442.666666666664,10450.268131002784,10939.669076010003,489.400945007219,past_due,
370,13.002618342352866,10471.999999999998,10479.604468002915,10968.762284005177,489.1578160022618,past_due,
371,78.83466498125726,10501.333333333332,10508.940883010626,10998.277501014643,489.3366180040175,past_due,
372,95.78070842640602,10530.666666666664,10538.27887700498,11027.55488300789,489.2760060029104,past_due,
373,29.866676553230324,10559.999999999998,10567.61513799429,11062.079653004184,494.46451500989497,past_due,
374,79.81982551527146,10583.15789473684,10590.77974499762,11079.828297988046,489.0485529904254,past_due,
375,46.14389107374203,10606.315789473683,10613.940728008747,11103.264642001595,489.32391399284825,past_due,
376,79.02410221925103,10629.473684210525,10637.1034719944,11126.35467399587,489.2512020014692,past_due,
377,30.09523787798337,10652.631578947368,10660.265748992562,11149.506230990984,489.2404819984222,past_due,
378,98.68013459737055,10675.789473684208,10683.426015004516,11172.343358002836,488.9173429983202,past_due,
379,12.403478301572818,10698.947368421052,10706.588311001658,11195.826682011946,489.23837101028766,past_due,
380,62.416522780988345,10722.105263157891,10729.750375002624,11218.9633910032,489.2130160005763,past_due,
381,14.382116306757098,10745.263157894737,10752.912107989192,11242.096338991774,489.18423100258224,past_due,
382,13.207860629242203,10768.421052631576,10776.073604002597,11267.738728008118,491.6651240055217,past_due,
383,46.78604975634094,10791.57894736842,10799.234045997262,11293.348776999163,494.1147310019005,past_due,
384,30.93239802770753,10814.736842105262,10822.396583005786,11311.656497006072,489.2599140002858,past_due,
385,45.03255575346071,10837.894736842103,10845.55805900693,11334.607758018887,489.0496990119573,past_due,
386,13.653478407307215,10861.052631578945,10868.719592005014,11358.118126007263,489.3985340022482,past_due,
387,78.28044898974319,10884.210526315788,10891.880107998848,11381.052100011264,489.171992012416,past_due,
388,97.18247160329204,10907.36842105263,10915.04356700182,11404.501207012916,489.4576400110964,past_due,
389,47.51938464171869,10930.526315789471,10938.205160990356,11427.736233996575,489.5310730062192,past_due,
390,96.04078815143204,10953.684210526311,10961.366401001813,11450.423231005205,489.056830003392,past_due,
391,45.47405096045288,10976.842105263157,10984.527700990438,11473.98693199153,489.4592310010921,past_due,
392,45.16769019834814,10999.999999999998,11007.68803100288,11496.960293001728,489.272261998849,past_due,
393,29.496016678751843,11025.882352941177,11033.5746730119,11522.877407012276,489.3027340003755,past_due,
394,29.462802189180454,11051.764705882351,11059.464735999703,11551.790489002364,492.3257530026604,past_due,
395,95.97291384022414,11077.647058823528,11085.350869998336,11574.618713992066,489.2678439937299,past_due,
396,97.01606854799356,11103.529411764704,11111.236720010638,11600.694504012936,489.4577840022976,past_due,
397,100.0,11129.41176470588,11137.122071012856,11626.138758015588,489.0166870027315,past_due,
398,78.86860444099179,11155.294117647058,11163.009204015136,11652.219071024912,489.20986700977664,past_due,
399,46.21537524428794,11181.176470588234,11188.894409999251,11678.126658989699,489.23224899044726,past_due,
400,96.01808693699564,11207.05882352941,11214.78086400032,11704.201782995486,489.42091899516527,past_due,
401,96.74710714431372,11232.941176470586,11240.66670100391,11729.861811003764,489.1951099998551,past_due,
402,96.34450482691813,11258.823529411762,11266.553446993232,11755.887625994394,489.33417900116183,past_due,
403,46.96030442775016,11284.70588235294,11292.438903003933,11787.16965601314,494.7307530092076,past_due,
404,62.65476096962049,11310.588235294115,11318.325952991843,11807.75297699566,489.4270240038168,past_due,
405,97.3699528017205,11336.470588235292,11344.211754992604,11833.248154994682,489.03640000207815,past_due,
406,47.11634121539264,11362.352941176468,11370.097746998072,11859.460587989888,489.3628409918165,past_due,
407,31.699368606071975,11388.235294117643,11395.98334799707,11889.098652995424,493.115304998355,past_due,
408,29.31644298083755,11414.117647058822,11421.869938001037,11911.495564011857,489.6256260108202,past_due,
409,80.36694650773696,11439.999999999998,11447.756172001362,11937.04416399484,489.2879919934785,past_due,
410,29.277943167654307,11473.846153846152,11481.60696299374,11971.282848991452,489.6758859977126,past_due,
411,95.34794750093292,11507.692307692309,11515.45585000515,12008.782824004651,493.3269739995012,past_due,
412,96.8820565883346,11541.53846153846,11549.305417001247,12038.607604999212,489.3021879979642,past_due,
413,96.86198845306292,11575.384615384612,11583.156369999051,12072.5593119947,489.4029419956496,past_due,
414,47.40176368791335,11609.230769230768,11617.007293000815,12106.495632998294,489.4883399974788,past_due,
415,77.95081793022781,11643.076923076922,11650.857729002832,12139.998092995023,489.1403639921919,past_due,
416,46.801281738391,11676.923076923074,11684.708553001285,12173.964205997065,489.2556529957801,past_due,
417,13.392582288086269,11710.769230769229,11718.559719011188,12209.406105015893,490.846386004705,past_due,
418,96.84688828151056,11744.615384615385,11752.409175008535,12241.64377100463,489.23459599609487,past_due,
419,80.9112824546072,11778.461538461535,11786.259825006127,12275.797567999107,489.5377429929795,past_due,
420,29.64452548038837,11812.30769230769,11820.109777003529,12309.677708002857,489.5679309993284,past_due,
421,45.53910303633903,11846.153846153844,11853.9594720006,12343.10586400726,489.1463920066599,past_due,
422,45.82581592618337,11879.999999999998,11887.811049997808,12377.47802801151,489.66697801370174,past_due,
423,80.68502203811356,11919.999999999998,11927.81730300188,12417.59298900282,489.77568600093946,past_due,
424,29.913668901932688,11959.999999999998,11967.82895900309,12457.503209001734,489.6742499986431,past_due,
425,96.1649286989495,11999.999999999998,12007.832819998264,12498.524043005425,490.6912230071612,past_due,
426,79.52384170003604,12039.999999999998,12047.83732201159,12537.079893010203,489.2425709986128,past_due,
427,94.92543515015976,12079.999999999998,12087.842317000031,12577.301940000616,489.4596230005845,past_due,
428,46.63306057976406,12119.999999999998,12127.84802299738,12617.609641996562,489.7616189991823,past_due,
429,46.35012416327941,12159.999999999998,12167.851929992436,12656.986492994589,489.1345630021533,past_due,
430,13.18976225695377,12199.999999999998,12207.858858004212,12701.065918008564,493.20706000435166,past_due,
431,45.87466312900271,12239.999999999998,12247.865072995424,12737.176996006398,489.31192301097326,past_due,
432,29.56248344086504,12279.999999999998,12287.86779500544,12776.945121003082,489.0773259976413,past_due,
433,29.192417544391173,12319.999999999998,12361.72326400876,12813.816791006248,452.0935269974871,done,
434,46.73681468733559,12353.846153846152,12327.873176008465,12814.091505018181,486.2183290097164,done,
435,29.101026587872447,12387.692307692309,12395.572568014264,12884.872467025067,489.2998990108026,past_due,
436,63.56825415197843,12421.53846153846,12429.423501998186,12924.083486002288,494.6599840041017,past_due,
437,46.977884908602384,12455.384615384612,12463.275398001077,12952.9174079987,489.642009997624,past_due,
438,79.98066746446437,12489.230769230768,12497.127079993486,12986.647103992407,489.5200239989208,past_due,
439,13.612178488310535,12523.076923076922,12530.976116999984,13020.18586699781,489.2097499978263,past_due,
440,30.144229060313155,12556.923076923074,12564.825801998377,13053.88632600545,489.0605240070727,past_due,
441,96.812559541798,12590.769230769229,12598.676391005516,13087.93446300982,489.25807200430427,past_due,
442,12.184061349886022,12624.615384615385,12632.525949001312,13088.184359997278,455.6584109959658,done,
443,96.1996158864649,12658.461538461535,12666.375826001167,13157.092211001436,490.71638500026893,past_due,
444,96.13267809719372,12692.30769230769,12700.2253279984,13189.887863996322,489.6625359979225,past_due,
445,28.94158503372368,12726.153846153844,12734.07488000393,13223.088904006174,489.0140240022447,past_due,
446,78.93282137144425,12759.999999999998,12767.924757003784,13257.224643005175,489.2998860013904,past_due,
447,80.35017780446567,12785.882352941177,12793.80991999805,13283.008269006852,489.1983490088023,past_due,
448,12.451667572349557,12811.764705882351,12819.695441007614,13309.001641012263,489.3062000046484,past_due,
449,62.75313933742689,12837.647058823528,12845.581698000433,13334.76766100107,489.18596300063655,past_due,
450,62.92716446421027,12863.529411764704,12871.466660991313,13360.75824698771,489.29158599639777,past_due,
451,61.96286718238071,12889.41176470588,12897.352128013968,13386.683001009165,489.3308729951968,past_due,
452,62.440184239078405,12915.294117647058,12923.23743800819,13412.595819012611,489.358381004422,past_due,
453,62.71282022842138,12941.176470588234,12949.12334999442,13438.389980984151,489.2666309897322,past_due,
454,29.172611597430336,12967.05882352941,12975.00871001184,13464.349392016535,489.3406820046948,past_due,
455,80.61320008561933,12992.941176470586,13000.89456000924,13490.15413601219,489.2595760029508,past_due,
456,48.07872629804504,13018.823529411762,13026.781040996311,13516.072296998927,489.29125600261614,past_due,
457,12.909523385254651,13044.70588235294,13052.670882999895,13541.787991998366,489.1171089984709,past_due,
458,12.240019366124365,13070.588235294115,13078.556949988008,13567.725325995008,489.1683760070009,past_due,
459,95.51163636395896,13096.470588235292,13104.443443000317,13593.998761010705,489.5553180103889,past_due,
460,79.90360556031884,13122.352941176468,13130.329261004925,13621.488311017281,491.1590500123566,past_due,
461,12.261464443351926,13148.235294117643,13156.215628996491,13648.90700499562,492.6913759991294,past_due,
462,63.74392456089251,13174.117647058822,13182.101285994053,13673.84407898446,491.7427929904079,past_due,
463,96.63843168531514,13199.999999999998,13207.996036008,13697.559074013145,489.56303800514434,past_due,
464,28.69272503264862,13227.499999999998,13235.499968007209,13724.570455012146,489.0704870049376,past_due,
465,95.58462773194714,13254.999999999998,13263.00371800363,13752.186897004605,489.1831790009746,past_due,
466,64.5934447215181,13282.499999999998,13290.506615012884,13784.36708101118,493.8604659982957,past_due,
467,95.67440549317884,13309.999999999998,13318.010940000417,13807.393011013513,489.3820710130967,past_due,
468,30.01248152388905,13337.499999999998,13345.51437200606,13834.641234993238,489.1268629871775,past_due,
469,62.59660227415966,13364.999999999998,13373.017333999276,13862.44198899495,489.4246549956733,past_due,
470,80.09987367367208,13392.499999999998,13400.520981997252,13889.923199991463,489.4022179942112,past_due,
471,63.44119778228163,13419.999999999998,13428.024136006832,13919.76462200936,491.7404860025272,past_due,
472,79.32352898094453,13447.499999999998,13455.528362005947,13944.90145700483,489.37309499888215,past_due,
473,62.46338056085434,13474.999999999998,13483.0318479985,13972.407750993152,489.3759029946523,past_due,
474,95.92572490162055,13502.499999999998,13510.534559994936,13999.854538989835,489.3199789948994,past_due,
475,62.94553856605214,13529.999999999998,13538.037490010262,14027.301343999803,489.26385398954153,past_due,
476,29.805798887758083,13557.499999999998,13565.541700005531,14055.140912005561,489.5992120000301,past_due,
477,46.94318735095705,13584.999999999998,13593.045348003508,14082.27360100893,489.2282530054217,past_due,
478,64.71854132636804,13612.499999999998,13620.549075990915,14109.971632993314,489.4225570023991,past_due,
479,31.199232669515183,13639.999999999998,13648.052215009928,14137.08322501171,489.0310100017814,past_due,
480,14.562074564574406,13673.846153846152,13681.901576012371,14170.948524013858,489.0469480014872,past_due,
481,13.590110161586058,13707.692307692309,13715.751141995192,14209.386844989844,493.6357029946521,past_due,
482,45.11216419952537,13741.53846153846,13749.600871995091,14238.789282991667,489.18841099657584,past_due,
483,48.00213305769256,13775.384615384612,13783.450096994638,14272.663801999297,489.21370500465855,past_due,
484,63.60370724710823,13809.230769230768,13817.300494000316,14306.73421699286,489.43372299254406,past_due,
485,46.88689775069264,13843.076923076922,13851.149434998631,14316.139808990527,464.99037399189547,done,
486,47.2293655411244,13876.923076923074,13884.999108999968,14316.564437995898,431.56532899593,done,
487,80.40629287737613,13910.769230769229,13918.848627999423,14409.401478008831,490.5528500094079,past_due,
488,11.92779503516139,13944.615384615385,13952.698708996177,14442.22774600028,489.5290370041039,past_due,
489,29.74242745324949,13978.461538461535,13986.5494890064,14476.184738999116,489.6352499927161,past_due,
490,95.85550776928464,14012.30769230769,14020.399640008807,14509.957811009488,489.5581710006809,past_due,
491,64.1558151038914,14046.153846153844,14054.2497690022,14543.632801998756,489.3830329965567,past_due,
492,79.62267642421878,14079.999999999998,14088.098748996854,14577.020785002387,488.9220360055333,past_due,
493,47.49163788663535,14119.999999999998,14168.108413994312,14587.628101997077,419.5196880027652,done,
494,12.49140681116125,14159.999999999998,14128.10270999372,14587.932988000568,459.830278006848,done,
495,97.77135991754857,14199.999999999998,14208.11253900826,14697.600757002481,489.4882179942215,past_due,
496,28.653175553767348,14239.999999999998,14248.117720007896,14737.408106009709,489.2903860018123,past_due,
497,63.0788300781499,14279.999999999998,14288.12093000114,14777.20559300168,489.0846630005399,past_due,
498,78.12777863059797,14319.999999999998,14328.125071004031,14817.692232003317,489.567160999286,past_due,
499,61.47884790078135,14359.999999999998,14368.130441993477,14858.996973989766,490.86653199628927,past_due,
500,47.206906685896136,14399.999999999998,14448.139426007869,14864.763592006524,416.62416599865537,done,
501,29.53160459422911,14439.999999999998,14488.144141986966,14864.971965989214,376.8278240022482,done,
502,29.789095002465626,14479.999999999998,14408.13585999608,14865.098484997405,456.96262500132434,done,
503,96.29513079041392,14519.999999999998,14528.148322999476,15017.633470990693,489.4851479912177,past_due,
504,79.3035385768339,14541.999999999998,14550.152707993984,15039.330285991891,489.1775779979071,past_due,
505,63.32635647010893,14563.999999999998,14572.156210005283,15061.425386008574,489.2691760032904,past_due,
506,46.65029680965092,14585.999999999998,14594.159473001955,15083.442395006305,489.28292200434953,past_due,
507,79.75366913138696,14607.999999999998,14616.1628369987,15105.16148298804,488.99864598934073,past_due,
508,95.17823712412856,14629.999999999998,14638.166804000735,15127.206952008652,489.0401480079163,past_due,
509,97.12328270838998,14651.999999999998,14682.17773900926,15139.94296300609,457.7652239968302,done,
510,64.124934809759,14673.999999999998,14660.174423009155,15140.23519701266,480.0607740035048,done,
511,80.02385330808656,14695.999999999998,14704.182138994336,15193.290774994646,489.10863600031007,past_due,
512,13.358473586968609,14717.999999999998,14726.186215996742,15215.445046999841,489.2588310030988,past_due,
513,13.891800531753956,14739.999999999998,14748.190110996366,15237.302206001477,489.11209500511177,past_due,
514,79.09964114880242,14761.999999999998,14770.193669006228,15259.210516007268,489.0168470010394,past_due,
515,62.61310753617215,14783.999999999998,14792.19851499796,15281.318450007471,489.1199350095121,past_due,
516,30.639180899768395,14805.999999999998,14814.20260900259,15303.438393992023,489.2357849894324,past_due,
517,13.25348842553782,14827.999999999998,14836.207114994526,15325.558973001083,489.3518580065575,past_due,
518,47.2740585511696,14849.999999999998,14858.210615992546,15347.266515997588,489.0559000050416,past_due,
519,46.53729081136687,14871.999999999998,14880.21421200037,15369.588778008707,489.3745660083368,past_due,
520,13.816381660047991,14893.999999999998,14902.222422003746,15391.51092401275,489.2885020090034,past_due,
521,46.4950046304928,14915.999999999998,14924.226136997342,15413.56568099861,489.3395440012682,past_due,
522,79.39925094460632,14937.999999999998,14946.230486005545,15435.292759996839,489.0622739912942,past_due,
523,61.77137607581442,14959.999999999998,14968.234090998769,15457.527003009338,489.2929120105691,past_due,
524,45.80388935609701,14981.999999999998,14990.241402998568,15482.732234993951,492.4908319953829,past_due,
525,64.2114697937275,15003.999999999998,15012.245241001248,15502.52665100724,490.28141000599135,past_due,
526,80.08551362100275,15025.999999999998,15034.248350009322,15523.562727011624,489.3143770023016,past_due,
527,79.54175502308246,15047.999999999998,15056.252141997218,15545.471041991957,489.2188999947393,past_due,
528,31.007299423158305,15069.999999999998,15078.256136000156,15567.392447997001,489.1363119968446,past_due,
529,96.71673711375396,15091.999999999998,15100.259599998592,15592.314902004202,492.05530200561043,past_due,
530,97.42097380631456,15113.999999999998,15122.263232007625,15611.347379011802,489.0841470041778,past_due,
531,30.567069107747304,15135.999999999998,15144.266417995095,15633.68850099796,489.4220830028644,past_due,
532,11.334169395426432,15157.999999999998,15166.27055299282,15655.375945996959,489.105393004138,past_due,
533,80.33151831577653,15179.999999999998,15188.274058997633,15677.34644200071,489.0723830030765,past_due,
534,47.18530519639929,15201.999999999998,15210.277002990246,15702.10943099088,491.83242800063454,past_due,
535,29.99814129090299,15223.999999999998,15232.28044900298,15721.661669005522,489.3812200025423,past_due,
536,29.48232312035622,15245.999999999998,15254.28371500969,15743.44992802001,489.16621301032137,past_due,
537,96.92768246176188,15267.999999999998,15276.2873840034,15765.413066015346,489.1256820119452,past_due,
538,30.214887734737264,15289.999999999998,15298.290999010203,15787.209965012733,488.9189660025295,past_due,
539,79.65869505035012,15311.999999999998,15320.29439200461,15812.252989999717,491.958597995108,past_due,
540,12.312989924097312,15333.999999999998,15342.297958001494,15831.501518997015,489.2035609955201,past_due,
541,30.52313746932924,15355.999999999998,15364.301906004548,15853.353462015511,489.0515560109634,past_due,
542,63.1613950629484,15377.999999999998,15386.30498600006,15875.611186004708,489.3062000046484,past_due,
543,13.558101584675816,15399.999999999998,15408.308240994813,15901.094654999326,492.78641400451306,past_due,
544,79.36580489363212,15418.333333333332,15426.644972994924,15915.909209990874,489.2642369959504,past_due,
545,28.56254776953351,15436.666666666664,15444.981855005026,15933.975826002425,488.9939709973987,past_due,
546,13.480307514586263,15454.999999999998,15463.31751100719,15952.737159998505,489.4196489913156,past_due,
547,97.05375492811524,15473.333333333332,15481.6543110013,15972.236743002548,490.5824320012471,past_due,
548,29.037772090719265,15491.666666666664,15499.990868002176,15988.93806799443,488.9471999922535,past_due,
549,12.846088498929348,15509.999999999998,15518.326548993587,16007.169260006282,488.84271101269405,past_due,
550,63.49784375248912,15528.333333333332,15536.6634260118,16030.905057019554,494.2416310077533,past_due,
551,30.7707514997889,15546.666666666664,15555.00053100288,16044.100175010972,489.0996440080926,past_due,
552,80.4255201189809,15564.999999999998,15573.33675700426,16062.524623002506,489.1878659982467,past_due,
553,46.90599073095077,15583.333333333332,15591.673587992787,16082.367708999314,490.694121006527,past_due,
554,81.02014849782665,15601.666666666664,15610.010273993015,16099.270255994401,489.25998200138565,past_due,
555,80.5265272404275,15619.999999999998,15628.34766100347,16117.350970998057,489.00330999458674,past_due,
556,46.92463673934769,15638.333333333332,15646.683524996042,16135.712769006495,489.0292440104531,past_due,
557,80.14388833415303,15656.666666666664,15665.020442992449,16154.045114994864,489.0246720024152,past_due,
558,96.66982197980064,15674.999999999998,15683.357698991897,16172.28948399483,488.9317850029329,past_due,
559,62.55338345763181,15693.333333333332,15701.693250000477,16191.32388099702,489.6306309965439,past_due,
560,46.07357107650116,15711.666666666664,15720.029622986913,16211.598744995426,491.56912200851366,past_due,
561,46.58215085717475,15729.999999999998,15738.366156995296,16227.835731992498,489.4695749972016,past_due,
562,30.199704619131857,15748.333333333332,15756.701738998294,16245.545822998742,488.84408400044776,past_due,
563,28.860205739464813,15766.666666666664,15775.03813199699,16264.109110987629,489.0709789906396,past_due,
564,63.34391727314923,15784.999999999998,15793.374816015365,16282.51539802435,489.1405820089858,past_due,
565,62.79409955482355,15803.333333333332,15811.710501000283,16301.184711000764,489.4742100004805,past_due,
566,45.67387933011334,15821.666666666664,15830.046761006117,16319.146075005876,489.09931399975903,past_due,
567,63.80894757346877,15839.999999999998,15848.382991999388,16337.607535008574,489.22454300918616,past_due,
568,80.24354381935322,15865.882352941177,15874.267985001206,16363.250386003638,488.9824010024313,past_due,
569,45.56844371342877,15891.764705882351,15900.153813004494,16389.476741003222,489.3229279987281,past_due,
570,29.964736032487743,15917.647058823528,15926.039818003774,16415.31838000694,489.27856200316455,past_due,
571,14.975424113400384,15943.529411764704,15951.924871996043,16440.945497998502,489.020626002457,past_due,
572,98.4194645662632,15969.41176470588,15977.811301007869,16467.405539017753,489.5942380098859,past_due,
573,65.10379982054022,15995.294117647058,16003.697668999434,16492.822865996044,489.1251969966106,past_due,
574,13.84683469398507,16021.176470588234,16029.58902299404,16520.7141919859,491.1251689918572,past_due,
575,46.52444406209903,16047.05882352941,16055.475000992416,16544.797476994107,489.3224760016892,past_due,
576,29.673086654378448,16072.941176470586,16081.361781999469,16570.68285299919,489.321070999722,past_due,
577,96.89651253935912,16098.823529411762,16107.248408004642,16596.589596008533,489.3411880038912,past_due,
578,46.44822904506575,16124.70588235294,16133.133878991008,16622.19560599036,489.0617269993527,past_due,
579,12.763472688205052,16150.588235294115,16159.019595012069,16648.175809008535,489.1562139964663,past_due,
580,79.78775847214773,16176.470588235292,16184.906076014042,16674.046519023133,489.14044300909154,past_due,
581,13.099620632395832,16202.352941176468,16210.79141099751,16700.111763001652,489.3203520041425,past_due,
582,14.499918271268314,16228.235294117643,16236.677251011131,16729.445983012556,492.7687320014229,past_due,
583,80.12894455743702,16254.117647058822,16262.575919002296,16754.155526000424,491.57960699812975,past_due,
584,62.830194385408895,16279.999999999998,16288.464175000789,16778.257825995912,489.79365099512506,past_due,
585,30.54451222988222,16303.15789473684,16311.62512999773,16802.7110930013,491.0859630035702,past_due,
586,13.513314022851612,16326.31578947368,16334.786383002996,16827.263035001,492.476651998004,past_due,
587,79.60987392957988,16349.473684210525,16357.947596997024,16851.606477001682,493.6588800046593,past_due,
588,29.54797759298186,16372.631578947368,16381.108852997422,16870.347172988695,489.2383199912729,past_due,
589,97.0912304492449,16395.78947368421,16404.26983000338,16893.814530005096,489.5447000017157,past_due,
590,96.49409292793564,16418.94736842105,16427.430241003633,16916.767440996948,489.3371999933152,past_due,
591,62.694715494168285,16442.105263157893,16450.592344999313,16939.619667007355,489.02732200804166,past_due,
592,63.654168227317776,16465.263157894733,16473.754180014133,16963.089810015867,489.3356300017331,past_due,
593,62.48590758146355,16488.421052631576,16496.915349006653,16985.96022101736,489.0448720107088,past_due,
594,30.615757609125247,16511.57894736842,16520.076808989048,17009.107747992035,489.030939002987,past_due,
595,45.263659844741696,16534.73684210526,16543.23771700263,17032.198445008253,488.9607280056225,past_due,
596,79.2195688217958,16557.894736842103,16566.399073004723,17055.48830700922,489.08923400449567,past_due,
597,63.54749509904053,16581.052631578943,16589.56116399169,17078.91067999846,489.3495160067687,past_due,
598,63.8539627814995,16604.210526315786,16612.723185002804,17102.134567007422,489.4113820046186,past_due,
599,13.406791704905888,16627.36842105263,16635.884304001927,17125.01639499748,489.1320909955539,past_due,
600,47.073307578486286,16650.52631578947,16659.044459998608,17148.10646699136,489.0620069927536,past_due,
601,80.7369905875278,16673.684210526313,16682.206353008747,17171.30011799943,489.0937649906846,past_due,
602,80.46298512562433,16696.842105263153,16705.367947995663,17194.855243005557,489.4872950098943,past_due,
603,46.01453017651015,16719.999999999996,16728.52922400832,17217.72900702106,489.1997830127366,past_due,
604,30.4619149948027,16744.44444444444,16752.977682992816,17242.49870599527,489.5210230024532,past_due,
605,96.4481833948959,16768.888888888887,16777.425653994083,17270.97610398219,493.5504499881063,past_due,
606,96.52063202483929,16793.33333333333,16801.873692005873,17290.99674100883,489.12304900295567,past_due,
607,14.186473145893205,16817.777777777774,16826.323113009334,17315.44135801762,489.1182450082852,past_due,
608,45.756676582498486,16842.22222222222,16850.77124901116,17340.106732009444,489.33548299828544,past_due,
609,29.08108154862027,16866.666666666664,16875.218678995967,17364.258755990537,489.04007699457,past_due,
610,48.92410253141512,16891.111111111106,16899.666652992368,17388.937802002532,489.2711490101647,past_due,
611,31.14167031353473,16915.55555555555,16924.114426001906,17413.335585006862,489.2211590049556,past_due,
612,63.99567858847135,16939.999999999996,16948.563524991274,17440.15503599448,491.5915110032074,past_due,
613,97.26012620036026,16964.44444444444,16973.01129899919,17462.545888999593,489.5345900004031,past_due,
614,46.767648301389656,16988.888888888887,16997.4600109905,17486.560659982963,489.1006489924621,past_due,
615,98.03046360363248,17013.33333333333,17021.90917700529,17511.16089300951,489.2517160042189,past_due,
616,30.111680738991232,17037.777777777774,17046.3573499918,17535.559059998253,489.20171000645496,past_due,
617,28.83436298463186,17062.22222222222,17070.8054099977,17560.108934007003,489.3035240093013,past_due,
618,62.3152419379236,17086.666666666664,17095.25299400091,17584.510069009848,489.2570750089362,past_due,
619,12.0840869460308,17111.111111111106,17119.701170012355,17609.829552005045,490.1283819926903,past_due,
620,47.30082553265278,17135.55555555555,17144.149870991707,17633.380756991566,489.2308859998593,past_due,
621,80.56970809164116,17159.999999999996,17168.598252013326,17657.663857025327,489.0656050120015,past_due,
622,14.221452245509838,17193.84615384615,17202.448284998536,17691.74470300204,489.2964180035051,past_due,
623,79.19111814843119,17227.692307692305,17236.298077002168,17725.596473003854,489.2983960016864,past_due,
624,30.401259690423565,17261.538461538457,17270.151274994016,17762.660928989528,492.50965399551205,past_due,
625,80.8516463536956,17295.384615384613,17304.00110900402,17793.169135008357,489.16802600433584,past_due,
626,13.495168128881469,17329.230769230766,17337.85158099234,17826.954802996246,489.1032220039051,past_due,
627,61.84573504048453,17363.07692307692,17371.701611995697,17860.86405998899,489.1624479932944,past_due,
628,79.3440734914369,17396.923076923074,17405.55246400833,17896.357138010324,490.8046740019927,past_due,
629,12.213313724945694,17430.769230769227,17439.402153998613,17928.772272999864,489.3701190012507,past_due,
630,96.25654307436434,17464.61538461538,17473.25227600336,17962.522442002548,489.2701659991872,past_due,
631,29.337812597153345,17498.461538461535,17507.102786004543,17996.326138012228,489.2233520076843,past_due,
632,97.47253649167617,17532.307692307688,17540.95282199979,18030.435246992973,489.4824249931844,past_due,
633,47.430372216620015,17566.153846153844,17574.802571997046,18064.162173004937,489.3596010078909,past_due,
634,12.149900289157523,17599.999999999996,17608.652915000916,18098.070996998344,489.4180819974281,past_due,
635,29.982560656591023,17619.130434782604,17627.787077009678,18117.022535017575,489.2354580078973,past_due,
636,80.11366470079331,17638.260869565212,17646.921794995666,18136.0515239971,489.1297290014336,past_due,
637,80.2261439622482,17657.391304347824,17666.054224014282,18154.891480023274,488.837256008992,past_due,
638,28.765342119403087,17676.521739130432,17685.188790991902,18175.67979399371,490.49100300180726,past_due,
639,97.19818308453146,17695.65217391304,17704.322426006198,18193.74433499726,489.4219089910621,past_due,
640,12.054161083886214,17714.78260869565,17723.456667006016,18212.459493018454,489.00282601243816,past_due,
641,79.23979200052072,17733.913043478256,17742.589017003775,18231.490340002347,488.90132299857214,past_due,
642,62.91125782754138,17753.043478260865,17761.723287001252,18251.005748000927,489.2824609996751,past_due,
643,81.25081601491475,17772.173913043476,17780.856995001435,18270.128073012806,489.2710780113703,past_due,
644,46.59979357653359,17791.304347826084,17799.99088099599,18289.236563994433,489.245682998444,past_due,
645,13.048976732108915,17810.434782608692,17819.12375099957,18308.043141001253,488.9193900016835,past_due,
646,63.82907877484935,17829.5652173913,17838.261086001992,18332.333061992656,494.0719759906642,past_due,
647,78.44304645081655,17848.69565217391,17857.39493200183,18346.555943997577,489.1610119957477,past_due,
648,80.28232717735497,17867.826086956517,17876.52845199406,18365.53695798281,489.0085059887497,past_due,
649,96.09600139756988,17886.95652173913,17895.66156899929,18385.020167001872,489.35859800258186,past_due,
650,81.56358660789618,17906.086956521736,17914.796032994986,18404.07323800295,489.2772050079657,past_due,
651,61.084424754175885,17925.217391304344,17933.929689988494,18426.889213984017,492.95952399552334,past_due,
652,46.55094000156373,17944.347826086952,17953.064516991377,18442.447482990916,489.382965999539,past_due,
653,80.44314499872014,17963.47826086956,17972.198311001062,18461.42107099318,489.22275999211706,past_due,
654,11.443738824286944,17982.60869565217,17991.33189199865,18480.463066005264,489.13117400661577,past_due,
655,30.665274287357377,18001.73913043478,18010.4662040025,18499.47842100612,489.0122170036193,past_due,
656,12.81215288501375,18020.86956521739,18029.59978300333,18518.78498600109,489.1852029977599,past_due,
657,79.41609842966376,18040.0,18048.733754992485,18537.782242994057,489.048488001572,past_due,
658,45.937633051221205,18071.42857142857,18080.16701900959,18569.640461018193,489.4734420086024,past_due,
659,46.17988177636576,18102.857142857138,18111.600954011083,18605.507283004117,493.90632899303455,past_due,
660,63.9692662641764,18134.28571428571,18143.033883988857,18632.363988992176,489.3301050033188,past_due,
661,48.4775624384024,18165.714285714283,18174.466537997127,18663.69606298546,489.22952498833183,past_due,
662,45.31425765788638,18197.14285714285,18205.899224996567,18698.138622990693,492.2393979941262,past_due,
663,30.82563094189768,18228.571428571424,18237.331382006407,18726.346959003597,489.0155769971898,past_due,
664,96.8305868316525,18260.0,18268.76341800392,18758.222093994966,489.4586759910453,past_due,
665,12.986436412558753,18291.42857142857,18300.194819003344,18790.911398009746,490.7165790064028,past_due,
666,46.33263862542128,18322.857142857138,18331.62660600245,18820.57780000067,488.9511939982185,past_due,
667,64.4296317288923,18354.28571428571,18363.05828599632,18852.082261995183,489.0239759988617,past_due,
668,80.3864546528461,18385.714285714283,18394.49194599688,18884.20562499191,489.7136789950309,past_due,
669,45.50922124672504,18417.14285714285,18425.92626801133,18915.366283004638,489.4400149933063,past_due,
670,97.65788281073836,18448.571428571424,18457.36093001068,18948.27698702028,490.9160570095992,past_due,
671,95.70343188371235,18480.0,18488.7941660136,18977.971139001078,489.17697298747953,past_due,
672,14.256248018585776,18503.15789473684,18511.954840004444,19003.400172013324,491.4453320088796,past_due,
673,29.851955482663097,18526.31578947368,18535.115237995986,19024.38382298779,489.26858499180526,past_due,
674,12.921989581184276,18549.473684210523,18558.27890700102,19047.40650900721,489.1276020061923,past_due,
675,13.914326106942315,18572.631578947367,18581.44058799744,19076.635581983373,495.19499398593325,past_due,
676,12.70847589194279,18595.789473684206,18604.602341994643,19094.57391799125,489.9715759966057,past_due,
677,47.70486905602218,18618.94736842105,18627.765381991863,19117.20263199031,489.4372499984456,past_due,
678,27.50785933308388,18642.10526315789,18650.927071005102,19140.145063003987,489.2179919988848,past_due,
679,47.66411630943772,18665.263157894733,18674.088330999017,19163.35091598879,489.2625849897741,past_due,
680,46.28239137990688,18688.421052631576,18697.249796003103,19186.737777004833,489.4879810017301,past_due,
681,95.29929236534608,18711.578947368416,18720.410830006003,19209.744396007736,489.3335660017328,past_due,
682,47.86081438449664,18734.73684210526,18743.57247298956,19232.648469000356,489.0759960107971,past_due,
683,28.886366853547017,18757.894736842103,18766.733819007877,19259.7863840058,493.0525649979245,past_due,
684,47.58659266582363,18781.052631578943,18789.896862998605,19279.329010993708,489.4321479951032,past_due,
685,97.2381062679778,18804.210526315783,18813.059194996957,19302.276698997364,489.2175040004077,past_due,
686,96.47861029073368,18827.368421052623,18836.22022999823,19325.33229399321,489.1120639949804,past_due,
687,45.599821436035626,18850.52631578947,18859.381537988786,19351.769120987858,492.387582999072,past_due,
688,96.3952781200169,18873.684210526317,18882.55371800065,19372.30382700241,489.7501090017613,past_due,
689,47.74994772729779,18896.842105263157,18905.714818000797,19397.480549000556,491.7657309997594,past_due,
690,28.285503388158137,18920.0,18928.87686100602,19418.343641002313,489.4667799962917,past_due,
691,29.51543395907297,18938.33333333333,18947.21381101012,19436.574067014266,489.3602560041472,past_due,
692,94.56380126350837,18956.666666666664,18965.550735011697,19454.938492011046,489.3877569993492,past_due,
693,62.97956016050045,18975.0,18984.05816200376,19480.026350002856,495.9681879990967,past_due,
694,61.34961678708756,18993.33333333333,19002.39470399916,19491.646931008436,489.25222700927407,past_due,
695,13.281349154536883,19011.666666666664,19020.730758994818,19510.004824994598,489.2740659997799,past_due,
696,13.441948065000949,19030.0,19039.06712399423,19528.50999199238,489.4428679981502,past_due,
697,96.50619699506017,19048.33333333333,19057.404425010085,19546.683845008723,489.27941999863833,past_due,
698,30.502131511482236,19066.666666666664,19075.74083799124,19565.294750999663,489.55391300842166,past_due,
699,29.83469136036495,19085.0,19094.076599001884,19583.203071997734,489.1264729958493,past_due,
700,12.59697311253674,19103.33333333333,19112.413158997893,19601.704525987967,489.2913669900736,past_due,
701,82.70147185704617,19121.666666666664,19130.75045999885,19620.1329439953,489.3824839964509,past_due,
702,64.94684319472309,19140.0,19149.085722997785,19638.36108800338,489.2753650055965,past_due,
703,12.336545544853898,19158.33333333333,19167.422081008557,19656.69052800455,489.26844699599314,past_due,
704,95.43455211836113,19176.666666666664,19185.75858899951,19675.09872399771,489.3401349982014,past_due,
705,79.73786528479182,19195.0,19204.09467500448,19693.313547001333,489.2188719968544,past_due,
706,62.166037672098696,19213.33333333333,19222.43118800223,19711.80229899299,489.3711109907599,past_due,
707,96.78037075377244,19231.666666666664,19240.768622010943,19730.21726400533,489.448641994386,past_due,
708,29.630186824209087,19250.0,19259.10439699888,19748.367199001364,489.2628020024858,past_due,
709,95.83403761249626,19268.33333333333,19277.44356100261,19766.895170001542,489.4516089989338,past_due,
710,11.104697525422631,19286.666666666664,19295.77955700457,19785.171353993937,489.3917969893664,past_due,
711,79.69258984432524,19305.0,19314.11597199738,19803.316918988712,489.2009469913319,past_due,
712,29.444531056771957,19323.33333333333,19332.45177599788,19821.690190998608,489.2384150007274,past_due,
713,46.69906167436822,19341.666666666664,19350.789291009307,19840.082568011014,489.2932770017069,past_due,
714,13.731761981442308,19360.0,19369.125955998898,19858.35691199347,489.2309559945716,past_due,
715,61.61217256129709,19387.5,19396.62875300646,19885.94556000398,489.3168069975218,past_due,
716,13.130820914864485,19415.0,19424.13364900649,19914.72424000467,490.59059099818114,past_due,
717,29.708186244126075,19442.5,19451.636683002114,19940.919568990474,489.28288598835934,past_due,
718,79.12237132873246,19470.0,19479.14203698933,19968.69065499236,489.5486180030275,past_due,
719,29.39136488299659,19497.5,19506.644518002868,19998.71391599765,492.0693979947828,past_due,
720,79.86726714532595,19525.0,19534.14926099777,20023.648684999902,489.4994240021333,past_due,
721,80.98420163550817,19552.5,19561.6528159976,20050.883170998073,489.2303550004726,past_due,
722,79.64112322250716,19580.0,19589.15763299167,20082.39215899387,493.2345260021975,past_due,
723,95.4731497550258,19607.5,19616.661484003067,20105.908420998254,489.2469369951869,past_due,
724,78.7078225776791,19635.0,19644.170153990388,20133.599761992344,489.4296080019558,past_due,
725,47.25400453703647,19662.5,19671.674948990345,20161.138379994314,489.4634310039692,past_due,
726,29.59621909206536,19690.0,19699.17762500048,20188.311856000688,489.13423100020736,past_due,
727,79.48834128609138,19717.5,19726.68321301043,20216.1950110154,489.511798004969,past_due,
728,47.32785840903028,19745.0,19754.186563000083,20243.49155400251,489.3049910024274,past_due,
729,14.096114390637457,19772.5,19781.691754996777,20276.27584299224,494.5840879954631,past_due,
730,45.70120458903565,19800.0,19809.195216998454,20301.935247006008,492.7400300075533,past_due,
731,13.114519591493725,19820.952380952374,19830.151220992208,20319.565886985743,489.4146659935359,past_due,
732,46.318065471443326,19841.90476190476,19851.107188001275,20340.37163800816,489.2644500068855,past_due,
733,95.90423312270455,19862.857142857138,19872.062603995204,20361.278070989414,489.21546699421015,past_due,
734,97.32601627306728,19883.80952380952,19893.018903002143,20382.633107010974,489.6142040088307,past_due,
735,96.55526559434556,19904.7619047619,19913.97502401471,20405.465243006824,491.4902189921122,past_due,
736,96.99964125935588,19925.714285714283,19934.930312007666,20424.195371012203,489.26505900453776,past_due,
737,80.3147286560151,19946.666666666664,19955.886879995465,20445.176167997066,489.2892880016007,past_due,
738,30.857819590631443,19967.61904761904,19976.842815995216,20466.085044005187,489.24222800997086,past_due,
739,97.861211740276,19988.571428571424,19997.7984289974,20487.386846008365,489.5884170109639,past_due,
740,14.067457971546975,20009.52380952381,20018.75399500132,20509.01954500587,490.2655500045512,past_due,
741,29.92964284950503,20030.476190476187,20039.709426000714,20529.026460997644,489.3170349969296,past_due,
742,47.0525686681573,20051.42857142857,20060.66585700214,20549.964973003487,489.299116001348,past_due,
743,46.09205686385142,20072.38095238095,20081.621815994386,20570.801550993583,489.1797349991976,past_due,
744,47.92264768468716,20093.33333333333,20102.57752199471,20591.890010987874,489.31248899316415,past_due,
745,29.612878884488502,20114.28571428571,20123.53347399831,20613.014925002703,489.48145100439433,past_due,
746,62.22843454006206,20135.23809523809,20144.48906300962,20638.50103000144,494.0119669918204,past_due,
747,63.30867116680429,20156.190476190477,20165.44478099048,20654.810197991435,489.3654170009541,past_due,
748,46.66529354549443,20177.14285714285,20186.40093500912,20675.65384300437,489.252907995251,past_due,
749,80.29904003600828,20198.095238095237,20207.35657900572,20696.618675007485,489.2620960017666,past_due,
750,97.69732732466662,20219.04761904761,20228.312665998936,20717.600315993303,489.2876499943668,past_due,
751,47.01363083208549,20240.0,20249.268679007888,20738.563350010314,489.2946710024262,past_due,
752,80.06813820003667,20265.88235294117,20275.15551000833,20764.666388012116,489.51087800378446,past_due,
753,13.872747953316612,20291.76470588235,20301.04102501273,20790.41120401153,489.3701789987972,past_due,
754,28.991189155443063,20317.647058823524,20326.92880301177,20816.34713301749,489.4183300057193,past_due,
755,45.43674537209101,20343.529411764703,20352.81400699913,20842.03959400637,489.2255870072404,past_due,
756,96.624434737852,20369.41176470588,20378.70166799426,20870.122381000197,491.4207130059367,past_due,
757,63.030302557422765,20395.294117647056,20404.58698399365,20893.906340996036,489.3193570023868,past_due,
758,64.27380770985951,20421.17647058823,20430.47399200499,20919.772970010526,489.2989780055359,past_due,
759,46.68336495351934,20447.05882352941,20456.36039799452,20950.102808990283,493.7424109957647,past_due,
760,30.318979984871625,20472.941176470584,20482.2479070127,20971.761584019172,489.51367700647097,past_due,
761,62.84930182739426,20498.82352941176,20508.13364699483,20997.29626499815,489.16261800332,past_due,
762,13.93706290954258,20524.705882352937,20534.02005599439,21023.44467699679,489.42462100239936,past_due,
763,80.5057962376021,20550.588235294115,20559.90669699013,21050.272719994882,490.3660230047535,past_due,
764,79.16996193230415,20576.47058823529,20585.792257994413,21075.11735399568,489.3250960012665,past_due,
765,96.31323757691212,20602.35294117647,20611.679693996903,21101.197240997917,489.51754700101446,past_due,
766,63.2907392086657,20628.235294117643,20637.56590700149,21130.34928199858,492.7833749970887,past_due,
767,13.267670501500364,20654.11764705882,20663.451949998736,21152.99247099599,489.5405209972523,past_due,
768,63.38972487287481,20680.0,20689.33925999701,21178.99206300464,489.6528030076297,past_due,
769,63.48450017767139,20700.0,20709.342648997903,21198.58881098719,489.2461619892856,past_due,
770,29.058217654622283,20720.0,20729.3458929956,21218.69188598369,489.3459929880919,past_due,
771,47.13833854480574,20740.0,20749.34872099757,21238.711523994334,489.3628029967658,past_due,
772,63.62160656550707,20760.0,20769.351795002814,21258.772349996372,489.42055499355774,past_due,
773,96.46368195766362,20780.0,20789.35532099009,21278.878013999438,489.5226930093486,past_due,
774,61.910348308737525,20800.0,20809.35901400447,21298.8119230133,489.4529090088327,past_due,
775,13.573372627074075,20820.0,20829.362323999405,21318.695771999657,489.33344800025225,past_due,
776,96.5837562737372,20840.0,20849.364899992943,21338.6257320008,489.260832007858,past_due,
777,46.56609069080855,20860.0,20869.36822900176,21358.77234299411,489.4041139923502,past_due,
778,78.62337458357906,20880.0,20889.37145601213,21378.72566600109,489.35420998896006,past_due,
779,45.97486183360088,20900.0,20909.37444201112,21398.91229600611,489.5378539949888,past_due,
780,79.2605291888085,20920.0,20929.378063991662,21418.9454369978,489.56737300613895,past_due,
781,28.189521050924142,20940.0,20949.381141006947,21439.001934006577,489.6207929996308,past_due,
782,97.73373878732168,20960.0,20969.384734004736,21459.13192600233,489.7471919975942,past_due,
783,12.938314366841048,20980.0,20989.3886590004,21479.118818999854,489.7301599994535,past_due,
784,80.81487025863521,21000.0,21009.39160400629,21499.14998099883,489.7583769925404,past_due,
785,46.41545187790312,21020.0,21029.39516299963,21519.218147003325,489.8229840036947,past_due,
786,13.1749114660725,21040.0,21049.39821499586,21539.072464004974,489.6742490091128,past_due,
787,12.512100588274446,21060.0,21069.401204004884,21559.180691009737,489.77948700485285,past_due,
788,12.535560385554248,21080.0,21089.40395900607,21579.033449016046,489.6294900099747,past_due,
789,78.99687879294066,21100.0,21109.40690499544,21599.00078699272,489.5938819972798,past_due,
790,79.88374505625382,21120.0,21129.411146998405,21619.078037002124,489.6668900037184,past_due,
791,28.9668793406899,21149.33333333333,21158.74882298708,21648.664093985688,489.9152709986083,past_due,
792,64.82919449726643,21178.666666666664,21188.086124002934,21677.92362400773,489.8375000047963,past_due,
793,80.88340895724143,21208.0,21217.42362199724,21707.15991399915,489.7362920019077,past_due,
794,30.378353273602684,21237.33333333333,21246.7596179992,21736.342937998128,489.5833199989284,past_due,
795,79.93313926074215,21266.666666666664,21276.09801600873,21766.114320998426,490.0163049896946,past_due,
796,79.96436345042163,21296.0,21305.436562001705,21795.34326000139,489.906697999686,past_due,
797,12.693504919827678,21325.33333333333,21334.772963002324,21824.420046990854,489.6470839885296,past_due,
798,62.01257346063683,21354.666666666664,21364.1100409925,21854.0852829949,489.9752420024015,past_due,
799,13.295418077385587,21384.0,21393.447243988518,21884.426407983297,490.9791639947798,past_due,
