# {"outdir": "/workdir/DynWork/Multimodal_Real_Dataset/Azure/chatbot/gpt_cornell/4_x_P99/nexus", "pause": false, "reqs": "/workdir/DynWork/Multimodal_Real_Dataset/Azure/chatbot/gpt_cornell/jobs.bucketed.csv", "image": "Chihuahua1_bvdb.jpg", "slo_ms": 234, "maxb": 8, "bindir": "/tmp/build/nexus-bin", "debug": false, "no_nexus": false, "latencies": "/workdir/DynWork/Multimodal_Real_Dataset/Azure/chatbot/gpt_cornell/latencies.csv", "reproducibility": {"command_line": "python dynamic_test.py --slo_ms 234 --maxb 8 --bindir /tmp/build/nexus-bin Chihuahua1_bvdb.jpg /workdir/DynWork/Multimodal_Real_Dataset/Azure/chatbot/gpt_cornell/jobs.bucketed.csv /workdir/DynWork/Multimodal_Real_Dataset/Azure/chatbot/gpt_cornell/latencies.csv /workdir/DynWork/Multimodal_Real_Dataset/Azure/chatbot/gpt_cornell/4_x_P99/nexus", "time": "Thu Mar 31 04:34:20 2022", "git_root": "/workdir/nexus", "git_url": "https://github.com/Aetf/nexus/tree/660705b33cdfaa936d8aa5d1e41166826dbfe4e7", "git_has_uncommitted_changes": false}}
JobId,Length,Admitted,Started,Finished,Latency,State,EName
0,52.90007806400816,0.0,5.55137799680233,67.33837799680234,61.787,done,
1,8.65703775030772,14.04272670129374,20.172752998769283,126.64775299876928,106.475,done,
2,54.21578404628829,28.085453402587483,49.21747399866581,126.73547399866581,77.518,done,
3,55.97407017420932,42.12818010388122,92.54441199824214,138.55341199824215,46.009,done,
4,9.718581288862504,56.170906805174965,107.06020399928092,138.57720399928093,31.517,done,
5,9.890200616430151,70.21363350646871,34.68246999755502,126.68746999755501,92.005,done,
6,9.663616588863569,84.25636020776244,63.76318399980664,138.38418399980662,74.621,done,
7,10.301065923959932,98.2990869090562,78.13525299727917,138.85825299727918,60.723,done,
8,9.69348858641313,112.34181361034992,121.58765899762513,148.41265899762513,26.825,done,
9,8.993269992781155,126.38454031164368,137.5751050002873,158.7541050002873,21.179,done,
10,55.547522615072864,140.42726701293742,152.6842200011015,216.8062200011015,64.122,done,
11,56.11358898421635,157.9806753895546,170.4961510002613,272.3671510002613,101.871,done,
12,9.413064551534903,175.53408376617176,189.9545740000904,272.50757400009036,82.553,done,
13,57.626163814189766,193.08749214278896,227.80094400048256,333.23594400048256,105.435,done,
14,9.461200759783535,210.64090051940613,247.16650800034404,333.28650800034404,86.12,done,
15,55.1267399659412,228.1943088960233,285.1673449985683,392.4753449985683,107.308,done,
16,9.899603974277571,245.7477172726405,316.99416000023484,392.87316000023486,75.879,done,
17,54.776224893550406,263.30112564925764,209.33215000107884,333.34415000107884,124.012,done,
18,10.212146168015725,280.85453402587484,266.5576139986515,392.7326139986515,126.175,done,
19,9.397113653599185,292.5568062769529,366.89933199808,458.17733199808004,91.278,done,
20,58.99416265270621,304.25907852803107,304.58465799689293,392.8166579968929,88.232,done,
21,10.542841063396237,315.9613507791092,329.3611679971218,458.0541679971218,128.693,done,
22,52.53375114165115,327.6636230301873,342.09633299708366,458.76033299708365,116.664,done,
23,53.61287227573656,339.36589528126547,354.49659200012684,458.4275920001268,103.931,done,
24,10.214789437616313,351.0681675323435,379.40151499956846,458.3695149995685,78.968,done,
25,51.79612318070679,362.7704397834217,391.9348360002041,518.7758360002041,126.841,done,
26,9.962159136350888,374.4727120344998,404.5318440012634,519.1858440012634,114.654,done,
27,7.966390224263016,386.1749842855779,416.9428060017526,519.1108060017526,102.168,done,
28,54.81458588289679,397.877256536656,429.3354390002787,519.1794390002788,89.844,done,
29,52.95422820829771,409.57952878773415,441.7171749994159,519.3691749994159,77.652,done,
30,53.12471521399132,421.28180103881226,454.09758199751377,583.4435819975138,129.346,done,
31,10.117670014805949,430.64361883967473,464.25957300141454,583.3215730014145,119.062,done,
32,10.076168187754655,440.00543664053725,546.9023390002549,645.7603390002548,98.858,done,
33,55.53489688191655,449.3672544413997,474.6528869979084,583.4278869979084,108.775,done,
34,10.51097453268864,458.7290722422623,485.0469500012696,583.9269500012696,98.88,done,
35,56.52805438289124,468.0908900431247,495.4496989995241,583.7176989995241,88.268,done,
36,10.365328246309776,477.4527078439872,505.9809980019927,583.7749980019927,77.794,done,
37,54.86715954475314,486.8145256448497,516.4819109998643,645.6229109998643,129.141,done,
38,52.43634084971331,496.1763434457122,526.1049600020051,645.8719600020052,119.767,done,
39,9.62638128846018,505.5381612465747,609.3672919981182,707.8092919981182,98.442,done,
40,10.32953430544522,514.8999790474372,536.5198169983923,646.2108169983924,109.691,done,
41,53.94425804437863,524.2617968482997,557.3026279993355,646.0196279993355,88.717,done,
42,55.82165421005544,533.6236146491622,567.7109190002084,646.2189190002084,78.508,done,
43,51.14012730455123,542.9854324500247,578.1103529967368,707.6283529967368,129.518,done,
44,54.80597812505492,552.3472502508872,587.7812379971147,707.8752379971147,120.094,done,
45,10.772360645796416,561.7090680517497,598.6342360004783,710.6602360004782,112.026,done,
46,10.649934362336069,577.3120977198538,626.232320997864,710.698320997864,84.466,done,
47,9.097727752184944,592.915127387958,642.2537409998477,775.0527409998476,132.799,done,
48,9.11646125079936,608.5181570560621,658.3998130001128,775.0348130001128,116.635,done,
49,52.74485965037073,624.1211867241663,674.6265919990838,775.4745919990837,100.848,done,
50,52.47115485825545,639.7242163922705,690.65124899894,775.86724899894,85.216,done,
51,9.269833757175707,655.3272460603746,707.2979699969292,822.6499699969291,115.352,done,
52,55.148523951181154,670.9302757284787,723.3788539990783,823.0828539990782,99.704,done,
53,53.88951889183742,686.5333053965829,740.1861479990184,834.2611479990185,94.075,done,
54,9.865075211537702,702.136335064687,756.1509949974716,885.1429949974715,128.992,done,
55,54.45251557087616,716.1790617659808,771.0043970011175,880.7673970011175,109.763,done,
56,56.20429991090656,730.2217884672746,787.1133289970458,885.3083289970457,98.195,done,
57,10.143934622039836,744.2645151685683,802.0958079993725,885.6718079993725,83.576,done,
58,54.03579492257542,758.3072418698621,816.87484799698,887.14884799698,70.274,done,
59,51.82117621193658,772.3499685711558,832.0339699983597,943.4349699983596,111.401,done,
60,54.15002921181261,786.3926952724496,846.9683899991214,946.0973899991214,99.129,done,
61,10.263595840901742,800.4354219737432,861.5854089967906,946.3134089967906,84.728,done,
62,53.740956630451045,814.478148675037,876.3763399980962,946.1193399980962,69.743,done,
63,10.472274286047472,828.5208753763308,891.1559299975634,1005.3659299975634,114.21,done,
64,54.63217856772194,842.5636020776245,906.002782996744,1005.464782996744,99.462,done,
65,9.583359167215322,855.3297172606188,920.622959997505,1005.492959997505,84.87,done,
66,10.319054951936176,868.0958324436132,935.3265030011536,1005.6095030011536,70.283,done,
67,8.813332193032503,880.8619476266075,948.93029499799,1065.58929499799,116.659,done,
68,55.64921932717724,893.6280628096018,963.8376279994844,1065.8546279994844,102.017,done,
69,9.61963123292238,906.394177992596,978.675296999514,1065.802296999514,87.127,done,
70,54.37361935584682,919.1602931755904,993.6545539982616,1066.1975539982616,72.543,done,
71,10.26723910724729,931.9264083585848,1006.770324997604,1124.620324997604,117.85,done,
72,10.181980720298368,944.692523541579,1020.0363809987904,1125.0383809987904,105.002,done,
73,54.507250927739776,957.4586387245732,1034.4474689997733,1125.0524689997733,90.605,done,
74,53.60192898236351,970.2247539075676,1048.8184319995344,1125.3064319995344,76.488,done,
75,56.65466311547117,982.990869090562,1063.1934619992971,1184.704461999297,121.511,done,
76,9.971995751207094,998.593898758666,1078.95688899979,1184.62688899979,105.67,done,
77,54.118242182201904,1014.1969284267705,1095.3561620004475,1184.8701620004474,89.514,done,
78,9.950098590171008,1029.7999580948745,1111.7315279990437,1250.5675279990437,138.836,done,
79,54.57566118844256,1045.402987762979,1128.0354279987514,1250.4064279987515,122.371,done,
80,9.907606606779789,1061.006017431083,1144.4565280005336,1250.7765280005335,106.32,done,
81,9.671797001025642,1076.609047099187,1160.8404799997809,1250.9184799997809,90.078,done,
82,59.292510622134216,1092.2120767672911,1177.2353730015457,1250.8323730015456,73.597,done,
83,10.042018431102552,1107.8151064353951,1193.7256209999323,1311.0006209999324,117.275,done,
84,53.30700961959315,1123.4181361034994,1282.531791999936,1323.794791999936,41.263,done,
85,55.6625644601549,1137.4608628047931,1296.906111996621,1323.882111996621,26.976,done,
86,9.475141527909066,1151.5035895060869,1224.5170009993017,1311.1920009993016,86.675,done,
87,10.990142077003425,1165.5463162073806,1238.887375999242,1311.304375999242,72.417,done,
88,9.45695715455416,1179.5890429086744,1210.1460379995406,1311.4550379995405,101.309,done,
89,10.185543573237226,1193.6317696099682,1253.6782050020993,1323.6802050020992,70.002,done,
90,8.781040161508853,1207.6744963112617,1268.083169002086,1323.9041690020858,55.821,done,
91,10.673347189603671,1221.7172230125557,1311.2855949997902,1334.5575949997901,23.272,done,
92,9.843993383226865,1235.7599497138492,1325.6617890000343,1345.1807890000343,19.519,done,
93,9.22209406029045,1249.802676415143,1340.5624830015004,1355.9564830015004,15.394,done,
94,10.168069585476806,1263.8454031164367,1355.7307349964976,1374.9557349964975,19.225,done,
95,55.59054978144585,1276.611518299431,1370.4886210002005,1434.4656210002006,63.977,done,
96,55.06965500361562,1289.3776334824254,1383.4644759967923,1492.6124759967922,109.148,done,
97,54.44253181776113,1302.1437486654197,1397.8294459991157,1492.7594459991158,94.93,done,
98,52.2448633320284,1314.909863848414,1412.1981389969587,1492.7601389969586,80.562,done,
99,9.795501356748217,1327.6759790314084,1440.06605900079,1548.1340590007899,108.068,done,
100,10.61294229133869,1340.4420942144025,1510.2639709971843,1606.9149709971844,96.651,done,
101,10.39654525176092,1353.2082093973968,1426.5682029984891,1548.4332029984892,121.865,done,
102,50.87728529284171,1365.974324580391,1454.4236479997635,1548.6326479997635,94.209,done,
103,54.40071960500153,1378.7404397633854,1468.8075469993055,1548.9915469993055,80.184,done,
104,10.020097389404745,1391.5065549463798,1483.1638259999454,1606.9308259999455,123.767,done,
105,9.346343926626613,1404.272670129374,1554.4566680006683,1668.4396680006682,113.983,done,
106,10.12001221078494,1418.315396830668,1583.3356910012662,1669.2986910012662,85.963,done,
107,9.59883191013599,1432.3581235319616,1597.79680499807,1669.67180499807,71.875,done,
108,9.228126162106909,1446.4008502332554,1496.7685949988663,1606.4035949988663,109.635,done,
109,55.525109403466,1460.4435769345491,1524.9294780008497,1607.4854780008498,82.556,done,
110,10.699853616053586,1474.486303635843,1539.6795019991696,1668.8255019991695,129.146,done,
111,10.347721106726365,1488.5290303371366,1655.7678180001676,1728.3758180001676,72.608,done,
112,55.27483485127755,1502.5717570384304,1568.8917870000005,1670.0317870000006,101.14,done,
113,51.299388793670914,1516.6144837397242,1612.5087670013309,1728.121767001331,115.613,done,
114,52.91490095787256,1530.657210441018,1626.9463729970155,1728.5873729970156,101.641,done,
115,52.88757414377713,1544.6999371423117,1641.3564089983702,1728.8354089983702,87.479,done,
116,10.086368005917976,1556.4022093933895,1668.1868639998138,1788.2518639998138,120.065,done,
117,10.462829813115247,1568.1044816444678,1680.6421159990132,1788.5811159990133,107.939,done,
118,53.77573517401879,1579.806753895546,1780.0776939988136,1849.6856939988136,69.608,done,
119,10.260577284930742,1591.509026146624,1693.0716710016131,1789.0326710016132,95.961,done,
120,54.5565921440845,1603.2112983977022,1705.4822819978,1788.8032819978,83.321,done,
121,11.017166493044048,1614.9135706487805,1717.8957389965651,1788.9127389965652,71.017,done,
122,53.45969883578594,1626.6158428998583,1730.462540000677,1851.712540000677,121.25,done,
123,10.421192270315462,1638.3181151509366,1742.8864450007677,1851.9114450007678,109.025,done,
124,9.80841313878668,1650.0203874020146,1755.261645000428,1852.163645000428,96.902,done,
125,56.99195920134914,1661.7226596530927,1767.661789998412,1852.2337899984118,84.572,done,
126,55.34895191036486,1673.424931904171,1792.7294459976256,1911.6614459976256,118.932,done,
127,53.11058102440913,1685.127204155249,1805.1396349966528,1911.9166349966529,106.777,done,
128,9.64102475020564,1699.1699308565428,1892.081546999514,1973.238546999514,81.157,done,
129,49.82340995858242,1713.2126575578366,1819.5257740020752,1911.9027740020751,92.377,done,
130,56.78616186661591,1727.2553842591303,1833.903016999364,1911.9940169993638,78.091,done,
131,54.78614795568152,1741.298110960424,1848.2757310010493,1973.3597310010493,125.084,done,
132,52.58088909979968,1755.3408376617176,1863.142012000084,1973.3860120000838,110.244,done,
133,53.269289870719405,1769.3835643630114,1877.6693510003388,1973.6603510003388,95.991,done,
134,53.084665380790106,1783.4262910643051,1906.4774459972975,2033.8874459972976,127.41,done,
135,8.91386162261737,1797.469017765599,1920.694809999317,2033.9578099993169,113.263,done,
136,10.044894679382503,1811.5117444668929,1935.184335000813,2034.1603350008131,98.976,done,
137,10.140927045657936,1825.5544711681864,1949.7767149992287,2034.0907149992288,84.314,done,
138,54.83509615587728,1838.3205863511807,1964.267644997686,2034.120644997686,69.853,done,
139,9.902202530880482,1851.086701534175,1977.2247919999063,2092.875791999906,115.651,done,
140,54.56545478590073,1863.8528167171692,1991.63068100065,2093.04568100065,101.415,done,
141,9.729579469513183,1876.618931900164,2005.9924490004776,2093.1044490004774,87.112,done,
142,9.740261264064634,1889.385047083158,2020.4597879983485,2093.2697879983484,72.81,done,
143,10.4393075563918,1902.1511622661524,2034.406945001334,2158.523945001334,124.117,done,
144,55.20337015084725,1914.9172774491467,2047.3872350007296,2158.6502350007295,111.263,done,
145,9.059006085498671,1927.683392632141,2121.855167999864,2220.882167999864,99.027,done,
146,9.895371201989832,1940.4495078151356,2062.166430000216,2158.523430000216,96.357,done,
147,9.18511729824736,1953.2156229981297,2076.8618180006742,2158.979818000674,82.118,done,
148,57.34392923594008,1965.981738181124,2091.2485379986465,2221.0565379986465,129.808,done,
149,9.820714541153077,1981.584767849228,2105.183749001473,2221.1327490014733,115.949,done,
150,10.06526474860773,1997.187797517332,2138.5810509994626,2221.1830509994625,82.602,done,
151,51.86738882439196,2012.7908271854365,2155.181613996625,2282.265613996625,127.084,done,
152,53.70776727142572,2028.3938568535405,2171.7063260003924,2282.4553260003922,110.749,done,
153,56.46023004528303,2043.996886521645,2188.207642000169,2282.317642000169,94.11,done,
154,53.79700788772933,2059.599916189749,2204.7982539981604,2282.5792539981603,77.781,done,
155,10.476361690230316,2075.2029458578527,2221.2650180011988,2345.348018001199,124.083,done,
156,55.879881996117504,2090.805975525957,2237.566874999553,2345.464874999553,107.898,done,
157,58.30437334302964,2106.409005194061,2299.070252999664,2407.825252999664,108.755,done,
158,55.83385868184016,2117.211102656595,2253.4168800003827,2345.6268800003827,92.21,done,
159,9.519790180505131,2128.0132001191287,2264.8938079960644,2345.921807996064,81.028,done,
160,9.652603958713105,2138.815297581662,2276.328133001924,2407.882133001924,131.554,done,
161,54.61334508755877,2149.617395044196,2287.4429170005023,2408.035917000502,120.593,done,
162,11.179121993033432,2160.419492506729,2310.4959880001843,2408.0949880001845,97.599,done,
163,9.82782004769013,2171.2215899692637,2321.9016379974782,2408.2886379974784,86.387,done,
164,53.35634399140734,2182.0236874317966,2333.300675999373,2408.371675999373,75.071,done,
165,54.993606855383085,2192.8257848943304,2344.714742001146,2470.6887420011462,125.974,done,
166,53.4703445347468,2203.627882356864,2356.505516000092,2470.719516000092,114.214,done,
167,9.713364641671577,2214.429979819398,2368.073369998485,2470.9273699984847,102.854,done,
168,54.650824125137824,2225.232077281931,2379.4916739985347,2471.195673998535,91.704,done,
169,9.616640184810816,2236.034174744465,2390.8817609995604,2471.0677609995605,80.186,done,
170,55.215782842433896,2246.8362722069987,2402.2599669992924,2471.3209669992925,69.061,done,
171,9.62939012321745,2262.439301875103,2419.6849489994347,2527.725948999435,108.041,done,
172,10.709746049665268,2278.042331543207,2435.6014729999006,2528.2844729999006,92.683,done,
173,53.78639909577835,2293.6453612113114,2452.375854998827,2528.700854998827,76.325,done,
174,54.95299968656507,2309.248390879416,2468.3302339985967,2587.4012339985966,119.071,done,
175,9.19222963849908,2324.8514205475194,2501.6958109997213,2587.788810999721,86.093,done,
176,10.63574178023082,2340.454450215624,2517.694841001183,2588.0178410011827,70.323,done,
177,53.42375038303032,2356.057479883728,2484.8592160008848,2588.4972160008847,103.638,done,
178,10.254292760197783,2371.660509551832,2533.4669049978256,2598.8859049978255,65.419,done,
179,9.409154606745153,2387.2635392199363,2549.914942998439,2599.019942998439,49.105,done,
180,10.229754674410032,2410.6680837220924,2574.340472996235,2599.189472996235,24.849,done,
181,53.83924815637348,2434.0726282242485,2599.2184429988265,2663.6454429988266,64.427,done,
182,56.86627058538515,2457.477172726405,2647.4517030008137,2722.3357030008137,74.884,done,
183,10.14928384398857,2480.881717228561,2712.210096001625,2781.454096001625,69.244,done,
184,51.63267637948229,2504.2862617307173,2623.057706002146,2722.480706002146,99.423,done,
185,9.502507573000187,2527.690806232873,2671.421624001116,2781.201624001116,109.78,done,
186,55.50143457357283,2543.2938359009777,2695.799034997821,2792.949034997821,97.15,done,
187,9.59539166152179,2558.896865569082,2728.137106999755,2838.726106999755,110.589,done,
188,52.48618542507388,2574.499895237186,2744.491597000509,2838.927597000509,94.436,done,
189,54.536001802667016,2590.1029249052904,2760.871468000114,2839.079468000114,78.208,done,
190,51.54375270783154,2605.705954573394,2777.257090996951,2898.289090996951,121.032,done,
191,54.88807817265147,2621.3089842414984,2859.0799379982054,2957.4569379982054,98.377,done,
192,10.354993709925662,2636.9120139096026,2793.230105999857,2898.6301059998573,105.4,done,
193,9.909719079789358,2652.515043577707,2809.709704000503,2898.968704000503,89.259,done,
194,51.66233375227152,2668.118073245811,2826.096018001437,2899.395018001437,73.299,done,
195,55.95904958513629,2683.7211029139157,2842.7129819989204,2957.8389819989206,115.126,done,
196,53.16112067042436,2699.3241325820195,2908.1738649979234,3021.413864997923,113.24,done,
197,50.45310752692578,2714.9271622501237,2941.000052999705,3021.731052999705,80.731,done,
198,10.052338699762403,2730.5301919182275,2875.48564799875,2958.14364799875,82.658,done,
199,9.797865091704228,2746.133221586332,2891.888845998794,3021.6088459987936,129.72,done,
200,59.14142749006348,2761.736251254436,3014.673209000379,3083.575209000379,68.902,done,
201,10.081284302729523,2777.33928092254,2924.6123710013926,3021.874371001393,97.262,done,
202,56.883493011466186,2792.942310590644,2957.4027389995754,3082.9927389995755,125.59,done,
203,53.52350896280216,2808.545340258748,2973.840137001127,3083.394137001127,109.554,done,
204,10.337327264237183,2831.9498847609043,2990.2819130010903,3083.73691300109,93.455,done,
205,9.381059888101657,2855.354429263061,3038.557838000357,3094.1568380003573,55.599,done,
206,10.017322748409882,2878.758973765217,3062.976401001215,3094.324401001215,31.348,done,
207,56.013620723988446,2902.163518267373,3087.36805799976,3154.03705799976,66.669,done,
208,56.63371236275113,2925.5680627695297,3135.386788997799,3212.330788997799,76.944,done,
209,51.45407143674659,2948.972607271686,3163.302682999521,3272.848682999521,109.546,done,
210,52.549334062037296,2961.73872245468,3193.05894099921,3273.2659409992098,80.207,done,
211,51.427292891808776,2974.5048376376744,3110.972571000457,3212.4385710004567,101.466,done,
212,10.322264302620113,2987.2709528206688,3149.7734500020742,3273.7964500020744,124.023,done,
213,56.08438482061095,3000.037068003663,3178.177211999893,3273.7492119998933,95.572,done,
214,58.06063679958966,3012.8031831866574,3207.7147230021656,3337.4467230021655,129.732,done,
215,53.55591189671866,3025.569298369652,3221.537121001631,3337.844121001631,116.307,done,
216,52.06098331225475,3038.335413552646,3236.2564520016317,3338.0034520016316,101.747,done,
217,9.208901247614884,3051.1015287356404,3251.019928000868,3338.196928000868,87.177,done,
218,9.607666563101658,3063.8676439186347,3265.927255000919,3347.226255000919,81.299,done,
219,55.56946937820015,3076.633759101629,3279.822019997984,3407.755019997984,127.933,done,
220,56.05462451354943,3089.399874284624,3294.709038998932,3408.016038998932,113.307,done,
221,10.369050740831652,3103.442600985917,3309.5787849985063,3408.4637849985065,98.885,done,
222,52.29772327069233,3117.485327687211,3324.1322719976306,3408.1612719976306,84.029,done,
223,56.90149694799759,3131.5280543885046,3338.4420819990337,3471.021081999034,132.579,done,
224,51.84469337411895,3145.5707810897984,3353.4982749968767,3471.293274996877,117.795,done,
225,9.558455527680206,3159.613507791092,3368.324180997908,3471.110180997908,102.786,done,
226,9.904992378831318,3173.656234492385,3383.1299599967897,3471.5309599967895,88.401,done,
227,54.48569597362923,3187.698961193679,3397.7002659998834,3471.6282659998833,73.928,done,
228,9.88294576407726,3201.741687894973,3412.430801998824,3534.048801998824,121.618,done,
229,9.60189330298278,3215.7844145962667,3426.999645996839,3534.2486459968386,107.249,done,
230,10.176200444469568,3229.8271412975605,3441.5461969971657,3534.685196997166,93.139,done,
231,57.82516318904806,3242.593256480555,3455.93596899882,3534.37096899882,78.435,done,
232,9.561228529578528,3255.359371663549,3470.5052359998226,3595.2972359998225,124.792,done,
233,8.752875959055581,3268.1254868465435,3483.8681840002537,3595.5281840002535,111.66,done,
234,56.31162994930293,3280.891602029538,3570.831767998636,3654.6537679986363,83.822,done,
235,56.44316805473285,3293.657717212532,3498.532253999263,3596.232253999263,97.7,done,
236,10.333435906813374,3306.4238323955265,3513.3296689987183,3595.764668998718,82.435,done,
237,9.788422248154353,3319.189947578521,3528.1316110007465,3654.3306110007466,126.199,done,
238,9.635830220047248,3331.956062761515,3541.7781459987164,3654.949145998716,113.171,done,
239,54.91920949088584,3344.722177944509,3598.790869999677,3717.627869999677,118.837,done,
240,51.39762407446885,3357.488293127504,3628.571603000164,3718.092603000164,89.521,done,
241,56.18877130684416,3370.254408310498,3643.483091998845,3718.448091998845,74.965,done,
242,56.768682282420926,3383.0205234934924,3556.404129996896,3654.969129996896,98.565,done,
243,56.84816201976869,3395.7866386764867,3585.35987399891,3718.02687399891,132.667,done,
244,10.6286728218259,3408.552753859481,3613.7828329987824,3718.7568329987826,104.974,done,
245,10.7285829712144,3421.3188690424754,3657.2796670012176,3776.7346670012175,119.455,done,
246,9.076928748598098,3434.0849842254697,3759.656924001873,3841.413924001873,81.757,done,
247,10.092225593324168,3446.851099408464,3770.322283998132,3841.5732839981324,71.251,done,
248,54.58540700756811,3459.6172145914584,3672.067496996373,3776.939496996373,104.872,done,
249,56.173439984984974,3472.3833297744527,3686.7180599980056,3776.922059998006,90.204,done,
250,10.494991823188608,3485.149444957447,3701.5605380013594,3776.972538001359,75.412,done,
251,54.33706657033449,3497.9155601404414,3716.502610001713,3840.179610001713,123.677,done,
252,56.70688584726594,3510.681675323436,3791.512962002307,3902.255962002307,110.743,done,
253,53.36977114994864,3520.712194395788,3802.3121679984033,3902.4371679984033,100.125,done,
254,9.732224657451289,3530.742713468141,3729.9659850001335,3840.6739850001336,110.708,done,
255,9.762120838948194,3540.7732325404936,3744.808295000345,3841.676295000345,96.868,done,
256,9.704645275333068,3550.803751612846,3780.702498000115,3902.704498000115,122.002,done,
257,9.281402170439446,3560.834270685199,3845.8641909994185,3965.0191909994187,119.155,done,
258,56.12964089421021,3570.8647897575515,3878.380522001535,3965.8905220015354,87.51,done,
259,10.154413111824535,3580.895308829904,3813.3004699982703,3902.9464699982705,89.646,done,
260,9.491884272616042,3590.925827902257,3824.027694001794,3903.103694001794,79.076,done,
261,10.691233054124382,3600.956346974609,3834.743963997811,3965.254963997811,130.511,done,
262,10.35868574606624,3610.9868660469615,3939.792050998658,4025.515050998658,85.723,done,
263,8.868327650229219,3621.017385119315,3856.817520000041,3965.545520000041,108.728,done,
264,55.02683668878139,3631.0479041916674,3867.6224230006337,3966.147423000634,98.525,done,
265,54.3819462048338,3641.07842326402,3889.1913809999824,3966.3873809999823,77.196,done,
266,10.068165114895846,3651.108942336373,3899.939491998404,4025.0974919984037,125.158,done,
267,9.6232766261897,3665.1516690376666,3910.312634002417,4026.007634002417,115.695,done,
268,10.458693503704232,3679.19439573896,3925.07910399884,4025.99010399884,100.911,done,
269,9.442681661998195,3693.237122440254,3954.713536001742,4026.379536001742,71.666,done,
270,58.380209367226,3707.279849141548,3969.549263998866,4088.486263998866,118.937,done,
271,56.969033239506814,3721.3225758428416,3984.3388189971447,4088.6708189971446,104.332,done,
272,53.53429520017758,3735.365302544136,3999.26362599805,4089.00062599805,89.737,done,
273,57.56413380469057,3749.408029245429,4014.23824999854,4088.6922499985403,74.454,done,
274,55.69578085133028,3763.450755946723,4028.4626559987664,4150.767655998767,122.305,done,
275,56.92150671613835,3777.4934826480167,4043.138692997396,4151.003692997396,107.865,done,
276,51.17979595649996,3791.5362093493104,4057.970695000142,4152.006695000142,94.036,done,
277,9.778123382600196,3803.2384816003887,4070.455450002104,4151.962450002104,81.507,done,
278,9.31914048924606,3814.9407538514665,4083.1569500006735,4211.764950000674,128.608,done,
279,10.620647737457578,3826.643026102545,4094.9686979986727,4212.320697998673,117.352,done,
280,55.080577497060176,3838.345298353623,4107.40177199617,4212.62077199617,105.219,done,
281,9.8157549501764,3850.047570604701,4119.903749998659,4213.307749998659,93.404,done,
282,9.805284537251593,3861.749842855779,4132.293989002705,4212.925989002704,80.632,done,
283,9.538395540219057,3873.4521151068575,4144.829266998917,4274.246266998917,129.417,done,
284,56.55946220629355,3885.1543873579353,4156.982574000955,4274.675574000955,117.693,done,
285,9.984942849644792,3896.8566596090136,4169.40348899737,4274.82948899737,105.426,done,
286,9.467603571783243,3908.558931860092,4181.85050399974,4274.72850399974,92.878,done,
287,9.852481142832266,3920.2612041111697,4194.278460998088,4274.935460998088,80.657,done,
288,57.86771093616802,3931.963476362248,4206.735258001834,4337.395258001834,130.66,done,
289,53.3321335651266,3946.0062030635418,4228.931042999029,4337.043042999029,108.112,done,
290,53.62581746899438,3960.048929764836,4243.829570997506,4337.245570997507,93.416,done,
291,54.94012387090825,3974.091656466129,4258.476856000721,4337.496856000722,79.02,done,
292,9.242161304182416,3988.134383167423,4273.028384000063,4398.511384000063,125.483,done,
293,9.737280071878391,4002.177109868717,4288.241560999304,4397.728560999304,109.487,done,
294,55.99918402935143,4016.21983657001,4303.19619499892,4398.42919499892,95.233,done,
295,10.247929174032578,4030.262563271304,4318.211687002331,4398.582687002331,80.371,done,
296,9.155890599129794,4044.3052899725976,4333.206893000752,4460.094893000752,126.888,done,
297,57.18433101189609,4058.3480166738914,4348.590321999043,4460.188321999043,111.598,done,
298,10.942831008752602,4072.390743375185,4446.140762001276,4520.191762001276,74.051,done,
299,9.252519770228416,4087.99377304329,4363.293875999749,4460.4938759997485,97.2,done,
300,9.008523303719594,4103.596802711393,4380.078654002398,4460.678654002399,80.6,done,
301,55.71012867656563,4119.199832379498,4414.173026997596,4520.474026997596,106.301,done,
302,9.759546173435124,4134.802862047602,4430.159112997353,4520.706112997353,90.547,done,
303,9.388746623567409,4150.405891715705,4396.931128997356,4521.077128997355,124.146,done,
304,56.427212427565,4166.00892138381,4461.980941999704,4583.263941999704,121.283,done,
305,9.838537661148692,4181.611951051914,4477.960200998932,4582.817200998932,104.857,done,
306,57.59454183417432,4197.2149807200185,4493.864972997457,4583.843972997457,89.979,done,
307,54.4215410089317,4212.818010388122,4509.819292996079,4583.458292996079,73.639,done,
308,53.00567477812588,4230.371418764739,4528.533805001527,4639.946805001527,111.413,done,
309,51.983415445806536,4247.924827141356,4546.428277999163,4640.126277999163,93.698,done,
310,53.97632200250898,4265.478235517974,4564.470240999013,4640.569240999013,76.099,done,
311,52.3669297549447,4283.031643894591,4582.420416999608,4696.893416999608,114.473,done,
312,10.27429262453438,4300.585052271208,4601.236308000982,4707.3463080009815,106.11,done,
313,54.34541668941894,4318.138460647826,4677.015663001686,4764.433663001686,87.418,done,
314,54.41151868947758,4335.691869024443,4619.291549999267,4707.940549999267,88.649,done,
315,63.57275575433451,4353.24527740106,4637.1328620016575,4764.512862001658,127.38,done,
316,10.217709026144774,4373.306315545765,4656.270563997328,4764.698563997328,108.428,done,
317,9.775209546610558,4393.367353690471,4697.904920998961,4826.113920998961,128.209,done,
318,57.74639167069571,4413.428391835176,4719.277483999729,4825.604483999729,106.327,done,
319,54.10931198989976,4433.489429979882,4740.034386999905,4826.222386999905,86.188,done,
320,52.1022556280472,4453.550468124587,4760.821249000728,4884.509249000728,123.688,done,
321,55.89273983973467,4473.6115062692925,4834.030710998923,4941.5437109989225,107.513,done,
322,53.51379466363175,4493.6725444139975,4866.164594002068,4941.930594002068,75.766,done,
323,9.880466980121666,4509.275574082101,4781.259836997837,4884.687836997837,103.428,done,
324,53.901487859573294,4524.878603750206,4802.033243998885,4884.7402439988855,82.707,done,
325,10.294402609460638,4540.48163341831,4818.023338999599,4941.505338999599,123.482,done,
326,9.929786647585836,4556.084663086414,4900.140604998916,5000.7976049989165,100.657,done,
327,54.704919496246646,4571.687692754518,4933.436433997005,5000.996433997006,67.56,done,
328,10.400975232047536,4587.290722422623,4990.748300999403,5059.754300999403,69.006,done,
329,54.54584606093377,4602.893752090727,4882.723325997591,5000.722325997591,117.999,done,
330,53.41267785131296,4618.496781758831,4916.7135089971125,5001.105508997112,84.392,done,
331,9.259324449479626,4634.099811426935,4849.784296996892,5059.7982969968925,210.014,done,
332,53.23197483963676,4654.16084957164,4949.697354000062,5060.0443540000615,110.347,done,
333,54.31713844104732,4674.221887716346,4970.277856998146,5059.953856998146,89.676,done,
334,9.499149284858143,4694.282925861051,5011.872531998903,5114.795531998902,102.923,done,
335,52.023148703258,4714.343964005757,5032.328323997557,5114.9953239975575,82.667,done,
336,9.140162422760383,4734.405002150462,5052.730893999338,5115.066893999338,62.336,done,
337,10.6055908647597,4754.466040295168,5074.713723000139,5126.058723000139,51.345,done,
338,9.359425713615902,4774.527078439873,5119.623244997114,5136.265244997114,16.642,done,
339,9.56742725778479,4786.229350690951,5095.104295998812,5126.1922959988115,31.088,done,
340,9.551662605890389,4797.931622942029,5107.523657999933,5136.365657999932,28.842,done,
341,10.563792788865507,4809.633895193107,5131.774867001921,5148.243867001921,16.469,done,
342,56.38252794810818,4821.336167444185,5143.909690000117,5208.0776900001165,64.168,done,
343,10.598902771486244,4833.038439695263,5168.051497999579,5270.457497999579,102.406,done,
344,57.66371373698045,4844.7407119463405,5192.771229997277,5270.599229997278,77.828,done,
345,56.61599965746909,4856.442984197419,5243.367419999093,5282.885419999093,39.518,done,
346,51.74369821452059,4868.145256448497,5155.715574000031,5270.8525740000305,115.137,done,
347,9.333999964285407,4879.847528699575,5180.407899998128,5270.672899998129,90.265,done,
348,10.24187398947346,4891.549800950654,5205.113988999277,5282.756988999277,77.643,done,
349,10.408343110996476,4903.252073201731,5218.600260999054,5283.029260999054,64.429,done,
350,10.351491483346932,4914.954345452809,5230.979824997485,5283.163824997485,52.184,done,
351,9.649652122460184,4930.557375120913,5259.764587000012,5283.249587000012,23.485,done,
352,55.39480349561334,4946.160404789018,5276.287994999439,5338.424994999439,62.137,done,
353,55.11697294818121,4961.763434457122,5293.83565299958,5396.61165299958,102.776,done,
354,54.517390295119895,4977.366464125226,5326.590469997376,5396.759469997376,70.169,done,
355,54.87723712171004,4992.96949379333,5310.234540998936,5396.890540998936,86.656,done,
356,10.1385830557223,5008.572523461435,5342.953957997263,5454.444957997263,111.491,done,
357,54.62320074219496,5024.1755531295385,5359.383584998548,5454.644584998548,95.261,done,
358,54.74328330689824,5039.778582797643,5375.748573999852,5454.743573999852,78.995,done,
359,9.695887413979552,5055.381612465747,5392.142124999315,5466.312124999315,74.17,done,
360,9.996705664342704,5070.984642133851,5408.32325899601,5466.52925899601,58.206,done,
361,10.37325141967137,5086.587671801955,5424.702410001308,5466.513410001307,41.811,done,
362,9.922154996492532,5102.190701470059,5441.080444999039,5466.661444999039,25.581,done,
363,10.106083167653008,5117.793731138164,5457.366976998746,5476.646976998746,19.28,done,
364,10.226784471866509,5133.396760806268,5473.388890001923,5489.766890001923,16.378,done,
365,8.951801963577912,5148.999790474372,5489.155607998371,5506.402607998371,17.247,done,
366,55.19342040907236,5164.602820142476,5505.294716998935,5568.355716998934,63.061,done,
367,11.403230493995158,5180.205849810581,5521.918848998845,5627.067848998845,105.149,done,
368,55.73549861390295,5195.8088794786845,5538.304393999279,5627.504393999278,89.2,done,
369,9.934202867856618,5213.3622878553015,5557.639626998454,5627.642626998454,70.003,done,
370,9.770076488245168,5230.915696231919,5575.905958998948,5686.708958998948,110.803,done,
371,54.39210234057452,5248.469104608536,5595.284017998725,5687.151017998725,91.867,done,
372,56.29446845993984,5266.022512985153,5614.656417999417,5687.357417999417,72.701,done,
373,54.59535625032897,5283.57592136177,5633.285868998617,5744.363868998617,111.078,done,
374,10.537983913011182,5301.129329738387,5672.052710998803,5744.793710998803,72.741,done,
375,49.98854574216284,5318.682738115005,5709.375518999994,5805.831518999994,96.456,done,
376,55.049156656325664,5336.236146491622,5728.722621999681,5805.897621999681,77.175,done,
377,10.376228495691851,5353.789554868239,5652.678112000227,5745.009112000227,92.331,done,
378,57.96384525486626,5371.342963244857,5689.990724999458,5806.201724999458,116.211,done,
379,55.18159724335141,5388.896371621474,5746.627586998045,5863.7975869980455,117.17,done,
380,53.98875299000897,5406.449779998091,5766.022070996463,5864.062070996463,98.04,done,
381,54.13878976068535,5424.003188374708,5785.393171999604,5864.207171999605,78.814,done,
382,54.25715486520866,5441.556596751325,5804.800616998225,5924.132616998226,119.332,done,
383,9.298608114890152,5459.110005127943,5822.893665000796,5924.408665000797,101.515,done,
384,9.952488937951282,5476.66341350456,5842.3037009984255,5924.490700998425,82.187,done,
385,9.43497987727124,5481.50573305673,5847.80393999815,5924.54993999815,76.746,done,
386,10.304861476716232,5486.3480526089,5853.423305999488,5924.7843059994875,71.361,done,
387,54.099034032316666,5491.190372161071,5858.918359000236,5992.366359000236,133.448,done,
388,57.50291223390441,5496.032691713241,5871.366373997182,5992.101373997181,120.735,done,
389,53.92085133468367,5500.875011265411,5877.05518399924,5992.5781839992405,115.523,done,
390,9.75089513134796,5505.717330817581,5887.946129001677,5981.936129001677,93.99,done,
391,10.073516008982072,5510.559650369752,5898.75928799808,5992.8272879980805,94.068,done,
392,55.98607865242705,5515.401969921922,5915.160181000829,6058.059181000829,142.899,done,
393,53.80775244525894,5520.244289474092,5864.425648000091,5992.512648000091,128.087,done,
394,9.580281865708546,5525.086609026262,5882.503363996744,5992.881363996744,110.378,done,
395,50.82901530385983,5529.9289285784325,5893.377107001841,5987.801107001841,94.424,done,
396,51.21915736684614,5534.7712481306025,5904.189706001431,6058.551706001431,154.362,done,
397,55.488450462647926,5539.613567682773,5909.632807001472,6058.571807001473,148.939,done,
398,53.64572145919129,5544.455887234943,5920.79463000223,6058.42363000223,137.629,done,
399,9.03499758737131,5549.2982067871135,5926.537500999868,6058.908500999868,132.371,done,
400,53.73014430463192,5554.140526339284,5932.109855998308,6058.834855998309,126.725,done,
401,9.78580245689156,5558.9828458914535,5937.658088997006,6059.0870889970065,121.429,done,
402,10.500629965098332,5563.825165443624,5943.272900000215,6058.900900000214,115.628,done,
403,51.51582798759298,5568.667484995794,5948.859246000648,6127.113246000648,178.254,done,
404,55.05909989394942,5573.509804547964,5954.289712000638,6126.882712000638,172.593,done,
405,10.059995386924406,5578.352124100135,5959.83486700058,6127.1188670005795,167.284,done,
406,52.04179980062766,5583.1944436523045,5965.3922869972885,6127.131286997288,161.739,done,
407,57.911840846137984,5588.036763204475,5970.95948600024,6127.40148600024,156.442,done,
408,10.033972109088102,5592.879082756645,5976.503221999854,6127.476221999854,150.973,done,
409,9.55526424500242,5597.721402308815,5982.069719001651,6127.455719001651,145.386,done,
410,9.959886301068352,5602.563721860985,5987.6492689959705,6127.43926899597,139.79,done,
411,9.833256188943713,5607.406041413156,5993.012573998421,6193.2895739984215,200.277,done,
412,53.25876119018549,5612.248360965326,5999.847302999347,6193.525302999347,193.678,done,
413,9.917233438511348,5617.090680517496,6159.641384996474,6261.103384996474,101.462,done,
414,54.24648596638305,5629.856795700491,6005.357884000987,6193.8608840009865,188.503,done,
415,53.22108948689216,5642.622910883485,6019.860350999981,6193.898350999982,174.038,done,
416,9.841515597918033,5655.389026066479,6034.507116001099,6193.805116001099,159.298,done,
417,55.93119149734969,5668.155141249474,6049.307654000819,6193.550654000819,144.243,done,
418,53.96565158696725,5680.921256432468,6062.365753997117,6193.858753997118,131.493,done,
419,57.11002113206116,5693.687371615462,6075.387008000165,6194.175008000165,118.788,done,
420,8.89202118060525,5706.453486798457,6090.241657000035,6260.5696570000355,170.328,done,
421,10.24468894144897,5719.219601981451,6103.389157000929,6260.321157000929,156.932,done,
422,10.506419700827314,5731.985717164445,6116.731441996992,6260.737441996992,144.006,done,
423,54.90891810781169,5744.75183234744,6129.972210999578,6261.367210999579,131.395,done,
424,9.669246206531552,5757.517947530434,6144.809141997248,6261.169141997248,116.36,done,
425,58.1714092396743,5771.560674231728,6174.659173000604,6261.236173000604,86.577,done,
426,10.135970038163345,5785.6034009330215,6189.772044997662,6321.233044997663,131.461,done,
427,9.23609417569911,5799.646127634315,6204.01276499778,6322.0357649977805,118.023,done,
428,9.83597124821672,5813.688854335609,6218.834077000618,6321.608077000618,102.774,done,
429,9.941610636824086,5827.731581036903,6233.706640999764,6321.774640999764,88.068,done,
430,54.733743074282486,5841.7743077381965,6248.592287998647,6322.029287998647,73.437,done,
431,55.32633702528469,5855.81703443949,6262.973949998617,6381.196949998617,118.223,done,
432,9.485799244891814,5869.859761140784,6278.6918679997325,6381.674867999733,102.983,done,
433,53.38051803625586,5883.902487842078,6293.269963998348,6381.690963998349,88.421,done,
434,9.893020475963509,5897.945214543372,6307.940609999001,6381.749609999001,73.809,done,
435,54.60419748657021,5915.4986229199885,6325.941472996026,6440.887472996026,114.946,done,
436,56.412226800277566,5933.0520312966055,6343.994579996914,6441.268579996914,97.274,done,
437,55.33619790345956,5950.605439673223,6361.980475999415,6441.009475999415,79.029,done,
438,10.277701487925386,5968.15884804984,6380.089891001582,6501.955891001582,121.866,done,
439,9.107840883244071,5985.712256426457,6484.991278000176,6559.905278000176,74.914,done,
440,56.35450373067568,6003.265664803075,6398.368889998645,6502.098889998644,103.73,done,
441,10.001839394621394,6020.819073179692,6416.181827001274,6502.286827001273,86.105,done,
442,10.19742992679408,6038.372481556309,6434.0657129995525,6502.343712999553,68.278,done,
443,9.8550828412286,6047.734299357172,6452.560836996883,6559.615836996883,107.055,done,
444,53.28315927960845,6057.096117158034,6527.466419998556,6622.766419998557,95.3,done,
445,9.93204465386847,6066.457934958897,6463.475554998964,6560.224554998964,96.749,done,
446,9.44620366625691,6075.81975275976,6474.169185999781,6560.268185999781,86.099,done,
447,54.69341024939335,6085.181570560621,6495.699838999659,6622.903838999659,127.204,done,
448,52.45566573974765,6094.543388361484,6505.846911001951,6622.807911001952,116.961,done,
449,55.24504183601556,6103.905206162347,6516.8314080014825,6622.829408001482,105.998,done,
450,10.481366397443352,6113.267023963209,6538.120166998357,6623.2401669983565,85.12,done,
451,53.294496686642525,6122.628841764072,6548.810494996607,6623.319494996607,74.509,done,
452,9.363567430737554,6131.990659564935,6559.537362996489,6688.119362996489,128.582,done,
453,57.064946908717445,6141.352477365796,6569.514776002616,6688.310776002616,118.796,done,
454,55.16087095054393,6150.714295166659,6580.316369000822,6688.292369000822,107.976,done,
455,55.47668259522208,6160.076112967522,6591.068328998983,6688.813328998983,97.745,done,
456,57.705646078054016,6169.437930768384,6601.769428998232,6688.569428998232,86.8,done,
457,9.7159729142387,6178.799748569247,6612.270702999085,6688.616702999085,76.346,done,
458,53.04736702824759,6191.565863752241,6625.31607599929,6751.3280759992895,126.012,done,
459,9.912280846612491,6204.331978935235,6639.966302998364,6751.059302998364,111.093,done,
460,58.24043456134733,6217.09809411823,6653.201984997839,6751.101984997838,97.9,done,
461,9.124703089044738,6229.864209301224,6666.6101009994745,6751.482100999475,84.872,done,
462,54.12911517512926,6242.630324484218,6679.78165499866,6823.06865499866,143.287,done,
463,54.17767156696696,6255.396439667213,6693.519133996218,6823.311133996219,129.792,done,
464,54.05576390665617,6268.162554850207,6707.921781998128,6823.668781998128,115.747,done,
465,53.49248580236779,6280.928670033201,6722.3450459986925,6828.618045998693,106.273,done,
466,56.09935465900534,6293.694785216196,6736.727193001658,6823.872193001658,87.145,done,
467,9.982087444764389,6306.46090039919,6751.11439999938,6877.10139999938,125.987,done,
468,57.161147266140766,6319.227015582184,6764.629563998431,6877.659563998431,113.03,done,
469,9.422585411310314,6331.993130765179,6779.082791000605,6877.4617910006045,98.379,done,
470,9.767631478370127,6344.759245948173,6793.477706000209,6883.327706000209,89.85,done,
471,52.50235920080888,6357.525361131167,6807.838785998523,6878.292785998523,70.454,done,
472,9.734534877119238,6370.291476314162,6822.222418997437,6932.499418997437,110.277,done,
473,51.6881682579304,6383.057591497156,6835.190475996584,6933.2074759965835,98.017,done,
474,10.15147475086949,6395.823706680149,6849.623796999455,6933.6017969994555,83.978,done,
475,10.173589780189593,6408.589821863144,6863.998785000294,6933.704785000295,69.706,done,
476,51.57820986510573,6421.355937046138,6877.615081001073,6997.123081001073,119.508,done,
477,58.68853213480152,6434.122052229132,6890.937486998737,6996.792486998736,105.855,done,
478,55.869028852918994,6446.888167412127,6969.319499999285,7008.935499999285,39.616,done,
479,10.20928567045832,6459.654282595121,6905.490854997188,6997.165854997188,91.675,done,
480,9.743120421137458,6475.257312263225,6919.924423001707,6997.770423001706,77.846,done,
481,10.468310962135265,6490.8603419313295,6936.475928001106,7008.760928001106,72.285,done,
482,10.036550638255592,6506.463371599433,6952.912101998925,7009.134101998925,56.222,done,
483,9.67438281250687,6522.066401267538,6985.691799998283,7009.232799998284,23.541,done,
484,55.26505426915668,6537.669430935642,7002.2861739993095,7064.513173999309,62.227,done,
485,55.25477551214402,6553.272460603746,7019.981022000313,7122.806022000313,102.825,done,
486,9.564543007549728,6568.87549027185,7052.674172997475,7123.051172997475,70.377,done,
487,8.465867024127705,6584.478519939955,7036.353059999645,7123.166059999645,86.813,done,
488,54.28768432409164,6600.081549608059,7069.03854900226,7182.88754900226,113.849,done,
489,56.5966618212964,6615.684579276162,7085.433603998274,7182.9106039982735,97.477,done,
490,10.179071830570326,6631.287608944267,7101.9931179992855,7184.746117999285,82.753,done,
491,9.610568863074818,6646.890638612371,7118.626693997532,7242.955693997532,124.329,done,
492,10.851452620340782,6662.493668280476,7135.160920999944,7242.905920999944,107.745,done,
493,55.76090514123468,6678.096697948579,7151.158247999847,7243.335247999847,92.177,done,
494,53.031771502726365,6693.699727616684,7167.831431999803,7243.512431999802,75.681,done,
495,10.835806125472288,6709.302757284788,7183.563113998622,7300.5351139986215,116.972,done,
496,9.313897793516912,6724.905786952892,7254.294064000249,7363.013064000249,108.719,done,
497,10.23572638743143,6740.508816620996,7279.092631001025,7363.072631001025,83.98,done,
498,54.195742936055154,6752.2110888720745,7199.921916998923,7301.8979169989225,101.976,done,
499,52.12348450115637,6763.913361123153,7216.707688998431,7301.767688998431,85.06,done,
500,56.34000098241951,6775.615633374231,7228.697762999684,7302.324762999684,73.627,done,
501,9.994678044314142,6787.317905625308,7241.0650469996035,7363.322046999603,122.257,done,
502,53.766311249275,6799.020177876387,7341.044867001474,7428.544867001474,87.5,done,
503,9.813441784787448,6810.722450127465,7266.664670996368,7363.1716709963675,96.507,done,
504,52.78675267484633,6822.424722378543,7291.485508002341,7428.384508002341,136.899,done,
505,9.323784523127022,6834.126994629622,7303.963445998728,7428.469445998729,124.506,done,
506,55.4646245729392,6845.829266880699,7316.33160899952,7428.65760899952,112.326,done,
507,57.44025976561385,6857.531539131777,7328.684911001474,7428.798911001473,100.114,done,
508,9.660942050630233,6869.233811382856,7353.396161001176,7428.845161001175,75.449,done,
509,56.2632754345701,6880.936083633934,7365.865800999105,7489.464800999105,123.599,done,
510,10.340842340505766,6896.539113302038,7464.0561220012605,7553.030122001261,88.974,done,
511,9.897295539219453,6912.142142970142,7398.621161997318,7489.618161997319,90.997,done,
512,50.38455896168199,6927.745172638246,7414.993661999702,7489.720661999702,74.727,done,
513,58.53641331638119,6943.348202306351,7382.250649999827,7489.861649999827,107.611,done,
514,55.44301005286266,6958.951231974455,7431.333649996668,7552.881649996668,121.548,done,
515,9.683293405946484,6974.554261642559,7447.691811997443,7553.134811997444,105.443,done,
516,54.008399347655576,6990.157291310663,7480.414034999907,7553.181034999907,72.767,done,
517,51.33293150997927,7005.760320978768,7496.362188000232,7609.629188000232,113.267,done,
518,9.577477278242725,7021.363350646871,7600.555739998817,7669.598739998817,69.043,done,
519,52.2789352153978,7035.406077348165,7512.730838000774,7609.853838000774,97.123,done,
520,10.532231603676058,7049.448804049459,7527.125822998583,7609.810822998584,82.685,done,
521,47.33290228484091,7063.491530750753,7541.6865260005,7609.8745260005,68.188,done,
522,10.200678391251207,7077.534257452046,7556.141708999872,7669.297708999872,113.156,done,
523,10.146605010873497,7091.57698415334,7570.859178997576,7669.678178997577,98.819,done,
524,55.22500909741888,7105.619710854633,7585.653069999069,7669.339069999069,83.686,done,
525,10.15990286644045,7119.662437555927,7615.630063999444,7732.122063999444,116.492,done,
526,57.207874954085085,7133.7051642572205,7629.998725999147,7732.544725999147,102.546,done,
527,9.528776620728696,7147.747890958514,7681.560099001974,7793.436099001974,111.876,done,
528,53.95370163912446,7161.790617659808,7644.347686000168,7732.356686000168,88.009,done,
529,55.62695118845723,7172.592715122341,7658.699340999126,7732.490340999127,73.791,done,
530,54.087694712825225,7183.394812584876,7669.853234000504,7793.542234000504,123.689,done,
531,9.783539110807183,7194.196910047409,7738.5079290010035,7857.335929001004,118.828,done,
532,49.43241829023418,7204.999007509943,7750.183090999722,7857.668090999721,107.485,done,
533,10.425751137671943,7215.801104972476,7761.668365996331,7857.801365996331,96.133,done,
534,56.47685321396122,7226.60320243501,7773.105226997286,7857.896226997286,84.791,done,
535,9.965127236038104,7237.405299897544,7784.5007700026035,7857.966770002604,73.466,done,
536,55.67513098933858,7248.207397360077,7692.954797998071,7793.829797998071,100.875,done,
537,54.899251764031455,7259.009494822611,7704.299128998071,7794.039128998071,89.74,done,
538,10.014880300392532,7269.811592285145,7715.662817995995,7794.0878179959955,78.425,done,
539,50.09585411768208,7280.613689747678,7727.059349998832,7858.143349998832,131.084,done,
540,9.426480803679038,7291.415787210212,7807.225929997861,7917.458929997862,110.233,done,
541,54.96350263641205,7302.217884672746,7846.100811999291,7918.0578119992915,71.957,done,
542,10.297967267421743,7319.771293049363,7795.776623997837,7917.591623997837,121.815,done,
543,52.73239303043506,7337.32470142598,7826.674577001482,7918.364577001482,91.69,done,
544,54.43191093354209,7354.878109802597,7864.293561000377,7974.662561000377,110.369,done,
545,10.922147043581482,7372.431518179214,7881.97542199865,7975.24742199865,93.272,done,
546,53.20890919515021,7389.984926555831,7901.396041002125,7975.469041002125,74.073,done,
547,54.26626516202835,7407.538334932449,7920.038809999824,8032.121809999823,112.083,done,
548,53.93243687302905,7425.091743309066,8016.877860996872,8092.136860996872,75.259,done,
549,10.062801921917474,7442.645151685683,7939.438803002238,8032.3508030022385,92.912,done,
550,10.257389235840964,7456.687878386977,7958.883545000106,8032.6935450001065,73.81,done,
551,54.64305968448897,7470.730605088271,7973.297563999891,8091.514563999891,118.217,done,
552,10.122523532902912,7484.7733317895645,8059.945098999888,8154.072098999888,94.127,done,
553,9.999043728593849,7498.816058490858,8074.358510997146,8154.160510997146,79.802,done,
554,57.40923327916359,7512.858785192152,7988.042357999831,8091.6633579998315,103.621,done,
555,10.0548511642498,7526.901511893446,8002.463417999446,8092.400417999446,89.937,done,
556,51.940784734037706,7540.9442385947395,8031.276526998728,8153.684526998728,122.408,done,
557,54.68311306073371,7554.986965296033,8143.9164760001,8214.5164760001,70.6,done,
558,9.989858352136876,7569.029691997327,8045.499580997974,8154.510580997974,109.011,done,
559,55.601005667288895,7583.072418698621,8088.732421997935,8213.950421997935,125.218,done,
560,8.968386701485215,7603.133456843326,8103.124253001064,8214.312253001064,111.188,done,
561,9.532349160424555,7623.194494988032,8123.544553998858,8214.852553998859,91.308,done,
562,55.90532859439076,7643.255533132737,8165.4406429976225,8273.149642997623,107.709,done,
563,55.43158524057699,7663.316571277443,8185.8479410000145,8273.463941000015,87.616,done,
564,10.362152518710648,7683.3776094221475,8206.23060899973,8273.628608999728,67.398,done,
565,9.481964150481106,7703.438647566853,8226.464343000203,8329.300343000203,102.836,done,
566,9.803128922030975,7723.499685711558,8246.897516999394,8329.568516999394,82.671,done,
567,52.94119085437477,7737.542412412852,8261.299483001232,8329.737483001232,68.438,done,
568,53.17448325218122,7751.585139114146,8276.35227399692,8386.88127399692,110.529,done,
569,53.09769877534069,7765.62786581544,8290.735549997538,8387.156549997539,96.421,done,
570,10.070924827941,7779.670592516733,8305.138420000672,8387.260420000672,82.122,done,
571,10.27069532204136,7793.713319218027,8319.535718999803,8387.506718999803,67.971,done,
572,51.365835548448025,7807.756045919321,8334.431898996234,8447.616898996233,113.185,done,
573,10.32582062436428,7821.798772620615,8431.007522996515,8505.640522996515,74.633,done,
574,9.449885826110195,7835.841499321908,8348.840126000345,8447.926126000344,99.086,done,
575,55.91851959560706,7849.884226023202,8363.231846999377,8448.013846999376,84.782,done,
576,54.79660965750008,7863.926952724496,8377.618505001068,8448.371505001069,70.753,done,
577,53.1372470765027,7881.480361101113,8392.216596998274,8505.307596998275,113.091,done,
578,54.72415723212856,7899.03376947773,8411.608793001622,8505.857793001622,94.249,done,
579,53.85995970526658,7916.587177854347,8448.691754002124,8563.033754002125,114.342,done,
580,54.15889325430396,7934.140586230964,8468.236131999642,8563.085131999642,94.849,done,
581,9.506217050283327,7951.693994607582,8487.647911999375,8563.535911999375,75.888,done,
582,9.947394323890768,7969.247402984199,8505.920058000833,8620.113058000832,114.193,done,
583,10.315925266874803,7986.800811360816,8599.800484001637,8681.482484001637,81.682,done,
584,54.526766867874414,8004.354219737433,8523.672605998814,8620.329605998813,96.657,done,
585,48.69142531634087,8017.120334920427,8543.069283001125,8620.493283001126,77.424,done,
586,55.0053032446369,8029.886450103421,8557.452514998615,8681.321514998615,123.869,done,
587,9.392755899098274,8042.652565286416,8570.770294997841,8681.644294997841,110.874,done,
588,53.63594047240902,8055.41868046941,8585.324427001178,8681.551427001179,96.227,done,
589,9.818249765858296,8068.184795652404,8614.23755099997,8681.789550999969,67.552,done,
590,56.72669062423864,8080.950910835399,8627.604770999402,8742.665770999402,115.061,done,
591,52.77215703847841,8093.717026018393,8642.440368998796,8742.796368998796,100.356,done,
592,55.579431776214285,8106.483141201387,8699.843195002526,8818.756195002527,118.913,done,
593,8.585723129809708,8119.249256384382,8657.385102998465,8742.817102998466,85.432,done,
594,9.574064035630894,8132.015371567376,8672.151971001178,8742.974971001178,70.823,done,
595,11.077207320211553,8144.78148675037,8685.141715999693,8818.805715999693,133.664,done,
596,9.875707551092672,8158.824213451664,8773.996948000044,8857.616948000044,83.62,done,
597,52.41941261040702,8172.866940152958,8714.755408998579,8818.79440899858,104.039,done,
598,10.023060997460126,8186.909666854252,8729.791830997914,8819.185830997914,89.394,done,
599,53.48084807726231,8200.952393555544,8744.086247999221,8857.419247999222,113.333,done,
600,9.17194044200556,8214.995120256839,8834.849277999252,8917.651277999252,82.802,done,
601,9.655849222023331,8229.037846958132,8759.166730001569,8857.762730001568,98.596,done,
602,9.857773114190216,8243.080573659427,8788.95429699868,8857.92229699868,68.968,done,
603,55.372053900264966,8257.12330036072,8803.758107997477,8902.470107997477,98.712,done,
604,9.21582576236862,8271.166027062014,8818.764717999846,8917.404717999845,98.64,done,
605,54.93019636986438,8285.208753763307,8849.74461299926,8917.872612999261,68.128,done,
606,53.195785156371855,8300.81178343141,8865.979120001197,8973.776120001197,107.797,done,
607,52.0822206489954,8316.414813099515,8881.854503002018,8973.979503002018,92.125,done,
608,10.380253549459985,8332.01784276762,8897.827817000449,8974.154817000448,76.327,done,
609,52.005506364404496,8347.620872435724,8914.715404000133,9030.381404000133,115.666,done,
610,9.464376597719458,8363.223902103828,8930.882284998894,9030.777284998894,99.895,done,
611,50.96652811939216,8378.826931771931,8947.677616000175,9031.290616000175,83.613,done,
612,9.541706745346357,8394.429961440037,8963.618776001036,9031.579776001035,67.961,done,
613,58.60219355382287,8410.03299110814,8979.406836997718,9092.652836997717,113.246,done,
614,54.98352601943417,8425.636020776245,8996.111379995942,9093.207379995942,97.096,done,
615,9.878000557344558,8439.678747477537,9010.87924199924,9092.70024199924,81.821,done,
616,9.969338067110364,8453.721474178832,9025.86132099852,9150.97232099852,125.111,done,
617,9.438756302159783,8467.764200880127,9112.329493001103,9212.817493001103,100.488,done,
618,54.02700546812067,8481.80692758142,9040.381361998618,9151.616361998618,111.235,done,
619,9.86037892990776,8495.849654282712,9054.825202997774,9151.869202997774,97.044,done,
620,9.709797497636036,8509.892380984007,9069.259807996452,9152.087807996451,82.828,done,
621,52.65821311993764,8523.935107685302,9083.667920999227,9212.680920999228,129.013,done,
622,56.80937348454325,8537.977834386595,9170.576309997588,9272.554309997588,101.978,done,
623,10.128285476984477,8552.020561087887,9199.421128999442,9272.755128999443,73.334,done,
624,53.05969318248879,8566.063287789182,9097.930057998748,9212.801057998748,114.871,done,
625,52.61135312649928,8580.106014490477,9126.728732001036,9213.134732001037,86.406,done,
626,9.957567149864715,8594.14874119177,9141.143225997686,9272.286225997686,131.143,done,
627,52.99414532851289,8608.191467893063,9257.116387996824,9333.168387996824,76.052,done,
628,53.57976066336344,8622.234194594357,9155.972914997488,9272.602914997487,116.63,done,
629,55.85734659032958,8636.276921295652,9185.038084000347,9272.886084000347,87.848,done,
630,10.083949223312477,8650.319647996945,9213.545588001609,9333.157588001608,119.612,done,
631,9.37756207101799,8664.362374698238,9228.236076999456,9333.264076999456,105.028,done,
632,10.43025350277305,8678.405101399532,9242.70873399824,9333.59773399824,90.889,done,
633,52.75807209878718,8692.447828100827,9271.531957000494,9389.078957000494,117.547,done,
634,52.62810326061432,8706.49055480212,9287.56316300109,9389.32116300109,101.758,done,
635,9.976752600337656,8724.043963178738,9363.528464000672,9446.744464000672,83.216,done,
636,52.71800249319367,8741.597371555354,9307.025812000036,9389.323812000037,82.298,done,
637,10.028878033318266,8759.150779931972,9326.443379998207,9446.575379998207,120.132,done,
638,54.29761082892898,8776.704188308588,9439.739399001002,9503.750399001003,64.011,done,
639,10.130852247584388,8794.257596685205,9344.130093999209,9446.770093999208,102.64,done,
640,10.133559439252132,8811.811005061823,9382.881395999342,9503.652395999343,120.771,done,
641,9.41771682809855,8829.36441343844,9471.827091999352,9559.155091999351,87.328,done,
642,52.316782510843495,8846.917821815057,9400.995825000107,9503.644825000107,102.649,done,
643,11.25109123255021,8862.520851483161,9420.368939001111,9503.934939001112,83.566,done,
644,52.226172269174896,8878.123881151265,9455.447383999825,9559.265383999824,103.818,done,
645,10.05016648907107,8893.72691081937,9537.068447999656,9617.657447999656,80.589,done,
646,51.00890006390832,8909.329940487474,9488.172784000635,9559.486784000635,71.314,done,
647,54.82499246019992,8924.932970155578,9504.046045999974,9617.340045999974,113.294,done,
648,52.80283942396354,8940.535999823682,9570.397823996842,9676.544823996843,106.147,done,
649,53.43521731554898,8956.139029491787,9587.15153799951,9676.851537999511,89.7,done,
650,10.384368866689382,8971.742059159891,9520.694956000894,9617.809956000894,97.115,done,
651,56.32477338153551,8987.345088827995,9553.452446997166,9677.250446997166,123.798,done,
652,9.545433691861916,9007.4061269727,9649.899631001055,9734.249631001056,84.35,done,
653,54.75389101105687,9027.467165117405,9607.980004999788,9734.705004999789,126.725,done,
654,9.753594932923338,9047.52820326211,9629.188613999637,9734.461613999636,105.273,done,
655,51.25718972915718,9067.589241406817,9670.712262999266,9792.746262999266,122.034,done,
656,55.171669350195614,9087.650279551524,9782.290686998516,9848.015686998517,65.725,done,
657,50.71388642165801,9107.711317696228,9692.127225998787,9792.886225998787,100.759,done,
658,9.513386089201644,9127.772355840933,9712.723428998142,9793.040428998142,80.317,done,
659,50.595026522950526,9143.375385509036,9733.544083997607,9847.630083997607,114.086,done,
660,9.77242355489141,9158.97841517714,9814.79249900207,9906.08749900207,91.295,done,
661,50.52236421616664,9174.581444845246,9830.868129000068,9906.534129000067,75.666,done,
662,10.797469737488692,9190.18447451335,9749.900506999344,9847.756506999343,97.856,done,
663,55.36095003872196,9205.787504181451,9765.75694200024,9848.45894200024,82.702,done,
664,9.748540593789343,9221.390533849555,9798.307521000504,9906.942521000505,108.635,done,
665,54.84598088989225,9236.993563517664,9891.324380002916,9967.499380002915,76.175,done,
666,9.478192287468309,9252.596593185766,9846.84261599928,9967.44761599928,120.605,done,
667,49.647616332846816,9268.19962285387,9863.466706000268,9967.807706000269,104.341,done,
668,56.36840599263322,9279.901895104947,9879.34797400236,9967.92797400236,88.58,done,
669,8.716177077280234,9291.604167356028,9903.352676998824,10027.514676998824,124.162,done,
670,54.06592563391981,9303.306439607104,9915.236558001488,10028.039558001488,112.803,done,
671,8.843052120795646,9315.008711858183,10004.947174999865,10089.331174999865,84.384,done,
672,9.793128287743576,9326.71098410926,9928.010564997792,10028.287564997792,100.277,done,
673,10.17053405153575,9338.413256360338,9940.936767999085,10028.636767999085,87.7,done,
674,56.94409568406697,9350.115528611415,9953.712172999978,10029.037172999979,75.325,done,
675,56.15903106663603,9361.817800862496,9966.57785999775,10089.191859997749,122.614,done,
676,55.45433768652964,9373.520073113574,9979.299602001904,10089.837602001904,110.538,done,
677,56.51013910949183,9385.222345364651,9992.085728999227,10090.040728999227,97.955,done,
678,9.870931084047182,9396.92461761573,10016.990981999785,10150.938981999785,133.948,done,
679,55.63688375992837,9408.626889866808,10028.878280997276,10151.040280997277,122.162,done,
680,55.6138008148186,9421.393005049802,10042.242512002587,10151.092512002588,108.85,done,
681,52.643913655794165,9434.159120232796,10057.04523799941,10151.56423799941,94.519,done,
682,55.5579214007892,9446.92523541579,10071.846566997468,10151.425566997468,79.579,done,
683,10.194775588954863,9459.691350598783,10086.668648000808,10209.223648000809,122.555,done,
684,53.71884347632377,9472.45746578178,10101.126070998607,10209.918070998607,108.792,done,
685,10.81010872358842,9485.223580964774,10115.646315999327,10209.625315999327,93.979,done,
686,9.944435609423204,9497.989696147768,10130.377778995782,10210.091778995782,79.714,done,
687,10.223736443432069,9510.755811330762,10145.178881000727,10273.802881000727,128.624,done,
688,10.444315905696262,9523.521926513757,10158.87788400054,10273.67388400054,114.796,done,
689,59.50085274133957,9536.288041696753,10173.819995000958,10274.035995000959,100.216,done,
690,10.759674126893936,9549.054156879743,10188.655900996178,10274.069900996179,85.414,done,
691,50.65824346538487,9560.756429130824,10201.301689002665,10335.135689002665,133.834,done,
692,9.164324718330468,9572.458701381902,10214.150600001216,10335.148600001216,120.998,done,
693,9.992370954164125,9584.16097363298,10226.880509000272,10335.593509000271,108.713,done,
694,10.38863856392063,9595.863245884058,10239.39616099745,10335.69916099745,96.303,done,
695,52.20478726226902,9607.565518135136,10252.061569999903,10335.817569999903,83.756,done,
696,53.677884016763926,9619.267790386211,10264.884414996952,10335.895414996952,71.011,done,
697,57.29066619868664,9630.970062637292,10277.106922000648,10397.720922000648,120.614,done,
698,9.726877838346164,9642.67233488837,10289.683155998588,10397.100155998587,107.417,done,
699,53.87973410647668,9654.374607139447,10340.434772998096,10461.048772998096,120.614,done,
700,53.91052128124569,9666.076879390526,10365.566166996956,10460.943166996956,95.377,done,
701,51.71590601551749,9677.779151641604,10302.412588000298,10397.155588000298,94.743,done,
702,9.954975550469683,9689.481423892685,10315.254670999944,10397.273670999944,82.019,done,
703,10.162131570021703,9701.18369614376,10328.188910998404,10461.038910998404,132.85,done,
704,54.763751728487925,9712.88596839484,10352.95726500079,10461.532265000791,108.575,done,
705,55.40790263198807,9724.588240645917,10378.454878997058,10461.212878997057,82.758,done,
706,56.04172884247675,9736.290512896994,10390.426807001231,10461.702807001231,71.276,done,
707,52.3352882389217,9747.992785148072,10402.61847199872,10521.70047199872,119.082,done,
708,10.739100439962373,9759.69505739915,10415.453479997814,10521.943479997813,106.49,done,
709,54.67096901253995,9771.397329650228,10428.350107997656,10521.956107997656,93.606,done,
710,10.308458029323958,9783.099601901307,10441.233122002332,10522.365122002331,81.132,done,
711,54.04480232797979,9794.801874152385,10453.894048001615,10522.514048001616,68.62,done,
712,53.4467785169974,9806.504146403462,10466.652633000163,10584.026633000163,117.374,done,
713,9.342346131187153,9818.20641865454,10479.311726998538,10584.302726998538,104.991,done,
714,57.23456744200535,9829.90869090562,10492.22028600052,10584.08228600052,91.862,done,
715,8.980968294213596,9839.27050870648,10503.126286000012,10584.449286000012,81.323,done,
716,54.18561723150105,9848.632326507344,10514.168756999075,10650.763756999075,136.595,done,
717,55.772698539119695,9857.994144308206,10523.864934999496,10650.810934999496,126.946,done,
718,9.086930096064137,9867.355962109068,10631.081983998418,10716.748983998417,85.667,done,
719,9.384720651354897,9876.717779909932,10641.956368997691,10716.719368997692,74.763,done,
720,58.77149324384933,9886.079597710794,10534.827283002436,10651.279283002435,116.452,done,
721,10.088859733232097,9895.441415511656,10545.527995999902,10651.067995999903,105.54,done,
722,56.278318537308266,9904.80323331252,10556.28707299754,10651.61807299754,95.331,done,
723,10.657753578997683,9914.16505111338,10566.932918999344,10651.175918999345,84.243,done,
724,9.293368710323442,9923.526868914243,10577.85792599991,10716.20892599991,138.351,done,
725,10.125304972884148,9932.888686715109,10588.261283997446,10716.499283997446,128.238,done,
726,9.791175598785456,9942.250504515969,10598.854247000068,10717.219247000068,118.365,done,
727,53.15001713989084,9951.61232231683,10609.562061000615,10716.608061000616,107.046,done,
728,9.72157676484418,9960.974140117694,10620.267056997864,10717.101056997864,96.834,done,
729,9.133649745983464,9970.335957918556,10651.78366399929,10776.09966399929,124.316,done,
730,51.91480818282526,9987.889366295174,10669.90701200068,10776.53601200068,106.629,done,
731,55.2949194896916,10005.44277467179,10687.820323001592,10776.76332300159,88.943,done,
732,10.03929382431273,10022.996183048408,10705.811602998525,10776.649602998525,70.838,done,
733,10.569534073358994,10040.549591425024,10724.038699001074,10836.295699001073,112.257,done,
734,56.689064633962055,10058.102999801642,10742.144438996913,10836.746438996914,94.602,done,
735,10.454044469822382,10075.65640817826,10813.03897099942,10894.31997099942,81.281,done,
736,54.46220331884982,10093.209816554876,10761.838402997702,10836.701402997702,74.863,done,
737,10.009288422634832,10110.763224931494,10780.277267999949,10894.05626799995,113.779,done,
738,9.707081732040942,10124.805951632788,10872.137326996772,10952.500326996771,80.363,done,
739,9.78060582701692,10138.84867833408,10798.1410089992,10894.385008999201,96.244,done,
740,53.69684863434679,10152.891405035374,10827.927411999552,10952.49441199955,124.567,done,
741,9.638642309682394,10166.934131736669,10842.2166659981,10952.320665998099,110.104,done,
742,52.827278214133855,10180.976858437964,10857.263944000006,10952.820944000006,95.557,done,
743,57.31506250423947,10195.019585139256,10887.019719000906,11014.576719000906,127.557,done,
744,51.771643994561344,10209.06231184055,10994.548492997885,11026.737492997885,32.189,done,
745,9.68855215780993,10223.105038541844,10901.386107999831,11014.940107999832,113.554,done,
746,10.112250918993077,10237.14776524314,10916.13844499737,11015.46144499737,99.323,done,
747,9.987592023598337,10251.190491944431,10930.710556000471,11015.616556000472,84.906,done,
748,10.1035168262628,10266.793521612535,10945.375640999526,11026.261640999526,80.886,done,
749,9.811069770854289,10282.39655128064,10961.989486001432,11026.352486001431,64.363,done,
750,9.367903897158524,10297.999580948745,10977.82771800086,11026.97971800086,49.152,done,
751,54.017164156867175,10313.602610616848,11011.265087999403,11080.533087999404,69.268,done,
752,53.65480882701269,10329.205640284952,11027.141443997622,11140.198443997622,113.057,done,
753,9.308366992213893,10344.808669953056,11105.891456998885,11152.619456998884,46.728,done,
754,56.39801457984269,10360.41169962116,11043.673934001476,11140.301934001476,96.628,done,
755,10.417157557880628,10376.014729289263,11059.5478399992,11140.701839999201,81.154,done,
756,9.887485991957648,10391.617758957367,11076.394740000367,11152.402740000367,76.008,done,
757,10.188811093892236,10403.320031208446,11092.942458000034,11152.542458000034,59.6,done,
758,10.6654973727565,10415.022303459526,11118.642753001302,11152.786753001303,34.144,done,
759,9.657893308729026,10426.724575710605,11131.456271000206,11153.234271000207,21.778,done,
760,9.604520924095809,10438.426847961682,11144.039329998195,11162.756329998196,18.717,done,
761,57.08697670378748,10450.12912021276,11156.068932000548,11222.886932000547,66.818,done,
762,9.924260127910555,10461.83139246384,11168.812729999425,11280.027729999425,111.215,done,
763,9.849333124834097,10473.533664714916,11181.539230998604,11280.487230998604,98.948,done,
764,51.96129445882289,10485.235936965992,11193.972027998418,11280.495027998417,86.523,done,
765,10.026037021594034,10496.938209217073,11206.474154997615,11280.540154997616,74.066,done,
766,9.643612661627865,10508.64048146815,11219.080455001444,11347.875455001444,128.795,done,
767,53.018814224373,10520.34275371923,11231.08592100069,11347.86492100069,116.779,done,
768,10.22057394812276,10532.045025970308,11251.696630999446,11348.072630999446,96.376,done,
769,9.592666728820673,10539.066389320951,11289.89804200083,11415.018042000831,125.12,done,
770,60.25261552482469,10546.0877526716,11328.31580099836,11415.53080099836,87.215,done,
771,10.006843341292605,10553.109116022248,11243.93287099898,11348.408870998981,104.476,done,
772,11.043420128437152,10560.130479372894,11259.56491599977,11348.47591599977,88.911,done,
773,56.14381731150798,10567.15184272354,11267.38892299682,11348.889922996821,81.501,done,
774,11.117941415699327,10574.173206074189,11274.949769999832,11414.624769999831,139.675,done,
775,54.22469407391853,10581.194569424835,11358.964212998748,11483.320212998748,124.356,done,
776,52.56676829539888,10588.215932775482,11366.45295799896,11483.602957998959,117.15,done,
777,10.232361583210036,10595.237296126128,11282.401262000203,11415.170262000203,132.769,done,
778,53.7527688706103,10602.258659476774,11297.361497998238,11415.292497998238,117.931,done,
779,53.87014081001238,10609.280022827425,11304.954316001384,11415.456316001384,110.502,done,
780,56.22010151282478,10616.30138617807,11312.6574289985,11415.6874289985,103.03,done,
781,51.60524929934338,10623.322749528716,11320.426040999591,11415.909040999592,95.483,done,
782,9.677384892103037,10630.344112879364,11336.076866999269,11482.855866999269,146.779,done,
783,57.37682150664242,10637.36547623001,11343.63067400083,11484.108674000829,140.478,done,
784,9.022755452407068,10644.386839580657,11351.54908400029,11483.786084000289,132.237,done,
785,10.23896533173548,10651.408202931303,11373.963996000588,11484.503996000589,110.54,done,
786,54.35451364171158,10658.42956628195,11381.435256000608,11484.671256000609,103.236,done,
787,52.87296503343045,10665.450929632598,11389.100196998566,11485.139196998567,96.039,done,
788,55.10597926942672,10672.472292983244,11396.71345699951,11545.646456999511,148.933,done,
789,10.575526134289694,10685.23840816624,11411.228873997929,11545.926873997929,134.698,done,
790,53.99889346955823,10698.004523349233,11526.805955000222,11602.059955000223,75.254,done,
791,10.206457227016331,10710.770638532227,11425.01917700097,11545.64217700097,120.623,done,
792,9.86831479243894,10723.53675371522,11439.687018997967,11546.261018997968,106.574,done,
793,54.47492742970708,10736.302868898216,11454.534872997552,11546.446872997552,91.912,done,
794,10.157240338671691,10749.06898408121,11469.368533998728,11546.744533998728,77.376,done,
795,9.522589265758176,10761.835099264204,11483.623199999332,11601.305199999333,117.682,done,
796,9.846584341265098,10774.6012144472,11497.476690001786,11602.229690001786,104.753,done,
797,51.89098362938985,10787.367329630191,11512.227378997952,11602.599378997951,90.372,done,
798,10.48530657478055,10800.133444813187,11541.401573996993,11661.291573996992,119.89,done,
799,10.547864340285994,10812.899559996182,11554.8283040002,11661.608304000201,106.78,done,
800,55.284579395956506,10830.4529683728,11572.66318500042,11661.62118500042,88.958,done,
801,9.914632004760245,10848.006376749416,11590.556928999722,11661.658928999723,71.102,done,
802,58.0111981999137,10865.559785126034,11608.456431999804,11723.306431999805,114.85,done,
803,59.79957794971179,10883.11319350265,11628.002787999809,11723.802787999808,95.8,done,
804,9.830391572980558,10900.666601879268,11703.901673998684,11783.052673998684,79.151,done,
805,10.783455583543557,10918.220010255884,11647.650740999728,11782.709740999728,135.059,done,
806,10.0121148217443,10935.7734186325,11666.428415998816,11783.293415998816,116.865,done,
807,55.03770724887812,10953.32682700912,11684.319128997624,11783.803128997624,99.484,done,
808,52.14331017079557,10970.880235385735,11723.456477999687,11841.589477999687,118.133,done,
809,10.00459986766062,10988.433643762351,11741.89989100024,11841.96289100024,100.063,done,
810,55.94577765052337,11005.987052138971,11761.621854998171,11842.436854998172,80.815,done,
811,9.354776171409272,11023.540460515587,11781.109587997198,11899.647587997199,118.538,done,
812,54.85515938478444,11041.093868892203,11799.747816000134,11899.707816000133,99.96,done,
813,9.49581176383327,11058.647277268825,11817.564345002174,11900.061345002174,82.497,done,
814,53.56963404054321,11076.20068564544,11837.255854997784,11958.061854997784,120.806,done,
815,10.434623547382817,11093.754094022055,11855.903269000351,11957.859269000352,101.956,done,
816,10.448776352127712,11106.520209205051,11870.712836001068,11958.246836001068,87.534,done,
817,53.07083288567449,11119.286324388046,11885.552207998931,11958.30820799893,72.756,done,
818,9.885471288773166,11132.05243957104,11900.462152998894,12017.847152998895,117.385,done,
819,52.40423525305793,11144.818554754034,11914.301603998989,12018.300603998989,103.999,done,
820,55.51330094748435,11157.584669937029,11928.98034999892,12018.29234999892,89.312,done,
821,9.338170302530871,11170.35078512002,11943.744943000376,12018.387943000376,74.643,done,
822,55.786466565892496,11183.116900303015,11958.633942998946,12079.176942998945,120.543,done,
823,9.548271084914102,11195.88301548601,11972.017583001403,12078.655583001404,106.638,done,
824,10.526326757793246,11208.649130669004,11986.861342001706,12079.204342001707,92.343,done,
825,49.14719448515668,11221.415245851998,12001.794238001108,12079.469238001107,77.675,done,
826,9.264760162125082,11234.181361034993,12016.720284998417,12143.029284998416,126.309,done,
827,9.936598671322123,11244.211880107345,12027.031867999583,12144.110867999583,117.079,done,
828,58.11028785933525,11254.2423991797,12102.059722997248,12208.345722997248,106.286,done,
829,54.27667711717831,11264.27291825205,12037.730850998312,12143.719850998312,105.989,done,
830,50.92402823764375,11274.303437324405,12048.25109499693,12144.595094996928,96.344,done,
831,54.32647706524297,11284.333956396757,12058.809204999356,12144.244204999355,85.435,done,
832,53.545742278608174,11294.364475469109,12069.484191000462,12207.81919100046,138.335,done,
833,51.09877743213755,11304.39499454146,12079.821516998112,12208.651516998112,128.83,done,
834,9.525376721104408,11314.425513613814,12091.499091997744,12208.630091997744,117.131,done,
835,56.74780631844276,11324.456032686168,12112.637320999056,12209.120320999056,96.483,done,
836,9.201350111441206,11334.48655175852,12123.392114002258,12209.325114002258,85.933,done,
837,9.471179778103505,11344.517070830872,12134.195670999588,12220.191670999588,85.996,done,
838,9.862981732418405,11354.547589903224,12144.43339599669,12220.81739599669,76.384,done,
839,9.698614653211854,11364.578108975578,12156.152950000018,12221.003950000018,64.851,done,
840,10.291273004724294,11374.60862804793,12167.135715000331,12221.796715000331,54.661,done,
841,10.09771000445943,11387.374743230925,12181.94108999893,12221.48308999893,39.542,done,
842,56.57909008608256,11400.14085841392,12196.870689999312,12276.516689999313,79.646,done,
843,10.280891664883065,11412.906973596911,12209.989911001176,12340.100911001176,130.111,done,
844,10.031359749573244,11425.673088779908,12237.45001000166,12340.79001000166,103.34,done,
845,9.350744930174567,11438.439203962902,12252.11882499978,12340.713824999779,88.595,done,
846,10.287599189915456,11451.205319145896,12266.84423699975,12341.03723699975,74.193,done,
847,57.47153557548659,11463.97143432889,12295.654157999905,12401.456157999904,105.802,done,
848,54.07612273359297,11476.737549511883,12325.241487000138,12402.094487000137,76.853,done,
849,52.81623742646112,11489.50366469488,12222.83554700017,12341.17354700017,118.338,done,
850,9.632282650975904,11502.269779877874,12280.802051998677,12401.582051998677,120.78,done,
851,56.24823358591234,11515.035895060868,12357.344912998378,12462.672912998378,105.328,done,
852,10.515968646902138,11530.638924728972,12310.49147099629,12402.01047099629,91.519,done,
853,55.74915543782363,11546.241954397075,12341.325964998454,12462.860964998454,121.535,done,
854,53.84891176801241,11561.84498406518,12439.673014998436,12519.277014998435,79.604,done,
855,55.80016493578879,11577.448013733285,12374.152442000806,12462.878442000807,88.726,done,
856,51.48630928719381,11593.051043401389,12390.907774999738,12463.162774999737,72.255,done,
857,9.40578651607722,11608.654073069492,12407.130816999825,12519.087816999825,111.957,done,
858,54.16792936909898,11624.257102737598,12487.245226997882,12531.899226997883,44.654,done,
859,10.884293226266848,11639.860132405702,12422.944972001016,12519.536972001017,96.592,done,
860,9.967317037544856,11655.463162073806,12456.522877000272,12531.826877000272,75.304,done,
861,10.966916471587258,11668.2292772568,12472.45166900009,12532.102669000089,59.651,done,
862,9.328742640335804,11680.995392439794,12502.091891996562,12532.300891996563,30.209,done,
863,9.691214114068478,11693.761507622788,12516.876442998648,12541.988442998647,25.112,done,
864,10.719354757035816,11706.527622805785,12530.788901999593,12552.722901999592,21.934,done,
865,54.23414174711448,11719.293737988775,12543.9532870017,12607.4092870017,63.456,done,
866,52.84172329708076,11732.059853171771,12572.095939997584,12667.615939997584,95.52,done,
867,9.535303344691007,11744.825968354766,12630.180044997483,12728.433044997484,98.253,done,
868,57.01804049265459,11757.59208353776,12642.928971998394,12729.045971998394,86.117,done,
869,9.287905640115117,11770.358198720754,12557.613269001244,12668.089269001244,110.476,done,
870,9.509590255138365,11783.124313903749,12586.74670600146,12668.07870600146,81.332,done,
871,53.8284046928621,11795.890429086743,12601.552440997211,12728.34444099721,126.792,done,
872,54.49719194501246,11807.59270133782,12692.925883997232,12786.031883997231,93.106,done,
873,10.343929173366345,11819.2949735889,12615.465704999864,12729.192704999865,113.727,done,
874,53.3908183399294,11830.997245839975,12655.457715999337,12729.547715999337,74.09,done,
875,10.593569193488392,11842.699518091056,12668.04388999939,12786.23488999939,118.191,done,
876,10.520849855175348,11854.401790342134,12768.698005996644,12848.669005996644,79.971,done,
877,50.77219608521109,11866.104062593213,12680.218551997095,12786.752551997095,106.534,done,
878,9.068426010451311,11877.80633484429,12705.782710000873,12787.003710000872,81.221,done,
879,55.81043811834459,11889.508607095368,12718.61150899902,12848.589508999019,129.978,done,
880,55.093355944340445,11901.210879346449,12730.47193299979,12848.49093299979,118.019,done,
881,52.96817668995416,11912.913151597524,12743.24881600216,12849.52581600216,106.277,done,
882,10.04777663474364,11924.615423848603,12755.882440000772,12849.154440000773,93.272,done,
883,53.50430587063746,11936.31769609968,12781.59809999913,12905.89209999913,124.294,done,
884,52.68974294891699,11949.083811282677,12794.720183998346,12906.025183998347,111.305,done,
885,52.16210372990204,11961.84992646567,12809.406116001308,12906.246116001308,96.84,done,
886,9.919402124866217,11974.616041648664,12824.171441998333,12906.019441998333,81.848,done,
887,52.704399941297886,11987.382156831658,12839.011193998158,12969.203193998157,130.192,done,
888,53.40109113730033,12000.148272014652,12852.2808570005,12969.0738570005,116.793,done,
889,10.165013424003163,12012.914387197648,12866.62003499642,12969.52303499642,102.903,done,
890,56.82799694588509,12025.68050238064,12881.004809997976,12969.717809997976,88.713,done,
891,9.686157476148646,12038.446617563635,12895.31276300177,12969.93676300177,74.624,done,
892,50.30417126979528,12051.21273274663,12908.234148997812,13030.267148997811,122.033,done,
893,56.23455807749147,12063.978847929624,12977.58462599665,13097.22262599665,119.638,done,
894,53.686417510067855,12076.744963112618,13019.059744000437,13097.438744000438,78.379,done,
895,53.81811978155056,12086.10678091348,12922.56105799973,13030.32005799973,107.759,done,
896,10.109165939934304,12095.468598714344,12936.918894000351,13030.407894000351,93.489,done,
897,9.974594508067518,12104.830416515206,12947.262814000249,13030.44481400025,83.182,done,
898,57.26403721512306,12114.192234316068,12957.612122002987,13097.060122002988,139.448,done,
899,55.23403505037878,12123.554052116931,13060.03186999634,13157.49286999634,97.461,done,
900,9.927020162750477,12132.915869917791,12967.932626001537,13097.201626001537,129.269,done,
901,9.745755748780631,12142.277687718655,12987.989640999584,13097.447640999584,109.458,done,
902,9.372091530711277,12151.63950551952,12998.312302999198,13097.546302999199,99.234,done,
903,52.97941495738772,12161.00132332038,13008.686322998255,13097.770322998256,89.084,done,
904,52.67461127830762,12170.363141121245,13029.414225999266,13157.624225999265,128.21,done,
905,10.412933494345792,12179.724958922106,13039.217516001314,13157.448516001314,118.231,done,
906,53.18508361465693,12189.086776722968,13049.643212996423,13157.694212996423,108.051,done,
907,9.5164269927835,12198.44859452383,13070.46560099721,13157.980600997209,87.515,done,
908,9.680026827899637,12207.810412324694,13080.894979000092,13157.968979000092,77.074,done,
909,9.401422495452806,12217.172230125556,13091.305196996778,13168.982196996778,77.677,done,
910,10.094770466758348,12232.77525979366,13108.45300000161,13169.030000001609,60.577,done,
911,9.488573777596637,12248.378289461763,13124.828836999834,13169.259836999834,44.431,done,
912,9.939045490987017,12263.981319129867,13141.159414999189,13169.150414999189,27.991,done,
913,9.97947533361214,12279.584348797973,13157.505770999938,13179.160770999939,21.655,done,
914,9.822772507235776,12295.187378466077,13174.088719997557,13189.852719997556,15.764,done,
915,9.64693253312702,12310.79040813418,13190.005180999637,13212.400180999637,22.395,done,
916,10.49027037058678,12326.393437802286,13206.619642999023,13226.389642999024,19.77,done,
917,52.3530062940879,12341.99646747039,13223.475724998862,13286.44472499886,62.969,done,
918,52.85758785041752,12357.599497138492,13254.441406998783,13342.476406998783,88.035,done,
919,10.82280210967712,12371.642223839786,13239.605941999704,13342.685941999704,103.08,done,
920,9.57088698870844,12385.68495054108,13269.35579400137,13343.02379400137,73.668,done,
921,56.5433764955702,12399.727677242376,13284.102003999054,13406.186003999055,122.084,done,
922,58.875023019949055,12413.770403943668,13388.330793000758,13469.896793000758,81.566,done,
923,53.2458299116504,12427.81313064496,13298.95534799993,13406.43934799993,107.484,done,
924,10.587609800253292,12441.855857346256,13313.9749609977,13406.753960997701,92.779,done,
925,53.66752274353247,12455.89858404755,13328.880673997104,13407.000673997105,78.12,done,
926,58.4515115621027,12469.941310748844,13343.511859998109,13469.884859998108,126.373,done,
927,55.31555776704356,12483.984037450136,13416.591212999076,13526.310212999075,109.719,done,
928,10.55945290649065,12498.026764151433,13431.141632001849,13526.378632001848,95.237,done,
929,10.25129270980675,12510.792879334424,13358.57594999671,13469.99594999671,111.42,done,
930,8.93291286366847,12523.55899451742,13373.367062997071,13470.10406299707,96.737,done,
931,9.5863539555113,12536.325109700414,13403.326395001262,13526.352395001262,123.026,done,
932,52.519796338216416,12549.091224883408,13488.582450002432,13590.330450002431,101.748,done,
933,57.13531144166317,12561.857340066405,13502.8911969997,13590.1371969997,87.246,done,
934,52.26217172913288,12574.623455249395,13445.911371998489,13526.706371998489,80.795,done,
935,51.05366831666642,12587.389570432391,13460.798537999392,13590.201537999392,129.403,done,
936,53.343103666538205,12600.155685615386,13567.729274000973,13654.042274000973,86.313,done,
937,10.392383200453986,12612.92180079838,13474.23981899768,13590.80381899768,116.564,done,
938,54.306923883622126,12625.687915981374,13517.206507001072,13591.297507001073,74.091,done,
939,54.662109983444246,12638.454031164369,13530.703308999538,13654.152308999539,123.449,done,
940,56.670678357729386,12649.256128626905,13545.08393099904,13654.57093099904,109.487,done,
941,9.613664197782244,12660.058226089435,13635.756138999015,13718.345138999015,82.589,done,
942,57.53283512582875,12670.86032355197,13556.40258700028,13654.75158700028,98.349,done,
943,10.552994434727752,12681.662421014502,13579.107701998204,13654.282701998203,75.175,done,
944,10.115145636928798,12692.464518477036,13590.520610999316,13717.728610999317,127.208,done,
945,55.72328619859461,12703.26661593957,13601.766313999891,13717.847313999891,116.081,done,
946,52.92696085474813,12714.068713402105,13613.109021000564,13719.024021000565,105.915,done,
947,56.02854277642548,12724.870810864635,13624.440241001546,13718.619241001546,94.179,done,
948,55.13689774845834,12735.672908327171,13647.139531999826,13718.961531999827,71.822,done,
949,10.642635331550531,12746.475005789704,13658.289133999497,13780.089133999496,121.8,done,
950,10.900936040211024,12757.277103252238,13669.619013998656,13780.255013998656,110.636,done,
951,10.100723615371232,12768.07920071477,13680.944074001163,13781.056074001162,100.112,done,
952,56.06804933299573,12778.881298177304,13692.276711001992,13780.579711001992,88.303,done,
953,52.18328822375136,12788.911817249656,13702.591288998725,13780.821288998724,78.23,done,
954,9.756705703539044,12798.94233632201,13712.966899998486,13841.991899998486,129.025,done,
955,54.36379796672054,12808.972855394362,13723.549396000804,13841.654396000804,118.105,done,
956,52.59762684950548,12819.003374466714,13734.614796996117,13842.545796996117,107.931,done,
957,10.312455700080411,12829.033893539068,13745.325577996671,13842.23457799667,96.909,done,
958,10.191974037139508,12839.06441261142,13756.03838700056,13843.042387000562,87.004,done,
959,10.750294187714696,12849.094931683772,13766.546365000308,13843.101365000308,76.555,done,
960,54.71570707911557,12859.125450756126,13777.176717001945,13904.549717001944,127.373,done,
961,9.04772817595174,12869.155969828478,13788.16715399921,13905.717153999209,117.55,done,
962,9.147991902638248,12879.186488900832,13798.831335000694,13904.965335000694,106.134,done,
963,54.97270075832022,12889.217007973184,13809.629730001092,13905.318730001092,95.689,done,
964,9.247319749910623,12899.247527045536,13820.41187299788,13906.68987299788,86.278,done,
965,9.701731843429794,12909.27804611789,13830.86434899643,13906.349348996431,75.485,done,
966,10.580930703875994,12919.308565190242,13841.310076002032,13966.348076002032,125.038,done,
967,55.41834103470855,12932.074680373236,13855.174089998009,13966.564089998008,111.39,done,
968,9.873287143593162,12944.84079555623,13870.07580599934,13967.329805999341,97.254,done,
969,57.04003909188961,12957.606910739223,13885.05083400011,13966.94383400011,81.893,done,
970,56.49434339428839,12970.37302592222,13899.951352998614,14027.168352998615,127.217,done,
971,54.20563441129705,12983.139141105214,13913.94117999822,14027.604179998221,113.663,done,
972,53.32036505241512,12995.905256288208,13999.943793997169,14088.993793997168,89.05,done,
973,55.01490367620559,13008.671371471202,13928.929396998135,14027.572396998135,98.643,done,
974,10.86700229569218,13021.437486654197,13943.714619997889,14027.95061999789,84.236,done,
975,9.800497510047837,13034.203601837193,13958.697797000408,14088.679797000408,129.982,done,
976,55.30419240874858,13046.969717020183,14074.16706899926,14100.88006899926,26.713,done,
977,52.38787451474136,13059.73583220318,13985.078945998102,14089.471945998102,104.393,done,
978,10.057385298884238,13073.778558904472,14014.876370999962,14089.620370999963,74.744,done,
979,10.203866358334476,13087.821285605767,13972.05219399929,14090.00519399929,117.953,done,
980,9.66699912158655,13101.864012307062,14029.86479799822,14100.70679799822,70.842,done,
981,10.404475176706006,13115.906739008356,14044.474801998584,14100.891801998583,56.417,done,
982,9.30308470988428,13129.949465709647,14059.24317099899,14101.042170998991,41.799,done,
983,55.383857412415,13143.992192410942,14089.106482997537,14156.000482997537,66.894,done,
984,9.430722924179646,13158.034919112237,14104.230843000114,14167.756843000114,63.526,done,
985,10.078716470734676,13172.07764581353,14133.597651999444,14167.973651999444,34.376,done,
986,9.72415654124387,13186.120372514824,14118.88047400117,14168.19447400117,49.314,done,
987,9.764785475218856,13200.163099216115,14148.300147999078,14177.953147999078,29.653,done,
988,9.825110731736643,13210.19361828847,14159.00659199804,14178.043591998041,19.037,done,
989,53.59059863841277,13220.224137360825,14169.251485999674,14231.846485999673,62.595,done,
990,57.78492436672037,13230.254656433175,14180.114002998918,14296.125002998919,116.011,done,
991,9.275307920073722,13240.285175505527,14190.606011997908,14296.368011997909,105.762,done,
992,9.177838252103443,13250.31569457788,14201.284240998328,14296.431240998329,95.147,done,
993,10.28404124113468,13260.346213650231,14211.911685999485,14296.405685999485,84.494,done,
994,9.589753438549444,13270.376732722589,14222.756120000036,14296.826120000036,74.07,done,
995,9.453219204661105,13280.40725179494,14244.528605997562,14356.682605997563,112.154,done,
996,10.681320427563255,13290.437770867293,14266.0906919986,14356.900691998599,90.81,done,
997,55.8435600454329,13300.468289939645,14255.34283099696,14357.18083099696,101.838,done,
998,55.686467411498136,13310.498809011997,14233.849144998938,14357.477144998938,123.628,done,
