#{"batch_latencies":"/workdir/Trace/workload/batch/translation/translation_fsmt_wmt_batch_tmp.csv","bucketing":true,"buckets":"/workdir/Trace/log/azure/translation/fsmt_wmt/buckets.csv","debug":false,"host":"localhost","max_b":8,"num_io":5,"output":"/workdir/Trace/log/azure/translation/fsmt_wmt/1_x_P99/legacy_bucketing/output.csv","port":"12346","prepare_only":false,"reqs":"/workdir/Trace/log/azure/translation/fsmt_wmt/jobs.bucketed.csv","shared_tmp":"/workdir/models","shepherd_bucketing":false,"slo_ms":498,"verbose":false}
JobId,Length,Admitted,Started,Finished,Latency,State,EStatus
0,152.404,2.6166,11.4749,199.923,197.307,done,
1,230.335,76.3324,147.881,447.855,371.523,done,
2,282.138,150.081,336.771,730.127,580.047,done,
3,172.677,224.079,336.775,730.127,506.049,done,
4,230.785,297.644,584.93,961.072,663.428,done,
5,118.552,371.482,584.933,961.072,589.59,done,
6,169.992,494.638,-1.63704e+12,987.65,493.012,error,4
7,229.162,616.82,867.204,1190.33,573.506,done,
8,95.9047,740.637,-1.63704e+12,1233.65,493.008,error,7
9,87.8462,802.163,-1.63704e+12,1295.16,492.994,error,7
10,193.621,863.668,-1.63704e+12,1356.69,493.019,error,7
12,202.744,986.728,1181.2,1393.34,406.61,done,
13,54.1307,1048.25,1181.2,1393.34,345.086,done,
14,107.362,1109.8,1181.2,1393.34,283.538,done,
15,155.196,1162.56,1181.2,1393.34,230.777,done,
11,342.294,925.577,-1.63704e+12,1418.6,493.021,error,4
16,149.282,1215.24,1369.08,1545.6,330.357,done,
17,152.1,1267.96,1369.08,1545.6,277.639,done,
19,138.352,1373.6,1545.61,1690.03,316.427,done,
20,136.49,1426.31,1545.61,1690.03,263.715,done,
18,314.056,1320.74,-1.63704e+12,1813.77,493.032,error,7
22,121.707,1571.48,1690.07,1817.13,245.645,done,
23,58.6,1663.5,1690.07,1817.13,153.629,done,
21,496.964,1478.31,-1.63704e+12,1971.34,493.028,error,4
24,177.959,1755.78,1817.14,1998,242.22,done,
25,363.005,1847.84,1998,2362.39,514.556,done,
26,78.0579,1921.92,-1.63704e+12,2414.93,493.011,error,4
27,269.457,1995.73,-1.63704e+12,2488.75,493.017,error,4
29,188.63,2143.38,-1.63704e+12,2636.4,493.018,error,7
28,329.806,2068.85,2301.74,2692.24,623.389,done,
30,352.299,2217.35,-1.63704e+12,2710.37,493.022,error,4
31,421.003,2290.43,-1.63704e+12,2783.44,493.006,error,4
32,143.966,2364.91,-1.63704e+12,2857.92,493.005,error,7
33,93.9844,2438.84,2581.46,3001.41,562.572,done,
34,309.017,2512.6,2581.47,3001.41,488.81,done,
35,83.2439,2586.38,-1.63704e+12,3079.4,493.018,error,7
36,468.911,2678.07,-1.63704e+12,3171.12,493.046,error,4
37,177.103,2771.04,2955.32,3178.58,407.544,done,
38,434.633,2862.87,-1.63704e+12,3355.88,493.014,error,4
40,71.5647,3029.46,3178.61,3421.43,391.962,done,
41,240.582,3103.22,3178.61,3421.43,318.203,done,
39,148.603,2955.51,-1.63704e+12,3448.54,493.03,error,7
42,184.657,3177.03,-1.63704e+12,3670.03,493.005,error,7
43,282.234,3250.93,3421.45,3705.88,454.951,done,
44,109.702,3324.74,3421.45,3705.88,381.134,done,
45,363.285,3398.89,-1.63704e+12,3891.91,493.02,error,4
47,116.094,3546.3,3705.89,3922.75,376.45,done,
48,213.101,3619.99,3705.9,3922.75,302.757,done,
46,294.559,3471.56,-1.63704e+12,3964.55,492.999,error,4
50,156.284,3767.69,3922.77,4081.33,313.636,done,
52,128.598,3915.4,3922.77,4081.33,165.927,done,
49,177.919,3693.89,-1.63704e+12,4186.91,493.02,error,7
53,212.803,3989.18,4081.35,4297.78,308.601,done,
54,135.426,4063.06,4081.36,4297.78,234.717,done,
51,267.345,3840.9,-1.63704e+12,4333.92,493.012,error,4
55,47.1432,4124.57,4297.78,4398.62,274.049,done,
56,97.2513,4186.07,4297.78,4398.62,212.546,done,
57,381.828,4246.95,4398.62,4782.93,535.979,done,
58,246.906,4308.89,-1.63704e+12,4801.91,493.018,error,4
59,94.6763,4370.65,-1.63704e+12,4863.67,493.014,error,7
60,160.728,4432.31,4704.52,4984.38,552.068,done,
61,201.168,4506.03,4704.52,4984.38,478.345,done,
62,157.585,4579.8,4704.52,4984.38,404.58,done,
63,127.883,4653.67,4704.53,4984.38,330.706,done,
65,156.347,4801.36,4975.72,5140.84,339.478,done,
66,65.9575,4875.21,4975.72,5140.84,265.63,done,
64,39.0073,4727.49,-1.63704e+12,5220.49,493.002,error,7
68,89.3146,5022.82,5140.86,5270.52,247.707,done,
69,127.446,5096.67,5140.86,5270.52,173.849,done,
70,158.896,5170.48,5270.53,5433.05,262.576,done,
67,226.349,4948.97,-1.63704e+12,5441.98,493,error,7
71,232.189,5261.55,5433.06,5666.33,404.777,done,
74,169.798,5539.62,5666.36,5839.54,299.916,done,
75,170.953,5601.22,5666.37,5839.54,238.316,done,
72,135.385,5355.08,-1.63704e+12,5848.09,493.01,error,7
73,207.183,5447.42,-1.63704e+12,5940.42,493.004,error,7
77,530.294,5723,-1.63704e+12,6216.01,493.01,error,4
78,151.729,5785.84,-1.63704e+12,6278.84,492.998,error,7
76,481.029,5663.01,5839.55,6322.2,659.194,done,
80,194.719,5908.78,-1.63704e+12,6401.78,493.004,error,4
79,163.356,5847.44,6085.9,6485.65,638.209,done,
81,62.3365,6001.19,-1.63704e+12,6494.2,493.015,error,7
84,67.1477,6278.02,6485.69,6554.39,276.374,done,
82,127.295,6093.46,-1.63704e+12,6586.48,493.023,error,7
83,88.1035,6185.78,-1.63704e+12,6678.79,493.012,error,7
85,282.431,6400.27,6554.4,6838.09,437.821,done,
88,164.152,6739.36,6838.11,7004.49,265.125,done,
89,64.5181,6831.7,6838.11,7004.49,172.793,done,
86,281.366,6523.39,-1.63704e+12,7016.39,493.003,error,4
87,186.525,6647.15,-1.63704e+12,7140.16,493.011,error,7
90,317.808,6923.94,7004.49,7325.55,401.614,done,
91,90.4855,7016.29,-1.63704e+12,7509.31,493.023,error,7
92,96.7385,7108.67,7221.91,7661.61,552.937,done,
93,335.856,7200.84,7221.91,7661.61,460.768,done,
94,160.488,7293.16,-1.63704e+12,7786.18,493.021,error,7
96,150.217,7508.57,7594.25,7811.92,303.348,done,
95,105.837,7385.61,-1.63704e+12,7878.61,493.007,error,7
98,127.093,7754.62,7811.93,7940.54,185.912,done,
99,151.188,7828.47,7940.54,8093.96,265.488,done,
100,133.553,7902.33,7940.55,8093.96,191.629,done,
97,486.758,7630.92,-1.63704e+12,8123.93,493.011,error,4
101,39.6941,7976.06,8093.96,8412.81,436.742,done,
102,315.072,8049.91,8093.96,8412.81,362.897,done,
103,135.024,8123.72,-1.63704e+12,8616.74,493.021,error,7
105,218.029,8271.39,8409.02,8630.9,359.516,done,
106,171.834,8345.27,8409.02,8630.9,285.637,done,
104,184.748,8197.85,-1.63704e+12,8690.86,493.014,error,7
108,260.859,8492.89,8630.92,8893.97,401.084,done,
109,215.289,8566.73,8630.92,8893.97,327.241,done,
107,36.0524,8419.09,-1.63704e+12,8912.1,493.019,error,7
110,342.889,8640.95,-1.63704e+12,9133.96,493.017,error,4
112,239.845,8788.24,8893.99,9137.51,349.265,done,
113,165.593,8862.04,8894,9137.51,275.461,done,
111,140.468,8714.39,-1.63704e+12,9207.4,493.011,error,7
115,82.042,9009.76,9137.52,9274.96,265.202,done,
116,132.283,9083.59,9137.53,9274.96,191.37,done,
114,76.902,8935.87,-1.63704e+12,9428.87,493.004,error,7
117,110.77,9157.31,-1.63704e+12,9650.34,493.033,error,4
118,470.871,9231.52,9274.98,9750.07,518.547,done,
119,150.981,9283.95,-1.63704e+12,9776.97,493.021,error,7
120,236.724,9336.7,-1.63704e+12,9829.72,493.014,error,7
121,45.9561,9389.42,9656.34,9923.34,533.917,done,
122,24.0793,9442.19,9656.34,9923.34,481.153,done,
123,116.577,9494.85,9656.34,9923.34,428.492,done,
124,173.02,9547.56,9656.34,9923.34,375.783,done,
125,179.621,9600.32,-1.63704e+12,10093.3,493.007,error,7
128,215.888,9821.84,9923.39,10144.6,322.802,done,
129,51.2271,9895.89,9923.39,10144.6,248.749,done,
126,124.779,9674.3,-1.63704e+12,10167.3,493.019,error,7
127,171.035,9748.02,-1.63704e+12,10241,493.007,error,7
131,276.969,10031.1,10144.7,10425.2,394.101,done,
132,69.9729,10092.5,10144.7,10425.2,332.632,done,
130,458.209,9968.78,-1.63704e+12,10461.8,493.004,error,4
133,543.132,10154.6,-1.63704e+12,10647.7,493.017,error,4
134,146.461,10215.6,-1.63704e+12,10708.6,493.02,error,8
135,356.242,10276.8,10425.2,10783.2,506.386,done,
136,125.639,10338.7,-1.63704e+12,10831.7,493.017,error,7
137,264.718,10413,-1.63704e+12,10906,493.036,error,7
138,402.19,10485.7,-1.63704e+12,10978.7,493.017,error,4
139,99.401,10560.2,10700.4,10997,436.844,done,
140,213.647,10634.2,10700.4,10997,362.856,done,
141,199.615,10707.8,-1.63704e+12,11200.9,493.02,error,7
143,256.446,10892.4,10997.1,11258.8,366.413,done,
144,234.971,10985,10997.1,11258.8,273.848,done,
142,229.667,10800.1,-1.63704e+12,11293.1,493.03,error,7
146,81.6524,11200,11258.8,11343.7,143.668,done,
145,164.592,11077,-1.63704e+12,11570,493.01,error,7
147,255.73,11323.2,11343.7,11600.9,277.714,done,
148,70.5627,11446.2,11600.9,11777.5,331.304,done,
149,174.375,11569.2,11600.9,11777.5,208.309,done,
150,148.428,11692.2,11777.5,11928.1,235.899,done,
151,185.682,11814.5,11928.1,12115.1,300.573,done,
152,156.027,11907.7,-1.63704e+12,12400.7,493.01,error,4
153,334.166,11999,12115.1,12451,451.943,done,
154,27.2944,12092.4,-1.63704e+12,12585.5,493.01,error,7
156,221.908,12307.5,12433.6,12673.1,365.584,done,
157,188.348,12430.5,12433.6,12673.1,242.54,done,
155,272.504,12183.6,-1.63704e+12,12676.7,493.01,error,4
159,24.6539,12615.1,12673.1,12699.9,84.828,done,
160,301.739,12676.7,12699.9,13003.2,326.448,done,
158,190.654,12553.9,-1.63704e+12,13046.9,493.016,error,4
163,211.283,12861.3,13002.6,13216.1,354.86,done,
161,401.715,12738.5,-1.63704e+12,13231.6,493.022,error,4
162,375.518,12799.3,-1.63704e+12,13292.3,493.017,error,4
165,145.087,13015.1,13216.2,13377.4,362.303,done,
166,158.967,13107.4,13216.2,13377.4,270.005,done,
164,367.959,12921.9,-1.63704e+12,13415,493.023,error,4
167,151.714,13199.7,13377.4,13534.1,334.363,done,
168,80.6879,13292,13377.4,13534.1,242.048,done,
169,55.6533,13384.2,13534.1,13811.5,427.252,done,
170,272.149,13476.4,13534.1,13811.5,335.022,done,
172,139.249,13661.1,13799.7,13951,289.852,done,
173,109.251,13753.4,13799.7,13951,197.571,done,
171,109.606,13568.8,-1.63704e+12,14061.8,493,error,7
174,90.0941,13845.7,13951,14166.9,321.224,done,
175,211.077,13937.9,13951,14166.9,228.951,done,
176,195.305,14030.2,14166.9,14364.3,334.053,done,
178,186.249,14214.9,14364.3,14552.8,337.893,done,
179,69.494,14307.1,14364.3,14552.8,245.648,done,
177,325.422,14121.7,-1.63704e+12,14614.8,493.025,error,4
180,92.31,14399.4,14552.8,14676.8,277.448,done,
181,120.398,14424,14552.8,14676.8,252.806,done,
182,90.513,14448.7,14552.8,14676.8,228.146,done,
183,98.7704,14473.3,14552.8,14676.8,203.505,done,
184,220.936,14497.8,14676.8,14907.7,409.843,done,
185,90.1964,14522.5,14676.8,14907.7,385.189,done,
186,183.13,14547.1,14676.8,14907.7,360.584,done,
187,224.103,14571.7,14676.8,14907.7,335.957,done,
188,220.194,14596.3,14869.9,15128.3,531.943,done,
189,93.8503,14620.9,14869.9,15128.3,507.369,done,
190,135.025,14645.5,14869.9,15128.3,482.735,done,
191,171.732,14670.1,14869.9,15128.3,458.174,done,
192,194.082,14695,-1.63704e+12,15188.1,493.01,error,4
193,155.925,14719.5,-1.63704e+12,15212.5,493.019,error,4
194,67.081,14744,-1.63704e+12,15237,493.021,error,4
195,97.4265,14768.7,-1.63704e+12,15261.7,493.021,error,4
196,245.074,14842.4,-1.63704e+12,15335.4,492.991,error,4
197,145.544,14916.3,-1.63704e+12,15409.3,493.018,error,4
198,328.005,14989.2,15100.5,15456.3,467.098,done,
199,210.986,15063.9,-1.63704e+12,15556.9,493.031,error,4
200,144.442,15137.7,-1.63704e+12,15630.7,493.025,error,4
201,204.612,15211.8,-1.63704e+12,15704.8,493.007,error,4
203,271.293,15359.3,15452.4,15727.7,368.403,done,
202,165.382,15284.7,-1.63704e+12,15777.7,493.005,error,4
204,372.8,15433.1,-1.63704e+12,15926.1,493.019,error,4
206,129.377,15599.2,15727.7,15967.8,368.607,done,
207,237.777,15691.5,15727.7,15967.8,276.336,done,
205,117.174,15506.8,-1.63704e+12,15999.8,492.999,error,7
208,128.449,15783.7,15967.8,16098.5,314.777,done,
209,118.707,15876,15967.8,16098.5,222.493,done,
211,107.692,15981.6,16098.5,16209.9,228.395,done,
212,69.4592,16034.2,16098.5,16209.9,175.74,done,
210,271.393,15928.1,-1.63704e+12,16421.1,493.018,error,4
213,403.889,16086.5,16210,16615.9,529.405,done,
214,64.5276,16139.8,-1.63704e+12,16632.8,493.032,error,7
215,174.233,16192.4,-1.63704e+12,16685.4,493.011,error,7
216,88.6751,16245.3,-1.63704e+12,16738.3,493.011,error,7
217,316.067,16319,-1.63704e+12,16812,493.027,error,7
219,218.461,16466.7,16556.7,16834.4,367.708,done,
220,96.1372,16540.5,16556.7,16834.4,293.912,done,
218,218.296,16392.2,-1.63704e+12,16885.2,493.023,error,4
221,150.873,16614.4,16834.4,16988,373.618,done,
223,72.9285,16762,16834.4,16988,225.977,done,
222,460.366,16688.5,-1.63704e+12,17181.5,493.006,error,4
224,203.103,16836.4,16988,17193.4,356.974,done,
225,72.6694,16909.6,16988,17193.4,283.725,done,
226,48.6175,16983.6,17193.4,17326.1,342.496,done,
228,129.108,17168.1,17193.4,17326.1,157.918,done,
229,60.6963,17260.4,17326.1,17388.9,128.461,done,
227,205.317,17076.1,-1.63704e+12,17569.1,493,error,4
230,321.064,17352.2,17388.9,17711.2,359.018,done,
231,164.463,17444.2,-1.63704e+12,17937.2,493.016,error,4
232,293.838,17537.2,17711.2,18007.3,470.096,done,
233,196.44,17629.6,17711.3,18007.3,377.77,done,
234,198.998,17721.8,17937.8,18226.5,504.689,done,
235,219.008,17783.3,17937.8,18226.5,443.17,done,
236,112.734,17844.9,-1.63704e+12,18337.9,492.981,error,7
237,165.884,17906.4,-1.63704e+12,18399.4,493.027,error,7
238,313.44,17967.7,-1.63704e+12,18460.7,493.032,error,4
239,78.7468,18029.5,18226.5,18466,436.571,done,
240,237.301,18091,18226.5,18466,375.086,done,
244,170.819,18460.1,18466.1,18639.1,178.962,done,
241,235.552,18183.3,-1.63704e+12,18676.3,493.011,error,7
242,293.465,18274.8,-1.63704e+12,18767.8,493.038,error,4
245,150.879,18534,18639.1,18792.2,258.235,done,
246,73.7292,18607.7,18639.1,18792.2,184.486,done,
243,181.292,18368.2,-1.63704e+12,18861.2,493.027,error,4
247,27.7542,18681.6,18792.2,18958.5,276.865,done,
248,163.958,18755.6,18792.2,18958.5,202.87,done,
249,144.893,18829.2,18958.5,19134.8,305.563,done,
250,172.644,18882.1,18958.5,19134.8,252.732,done,
251,119.271,18934.7,19134.8,19425.7,490.979,done,
252,128.776,18987.5,19134.8,19425.7,438.216,done,
253,287.207,19040.5,19134.8,19425.7,385.274,done,
254,125.091,19093.2,19134.8,19425.7,332.574,done,
257,159.767,19290.8,19349.4,19585.6,294.786,done,
255,144.968,19145.8,-1.63704e+12,19638.8,493.007,error,7
256,357.408,19197.6,-1.63704e+12,19690.6,493.017,error,4
258,59.0086,19382.9,19585.6,19728.2,345.24,done,
259,140.342,19475.3,19585.6,19728.2,252.869,done,
261,248.666,19641.6,19728.2,19979.1,337.49,done,
262,195.654,19715.2,19728.2,19979.1,263.955,done,
260,171.664,19566.8,-1.63704e+12,20059.8,493.004,error,4
263,162.924,19789.1,19979.1,20344.7,555.567,done,
264,359.619,19862.9,19979.1,20344.7,481.758,done,
265,69.5006,19936.8,-1.63704e+12,20429.9,493.033,error,7
267,109.287,20183,20259.4,20454,270.987,done,
269,66.4793,20379.7,20454,20522.8,143.049,done,
270,23.8379,20453.6,20454,20522.8,69.1604,done,
266,67.9018,20059.8,-1.63704e+12,20552.8,493.003,error,7
271,141.523,20527.5,20527.5,20670.6,143.088,done,
272,77.7248,20601.3,20670.6,20749.8,148.473,done,
268,128.902,20305.9,-1.63704e+12,20798.9,493.027,error,7
273,175.861,20675.1,20749.8,20927.8,252.751,done,
274,145.283,20767.3,20927.8,21074.7,307.329,done,
276,98.5346,20951.9,21074.7,21297.8,345.895,done,
277,220.924,21044.2,21074.7,21297.8,253.587,done,
275,578.495,20858.5,-1.63704e+12,21351.5,492.98,error,4
279,187.511,21191.9,21297.8,21487.6,295.65,done,
280,47.705,21265.7,21297.8,21487.6,221.834,done,
278,13.0987,21118.1,-1.63704e+12,21611.1,493.02,error,7
281,349.662,21338.8,21487.6,21839,500.248,done,
282,79.916,21413.4,-1.63704e+12,21906.4,493.023,error,7
286,38.4379,21708.8,21812,21951.1,242.322,done,
287,111.925,21782.5,21812,21951.1,168.602,done,
283,233,21486.4,-1.63704e+12,21979.4,493.01,error,4
284,151.364,21561.1,-1.63704e+12,22054.1,493.026,error,7
288,155.57,21874.8,21951.1,22109,234.133,done,
285,57.4369,21634.9,-1.63704e+12,22127.9,493.016,error,7
289,121.321,21967.2,22109,22341.8,374.561,done,
290,230.567,22059.4,22109,22341.8,282.355,done,
292,140.108,22225.5,22341.8,22581,355.455,done,
293,235.65,22299.4,22341.8,22581,281.579,done,
291,114.498,22151.8,-1.63704e+12,22644.8,493.022,error,7
295,160.273,22447.1,22581,22743.5,296.447,done,
296,149.971,22520.9,22581,22743.5,222.633,done,
294,172.296,22373.2,-1.63704e+12,22866.2,493.007,error,7
299,175.051,22742.4,22743.5,22920.7,178.316,done,
297,317.449,22593.9,-1.63704e+12,23086.9,492.995,error,4
300,171.389,22816.3,22920.7,23094.4,278.103,done,
301,86.8291,22890,22920.7,23094.4,204.371,done,
298,295.722,22668.8,-1.63704e+12,23161.8,493.019,error,4
302,123.707,22982.3,23094.4,23220.3,238.022,done,
303,104.412,23074.6,23094.4,23220.3,145.777,done,
304,122.453,23166.9,23220.3,23345.1,178.151,done,
305,169.221,23259.2,23345.1,23515.8,256.648,done,
306,153.398,23351.4,23511.3,23669.3,317.887,done,
308,139.201,23536.3,23669.3,23814.2,277.947,done,
309,142.653,23628.3,23669.3,23814.2,185.98,done,
307,65.9683,23443.8,-1.63704e+12,23936.9,493.035,error,7
310,191.969,23751.4,23814.3,24008.5,257.084,done,
311,280.554,23874.6,23980.5,24289.2,414.584,done,
312,238.898,23997.9,24174.5,24528.2,530.321,done,
313,33.2884,24089.8,-1.63704e+12,24582.8,493.01,error,7
314,49.6793,24182.1,-1.63704e+12,24675.1,493.006,error,7
315,206.932,24274.4,24528.2,24737.4,463.059,done,
316,126.539,24366.6,24528.2,24737.4,370.817,done,
317,129.955,24428.1,-1.63704e+12,24921.1,493.019,error,7
318,282.54,24489.7,24737.5,25022.2,532.54,done,
319,110.586,24551.2,24737.5,25022.2,471.065,done,
320,191.415,24613.1,-1.63704e+12,25106.1,493.004,error,4
321,165.167,24674.3,-1.63704e+12,25167.3,493.012,error,7
322,254.89,24736.2,24963.2,25277.4,541.186,done,
323,39.6247,24809.7,24963.2,25277.4,467.664,done,
324,206.561,24883.5,-1.63704e+12,25376.5,493.006,error,7
327,63.2873,25104.9,25247.7,25419.5,314.656,done,
328,142.045,25166.6,25247.7,25419.5,252.954,done,
325,19.9149,24957.3,-1.63704e+12,25450.3,493.004,error,7
326,146.509,25031.1,-1.63704e+12,25524.1,493.018,error,7
332,289.471,25412.9,25419.6,25712.8,299.989,done,
329,151.059,25228,-1.63704e+12,25721,493,error,7
330,117.877,25289.5,-1.63704e+12,25782.5,493.014,error,7
334,66.0164,25535.6,25712.9,25809.2,273.62,done,
335,94.0372,25597.1,25712.9,25809.2,212.079,done,
331,214.021,25351,-1.63704e+12,25844,493.014,error,7
333,276.505,25473.3,-1.63704e+12,25966.4,493.068,error,4
336,36.615,25658.6,25809.2,26113.1,454.444,done,
337,300.096,25720.5,25809.2,26113.1,392.615,done,
340,123.929,25896.2,26079.8,26237.4,341.264,done,
341,55.9889,25948.8,26079.8,26237.4,288.663,done,
342,124.102,26001.4,26079.8,26237.4,235.988,done,
343,82.0428,26054.1,26079.8,26237.4,183.292,done,
338,140.537,25781.7,-1.63704e+12,26274.7,493.01,error,7
339,113.956,25843.2,-1.63704e+12,26336.2,493.005,error,7
344,182.994,26106.9,26237.4,26470.4,363.479,done,
345,229.126,26159.7,26237.4,26470.4,310.73,done,
347,189.919,26304.7,26470.4,26673.6,368.896,done,
348,200.948,26397.1,26470.4,26673.6,276.521,done,
346,58.44,26212.5,-1.63704e+12,26705.6,493.014,error,7
349,172.443,26489.3,26673.6,26850.7,361.4,done,
350,105.589,26581.5,26673.6,26850.7,269.132,done,
353,230.825,26802.2,26850.7,27083.9,281.632,done,
351,89.8791,26655.4,-1.63704e+12,27148.4,493.023,error,7
352,152.506,26729.2,-1.63704e+12,27222.2,493.003,error,7
355,67.3833,26950.7,27083.9,27341,390.296,done,
356,254.881,27043,27083.9,27341,298.015,done,
354,130.252,26876.9,-1.63704e+12,27369.9,493.01,error,7
357,258.24,27135.3,27341,27601.4,466.065,done,
358,123.231,27227.6,-1.63704e+12,27720.6,493.029,error,7
361,169.808,27442.9,27601.4,27773.4,330.483,done,
362,82.7829,27504.5,27601.4,27773.4,268.902,done,
359,354.373,27319.1,-1.63704e+12,27812.1,493.005,error,4
360,179.161,27380.6,-1.63704e+12,27873.6,493.011,error,4
363,105.667,27566,27773.4,28008,441.987,done,
364,195.533,27627.6,27773.4,28008,380.448,done,
365,124.145,27689,27773.4,28008,319,done,
366,230.935,27725.9,27773.4,28008,282.075,done,
368,139.671,27799.7,28008.1,28154.3,354.546,done,
369,30.2735,27836.7,28008.1,28154.3,317.549,done,
371,108.392,27910.6,28008.1,28154.3,243.654,done,
372,97.8842,27947.6,28008.1,28154.3,206.734,done,
367,347.761,27762.6,-1.63704e+12,28255.6,493.029,error,4
373,131.527,27984.3,28154.3,28358.6,374.29,done,
374,163.988,28021.4,28154.3,28358.6,337.259,done,
375,86.7427,28058.1,28154.3,28358.6,300.499,done,
376,198.074,28132.2,28154.3,28358.6,226.407,done,
370,267.493,27873.9,-1.63704e+12,28367,493.006,error,4
377,140.074,28205.9,28358.6,28642,436.089,done,
378,279.828,28279.6,28358.6,28642,362.323,done,
381,95.2786,28519.6,28642,28759.9,240.277,done,
382,115.62,28611.9,28642,28759.9,148.014,done,
383,80.9553,28704.2,28759.9,28843.1,138.905,done,
379,258.113,28353.5,-1.63704e+12,28846.5,493.027,error,7
380,223.9,28427.3,-1.63704e+12,28920.4,493.003,error,7
384,283.353,28797,28843.1,29128.9,331.971,done,
386,147.794,28981.2,-1.63704e+12,29474.2,493.003,error,4
385,403.786,28888.9,29072.2,29532.9,643.921,done,
387,143.319,29073.6,-1.63704e+12,29566.6,493.017,error,4
388,351.598,29165.2,-1.63704e+12,29658.3,493.016,error,4
389,305.036,29239.8,-1.63704e+12,29732.8,493.019,error,4
390,266.347,29313.3,-1.63704e+12,29806.3,493.008,error,4
391,283.405,29386.4,29402.5,29816.4,429.992,done,
392,243.671,29460.9,-1.63704e+12,29953.9,493.006,error,7
395,139.518,29640.3,29816.4,29958.2,317.893,done,
396,107.32,29693.1,29816.4,29958.2,265.111,done,
393,382.913,29534.4,-1.63704e+12,30027.4,493.025,error,4
394,231.322,29587.6,-1.63704e+12,30080.6,493.043,error,7
397,306.463,29745.2,-1.63704e+12,30238.2,493.007,error,4
398,354.93,29798.9,29958.2,30315.7,516.793,done,
399,110.871,29851.2,-1.63704e+12,30344.2,493.012,error,7
400,200.566,29903.9,-1.63704e+12,30397,493.002,error,7
401,188.43,29978.1,-1.63704e+12,30471.1,493.02,error,7
403,23.9791,30125.5,30231.6,30474.5,348.976,done,
404,158.643,30199.2,30231.6,30474.5,275.252,done,
402,285.571,30050.8,-1.63704e+12,30543.8,493.019,error,4
405,257.243,30272.4,-1.63704e+12,30765.4,493.023,error,4
406,424.681,30365.3,30474.5,30901.2,535.967,done,
407,452.706,30457.3,-1.63704e+12,30950.4,493.018,error,4
408,414.778,30550.4,-1.63704e+12,31043.4,492.996,error,4
409,143.07,30642.4,30827.9,31044.5,402.11,done,
410,29.6658,30716.1,-1.63704e+12,31209.1,493.011,error,7
411,624.695,30788.9,-1.63704e+12,31281.9,493.01,error,4
412,272.292,30863.8,31044.5,31319.9,456.102,done,
413,245.485,30937.6,31044.5,31319.9,382.264,done,
414,223.272,31011.4,-1.63704e+12,31504.5,493.01,error,7
416,216.708,31134.5,31319.9,31538.8,404.325,done,
417,66.9632,31196,31319.9,31538.8,342.847,done,
415,169.136,31073,-1.63704e+12,31566,493.004,error,7
420,101.244,31380.6,31538.9,31661.4,280.766,done,
421,120.316,31454.4,31538.9,31661.4,206.969,done,
418,149.678,31256.8,-1.63704e+12,31749.8,493.017,error,4
419,77.4092,31319.1,-1.63704e+12,31812.1,493.008,error,7
423,415.609,31602.6,-1.63704e+12,32095.6,493,error,4
424,203.753,31676,-1.63704e+12,32169,493.023,error,7
425,302.443,31749.8,-1.63704e+12,32242.9,493.025,error,4
422,618.292,31527.9,31661.4,32281.5,753.585,done,
428,144.854,31908,-1.63704e+12,32401,493.021,error,4
426,160.541,31802.6,32003.7,32442.2,639.62,done,
427,127.667,31855.2,32003.7,32442.2,586.971,done,
429,435.002,31959.9,-1.63704e+12,32453,493.016,error,4
430,160.259,32013.4,-1.63704e+12,32506.4,492.999,error,7
431,54.256,32066.1,-1.63704e+12,32559.2,493.01,error,7
434,117.809,32303.5,32442.3,32562.3,258.825,done,
435,39.1192,32395.8,32442.3,32562.3,166.559,done,
432,119.57,32119,-1.63704e+12,32612,493.012,error,7
433,131.532,32211.2,-1.63704e+12,32704.2,493.016,error,7
436,151.876,32488.1,32562.3,32717.8,229.677,done,
437,72.2494,32562,32562.3,32717.8,155.832,done,
438,112.69,32635.9,32717.8,33004.1,368.181,done,
439,282.505,32709.5,32717.8,33004.1,294.527,done,
441,212.324,32857.5,32987.5,33216.5,358.99,done,
440,280.48,32783.8,-1.63704e+12,33276.8,493.016,error,4
444,133.031,33078.7,33216.5,33386.3,307.593,done,
445,167.591,33152.5,33216.5,33386.3,233.835,done,
442,155.79,32931,-1.63704e+12,33424.1,493.02,error,7
443,111.184,33004.9,-1.63704e+12,33497.9,493.006,error,7
446,261.919,33226.5,33386.3,33652,425.487,done,
447,74.7679,33287.9,33386.3,33652,364.086,done,
450,74.666,33472.6,33652,33730.5,257.846,done,
451,67.8103,33534,33652,33730.5,196.436,done,
448,142.835,33349.4,-1.63704e+12,33842.4,493.001,error,7
449,142.48,33410.9,-1.63704e+12,33903.9,493.013,error,7
453,287.603,33647.1,33730.5,34019.5,372.367,done,
452,193.337,33596,-1.63704e+12,34089,493.025,error,4
454,176.542,33700.9,-1.63704e+12,34193.9,493.001,error,7
455,243.166,33753.7,33953.1,34263,509.212,done,
456,194.256,33806.5,33953.1,34263,456.47,done,
457,180.59,33859.3,33953.1,34263,403.674,done,
458,176.84,33912,33953.1,34263,350.924,done,
459,362.604,33964.7,-1.63704e+12,34457.8,493.01,error,4
460,316.032,34038.5,-1.63704e+12,34531.5,493.001,error,7
461,300.959,34112.3,34263,34569.7,457.364,done,
462,105.183,34186.2,34263,34569.7,383.533,done,
465,125.809,34407.7,34535.2,34695.7,287.94,done,
466,68.9887,34481.5,34535.2,34695.7,214.164,done,
463,241.29,34260,-1.63704e+12,34753,493.019,error,7
464,153.729,34333.9,-1.63704e+12,34826.9,493.003,error,7
468,178.66,34629.1,34695.7,34877.5,248.373,done,
467,641.646,34554.1,-1.63704e+12,35047.1,493.003,error,4
469,166.857,34703,34877.5,35048.3,345.276,done,
471,168.337,34808.4,34877.5,35048.3,239.83,done,
472,97.9983,34861.3,35048.3,35150.1,288.779,done,
473,38.3285,34914,35048.3,35150.1,236.06,done,
470,305.185,34755.9,-1.63704e+12,35248.9,493.017,error,4
475,125.174,35019.4,35150.1,35292.8,273.449,done,
476,138.871,35072.2,35150.1,35292.8,220.597,done,
474,613.574,34967.1,-1.63704e+12,35460.1,493.014,error,4
477,240.245,35133.7,35292.8,35535.3,401.652,done,
478,219.939,35195.3,35292.8,35535.3,340.072,done,
479,121.046,35256.8,-1.63704e+12,35749.8,493.003,error,4
480,293.709,35318.3,-1.63704e+12,35811.3,493.009,error,4
481,367.063,35378.6,35535.4,35905.1,526.517,done,
482,79.5102,35441.3,-1.63704e+12,35934.3,493.004,error,7
483,124.419,35533.7,-1.63704e+12,36026.7,493.009,error,7
484,232.144,35626.1,35812.9,36137.4,511.3,done,
485,232.546,35718.6,-1.63704e+12,36211.6,493.038,error,4
489,143.505,36087.3,36137.5,36283.4,196.051,done,
486,62.3825,35810.5,-1.63704e+12,36303.5,493.027,error,7
487,80.7492,35902.9,-1.63704e+12,36395.9,493.012,error,7
488,363.879,35995.2,-1.63704e+12,36488.2,493.015,error,4
490,221.33,36179.6,36283.4,36507,327.364,done,
491,73.6692,36241.2,36283.4,36507,265.818,done,
493,170.537,36364.2,36507,36711.9,347.63,done,
494,202.591,36425.8,36507,36711.9,286.047,done,
492,137.049,36302.7,-1.63704e+12,36795.7,493.016,error,7
495,325.089,36486.8,-1.63704e+12,36979.9,493.022,error,4
496,197.146,36548.8,36711.9,37037.6,488.851,done,
497,321.968,36622.7,36711.9,37037.6,414.969,done,
498,211.226,36696.5,-1.63704e+12,37189.5,492.999,error,7
499,123.919,36770.3,-1.63704e+12,37263.3,493.002,error,7
500,230.029,36844.1,36999.9,37267.8,423.724,done,
501,198.318,36917.9,36999.9,37267.8,349.878,done,
502,86.2819,36970.7,-1.63704e+12,37463.7,493.006,error,4
503,198.748,37023.4,-1.63704e+12,37516.4,493.024,error,4
504,152.804,37076.2,-1.63704e+12,37569.2,493.005,error,4
505,376.417,37128.1,37267.9,37646,517.958,done,
506,314.042,37180.8,-1.63704e+12,37673.8,493.014,error,4
507,208.317,37234.4,-1.63704e+12,37727.4,493.003,error,7
511,50.7246,37471.8,37606.8,37769.5,297.712,done,
513,123.168,37594.7,37606.8,37769.5,174.776,done,
508,125.96,37287.1,-1.63704e+12,37780.1,493.007,error,7
509,74.3285,37348.6,-1.63704e+12,37841.6,493.012,error,7
510,209.278,37410.2,-1.63704e+12,37903.2,493.017,error,7
514,169.297,37655.4,37769.5,37941.1,285.629,done,
516,37.5739,37779.4,37941.1,37984.7,205.349,done,
518,41.1317,37902.4,37941.1,37984.7,82.379,done,
512,526.298,37533.2,-1.63704e+12,38026.3,493.035,error,4
519,119.898,37963.9,37984.7,38107.9,143.989,done,
520,89.8348,38025.4,38107.9,38200.7,175.336,done,
515,96.7735,37717.8,-1.63704e+12,38210.8,493.021,error,7
517,423.77,37840.4,-1.63704e+12,38333.4,493.005,error,4
521,162.776,38117.6,38200.7,38366.6,249.008,done,
523,310.947,38301.5,38366.7,38679.3,377.731,done,
522,127.102,38210,-1.63704e+12,38703,492.998,error,7
527,102.795,38579.1,38679.3,38784.4,205.259,done,
528,36.2716,38640.9,38679.3,38784.4,143.514,done,
524,63.8454,38394.6,-1.63704e+12,38887.6,493.001,error,7
525,384.013,38455.6,-1.63704e+12,38948.6,493.008,error,4
526,214.399,38517.1,-1.63704e+12,39010.1,493.012,error,4
529,270.01,38702.5,38784.4,39056.8,354.275,done,
530,189.508,38763.9,-1.63704e+12,39256.9,493.01,error,4
531,295.898,38809.5,-1.63704e+12,39302.5,493,error,4
532,221.796,38856.3,-1.63704e+12,39349.3,493.002,error,4
533,302.389,38902.2,-1.63704e+12,39395.2,493.016,error,4
535,362.593,38994.1,39056.8,39420.8,426.716,done,
534,96.4115,38948.3,-1.63704e+12,39441.4,493.015,error,7
536,230.776,39039.8,-1.63704e+12,39532.8,492.997,error,4
540,131.337,39255.9,39420.9,39554.5,298.574,done,
541,121.29,39317.4,39420.9,39554.5,237.095,done,
537,350.813,39086.8,-1.63704e+12,39579.8,493.004,error,7
538,72.534,39132.8,-1.63704e+12,39625.9,493.016,error,7
539,145.136,39194.4,-1.63704e+12,39687.4,493.009,error,7
543,121.466,39440.5,39554.5,39714.4,273.885,done,
544,157.644,39502.4,39554.5,39714.4,211.992,done,
542,177.733,39378.2,-1.63704e+12,39871.2,493.035,error,4
546,144.801,39607.5,39714.4,39920.1,312.523,done,
547,201.94,39660.3,39714.4,39920.1,259.76,done,
545,306.562,39554,-1.63704e+12,40047,493.007,error,7
550,263.855,39817.8,39920.1,40185.6,367.851,done,
548,117.918,39713,-1.63704e+12,40206,493.003,error,7
549,463.934,39765.5,-1.63704e+12,40258.4,492.999,error,4
554,122.863,40092.7,40185.7,40333.3,240.533,done,
555,145.322,40166.6,40185.7,40333.3,166.663,done,
551,191.155,39871.2,-1.63704e+12,40364.2,493.013,error,7
552,123.611,39945.1,-1.63704e+12,40438.1,493.017,error,7
553,292.941,40018.2,-1.63704e+12,40511.2,493.009,error,4
556,158.579,40240.3,40333.3,40563.1,322.796,done,
557,227.676,40293.1,40333.3,40563.1,270.04,done,
559,109.953,40398.6,40563.2,40705.8,307.17,done,
560,138.888,40451.3,40563.2,40705.8,254.504,done,
561,107.696,40504,40563.2,40705.8,201.744,done,
562,84.5522,40556.9,40563.2,40705.8,148.923,done,
564,54.7111,40671,40705.8,40762.7,91.6225,done,
565,54.3697,40732.5,40762.7,40818.5,86.0225,done,
558,202.955,40345.8,-1.63704e+12,40838.8,493.034,error,7
566,213.59,40794.1,40818.5,41033.6,239.55,done,
563,341.796,40609.6,-1.63704e+12,41102.6,493.014,error,4
568,130.904,40917.2,41033.7,41166.7,249.58,done,
569,119.894,40978.6,41033.7,41166.7,188.12,done,
567,134.133,40855.7,-1.63704e+12,41348.7,493.003,error,7
570,279.522,41051.7,41166.8,41447.9,396.205,done,
572,134.98,41200.1,41448,41585.2,385.042,done,
573,126.771,41274,41448,41585.2,311.214,done,
571,239.557,41126.4,-1.63704e+12,41619.4,493.01,error,7
574,73.4062,41347.9,41585.2,41819.8,471.93,done,
575,229.215,41470.9,41585.2,41819.8,348.944,done,
576,154.113,41594,41801,42107.7,513.743,done,
577,287.686,41716.9,41801.1,42107.7,390.764,done,
578,168.091,41809.3,42035.4,42276,466.722,done,
579,104.665,41901.6,42035.4,42276,374.399,done,
580,183.196,41993.8,-1.63704e+12,42486.9,493.045,error,7
581,111.768,42086.1,42276,42525.5,439.426,done,
582,247.203,42178.4,42276,42525.5,347.103,done,
583,458.096,42270,-1.63704e+12,42763,493.002,error,4
584,185.01,42363,42525.5,42807.4,444.402,done,
585,279.662,42455.3,42525.5,42807.4,352.124,done,
586,43.8137,42547.6,-1.63704e+12,43040.6,493.005,error,7
587,267.248,42639.9,42799.8,43074.8,434.955,done,
588,173.833,42732.1,42799.8,43074.8,342.691,done,
589,43.8758,42824.4,-1.63704e+12,43317.4,493.008,error,7
590,221.643,42947.6,43074.8,43383,435.476,done,
591,304.637,43070.7,43074.8,43383,312.283,done,
592,275.814,43193.6,43352,43659,465.447,done,
593,190.615,43285.9,43352,43659,373.114,done,
596,105.984,43562.8,43659,43768.7,205.885,done,
597,105.57,43636.6,43659,43768.7,132.021,done,
594,284.485,43378.5,-1.63704e+12,43871.5,493.018,error,4
598,186.928,43710.4,43768.7,43957.7,247.324,done,
595,317.068,43470.5,-1.63704e+12,43963.5,493.014,error,7
600,172.133,43858.1,43957.7,44132,273.961,done,
601,109.042,43931.9,43957.7,44132,200.138,done,
599,209.437,43783.5,-1.63704e+12,44276.5,493.001,error,4
602,71.2027,43993.4,44132,44356.9,363.458,done,
603,221.093,44055,44132,44356.9,301.937,done,
604,174.635,44116.5,-1.63704e+12,44609.5,493.019,error,7
605,347.103,44178,44356.9,44706.3,528.258,done,
606,171.585,44239.5,44356.9,44706.3,466.735,done,
607,234.538,44301.1,-1.63704e+12,44794.1,492.987,error,7
608,177.118,44374.9,-1.63704e+12,44867.9,493.002,error,7
609,319.569,44449.1,-1.63704e+12,44942.1,492.998,error,4
610,75.489,44522.5,44650.5,45015.7,493.174,done,
611,309.302,44596.4,44650.5,45015.7,419.305,done,
614,82.1857,44855.1,44999.6,45098,242.914,done,
612,184.24,44669.5,-1.63704e+12,45162.5,493.022,error,4
613,259.523,44762.8,-1.63704e+12,45255.8,493.005,error,4
616,231.497,45039.5,45098.1,45331,291.552,done,
617,58.1902,45100.9,45331.1,45390.8,289.864,done,
615,262.996,44947.1,-1.63704e+12,45440.1,493.018,error,7
618,163.231,45162.5,-1.63704e+12,45655.5,493.016,error,4
619,313.286,45224.2,-1.63704e+12,45717.3,493.013,error,4
621,355.141,45347.1,45390.8,45747.4,400.28,done,
620,54.8771,45285.5,-1.63704e+12,45778.5,493.014,error,7
622,45.7049,45408.5,-1.63704e+12,45901.6,493.021,error,7
623,221.73,45531.7,45747.4,45970.7,438.947,done,
625,60.7308,45777.7,45949.1,46031.5,253.801,done,
624,75.0647,45654.7,-1.63704e+12,46147.7,493.015,error,7
626,119.558,45870.1,46031.5,46152.6,282.531,done,
627,224.508,45962.3,46152.6,46378.7,416.39,done,
628,265.012,46054.9,-1.63704e+12,46547.9,493.017,error,4
629,236.04,46146.9,46364.1,46614.8,467.894,done,
630,98.2973,46220.7,-1.63704e+12,46713.7,493.019,error,4
631,124.279,46294.5,-1.63704e+12,46787.5,493.012,error,4
632,280.496,46368.3,-1.63704e+12,46861.3,493.01,error,4
634,266.683,46515.7,46589.9,46881.6,365.901,done,
633,72.7411,46442.2,-1.63704e+12,46935.2,493.016,error,7
637,79.0725,46737.7,46881.7,47017.3,279.629,done,
638,133.406,46811.3,46881.7,47017.3,205.981,done,
635,382.913,46591.2,-1.63704e+12,47084.2,492.997,error,4
639,100.604,46885.2,47017.3,47120.2,235.02,done,
640,95.57,46959,47017.3,47120.2,161.186,done,
636,134.265,46663.7,-1.63704e+12,47156.7,493.005,error,7
641,240.64,47032.9,47120.2,47366,333.165,done,
642,117.59,47106.7,47120.2,47366,259.362,done,
643,220.266,47180.5,47366.1,47588.5,408,done,
645,140.859,47377.4,47588.5,47730.9,353.533,done,
644,213.283,47254.3,-1.63704e+12,47747.4,493.012,error,7
648,231.221,47715.3,47730.9,47963.5,248.208,done,
646,101.566,47500.4,-1.63704e+12,47993.4,493.016,error,7
649,133.51,47808.1,47963.6,48098.6,290.558,done,
647,130.456,47623.5,-1.63704e+12,48116.5,492.999,error,7
651,236.526,47992.8,48098.6,48337.4,344.601,done,
652,87.2163,48054.3,48098.6,48337.4,283.107,done,
650,156.038,47900.4,-1.63704e+12,48393.5,493.019,error,7
655,213.297,48238.8,48337.4,48555.9,317.162,done,
656,74.7998,48300.3,48337.4,48555.9,255.587,done,
653,59.017,48115.8,-1.63704e+12,48608.8,493.009,error,7
657,100.54,48361.8,48555.9,48658.7,296.834,done,
654,167.047,48177.3,-1.63704e+12,48670.3,493.016,error,7
658,37.127,48484.8,48731,48769.7,284.853,done,
660,35.8196,48731,48792.5,48829.8,98.8521,done,
659,340.295,48607.3,-1.63704e+12,49100.3,493.022,error,4
661,250.234,48792.5,-1.63704e+12,49285.5,493,error,7
662,438.459,48854.1,48854.1,49294.2,440.05,done,
664,102.128,48977.1,49056.7,49396.5,419.392,done,
665,46.7049,49038.6,49056.7,49396.5,357.882,done,
663,134.602,48915.6,-1.63704e+12,49408.6,493.039,error,7
667,166.157,49192.3,49396.5,49564.3,371.906,done,
666,78.8695,49100.1,-1.63704e+12,49593.1,493.029,error,7
668,187.348,49284.9,-1.63704e+12,49778,493.021,error,4
670,99.5123,49469.3,49564.3,49803.8,334.517,done,
671,237.344,49522.1,49564.3,49803.8,281.798,done,
669,88.7437,49377.2,-1.63704e+12,49870.2,493.022,error,7
674,211.023,49680.2,49803.9,50017.3,337.103,done,
675,211.163,49733,49803.9,50017.3,284.384,done,
672,202.956,49574,-1.63704e+12,50067,492.999,error,4
673,91.651,49627.5,-1.63704e+12,50120.5,492.997,error,7
678,69.9497,49912.3,50017.4,50125.7,213.451,done,
679,104.761,49986.2,50017.4,50125.7,139.555,done,
680,50.117,50060,50125.7,50178.9,118.915,done,
676,86.9164,49785.7,-1.63704e+12,50278.7,492.998,error,7
677,168.275,49838.4,-1.63704e+12,50331.4,493.001,error,7
681,172.781,50133.8,50178.9,50354.5,220.768,done,
682,135.277,50207.6,50354.5,50623.1,415.527,done,
683,266.421,50269.1,50354.5,50623.1,353.996,done,
686,70.7556,50453.7,50623.1,50696.1,242.399,done,
687,41.0439,50515.2,50623.1,50696.1,180.936,done,
688,124.795,50576.8,50696.1,50823.1,246.388,done,
684,144.01,50330.6,-1.63704e+12,50823.6,493.008,error,7
685,364.296,50391.5,-1.63704e+12,50884.5,493.014,error,4
689,96.9704,50699.8,-1.63704e+12,51192.8,493.006,error,4
690,425.992,50822.4,50823.2,51250.5,428.029,done,
691,160.119,50945.9,-1.63704e+12,51438.9,493.009,error,7
692,241.246,51007.4,51215.6,51491.9,484.438,done,
693,211.914,51068.9,51215.6,51491.9,422.94,done,
694,61.4215,51130.5,-1.63704e+12,51623.5,493.029,error,7
695,124.124,51192,-1.63704e+12,51685,493.012,error,7
696,222.304,51253.7,-1.63704e+12,51746.7,493.01,error,7
697,156.183,51315.2,51491.9,51801.3,486.138,done,
699,307.038,51420.5,51491.9,51801.3,380.797,done,
698,227.624,51367,-1.63704e+12,51860,493.017,error,4
703,88.7516,51631.6,51746.6,51941.5,309.888,done,
704,140.038,51684.2,51746.6,51941.5,257.291,done,
700,115.524,51473.3,-1.63704e+12,51966.3,493.021,error,7
701,153.633,51526,-1.63704e+12,52019.1,493.019,error,7
705,92.149,51758.1,51941.5,52066.2,308.107,done,
706,118.95,51831.9,51941.5,52066.2,234.243,done,
702,448.539,51578.1,-1.63704e+12,52071.1,493.008,error,4
707,164.796,51905.7,52066.2,52256.1,350.415,done,
708,187.735,51979.6,52066.2,52256.1,276.515,done,
710,115.997,52127.2,52256.1,52403.9,276.779,done,
711,145.587,52201,52256.1,52403.9,202.937,done,
712,93.5044,52274.9,52404,52501,226.135,done,
713,57.3854,52348.8,52404,52501,152.218,done,
709,60.5929,52053.3,-1.63704e+12,52546.3,493.014,error,7
714,307.957,52422,52501,52810.9,388.877,done,
715,216.606,52514.9,-1.63704e+12,53007.9,493.012,error,7
716,107.376,52607,52757.2,53046,438.97,done,
717,234.971,52699.4,52757.2,53046,346.597,done,
718,100.259,52791.7,-1.63704e+12,53284.7,493.045,error,4
719,123.492,52853.2,-1.63704e+12,53346.2,493.014,error,4
720,94.7284,52914.7,-1.63704e+12,53407.8,493.024,error,4
721,194.502,52976.3,-1.63704e+12,53469.3,493.024,error,4
722,463.93,53038,53046,53512.2,474.241,done,
723,83.4831,53099.3,-1.63704e+12,53592.3,493.02,error,7
726,123.438,53407,53472.7,53635.8,228.746,done,
724,113.067,53160.9,-1.63704e+12,53653.9,493.007,error,7
725,459.343,53283.1,-1.63704e+12,53776.1,493.013,error,4
727,159.71,53530,53635.8,53797,267.016,done,
728,258.652,53653,53797,54057.9,404.855,done,
729,151.678,53776.1,53797,54057.9,281.779,done,
730,222.279,53899.2,-1.63704e+12,54392.2,493.023,error,4
731,83.5649,53960.7,-1.63704e+12,54453.7,493,error,4
732,401.853,54022.1,54057.9,54462.5,440.358,done,
734,87.1211,54145.3,54462.6,54551.3,405.997,done,
733,344.929,54084.2,-1.63704e+12,54577.2,493.021,error,4
735,151.756,54206.8,-1.63704e+12,54699.8,493.013,error,7
736,174.734,54268.3,54551.3,54727.5,459.218,done,
738,110.898,54514.5,54713.9,54838.6,324.06,done,
737,162.365,54391.4,-1.63704e+12,54884.4,493.02,error,7
739,146.706,54637.5,54838.6,54986.8,349.287,done,
740,93.315,54760.4,54986.8,55083.2,322.72,done,
743,232.698,55098.1,55098.2,55332.1,234.008,done,
741,152.306,54883.6,-1.63704e+12,55376.6,493.002,error,7
742,330.875,55006.9,-1.63704e+12,55500,493.025,error,4
744,243.896,55191.2,55332.1,55578.3,387.128,done,
745,27.9618,55283.5,55332.1,55578.3,294.777,done,
747,16.6003,55468.1,55578.3,55694,225.911,done,
748,112.056,55560.4,55578.3,55694,133.618,done,
746,128.106,55375.8,-1.63704e+12,55868.8,493.005,error,7
749,240.267,55652.6,55694,55936.6,283.968,done,
750,107.724,55745,55859,56044.4,299.445,done,
752,35.456,56114.1,56114.2,56151.2,37.0664,done,
753,71.9596,56206.4,56206.4,56281.2,74.8542,done,
754,49.3923,56298.7,56298.8,56349.7,50.949,done,
751,210.194,55929.7,-1.63704e+12,56422.7,493.011,error,4
755,169.575,56391,56391,56562.1,171.127,done,
756,48.0653,56483.2,56562.1,56611.7,128.436,done,
757,305.56,56667.9,56667.9,56975,307.125,done,
758,145.544,56852.5,56892.3,57120.7,268.286,done,
760,164.947,57037.1,57120.8,57287.2,250.045,done,
759,336.357,56943.9,-1.63704e+12,57436.9,493.015,error,4
761,240.61,57129.3,57287.2,57529.3,400.076,done,
762,384.787,57220.8,-1.63704e+12,57713.8,493.033,error,4
763,99.5114,57344.6,57529.3,57900.9,556.307,done,
764,367.971,57467.6,57529.3,57900.9,433.271,done,
766,92.3605,57713.7,57822.5,57993.4,279.648,done,
765,180.096,57590.8,-1.63704e+12,58083.8,493.006,error,7
767,119.428,57836.8,57993.4,58115,278.16,done,
768,60.7368,57959.9,58115,58177.8,217.917,done,
770,307.373,58205.2,58205.2,58513.8,308.656,done,
769,90.0172,58082.9,-1.63704e+12,58575.9,493.02,error,7
773,82.1432,58452.1,58513.9,58651.3,199.253,done,
774,135.223,58513.7,58513.9,58651.3,137.628,done,
771,136.55,58329,-1.63704e+12,58822,493.001,error,7
772,155.652,58389.7,-1.63704e+12,58882.8,493.034,error,4
775,86.2056,58575.1,58651.3,58893.4,318.323,done,
776,238.527,58636.6,58651.3,58893.4,256.775,done,
778,111.95,58882.8,58893.4,59007.6,124.786,done,
777,64.2489,58698.2,-1.63704e+12,59191.2,493.001,error,7
779,152.94,59066.5,59066.6,59220.8,154.258,done,
780,151.365,59436.6,59436.7,59589.5,152.923,done,
781,89.8474,59559.5,59589.5,59680.9,121.402,done,
782,357.68,59682.6,59682.7,60041.9,359.211,done,
784,95.8729,60174.8,60174.9,60272.2,97.412,done,
783,102.167,59805.6,-1.63704e+12,60298.6,493.022,error,7
785,147.897,60544,60544,60693.5,149.488,done,
786,167.455,60913.2,60913.2,61082.2,169.033,done,
787,114.92,61036.1,61082.2,61198.6,162.498,done,
788,24.079,61159.2,61198.6,61224.2,65.0139,done,
789,43.9449,61282.3,61282.3,61327.8,45.5214,done,
790,72.5343,61466.8,61466.9,61540.9,74.107,done,
791,162.496,61651.4,61651.5,61815.5,164.085,done,
792,82.0024,62020.6,62020.7,62104.2,83.5695,done,
793,66.3636,62112.9,62113,62180.8,67.9263,done,
794,67.3425,62205.2,62205.3,62274.1,68.8838,done,
795,91.3328,62297.5,62297.5,62390.4,92.889,done,
796,246.802,62389.7,62390.4,62640.2,250.439,done,
797,100.097,62574.3,62574.4,62740.4,166.052,done,
798,157.964,62758.9,62759,62918.4,159.449,done,
799,31.3275,63128.1,63128.1,63161,32.9154,done,
800,69.7382,63497.3,63497.3,63568.5,71.2796,done,
801,158.402,63866.3,63866.4,64026.3,159.915,done,
802,92.6437,64235.6,64235.6,64329.9,94.297,done,
803,168.796,64604.7,64604.7,64775,170.366,done,
804,24.4716,64789.3,64789.3,64815.3,26.0554,done,
805,182.457,64973.9,64974,65157.9,183.957,done,
806,116.999,65343.1,65343.2,65461.7,118.599,done,
807,217.725,65526.7,65526.8,65745.7,218.948,done,
808,192.32,65712.1,65745.7,65939.5,227.368,done,
809,225.489,66081.3,66081.4,66308.3,227.035,done,
810,119.751,66450.6,66450.6,66571.9,121.303,done,
811,158.223,66542.8,66571.9,66731.7,188.934,done,
812,105.773,66635.1,66731.7,66839.7,204.659,done,
813,95.5408,66727.3,66731.7,66839.7,112.434,done,
814,44.9833,66819.7,66839.7,66886.9,67.2469,done,
815,190.761,67188,67188,67380.1,192.102,done,
816,208.254,67558.2,67558.2,67768,209.797,done,
817,372.761,67926.6,67926.7,68300.7,374.095,done,
818,356.339,68295.9,68300.7,68658.4,362.549,done,
819,221.17,68665.4,68665.4,68888.1,222.697,done,
820,250.719,69034.7,69034.7,69286.9,252.253,done,
821,418.876,69404.1,69404.2,69824.6,420.513,done,
822,359.689,69772.4,69772.5,70184.5,412.039,done,
823,353.718,70142.3,70184.5,70539.8,397.437,done,
824,139.825,70511.2,70539.8,70681.1,169.913,done,
825,191.021,70880.4,70880.4,71073,192.66,done,
826,411.78,71249.1,71249.1,71662.3,413.174,done,
827,48.914,71618.7,71662.3,71712.8,94.1052,done,
828,401.124,71987,71987,72389.5,402.471,done,
829,37.2856,72172.4,72348,72426.9,254.494,done,
830,208.678,72357.1,72426.9,72637.8,280.655,done,
831,141.473,72726.1,72726.1,72869.2,143.065,done,
832,252.439,73095.3,73095.4,73349.3,253.967,done,
833,40.5602,73464.4,73464.5,73506.6,42.2077,done,
834,171.119,73833.6,73833.7,74006.3,172.648,done,
835,217.176,74202.8,74202.8,74421.4,218.687,done,
836,37.8809,74572.1,74572.1,74611.6,39.4832,done,
837,135.905,74941,74941.1,75078.5,137.46,done,
838,90.0952,75310.3,75310.4,75402,91.6343,done,
839,107.613,75494.8,75494.8,75603.9,109.139,done,
840,136.349,75679.4,75679.4,75817.3,137.953,done,
841,161.927,75771.6,75817.3,75980.8,209.124,done,
842,145.666,75863.9,75980.8,76230.3,366.395,done,
843,246.833,75956.2,75980.8,76230.3,274.126,done,
844,198.866,76048.5,76230.4,76432.5,383.975,done,
845,148.101,76417.7,76432.5,76582.2,164.477,done,
846,91.1505,76786.9,76786.9,76879.6,92.7256,done,
847,148.747,77156.1,77156.1,77306.4,150.321,done,
848,91.0459,77525.2,77525.3,77617.9,92.6613,done,
849,311.493,77893.9,77893.9,78206.8,312.929,done,
850,333.473,78263.5,78263.6,78598.5,334.989,done,
851,199.666,78632.7,78632.7,78833.9,201.233,done,
852,81.524,79001.8,79001.8,79084.9,83.0874,done,
853,57.2996,79371,79371,79429.9,58.8829,done,
854,94.711,79740.1,79740.2,79836.4,96.2822,done,
855,92.5518,80109.4,80109.4,80203.5,94.1171,done,
856,150.597,80478.5,80478.5,80632,153.475,done,
857,144.225,80847.6,80847.6,80993.4,145.789,done,
858,452.538,81216.8,81216.8,81671,454.263,done,
859,115.785,81585.8,81585.9,81786.9,201.053,done,
860,101.5,81955.1,81955.2,82058.1,103.047,done,
861,368.813,82323.9,82324,82694.1,370.183,done,
862,272.967,82692.6,82694.1,82968.3,275.753,done,
863,103.185,83062.5,83062.5,83167.2,104.708,done,
864,189.018,83431.7,83431.7,83622.3,190.596,done,
865,196.453,83800.9,83801,83999,198.062,done,
866,230.218,84170,84170.1,84401.9,231.819,done,
867,375.347,84538.7,84538.8,84915.4,376.689,done,
868,85.3731,84908.3,84915.4,85002.3,94.0356,done,
869,324.983,85092.9,85092.9,85419.5,326.605,done,
870,330.735,85277.4,85310.5,85750.4,472.932,done,
871,62.158,85462.1,-1.63704e+12,85955.1,493.02,error,4
872,307.465,85646,85646,86057.9,411.92,done,
873,54.9361,86015.8,86057.9,86114.4,98.5745,done,
874,108.503,86384.9,86385,86495.1,110.144,done,
875,77.7647,86754.1,86754.1,86833.4,79.2809,done,
876,74.5167,87123.2,87123.3,87199.3,76.0549,done,
877,270.161,87492.4,87492.5,87764.2,271.728,done,
878,138.231,87861.6,87861.6,88001.4,139.805,done,
879,87.6187,88230.7,88230.8,88319.9,89.1533,done,
880,318.85,88415.3,88415.3,88735.7,320.389,done,
881,109.106,88599.9,88735.7,88846.3,246.374,done,
882,247.384,88969,88969.1,89218,248.917,done,
883,356.001,89337,89337,89694.1,357.149,done,
884,84.8479,89707.3,89707.4,89793.7,86.3864,done,
885,406.612,90075.8,-1.63704e+12,90568.8,493.011,error,4
886,160.562,90445.6,90445.7,90607.9,162.217,done,
887,147.408,90814.8,90814.8,90964,149.193,done,
888,143.615,91183.9,91184,91329.1,145.16,done,
889,100.299,91553.2,91553.2,91655,101.877,done,
890,91.2904,91922.2,91922.3,92015.1,92.8298,done,
891,73.4804,92291.4,92291.5,92366.5,75.0394,done,
892,112.093,92660.6,92660.7,92775.4,114.755,done,
893,258.945,93029.3,93029.4,93289.6,260.3,done,
894,123.563,93399,93399,93524.1,125.12,done,
895,581.45,93767.4,93767.5,94350.2,582.774,done,
896,173.747,94137.3,94139.7,94524,386.762,done,
897,97.5359,94506.4,94524,94623.1,116.724,done,
898,249.882,94875.9,94875.9,95127.4,251.585,done,
899,270.348,95244,95244.1,95515.7,271.647,done,
900,278.622,95613.9,95613.9,95894,280.15,done,
901,128.007,95983.1,95983.1,96112.7,129.574,done,
902,90.5206,96352.2,96352.2,96444.3,92.1406,done,
903,143.392,96721.3,96721.4,96866.3,144.956,done,
904,163.202,97090.5,97090.5,97255.3,164.785,done,
905,240.012,97459.6,97459.7,97701.2,241.584,done,
906,181.211,97828.8,97828.9,98011.6,182.773,done,
907,313.445,98197.1,98197.2,98511.9,314.714,done,
908,117.456,98567.1,98567.2,98686.1,118.987,done,
909,185.096,98936.3,98936.3,99122.9,186.641,done,
910,333.886,99305.4,99305.5,99640.8,335.44,done,
911,199.875,99674.6,99674.6,99877.5,202.954,done,
912,116.109,99859.1,99877.5,99995.2,136.067,done,
913,98.0779,100044,100044,100143,99.6284,done,
914,206.108,100413,100413,100621,207.701,done,
915,203.771,100782,100782,100987,205.304,done,
916,263.497,101151,101151,101416,265.015,done,
917,55.1605,101520,101520,101577,56.7763,done,
918,147.488,101890,101890,102039,149.112,done,
919,149.097,102259,102259,102409,150.626,done,
920,178.24,102627,102627,102807,179.6,done,
921,217.728,102996,102996,103215,218.854,done,
922,76.0264,103366,103366,103444,77.6066,done,
923,254.363,103734,103735,103990,255.658,done,
924,406.472,104104,104104,104511,407.665,done,
925,142.371,104474,104487,104654,180.143,done,
926,197.204,104843,104843,105042,198.792,done,
927,134.213,105212,105212,105348,135.805,done,
928,142.028,105581,105581,105725,143.617,done,
929,148.898,105950,105950,106101,150.495,done,
930,180.68,106319,106319,106502,182.225,done,
931,170.335,106689,106689,106861,171.903,done,
932,204.996,107058,107058,107264,206.599,done,
933,145.953,107427,107427,107574,147.536,done,
934,242.698,107796,107796,108040,244.263,done,
935,109.282,108165,108165,108276,110.851,done,
936,50.2033,108534,108534,108586,51.7649,done,
937,108.048,108903,108903,109013,109.616,done,
938,229.629,109272,109272,109503,230.97,done,
939,77.4651,109642,109642,109721,79.045,done,
940,521.792,110011,110020,110543,531.708,done,
941,140.027,110380,110461,110683,302.899,done,
942,245.694,110749,110749,110996,247.234,done,
943,141.228,111118,111118,111261,142.964,done,
944,19.947,111488,111488,111509,21.5643,done,
945,199.917,111857,111857,112058,201.51,done,
946,142.218,112226,112226,112370,143.816,done,
947,42.8066,112410,112411,112455,44.4243,done,
948,176.039,112595,112595,112773,177.603,done,
949,112.503,112964,112964,113078,114.097,done,
950,204.467,113333,113333,113539,205.999,done,
951,204.931,113703,113703,113909,206.501,done,
952,30.7689,114072,114072,114104,32.344,done,
953,198.501,114256,114256,114456,199.899,done,
954,186.546,114441,114456,114644,202.967,done,
955,183.674,114810,114810,114995,185.066,done,
956,165.092,115179,115179,115346,166.644,done,
957,77.8612,115548,115548,115628,79.418,done,
958,229.233,115917,115917,116148,230.754,done,
959,334.736,116287,116287,116623,336.369,done,
960,370.113,116656,116656,117028,371.731,done,
961,160.895,117025,117028,117190,165.417,done,
962,85.2705,117394,117394,117481,86.9002,done,
963,151.126,117763,117763,117916,152.795,done,
964,28.5441,118132,118133,118163,30.1732,done,
965,77.4633,118502,118502,118581,79.0796,done,
966,209.23,118870,118870,119080,210.507,done,
967,92.4784,119240,119240,119334,94.0866,done,
968,140.014,119609,119609,119751,141.626,done,
969,182.922,119794,119794,119978,184.509,done,
970,168.073,119978,119978,120148,169.562,done,
971,73.1879,120347,120347,120422,74.797,done,
972,92.8055,120717,120717,120811,94.308,done,
973,244.105,121086,121086,121331,245.675,done,
974,115.465,121270,121270,121447,176.647,done,
975,211.935,121455,121455,121668,213.448,done,
976,152.217,121578,121668,121822,244.143,done,
978,198.913,121824,121824,122024,200.485,done,
977,224.306,121700,-1.63704e+12,122193,493.004,error,7
979,250.217,121946,122024,122276,330.201,done,
980,105.108,122070,122276,122383,313.012,done,
982,226.383,122377,122383,122611,233.399,done,
981,68.8182,122193,-1.63704e+12,122686,493.001,error,4
983,242.221,122562,122611,122855,293.384,done,
984,112.689,122685,122855,122969,284.187,done,
985,140.234,122808,122969,123111,302.898,done,
986,158.072,122931,-1.63704e+12,123424,493.014,error,4
987,201.096,123300,123300,123502,202.394,done,
988,97.5105,123485,123502,123601,115.951,done,
989,238.232,123669,123669,123908,239.474,done,
990,102.227,123854,123908,124012,157.84,done,
991,58.2998,124039,124039,124099,59.8449,done,
992,175.566,124223,124223,124401,177.119,done,
993,84.7304,124408,124408,124494,86.2502,done,
994,142.46,124593,124593,124737,144.005,done,
995,38.1931,124777,124777,124817,39.7514,done,
996,186.399,124899,124899,125088,188.081,done,
997,343.332,125023,125088,125433,409.744,done,
998,222.284,125146,125251,125655,508.952,done,
999,67.6551,125269,-1.63704e+12,125762,493.007,error,7
1001,196.207,125516,125596,125852,336.129,done,
1000,187.241,125392,-1.63704e+12,125885,493.005,error,7
1004,200.904,125792,125852,126055,262.287,done,
1002,55.4453,125608,-1.63704e+12,126101,493.026,error,7
1006,108.97,125977,126055,126165,188.27,done,
1003,270.219,125699,-1.63704e+12,126192,493.019,error,4
1005,226.976,125885,-1.63704e+12,126378,493.011,error,7
1007,286.482,126069,126165,126454,384.682,done,
1008,159.519,126162,126165,126454,292.393,done,
1009,167.336,126254,-1.63704e+12,126747,493.024,error,4
1010,517.811,126376,126454,126974,597.109,done,
1011,101.273,126500,-1.63704e+12,126993,493.019,error,7
1014,86.2241,126771,126853,127060,289.298,done,
1015,53.9374,126844,126853,127060,215.511,done,
1012,143.495,126623,-1.63704e+12,127116,493.008,error,7
1013,159.724,126697,-1.63704e+12,127190,493.006,error,7
1016,219.805,126918,127060,127282,363.604,done,
1017,45.3197,126992,-1.63704e+12,127485,493.014,error,7
1019,44.7706,127177,127282,127494,317.699,done,
1020,210.224,127269,127282,127494,225.232,done,
1018,190.101,127084,-1.63704e+12,127577,493.003,error,7
1022,104.597,127423,127494,127672,248.843,done,
1023,173.519,127484,127494,127672,187.258,done,
1021,23.0909,127361,-1.63704e+12,127854,493.006,error,7
1024,45.435,127546,127672,127915,369.098,done,
1025,237.496,127607,127672,127915,307.599,done,
1028,70.6785,127823,127915,127988,165.246,done,
1029,120.878,127915,127988,128110,195.288,done,
1026,266.328,127669,-1.63704e+12,128162,493.032,error,7
1027,120.759,127731,-1.63704e+12,128224,493.005,error,7
1030,73.1907,128007,128110,128237,229.98,done,
1031,123.572,128100,128110,128237,137.685,done,
1032,104.443,128192,128237,128344,152.081,done,
1033,85.9201,128284,128344,128431,147.24,done,
1034,163.911,128376,128431,128597,220.34,done,
1035,249.105,128469,128597,128885,415.921,done,
1036,285.626,128530,128597,128885,354.394,done,
1039,63.693,128715,128870,128978,262.765,done,
1040,92.7923,128776,128870,128978,201.24,done,
1037,66.4954,128592,-1.63704e+12,129085,493.01,error,7
1038,203.147,128653,-1.63704e+12,129146,493.004,error,7
1041,329.608,128838,128978,129309,471.568,done,
1042,66.4138,128912,128978,129309,397.713,done,
1045,112.122,129133,129254,129429,296.043,done,
1046,119.736,129207,129254,129429,222.261,done,
1043,213.495,128986,-1.63704e+12,129479,493.007,error,7
1044,343.647,129059,-1.63704e+12,129552,493.034,error,4
1047,140.801,129281,129429,129572,291.323,done,
1048,122.884,129355,129429,129572,217.574,done,
1049,230.313,129429,129572,129808,379.149,done,
1050,159.652,129502,129572,129808,305.233,done,
1052,173.705,129650,129808,130036,386.284,done,
1053,226.408,129724,129808,130036,312.445,done,
1051,126.185,129577,-1.63704e+12,130070,493,error,7
1055,81.2551,129872,130036,130228,356.728,done,
1056,189.681,129945,130036,130228,282.932,done,
1054,225.755,129798,-1.63704e+12,130291,493.008,error,7
1058,212.435,130093,130228,130444,351.281,done,
1059,175.042,130167,130228,130444,277.463,done,
1057,92.2359,130019,-1.63704e+12,130512,493.008,error,7
1060,194.117,130241,130444,130642,401.338,done,
1061,112.646,130315,130444,130642,327.455,done,
1062,122.423,130376,130444,130642,265.945,done,
1063,162.085,130438,130444,130642,204.573,done,
1064,142.443,130499,130642,130833,334.425,done,
1065,187.727,130561,130642,130833,272.801,done,
1067,64.2244,130684,130833,130901,217.813,done,
1068,24.0693,130745,130833,130901,156.214,done,
1071,62.9784,130930,130930,130994,64.5587,done,
1066,196.457,130622,-1.63704e+12,131115,493.037,error,7
1069,188.384,130806,-1.63704e+12,131299,493.001,error,4
1070,259.614,130868,-1.63704e+12,131361,493.015,error,4
1072,371.88,130992,130994,131368,376.356,done,
1075,133.341,131238,131368,131504,266.017,done,
1076,50.8942,131330,131368,131504,173.759,done,
1073,359.923,131052,-1.63704e+12,131545,492.997,error,4
1074,181.748,131145,-1.63704e+12,131638,493.005,error,7
1077,333.787,131421,131504,131839,417.788,done,
1081,149.565,131791,131839,131990,198.99,done,
1078,60.294,131514,-1.63704e+12,132007,493.004,error,7
1079,274.882,131606,-1.63704e+12,132099,493.005,error,4
1080,378.107,131699,-1.63704e+12,132192,493.005,error,4
1082,146.402,131865,131990,132297,431.806,done,
1083,304.562,131939,131990,132297,358.028,done,
1086,82.4532,132160,132297,132422,261.344,done,
1087,119.48,132253,132297,132422,169.008,done,
1084,149.714,132013,-1.63704e+12,132506,493.01,error,7
1088,147.051,132345,132422,132571,225.951,done,
1085,122.17,132087,-1.63704e+12,132580,493.01,error,7
1090,321.326,132529,132571,132894,365.192,done,
1089,265.572,132436,-1.63704e+12,132929,493.037,error,7
1092,71.9483,132714,132894,133018,303.62,done,
1093,121.597,132806,132894,133018,211.311,done,
1091,265.092,132621,-1.63704e+12,133114,493.004,error,4
