# {"outdir": "/workdir/DynWork/multimodal_dataset_gpu/repeat-3/Static_CV/Azure/classification/inception_imagenet/3_x_P99/nexus", "bindir": "/tmp/build/nexus-bin", "image": "Chihuahua1_bvdb.jpg", "maxb": 8, "debug": false, "reqs": "/workdir/DynWork/multimodal_dataset_gpu/repeat-3/Static_CV/Azure/classification/inception_imagenet/jobs.bucketed.csv", "latencies": "/workdir/DynWork/multimodal_dataset_gpu/repeat-3/Static_CV/Azure/classification/inception_imagenet/latencies.csv", "no_nexus": false, "pause": false, "slo_ms": 25, "reproducibility": {"command_line": "python dynamic_test.py --slo_ms 25 --maxb 8 --bindir /tmp/build/nexus-bin Chihuahua1_bvdb.jpg /workdir/DynWork/multimodal_dataset_gpu/repeat-3/Static_CV/Azure/classification/inception_imagenet/jobs.bucketed.csv /workdir/DynWork/multimodal_dataset_gpu/repeat-3/Static_CV/Azure/classification/inception_imagenet/latencies.csv /workdir/DynWork/multimodal_dataset_gpu/repeat-3/Static_CV/Azure/classification/inception_imagenet/3_x_P99/nexus", "time": "Mon Apr 18 07:13:18 2022", "git_root": "/workdir/nexus", "git_url": "https://github.com/Aetf/nexus/tree/70828a1300a1881d39f0dbfa506d0e5de92853b3", "git_has_uncommitted_changes": true}}
JobId,Length,Admitted,Started,Finished,Latency,State,EName
0,8.563133946301255,0.0,5.135802984237671,20.63880298423767,15.503,done,
1,8.563133946301255,4.281566973150627,9.746037006378174,29.337037006378175,19.591,done,
2,8.563133946301255,8.563133946301255,14.318106949329376,29.520106949329374,15.202,done,
3,8.563133946301255,12.84470091945188,18.834816992282867,38.21481699228286,19.38,done,
4,8.563133946301255,17.12626789260251,23.567532002925876,47.27753200292588,23.71,done,
5,8.563133946301255,21.407834865753134,28.965498983860016,47.29349898386002,18.328,done,
6,8.563133946301255,25.689401838903763,34.30620700120926,56.60820700120926,22.302,done,
7,8.563133946301255,29.97096881205439,38.86258399486542,56.74458399486542,17.882,done,
8,8.563133946301255,34.25253578520502,43.30104196071625,65.37004196071625,22.069,done,
9,8.563133946301255,38.53410275835565,47.78590399026871,65.54190399026871,17.756,done,
10,8.563133946301255,42.81566973150628,52.39820998907089,74.40020998907089,22.002,done,
11,8.563133946301255,48.16762844794456,58.347947001457214,74.72194700145721,16.374,done,
12,8.563133946301255,53.51958716438284,64.69126099348068,83.20726099348067,18.516,done,
13,8.563133946301255,58.87154588082113,71.12228798866272,91.98828798866272,20.866,done,
14,8.563133946301255,64.22350459725942,77.34906703233719,95.17406703233719,17.825,done,
15,8.563133946301255,69.5754633136977,82.86256301403046,100.67856301403046,17.816,done,
16,8.563133946301255,74.92742203013599,94.7008500099182,109.6228500099182,14.922,done,
17,8.563133946301255,80.27938074657428,88.93815898895264,118.54115898895265,29.603,done,
18,8.563133946301255,85.63133946301255,100.81723898649216,118.89923898649215,18.082,done,
19,8.563133946301255,89.19931194063807,105.36282098293304,127.83582098293304,22.473,done,
20,8.563133946301255,92.7672844182636,109.78519701957704,127.84219701957704,18.057,done,
21,8.563133946301255,96.33525689588912,114.46899795532228,136.60199795532228,22.133,done,
22,8.563133946301255,99.90322937351463,136.19979596138,154.54079596138,18.341,done,
23,8.563133946301255,103.47120185114017,119.03645998239516,136.66645998239517,17.63,done,
24,8.563133946301255,107.0391743287657,123.0167030096054,145.35670300960538,22.34,done,
25,8.563133946301255,110.60714680639124,126.96196401119232,145.78996401119232,18.828,done,
26,8.563133946301255,114.17511928401674,131.62278401851654,154.73478401851654,23.112,done,
27,8.563133946301255,117.74309176164226,140.58531194925308,163.70431194925308,23.119,done,
28,8.563133946301255,121.3110642392678,145.14242297410965,163.85642297410965,18.714,done,
29,8.563133946301255,124.87903671689332,149.7447179555893,172.4467179555893,22.702,done,
30,8.563133946301255,128.44700919451884,154.44992399215698,172.93192399215698,18.482,done,
31,8.563133946301255,131.30138717661927,157.63949900865555,182.12149900865555,24.482,done,
32,8.563133946301255,134.15576515871967,161.18788295984268,182.13788295984267,20.95,done,
33,8.563133946301255,137.0101431408201,164.35053199529648,182.12753199529647,17.777,done,
34,8.563133946301255,139.8645211229205,168.24622702598572,190.98122702598573,22.735,done,
35,8.563133946301255,142.71889910502094,171.81394398212433,191.03894398212432,19.225,done,
36,8.563133946301255,145.57327708712134,175.48235803842545,200.36235803842544,24.88,done,
37,8.563133946301255,148.42765506922177,192.8533170223236,209.6383170223236,16.785,done,
38,8.563133946301255,151.28203305132217,178.94738203287125,200.32038203287124,21.373,done,
39,8.563133946301255,154.1364110334226,182.4900850057602,200.5450850057602,18.055,done,
40,8.563133946301255,156.990789015523,186.2079820036888,209.6059820036888,23.398,done,
41,8.563133946301255,159.84516699762344,203.30799597501755,219.06899597501754,15.761,done,
42,8.563133946301255,162.69954497972384,189.61051297187805,209.87351297187806,20.263,done,
43,8.563133946301255,165.55392296182427,196.56786000728607,218.92986000728607,22.362,done,
44,8.563133946301255,168.4083009439247,199.98878794908524,218.96678794908524,18.978,done,
45,8.563133946301255,171.2626789260251,206.70347994565964,228.04347994565964,21.34,done,
46,8.563133946301255,176.01997556285914,228.4243319630623,245.8243319630623,17.4,done,
47,8.563133946301255,180.7772721996932,212.52802497148517,228.15302497148517,15.625,done,
48,8.563133946301255,185.5345688365272,217.93454402685165,236.92254402685165,18.988,done,
49,8.563133946301255,190.2918654733612,222.8847860097885,245.89378600978853,23.009,done,
50,8.563133946301255,195.04916211019523,245.0695839524269,263.7835839524269,18.714,done,
51,8.563133946301255,199.80645874702927,234.30363696813583,254.53363696813582,20.23,done,
52,8.563133946301255,204.5637553838633,239.66844195127487,264.05344195127486,24.385,done,
53,8.563133946301255,209.32105202069727,249.95409899950027,272.7880989995003,22.834,done,
54,8.563133946301255,214.07834865753136,255.16371101140976,272.9247110114098,17.761,done,
55,8.563133946301255,218.359915630682,259.65311098098755,281.88111098098756,22.228,done,
56,8.563133946301255,222.64148260383263,264.44047898054123,281.92847898054123,17.488,done,
57,8.563133946301255,226.9230495769833,269.055449962616,290.89644996261603,21.841,done,
58,8.563133946301255,231.2046165501339,273.4984319806099,290.9854319806099,17.487,done,
59,8.563133946301255,235.48618352328447,278.0102019906044,299.7282019906044,21.718,done,
60,8.563133946301255,239.7677504964352,282.44751900434494,299.87051900434494,17.423,done,
61,8.563133946301255,244.0493174695858,287.13365203142166,308.90865203142164,21.775,done,
62,8.563133946301255,248.3308844427364,291.67526000738144,308.98726000738145,17.312,done,
63,8.563133946301255,252.61245141588705,296.35075598955154,317.84975598955157,21.499,done,
64,8.563133946301255,256.8940183890377,300.7759380340576,318.21293803405763,17.437,done,
65,8.563133946301255,260.7863520009928,318.59283101558685,335.9618310155869,17.369,done,
66,8.563133946301255,264.6786856129479,305.420086979866,326.60508697986603,21.185,done,
67,8.563133946301255,268.571019224903,309.5460469722748,335.90504697227476,26.359,done,
68,8.563133946301255,272.4633528368581,314.20046496391296,336.180464963913,21.98,done,
69,8.563133946301255,276.35568644881323,323.27307999134064,344.93607999134065,21.663,done,
70,8.563133946301255,280.2480200607684,327.24846798181534,345.17646798181534,17.928,done,
71,8.563133946301255,284.1403536727235,331.6355350017548,356.1955350017548,24.56,done,
72,8.563133946301255,288.0326872846786,336.06298303604126,356.25798303604125,20.195,done,
73,8.563133946301255,291.9250208966337,340.79983299970627,365.74083299970624,24.941,done,
74,8.563133946301255,295.81735450858883,365.4074299931526,383.90642999315264,18.499,done,
75,8.563133946301255,299.70968812054394,345.15981101989746,365.7168110198975,20.557,done,
76,8.563133946301255,304.466984757378,349.7189919948578,366.19599199485776,16.477,done,
77,8.563133946301255,309.224281394212,355.08844900131226,374.54544900131225,19.457,done,
78,8.563133946301255,313.981578031046,359.9848350286484,384.13483502864835,24.15,done,
79,8.563133946301255,318.73887466788005,370.8841889500618,393.0191889500618,22.135,done,
80,8.563133946301255,323.4961713047141,376.2595599889755,392.9955599889755,16.736,done,
81,8.563133946301255,328.25346794154814,381.95378601551056,401.30278601551055,19.349,done,
82,8.563133946301255,333.0107645783821,387.7841639518738,410.7191639518738,22.935,done,
83,8.563133946301255,337.76806121521616,393.2754859924317,410.9054859924317,17.63,done,
84,8.563133946301255,342.5253578520502,398.8274160027504,419.9164160027504,21.089,done,
85,8.563133946301255,346.80692482520084,414.5681380033493,428.9621380033493,14.394,done,
86,8.563133946301255,351.08849179835147,404.0952779650688,420.0672779650688,15.972,done,
87,8.563133946301255,355.3700587715021,409.50003802776337,429.10603802776336,19.606,done,
88,8.563133946301255,359.65162574465273,429.0345460176468,447.0325460176468,17.998,done,
89,8.563133946301255,363.9331927178033,418.9861069917679,437.9371069917679,18.951,done,
90,8.563133946301255,368.21475969095394,423.6602029800415,447.3172029800415,23.657,done,
91,8.563133946301255,372.4963266641046,447.7002819776535,465.1552819776535,17.455,done,
92,8.563133946301255,376.7778936372552,433.86559396982193,456.2865939698219,22.421,done,
93,8.563133946301255,381.0594606104058,438.2715359926224,456.4585359926224,18.187,done,
94,8.563133946301255,385.34102758355647,442.691958963871,465.338958963871,22.647,done,
95,8.563133946301255,389.2333611955116,452.2467460036278,474.36274600362776,22.116,done,
96,8.563133946301255,393.1256948074667,456.729259967804,474.47125996780403,17.742,done,
97,8.563133946301255,397.0180284194218,461.3252819776535,483.5222819776535,22.197,done,
98,8.563133946301255,400.9103620313769,465.71455097198486,483.9395509719849,18.225,done,
99,8.563133946301255,404.8026956433321,470.25195598602295,492.84895598602293,22.597,done,
100,8.563133946301255,408.6950292552872,474.57280200719833,492.97880200719834,18.406,done,
101,8.563133946301255,412.5873628672423,479.0980169773102,501.7780169773102,22.68,done,
102,8.563133946301255,416.4796964791974,483.54936599731445,501.8753659973145,18.326,done,
103,8.563133946301255,420.3720300911525,487.7058979868889,511.0668979868889,23.361,done,
104,8.563133946301255,424.2643637031076,492.0987440347672,511.1957440347672,19.097,done,
105,8.563133946301255,428.15669731506273,496.5185209512711,520.0855209512711,23.567,done,
106,8.563133946301255,432.43826428821336,501.9472509622574,520.3082509622574,18.361,done,
107,8.563133946301255,436.719831261364,506.6223379969597,529.2913379969597,22.669,done,
108,8.563133946301255,441.0013982345146,511.0118519663811,529.2468519663811,18.235,done,
109,8.563133946301255,445.28296520766526,515.8632229566574,538.3032229566575,22.44,done,
110,8.563133946301255,449.5645321808159,520.6825349926949,538.4215349926949,17.739,done,
111,8.563133946301255,453.8460991539665,525.4639899730682,547.3219899730682,21.858,done,
112,8.563133946301255,458.1276661271172,529.9338119626045,547.4898119626046,17.556,done,
113,8.563133946301255,462.4092331002678,534.4156950116158,556.4886950116157,22.073,done,
114,8.563133946301255,466.6908000734184,538.838662981987,557.064662981987,18.226,done,
115,8.563133946301255,470.97236704656905,543.3595129847527,565.6325129847527,22.273,done,
116,8.563133946301255,474.54033952419456,547.7386310100555,565.8576310100556,18.119,done,
117,8.563133946301255,478.1083120018201,552.228886961937,574.770886961937,22.542,done,
118,8.563133946301255,481.6762844794456,569.429094016552,584.182094016552,14.753,done,
119,8.563133946301255,485.2442569570712,556.5970039963722,574.4410039963723,17.844,done,
120,8.563133946301255,488.8122294346967,560.6898359656334,584.1418359656334,23.452,done,
121,8.563133946301255,492.3802019123222,565.0350509881973,584.3920509881973,19.357,done,
122,8.563133946301255,495.9481743899477,573.870954990387,593.577954990387,19.707,done,
123,8.563133946301255,499.5161468675733,591.6028579473495,611.2638579473496,19.661,done,
124,8.563133946301255,503.0841193451988,578.5616610050201,593.6716610050202,15.11,done,
125,8.563133946301255,506.65209182282433,583.0569349527359,602.1639349527359,19.107,done,
126,8.563133946301255,510.22006430044985,587.0966910123825,611.3676910123825,24.271,done,
127,8.563133946301255,513.7880367780754,605.0561579465866,620.9971579465866,15.941,done,
128,8.563133946301255,518.0696037512259,595.6006689667702,620.8076689667702,25.207,done,
129,8.563133946301255,522.3511707243766,600.1242179870605,621.1642179870605,21.04,done,
130,8.563133946301255,526.6327376975272,609.5644619464874,629.8664619464874,20.302,done,
131,8.563133946301255,530.9143046706779,614.1461299657822,630.0861299657822,15.94,done,
132,8.563133946301255,535.1958716438285,618.6224870085716,638.8054870085716,20.183,done,
133,8.563133946301255,539.477438616979,623.7747370004654,647.7587370004654,23.984,done,
134,8.563133946301255,543.7590055901297,628.2330750226974,647.9420750226974,19.709,done,
135,8.563133946301255,548.0405725632803,632.8947550058365,657.2747550058365,24.38,done,
136,8.563133946301255,552.322139536431,637.441250026226,657.417250026226,19.976,done,
137,8.563133946301255,556.6037065095816,642.4860169887543,657.8290169887542,15.343,done,
138,8.563133946301255,560.4960401215367,647.0081779956818,666.0841779956818,19.076,done,
139,8.563133946301255,564.3883737334918,651.6513929367065,674.9293929367066,23.278,done,
140,8.563133946301255,568.2807073454469,656.2234619855881,675.254461985588,19.031,done,
141,8.563133946301255,572.173040957402,660.9592660069466,684.4552660069465,23.496,done,
142,8.563133946301255,576.0653745693571,665.5642619729042,684.6422619729042,19.078,done,
143,8.563133946301255,579.9577081813123,669.7689720392227,684.5079720392228,14.739,done,
144,8.563133946301255,583.8500417932675,674.4703780412674,693.4243780412673,18.954,done,
145,8.563133946301255,587.7423754052226,679.1844849586487,702.2614849586487,23.077,done,
146,8.563133946301255,591.6347090171777,683.8413879871368,702.4673879871368,18.626,done,
147,8.563133946301255,595.5270426291328,688.747339963913,711.4023399639129,22.655,done,
148,8.563133946301255,599.4193762410879,693.4917259812355,711.4727259812355,17.981,done,
149,8.563133946301255,604.1766728779219,698.4570400118828,720.5270400118828,22.07,done,
150,8.563133946301255,608.933969514756,714.5152079463005,729.6992079463005,15.184,done,
151,8.563133946301255,613.69126615159,703.3950869441032,720.6290869441033,17.234,done,
152,8.563133946301255,618.4485627884239,709.0074779987335,730.0704779987335,21.063,done,
153,8.563133946301255,623.205859425258,720.0321619510651,738.5021619510651,18.47,done,
154,8.563133946301255,627.963156062092,725.4753769636154,747.6713769636154,22.196,done,
155,8.563133946301255,632.720452698926,730.5648350119591,747.787835011959,17.223,done,
156,8.563133946301255,637.4777493357601,736.4627119898796,756.2777119898797,19.815,done,
157,8.563133946301255,642.2350459725941,742.2092350125313,765.3882350125313,23.179,done,
158,8.563133946301255,645.5285590288638,745.703498005867,765.498498005867,19.795,done,
159,8.563133946301255,648.8220720851335,749.8627279996872,774.4137279996872,24.551,done,
160,8.563133946301255,652.1155851414032,753.4441840052605,774.5481840052605,21.104,done,
161,8.563133946301255,655.409098197673,757.0339899659157,784.0299899659157,26.996,done,
162,8.563133946301255,658.7026112539427,776.4405669569969,793.4165669569969,16.976,done,
163,8.563133946301255,661.9961243102124,760.7008699774742,784.1338699774742,23.433,done,
164,8.563133946301255,665.2896373664821,764.3971429467201,784.3841429467201,19.987,done,
165,8.563133946301255,668.5831504227518,768.2543860077858,793.4293860077858,25.175,done,
166,8.563133946301255,671.8766634790215,787.6252090334892,802.8772090334892,15.252,done,
167,8.563133946301255,675.1701765352913,772.7074009776115,793.6324009776115,20.925,done,
168,8.563133946301255,678.463689591561,780.0629269480705,803.2749269480705,23.212,done,
169,8.563133946301255,681.7572026478307,783.6781899929047,802.6891899929046,19.011,done,
170,8.563133946301255,685.0507157041004,791.1663269996643,811.5483269996643,20.382,done,
171,8.563133946301255,689.8080123409344,796.3771269917488,820.4651269917488,24.088,done,
172,8.563133946301255,694.5653089777685,802.0201399922371,820.5501399922371,18.53,done,
173,8.563133946301255,699.3226056146025,807.1351589560509,829.7641589560509,22.629,done,
174,8.563133946301255,704.0799022514366,812.4338960051537,829.7588960051537,17.325,done,
175,8.563133946301255,708.8371988882706,818.0963920354843,838.7453920354843,20.649,done,
176,8.563133946301255,713.5944955251047,823.6572949886322,838.9972949886322,15.34,done,
177,8.563133946301255,718.3517921619386,829.1676449775696,847.5816449775696,18.414,done,
178,8.563133946301255,723.1090887987727,834.5725649595261,856.756564959526,22.184,done,
179,8.563133946301255,727.8663854356067,839.5211089849472,856.8381089849472,17.317,done,
180,8.563133946301255,735.0023303908578,847.0340920090675,865.5710920090676,18.537,done,
181,8.563133946301255,742.1382753461088,855.2542009949684,874.3632009949685,19.109,done,
182,8.563133946301255,749.2742203013598,862.5978789925575,882.9908789925576,20.393,done,
183,8.563133946301255,756.4101652566109,870.3530480265617,891.8190480265617,21.466,done,
184,8.563133946301255,763.5461102118619,878.1339049935341,900.2999049935341,22.166,done,
185,8.563133946301255,770.6820551671129,886.1774139404297,908.9494139404297,22.772,done,
186,8.563133946301255,775.4393518039469,902.5049310326576,918.7859310326576,16.281,done,
187,8.563133946301255,780.196648440781,892.0868299603462,918.5578299603462,26.471,done,
188,8.563133946301255,784.953945077615,897.1914219856262,918.9014219856263,21.71,done,
189,8.563133946301255,789.7112417144491,908.1173629760742,927.4663629760743,19.349,done,
190,8.563133946301255,794.4685383512831,913.8817840218544,936.6227840218544,22.741,done,
191,8.563133946301255,799.2258349881172,919.3794800043106,936.7654800043106,17.386,done,
192,8.563133946301255,803.9831316249512,925.231154024601,945.453154024601,20.222,done,
193,8.563133946301255,808.7404282617853,930.5483120083808,945.8703120083808,15.322,done,
194,8.563133946301255,813.4977248986193,936.1460250020028,954.4930250020028,18.347,done,
195,8.563133946301255,818.2550215354532,941.4597069621086,963.7567069621086,22.297,done,
196,8.563133946301255,823.0123181722873,946.6511739492416,963.7331739492416,17.082,done,
197,8.563133946301255,827.7696148091213,952.547541975975,972.235541975975,19.688,done,
198,8.563133946301255,832.5269114459553,958.3021000027657,981.0451000027657,22.743,done,
199,8.563133946301255,837.2842080827894,964.0961509943008,981.3431509943008,17.247,done,
200,8.563133946301255,842.0415047196234,969.3141889572144,990.1201889572144,20.806,done,
201,8.563133946301255,846.7988013564574,975.0692059397696,990.6682059397697,15.599,done,
202,8.563133946301255,851.5560979932915,980.4286090135574,999.1686090135574,18.74,done,
203,8.563133946301255,856.3133946301255,986.1918849945068,1008.1448849945068,21.953,done,
204,8.563133946301255,863.4493395853765,993.629953980446,1008.3389539804459,14.709,done,
205,8.563133946301255,870.5852845406275,1001.076956987381,1018.587956987381,17.511,done,
206,8.563133946301255,877.7212294958786,1008.7414309978484,1027.3764309978485,18.635,done,
207,8.563133946301255,884.8571744511297,1016.7879519462584,1036.1589519462584,19.371,done,
208,8.563133946301255,891.9931194063807,1024.7169390320778,1044.9809390320777,20.264,done,
209,8.563133946301255,899.1290643616318,1032.4084609746933,1054.3444609746932,21.936,done,
210,8.563133946301255,903.0213979735868,1036.8750289678574,1054.4050289678573,17.53,done,
211,8.563133946301255,906.913731585542,1041.5950210094452,1063.1920210094452,21.597,done,
212,8.563133946301255,910.8060651974972,1045.7386839985847,1063.2416839985847,17.503,done,
213,8.563133946301255,914.6983988094522,1050.3279740214348,1072.4279740214347,22.1,done,
214,8.563133946301255,918.5907324214072,1072.7794870138168,1090.3014870138168,17.522,done,
215,8.563133946301255,922.4830660333624,1054.6666449904442,1072.6106449904441,17.944,done,
216,8.563133946301255,926.3753996453175,1059.1382079720497,1081.4742079720497,22.336,done,
217,8.563133946301255,930.2677332572728,1063.6124219298365,1081.5354219298365,17.923,done,
218,8.563133946301255,934.160066869228,1068.3162099719048,1090.3142099719048,21.998,done,
219,8.563133946301255,938.052400481183,1077.460660994053,1099.4536609940528,21.993,done,
220,8.563133946301255,941.944734093138,1092.1199049949646,1108.7879049949645,16.668,done,
221,8.563133946301255,946.2263010662888,1081.955828011036,1099.3428280110359,17.387,done,
222,8.563133946301255,950.5078680394394,1086.9379789829254,1108.7779789829253,21.84,done,
223,8.563133946301255,954.78943501259,1097.5225729942322,1117.2635729942322,19.741,done,
224,8.563133946301255,959.0710019857406,1102.3448349833488,1126.5388349833488,24.194,done,
225,8.563133946301255,963.3525689588912,1106.877819955349,1126.744819955349,19.867,done,
226,8.563133946301255,967.6341359320418,1111.6277199983597,1135.5137199983596,23.886,done,
227,8.563133946301255,971.9157029051923,1116.1952729821203,1135.6512729821202,19.456,done,
228,8.563133946301255,976.197269878343,1120.8261530399325,1144.8921530399325,24.066,done,
229,8.563133946301255,980.4788368514936,1126.1740950345993,1145.0810950345992,18.907,done,
230,8.563133946301255,984.7604038246444,1130.7635269761086,1153.4995269761087,22.736,done,
231,8.563133946301255,988.6527374365994,1135.3310819864273,1153.4730819864274,18.142,done,
232,8.563133946301255,992.5450710485544,1139.386277973652,1162.7662779736522,23.38,done,
233,8.563133946301255,996.4374046605096,1143.8550869822502,1164.5080869822502,20.653,done,
234,8.563133946301255,1000.3297382724649,1148.717927992344,1172.1339279923438,23.416,done,
235,8.563133946301255,1004.22207188442,1166.0797209739685,1181.7457209739684,15.666,done,
236,8.563133946301255,1008.1144054963752,1153.1654359698296,1172.4604359698296,19.295,done,
237,8.563133946301255,1012.0067391083302,1157.382483959198,1181.586483959198,24.204,done,
238,8.563133946301255,1015.8990727202852,1161.8719620108604,1182.1249620108604,20.253,done,
239,8.563133946301255,1019.7914063322404,1170.5026649832726,1190.8306649832725,20.328,done,
240,8.563133946301255,1023.6837399441956,1174.9561239480972,1191.2081239480972,16.252,done,
241,8.563133946301255,1027.5760735561507,1179.33290797472,1199.94790797472,20.615,done,
242,8.563133946301255,1031.4684071681058,1183.9458699822426,1200.1168699822426,16.171,done,
243,8.563133946301255,1035.360740780061,1188.3932839632034,1209.1442839632034,20.751,done,
244,8.563133946301255,1039.253074392016,1192.8878690004349,1209.201869000435,16.314,done,
245,8.563133946301255,1043.1454080039712,1197.2921999692917,1218.0581999692918,20.766,done,
246,8.563133946301255,1047.0377416159265,1201.743083000183,1227.428083000183,25.685,done,
247,8.563133946301255,1050.9300752278814,1206.159645974636,1227.8586459746361,21.699,done,
248,8.563133946301255,1054.8224088398365,1210.908187031746,1227.899187031746,16.991,done,
249,8.563133946301255,1058.7147424517916,1215.4291159510612,1236.7691159510612,21.34,done,
250,8.563133946301255,1062.6070760637467,1219.5777179598808,1237.007717959881,17.43,done,
251,8.563133946301255,1066.4994096757018,1223.9901459813118,1246.4771459813119,22.487,done,
252,8.563133946301255,1070.391743287657,1228.0643799901009,1246.9963799901009,18.932,done,
253,8.563133946301255,1073.450005411336,1231.727302968502,1255.217302968502,23.49,done,
254,8.563133946301255,1076.508267535015,1235.143253982067,1255.345253982067,20.202,done,
255,8.563133946301255,1079.566529658694,1238.688268005848,1255.4902680058478,16.802,done,
256,8.563133946301255,1082.624791782373,1242.0930379629135,1264.8410379629136,22.748,done,
257,8.563133946301255,1085.683053906052,1257.0501529574394,1274.2481529574395,17.198,done,
258,8.563133946301255,1088.741316029731,1263.8027159571648,1283.7277159571647,19.925,done,
259,8.563133946301255,1091.79957815341,1245.5331730246544,1264.9131730246545,19.38,done,
260,8.563133946301255,1094.857840277089,1249.6793129444122,1264.9933129444123,15.314,done,
261,8.563133946301255,1097.916102400768,1253.1299969553947,1274.3319969553947,21.202,done,
262,8.563133946301255,1100.974364524447,1260.4596670269966,1283.8066670269966,23.347,done,
263,8.563133946301255,1104.032626648126,1282.876861989498,1301.723861989498,18.847,done,
264,8.563133946301255,1107.090888771805,1267.8328139781952,1283.788813978195,15.956,done,
265,8.563133946301255,1110.149150895484,1271.3583710193634,1292.8143710193633,21.456,done,
266,8.563133946301255,1113.2074130191631,1274.8047090172768,1293.0727090172768,18.268,done,
267,8.563133946301255,1117.4889799923135,1278.3809700012207,1301.9979700012207,23.617,done,
268,8.563133946301255,1121.7705469654643,1287.8187059760094,1310.9507059760094,23.132,done,
269,8.563133946301255,1126.052113938615,1292.4441819787023,1310.4631819787023,18.019,done,
270,8.563133946301255,1130.3336809117657,1297.8037170171738,1320.1377170171738,22.334,done,
271,8.563133946301255,1134.6152478849162,1302.3500710129738,1320.0370710129737,17.687,done,
272,8.563133946301255,1138.8968148580668,1307.472619950771,1329.0066199507712,21.534,done,
273,8.563133946301255,1143.1783818312174,1311.9553530216217,1329.1453530216218,17.19,done,
274,8.563133946301255,1147.4599488043682,1316.6013110280037,1338.0643110280037,21.463,done,
275,8.563133946301255,1151.7415157775188,1320.953523993492,1338.309523993492,17.356,done,
276,8.563133946301255,1156.0230827506691,1325.3662859797478,1347.3562859797478,21.99,done,
277,8.563133946301255,1159.5910552282949,1329.622790932655,1347.5417909326552,17.919,done,
278,8.563133946301255,1163.1590277059204,1334.144692003727,1356.421692003727,22.277,done,
279,8.563133946301255,1166.727000183546,1338.597670018673,1356.256670018673,17.659,done,
280,8.563133946301255,1170.2949726611714,1343.131344020367,1365.455344020367,22.324,done,
281,8.563133946301255,1173.862945138797,1347.546527981758,1365.5785279817578,18.032,done,
282,8.563133946301255,1177.4309176164224,1352.258673965931,1374.383673965931,22.125,done,
283,8.563133946301255,1180.9988900940482,1356.7754819989204,1374.5894819989205,17.814,done,
284,8.563133946301255,1184.5668625716737,1361.305202960968,1383.581202960968,22.276,done,
285,8.563133946301255,1188.1348350492992,1365.6431249976158,1383.7431249976157,18.1,done,
286,8.563133946301255,1191.7028075269247,1370.2970920205116,1392.5560920205116,22.259,done,
287,8.563133946301255,1195.2707800045505,1374.6833499670029,1392.7983499670029,18.115,done,
288,8.563133946301255,1198.8387524821758,1379.3733270168304,1401.6633270168304,22.29,done,
289,8.563133946301255,1203.1203194553264,1383.8154100179672,1401.9304100179672,18.115,done,
290,8.563133946301255,1207.401886428477,1388.5014699697497,1410.7394699697497,22.238,done,
291,8.563133946301255,1211.6834534016275,1393.030108988285,1411.028108988285,17.998,done,
292,8.563133946301255,1215.9650203747783,1397.5716869831083,1419.9706869831084,22.399,done,
293,8.563133946301255,1220.2465873479289,1411.4878509640694,1428.7238509640695,17.236,done,
294,8.563133946301255,1224.5281543210797,1402.3123649954796,1419.8733649954795,17.561,done,
295,8.563133946301255,1228.80972129423,1407.072741985321,1428.968741985321,21.896,done,
296,8.563133946301255,1233.0912882673808,1420.6641249656675,1437.9281249656674,17.264,done,
297,8.563133946301255,1237.3728552405314,1416.1495209932327,1438.0625209932327,21.913,done,
298,8.563133946301255,1241.654422213682,1425.3845149874687,1446.9645149874686,21.58,done,
299,8.563133946301255,1246.411718850516,1447.362840950489,1464.936840950489,17.574,done,
300,8.563133946301255,1251.16901548735,1430.9489489793775,1447.1619489793775,16.213,done,
301,8.563133946301255,1255.926312124184,1436.4748100042343,1456.0808100042343,19.606,done,
302,8.563133946301255,1260.683608761018,1441.810665011406,1465.148665011406,23.338,done,
303,8.563133946301255,1265.440905397852,1453.1907329559326,1474.1207329559327,20.93,done,
304,8.563133946301255,1270.198202034686,1458.7548139691353,1474.3388139691353,15.584,done,
305,8.563133946301255,1274.9554986715202,1464.127898991108,1482.874898991108,18.747,done,
306,8.563133946301255,1279.712795308354,1469.271645963192,1492.188645963192,22.917,done,
307,8.563133946301255,1284.4700919451882,1474.648263990879,1492.3662639908791,17.718,done,
308,8.563133946301255,1289.8220506616265,1480.225868999958,1501.059868999958,20.834,done,
309,8.563133946301255,1295.1740093780647,1486.4529569745064,1509.9919569745064,23.539,done,
310,8.563133946301255,1300.525968094503,1492.7108039855957,1510.1548039855957,17.444,done,
311,8.563133946301255,1305.8779268109415,1498.2433859705925,1518.9143859705925,20.671,done,
312,8.563133946301255,1311.2298855273798,1503.738498032093,1519.053498032093,15.315,done,
313,8.563133946301255,1316.581844243818,1509.31928896904,1527.64728896904,18.328,done,
314,8.563133946301255,1321.9338029602563,1515.1088950037956,1536.8028950037956,21.694,done,
315,8.563133946301255,1327.2857616766946,1520.9609789848328,1537.1239789848328,16.163,done,
316,8.563133946301255,1333.4022859240526,1527.42023396492,1546.0602339649201,18.64,done,
317,8.563133946301255,1339.518810171411,1534.623489022255,1554.702489022255,20.079,done,
318,8.563133946301255,1345.6353344187687,1541.900600016117,1563.246600016117,21.346,done,
319,8.563133946301255,1351.7518586661267,1548.8212049603462,1572.4292049603462,23.608,done,
320,8.563133946301255,1357.8683829134848,1555.300440967083,1572.568440967083,17.268,done,
321,8.563133946301255,1363.9849071608428,1561.8679330348969,1581.0649330348967,19.197,done,
322,8.563133946301255,1370.1014314082008,1568.2721650004387,1590.2311650004388,21.959,done,
323,8.563133946301255,1374.858728045035,1573.242775976658,1590.573775976658,17.331,done,
324,8.563133946301255,1379.6160246818688,1578.7920639514923,1599.0460639514922,20.254,done,
325,8.563133946301255,1384.373321318703,1584.145561993122,1607.945561993122,23.8,done,
326,8.563133946301255,1389.130617955537,1589.837241947651,1607.9732419476509,18.136,done,
327,8.563133946301255,1393.8879145923709,1595.7154739499092,1617.2374739499091,21.522,done,
328,8.563133946301255,1398.645211229205,1600.6346309781077,1617.2946309781078,16.66,done,
329,8.563133946301255,1403.402507866039,1606.0386319756508,1626.3186319756508,20.28,done,
330,8.563133946301255,1408.159804502873,1610.932174026966,1626.504174026966,15.572,done,
331,8.563133946301255,1412.917101139707,1616.4929450154305,1635.0519450154304,18.559,done,
332,8.563133946301255,1419.033625387065,1630.36318898201,1644.2391889820099,13.876,done,
333,8.563133946301255,1425.150149634423,1623.2434149980545,1644.3204149980545,21.077,done,
334,8.563133946301255,1431.2666738817811,1636.9228719472885,1652.7938719472886,15.871,done,
335,8.563133946301255,1437.3831981291394,1643.4363240003586,1661.5333240003586,18.097,done,
336,8.563133946301255,1443.4997223764974,1650.1966749429705,1670.5166749429704,20.32,done,
337,8.563133946301255,1449.6162466238554,1656.6927419900894,1679.3287419900894,22.636,done,
338,8.563133946301255,1455.7327708712137,1663.5296959877014,1679.6196959877013,16.09,done,
339,8.563133946301255,1459.300743348839,1668.1111479997635,1688.5021479997636,20.391,done,
340,8.563133946301255,1462.8687158264645,1672.1635290384293,1688.7845290384294,16.621,done,
341,8.563133946301255,1466.43668830409,1676.6092600226402,1697.6882600226402,21.079,done,
342,8.563133946301255,1470.0046607817155,1680.2369069457054,1698.0229069457055,17.786,done,
343,8.563133946301255,1473.572633259341,1684.6542630195618,1706.8652630195618,22.211,done,
344,8.563133946301255,1477.1406057369666,1689.185810983181,1706.736810983181,17.551,done,
345,8.563133946301255,1480.708578214592,1693.7548270225525,1716.0038270225525,22.249,done,
346,8.563133946301255,1484.2765506922176,1698.1469999551773,1716.0459999551772,17.899,done,
347,8.563133946301255,1487.8445231698431,1702.8039420247078,1725.0119420247079,22.208,done,
348,8.563133946301255,1491.4124956474686,1707.3268020153046,1725.1448020153045,17.818,done,
349,8.563133946301255,1494.980468125094,1711.0512999892237,1733.9712999892238,22.92,done,
350,8.563133946301255,1498.5484406027197,1715.5647059679031,1734.184705967903,18.62,done,
351,8.563133946301255,1503.3057372395538,1720.7216860055923,1743.0966860055923,22.375,done,
352,8.563133946301255,1508.0630338763876,1725.74807202816,1743.25907202816,17.511,done,
353,8.563133946301255,1512.8203305132215,1731.5911850333214,1751.9551850333214,20.364,done,
354,8.563133946301255,1517.5776271500558,1736.9834669828415,1761.1734669828415,24.19,done,
355,8.563133946301255,1522.3349237868897,1742.3698679804802,1761.1998679804801,18.83,done,
356,8.563133946301255,1527.0922204237238,1748.1339579820633,1769.8129579820634,21.679,done,
357,8.563133946301255,1531.849517060558,1759.388633966446,1778.8236339664459,19.435,done,
358,8.563133946301255,1536.6068136973918,1753.897610962391,1778.913610962391,25.016,done,
359,8.563133946301255,1541.364110334226,1765.1042279601097,1787.9312279601097,22.827,done,
360,8.563133946301255,1546.12140697106,1770.4192289710045,1788.3002289710046,17.881,done,
361,8.563133946301255,1550.878703607894,1775.8397229909897,1796.9077229909897,21.068,done,
362,8.563133946301255,1555.636000244728,1780.9112190008163,1805.6852190008162,24.774,done,
363,8.563133946301255,1560.393296881562,1797.4550530314443,1814.8170530314444,17.362,done,
364,8.563133946301255,1565.150593518396,1786.495455980301,1805.7204559803008,19.225,done,
365,8.563133946301255,1569.9078901552302,1791.9526569843292,1814.8666569843292,22.914,done,
366,8.563133946301255,1574.665186792064,1802.8818089962008,1824.011808996201,21.13,done,
367,8.563133946301255,1579.4224834288982,1808.5134709477425,1824.0924709477424,15.579,done,
368,8.563133946301255,1584.1797800657323,1813.868568956852,1832.645568956852,18.777,done,
369,8.563133946301255,1589.5317387821706,1819.7358800172808,1841.8728800172807,22.137,done,
370,8.563133946301255,1594.8836974986089,1825.8520399928093,1842.1450399928092,16.293,done,
371,8.563133946301255,1600.2356562150471,1831.42017698288,1850.2811769828802,18.861,done,
372,8.563133946301255,1605.5876149314854,1837.694767951965,1859.409767951965,21.715,done,
373,8.563133946301255,1610.9395736479237,1844.0419219732285,1860.0449219732284,16.003,done,
374,8.563133946301255,1616.291532364362,1849.561612010002,1868.330612010002,18.769,done,
375,8.563133946301255,1621.6434910808002,1861.7689480185509,1877.526948018551,15.758,done,
376,8.563133946301255,1626.9954497972385,1855.545238018036,1877.715238018036,22.17,done,
377,8.563133946301255,1632.3474085136768,1868.2514639496803,1886.6734639496804,18.422,done,
378,8.563133946301255,1637.699367230115,1874.19182997942,1895.2618299794199,21.07,done,
379,8.563133946301255,1643.051325946553,1880.4657079577448,1904.5647079577448,24.099,done,
380,8.563133946301255,1648.4032846629916,1886.915396988392,1904.724396988392,17.809,done,
381,8.563133946301255,1653.75524337943,1892.421586036682,1913.640586036682,21.219,done,
382,8.563133946301255,1659.1072020958682,1912.6987510323524,1931.6577510323525,18.959,done,
383,8.563133946301255,1664.4591608123064,1897.88782197237,1913.9758219723699,16.088,done,
384,8.563133946301255,1669.8111195287447,1904.200788974762,1922.351788974762,18.151,done,
385,8.563133946301255,1671.287521933279,1910.345189988613,1931.765189988613,21.42,done,
386,8.563133946301255,1672.7639243378142,1914.834206938744,1931.528206938744,16.694,done,
387,8.563133946301255,1674.2403267423488,1916.812047958374,1941.735047958374,24.923,done,
388,8.563133946301255,1675.7167291468836,1933.8540310263636,1951.8180310263635,17.964,done,
389,8.563133946301255,1677.1931315514182,1919.3477780222893,1941.8337780222894,22.486,done,
390,8.563133946301255,1678.6695339559528,1921.9509519338608,1941.9579519338608,20.007,done,
391,8.563133946301255,1680.1459363604877,1924.0376319885252,1941.945631988525,17.908,done,
392,8.563133946301255,1681.6223387650225,1925.6254779696465,1942.2714779696464,16.646,done,
393,8.563133946301255,1683.098741169557,1928.010410964489,1951.518410964489,23.508,done,
394,8.563133946301255,1684.5751435740915,1949.366289973259,1971.129289973259,21.763,done,
395,8.563133946301255,1686.0515459786263,1950.9834690093996,1971.4514690093997,20.468,done,
396,8.563133946301255,1687.5279483831612,1930.4802429676056,1951.5382429676056,21.058,done,
397,8.563133946301255,1689.0043507876958,1932.1703229546547,1951.8063229546547,19.636,done,
398,8.563133946301255,1690.4807531922304,1936.3273560404775,1961.3863560404775,25.059,done,
399,8.563133946301255,1691.9571555967652,1938.837589979172,1961.383589979172,22.546,done,
400,8.563133946301255,1693.4335580012998,1940.496672987938,1961.3566729879378,20.86,done,
401,8.563133946301255,1694.9099604058345,1942.2836750149727,1961.5206750149728,19.237,done,
402,8.563133946301255,1696.3863628103693,1962.3757010102272,1981.6567010102272,19.281,done,
403,8.563133946301255,1697.862765214904,1944.364523947239,1961.902523947239,17.538,done,
404,8.563133946301255,1699.3391676194387,1946.7814059853556,1971.6094059853556,24.828,done,
405,8.563133946301255,1700.8155700239734,1953.4960769414904,1971.6800769414904,18.184,done,
406,8.563133946301255,1702.291972428508,1955.9675399661064,1971.9365399661065,15.969,done,
407,8.563133946301255,1703.7683748330428,1958.355109989643,1981.607109989643,23.252,done,
408,8.563133946301255,1705.2447772375774,1960.767306983471,1981.6733069834709,20.906,done,
409,8.563133946301255,1706.721179642112,1964.005924999714,1982.003924999714,17.998,done,
410,8.563133946301255,1708.1975820466469,1966.4578219652176,1982.2098219652175,15.752,done,
411,8.563133946301255,1709.6739844511817,1968.8690719604488,1991.0030719604488,22.134,done,
412,8.563133946301255,1711.1503868557163,1971.2810869812963,1990.9630869812963,19.682,done,
413,8.563133946301255,1712.626789260251,1973.4443269968035,1991.3573269968035,17.913,done,
414,8.563133946301255,1716.519122872206,1977.9231380224228,1999.967138022423,22.044,done,
415,8.563133946301255,1720.4114564841611,1982.183024942875,2000.155024942875,17.972,done,
416,8.563133946301255,1724.3037900961162,1986.3002380132675,2009.2202380132676,22.92,done,
417,8.563133946301255,1728.1961237080714,2008.2768359780312,2027.6228359780312,19.346,done,
418,8.563133946301255,1732.0884573200265,1990.8237519860268,2009.1787519860268,18.355,done,
419,8.563133946301255,1735.9807909319818,1995.2660520076752,2018.1100520076752,22.844,done,
420,8.563133946301255,1739.873124543937,1999.8840410113332,2018.3530410113333,18.469,done,
421,8.563133946301255,1743.765458155892,2003.931741952896,2027.6847419528958,23.753,done,
422,8.563133946301255,1747.6577917678471,2026.4809419512749,2045.8779419512748,19.397,done,
423,8.563133946301255,1751.5501253798022,2013.1989570260048,2027.8509570260048,14.652,done,
424,8.563133946301255,1755.4424589917571,2017.6649349331856,2036.1479349331855,18.483,done,
425,8.563133946301255,1759.724025964908,2022.0334230065343,2046.1034230065343,24.07,done,
426,8.563133946301255,1764.0055929380585,2031.581673026085,2046.129673026085,14.548,done,
427,8.563133946301255,1768.2871599112093,2036.1956920027733,2054.9416920027734,18.746,done,
428,8.563133946301255,1772.56872688436,2055.4803479909897,2072.8623479909897,17.382,done,
429,8.563133946301255,1776.8502938575105,2041.0963439941409,2055.154343994141,14.058,done,
430,8.563133946301255,1781.131860830661,2045.6861769557,2063.4641769556997,17.778,done,
431,8.563133946301255,1785.4134278038116,2051.054832994938,2072.990832994938,21.936,done,
432,8.563133946301255,1789.6949947769624,2060.296797990799,2081.955797990799,21.659,done,
433,8.563133946301255,1793.976561750113,2065.68990701437,2082.13290701437,16.443,done,
434,8.563133946301255,1798.2581287232636,2070.2460989952087,2090.836098995209,20.59,done,
435,8.563133946301255,1803.6100874397016,2076.7202529907227,2099.877252990723,23.157,done,
436,8.563133946301255,1808.96204615614,2082.661108970642,2100.060108970642,17.399,done,
437,8.563133946301255,1814.3140048725784,2088.2496819496155,2109.1756819496154,20.926,done,
438,8.563133946301255,1819.6659635890169,2094.5886489748955,2117.9026489748953,23.314,done,
439,8.563133946301255,1825.017922305455,2111.7985270023346,2127.0505270023345,15.252,done,
440,8.563133946301255,1830.3698810218928,2100.155557990074,2117.940557990074,17.785,done,
441,8.563133946301255,1835.7218397383317,2106.160485982895,2127.2934859828947,21.133,done,
442,8.563133946301255,1841.0737984547695,2117.3337129950523,2136.2097129950525,18.876,done,
443,8.563133946301255,1843.9281764368704,2121.055333971977,2136.306333971977,15.251,done,
444,8.563133946301255,1846.782554418971,2124.609418988228,2145.1264189882277,20.517,done,
445,8.563133946301255,1849.6369324010711,2139.029141962528,2154.8631419625276,15.834,done,
446,8.563133946301255,1852.4913103831716,2127.756325006485,2145.366325006485,17.61,done,
447,8.563133946301255,1855.345688365272,2131.714929997921,2154.506929997921,22.792,done,
448,8.563133946301255,1858.2000663473725,2135.3322429656982,2154.939242965698,19.607,done,
449,8.563133946301255,1861.0544443294727,2142.440720975399,2163.965720975399,21.525,done,
450,8.563133946301255,1863.9088223115727,2163.305303990841,2182.6213039908407,19.316,done,
451,8.563133946301255,1866.7632002936737,2145.743384003639,2164.037384003639,18.294,done,
452,8.563133946301255,1869.617578275774,2149.404537975788,2164.190537975788,14.786,done,
453,8.563133946301255,1872.4719562578744,2152.918619990349,2173.0656199903488,20.147,done,
454,8.563133946301255,1875.3263342399748,2156.563036978245,2173.423036978245,16.86,done,
455,8.563133946301255,1878.1807122220755,2159.9664809703827,2182.6784809703827,22.712,done,
456,8.563133946301255,1881.035090204176,2166.935539960861,2182.836539960861,15.901,done,
457,8.563133946301255,1883.889468186276,2170.3366680145264,2191.6516680145264,21.315,done,
458,8.563133946301255,1887.7818017982315,2174.9051690101624,2191.8491690101623,16.944,done,
459,8.563133946301255,1891.6741354101864,2179.237030982971,2200.754030982971,21.517,done,
460,8.563133946301255,1895.5664690221413,2183.3649709820747,2200.8309709820746,17.466,done,
461,8.563133946301255,1899.4588026340969,2187.4901680350304,2209.8761680350303,22.386,done,
462,8.563133946301255,1903.351136246052,2192.040733993053,2210.118733993053,18.078,done,
463,8.563133946301255,1907.2434698580068,2196.7361849546432,2219.1631849546434,22.427,done,
464,8.563133946301255,1911.135803469962,2201.262844979763,2219.286844979763,18.024,done,
465,8.563133946301255,1915.028137081917,2219.708550035953,2237.2095500359533,17.501,done,
466,8.563133946301255,1918.920470693872,2206.151709973812,2228.035709973812,21.884,done,
467,8.563133946301255,1922.8128043058275,2210.5016469955444,2228.2376469955443,17.736,done,
468,8.563133946301255,1926.7051379177824,2215.2978309988976,2237.278830998898,21.981,done,
469,8.563133946301255,1930.5974715297373,2224.419043004513,2246.359043004513,21.94,done,
470,8.563133946301255,1934.4898051416928,2228.6860979795456,2246.5370979795457,17.851,done,
471,8.563133946301255,1938.382138753648,2233.3997120261192,2255.492712026119,22.093,done,
472,8.563133946301255,1942.2744723656028,2237.925585985184,2255.5445859851843,17.619,done,
473,8.563133946301255,1946.166805977558,2242.774998962879,2264.260998962879,21.486,done,
474,8.563133946301255,1950.059139589513,2247.0511299967766,2264.4631299967764,17.412,done,
475,8.563133946301255,1953.951473201468,2251.9223139882088,2273.280313988209,21.358,done,
476,8.563133946301255,1957.8438068134235,2256.177383005619,2272.974383005619,16.797,done,
477,8.563133946301255,1961.7361404253784,2261.109372973442,2282.507372973442,21.398,done,
478,8.563133946301255,1965.6284740373333,2280.6535499691963,2300.7365499691964,20.083,done,
479,8.563133946301255,1969.5208076492888,2265.301779985428,2282.661779985428,17.36,done,
480,8.563133946301255,1974.2781042861227,2270.009353995323,2291.495353995323,21.486,done,
481,8.563133946301255,1979.0354009229568,2291.994385004044,2309.659385004044,17.665,done,
482,8.563133946301255,1983.792697559791,2275.247175991535,2300.8751759915353,25.628,done,
483,8.563133946301255,1988.5499941966248,2286.475475013256,2309.7934750132563,23.318,done,
484,8.563133946301255,1993.3072908334589,2297.6378839612007,2318.575883961201,20.938,done,
485,8.563133946301255,1998.064587470293,2302.723215997219,2318.705215997219,15.982,done,
486,8.563133946301255,2002.8218841071268,2319.336063981056,2336.5040639810563,17.168,done,
487,8.563133946301255,2007.579180743961,2308.278001010418,2327.468001010418,19.19,done,
488,8.563133946301255,2012.336477380795,2313.8293049931526,2336.6433049931525,22.814,done,
489,8.563133946301255,2017.093774017629,2324.2417299747467,2345.744729974747,21.503,done,
490,8.563133946301255,2021.8510706544632,2329.4583099484444,2345.7643099484444,16.306,done,
491,8.563133946301255,2026.608367291297,2335.092732965946,2354.837732965946,19.745,done,
492,8.563133946301255,2031.3656639281312,2340.440557003021,2355.032557003021,14.592,done,
493,8.563133946301255,2036.1229605649653,2345.9767419695854,2363.8397419695852,17.863,done,
494,8.563133946301255,2040.8802572017996,2351.592732965946,2372.918732965946,21.326,done,
495,8.563133946301255,2045.6375538386333,2356.7245939970016,2373.0255939970016,16.301,done,
496,8.563133946301255,2050.394850475468,2362.102927982807,2381.916927982807,19.814,done,
497,8.563133946301255,2055.152147112301,2367.436052978039,2382.0140529780388,14.578,done,
498,8.563133946301255,2058.720119589927,2371.757364988327,2391.305364988327,19.548,done,
499,8.563133946301255,2062.2880920675525,2375.6731729507446,2391.3741729507447,15.701,done,
500,8.563133946301255,2065.856064545178,2379.9783560037613,2400.1793560037613,20.201,done,
501,8.563133946301255,2069.4240370228035,2384.626689016819,2400.342689016819,15.716,done,
502,8.563133946301255,2072.992009500429,2389.0357499718666,2409.3707499718666,20.335,done,
503,8.563133946301255,2076.5599819780546,2400.9581429958344,2418.6121429958343,17.654,done,
504,8.563133946301255,2080.12795445568,2392.9905859827995,2409.6195859827994,16.629,done,
505,8.563133946301255,2083.6959269333056,2397.315450012684,2418.895450012684,21.58,done,
506,8.563133946301255,2087.263899410931,2405.325443029404,2427.749443029404,22.424,done,
507,8.563133946301255,2090.8318718885566,2409.946397006512,2427.8843970065122,17.938,done,
508,8.563133946301255,2094.399844366182,2414.52882796526,2436.83482796526,22.306,done,
509,8.563133946301255,2097.967816843808,2429.534470975399,2445.965470975399,16.431,done,
510,8.563133946301255,2102.725113480641,2418.893875002861,2436.866875002861,17.973,done,
511,8.563133946301255,2107.482410117476,2424.4196580052376,2446.0306580052375,21.611,done,
512,8.563133946301255,2112.2397067543097,2434.930921971798,2455.289921971798,20.359,done,
513,8.563133946301255,2116.997003391144,2440.5168029665947,2455.363802966595,14.847,done,
514,8.563133946301255,2121.754300027978,2445.9030309915543,2463.8790309915544,17.976,done,
515,8.563133946301255,2126.511596664812,2451.743973970413,2473.0549739704134,21.311,done,
516,8.563133946301255,2131.2688933016457,2456.9449790120125,2473.2299790120123,16.285,done,
517,8.563133946301255,2136.02618993848,2462.3231549859047,2482.1531549859046,19.83,done,
518,8.563133946301255,2140.783486575314,2467.677462041378,2491.116462041378,23.439,done,
519,8.563133946301255,2145.0650535484647,2473.0473870038986,2491.0763870038986,18.029,done,
520,8.563133946301255,2149.346620521615,2478.0078469514847,2499.6198469514848,21.612,done,
521,8.563133946301255,2153.628187494766,2482.7952739596367,2499.8612739596365,17.066,done,
522,8.563133946301255,2157.909754467916,2487.5603229403496,2509.1683229403498,21.608,done,
523,8.563133946301255,2162.191321441067,2491.880237996578,2509.2622379965783,17.382,done,
524,8.563133946301255,2166.472888414218,2497.280450999737,2518.2214509997366,20.941,done,
525,8.563133946301255,2170.754455387368,2502.211462020874,2518.490462020874,16.279,done,
526,8.563133946301255,2175.036022360519,2506.683407008648,2526.9034070086477,20.22,done,
527,8.563133946301255,2179.3175893336693,2511.8802459836006,2535.9602459836005,24.08,done,
528,8.563133946301255,2183.59915630682,2528.7972329854965,2545.4382329854966,16.641,done,
529,8.563133946301255,2186.8926693630897,2517.331493973732,2535.978493973732,18.647,done,
530,8.563133946301255,2190.1861824193597,2521.585470020771,2545.231470020771,23.646,done,
531,8.563133946301255,2193.4796954756293,2525.2212649583817,2545.369264958382,20.148,done,
532,8.563133946301255,2196.773208531899,2533.18139398098,2554.59639398098,21.415,done,
533,8.563133946301255,2200.0667215881685,2536.6196060180664,2554.7976060180663,18.178,done,
534,8.563133946301255,2203.360234644438,2541.0432620048523,2563.6622620048524,22.619,done,
535,8.563133946301255,2206.653747700708,2544.558552980423,2563.831552980423,19.273,done,
536,8.563133946301255,2209.947260756978,2548.268260002136,2573.0932600021356,24.825,done,
537,8.563133946301255,2213.2407738132474,2551.679786980152,2573.109786980152,21.43,done,
538,8.563133946301255,2216.534286869517,2555.1637169718742,2573.091716971874,17.928,done,
539,8.563133946301255,2219.827799925787,2558.8450080156326,2582.5520080156325,23.707,done,
540,8.563133946301255,2223.1213129820567,2562.2740899920464,2582.7570899920465,20.483,done,
541,8.563133946301255,2226.4148260383263,2566.518437981605,2582.920437981605,16.402,done,
542,8.563133946301255,2231.766784754765,2572.927429974079,2591.521429974079,18.594,done,
543,8.563133946301255,2237.118743471203,2578.857678949833,2600.329678949833,21.472,done,
544,8.563133946301255,2242.470702187641,2584.5437650084496,2609.7277650084498,25.184,done,
545,8.563133946301255,2247.8226609040794,2591.0336669683456,2609.9156669683457,18.882,done,
546,8.563133946301255,2253.1746196205177,2597.30835300684,2618.16335300684,20.855,done,
547,8.563133946301255,2258.526578336956,2602.8732979893684,2627.1372979893686,24.264,done,
548,8.563133946301255,2263.878537053394,2620.673500955105,2636.249500955105,15.576,done,
549,8.563133946301255,2269.2304957698325,2609.1788380146027,2627.1398380146024,17.961,done,
550,8.563133946301255,2273.5120627429837,2615.6008790135384,2636.349879013538,20.749,done,
551,8.563133946301255,2277.7936297161336,2625.983229994774,2645.604229994774,19.621,done,
552,8.563133946301255,2282.0751966892844,2630.7637860178947,2645.636786017895,14.873,done,
553,8.563133946301255,2286.356763662435,2635.232436954975,2654.471436954975,19.239,done,
554,8.563133946301255,2290.6383306355856,2639.9729929566383,2663.4179929566385,23.445,done,
555,8.563133946301255,2294.9198976087364,2644.376329004765,2663.683329004765,19.307,done,
556,8.563133946301255,2299.2014645818867,2648.929000973701,2672.6890009737012,23.76,done,
557,8.563133946301255,2303.483031555037,2653.686182975769,2672.9951829757692,19.309,done,
558,8.563133946301255,2307.764598528188,2658.296397984028,2673.013397984028,14.717,done,
559,8.563133946301255,2312.0461655013387,2663.0001420378685,2681.5611420378686,18.561,done,
560,8.563133946301255,2318.1626897486967,2676.0145829319954,2690.7755829319954,14.761,done,
561,8.563133946301255,2324.2792139960548,2669.4209679961205,2690.9979679961207,21.577,done,
562,8.563133946301255,2330.395738243413,2682.300463020801,2699.842463020801,17.542,done,
563,8.563133946301255,2336.5122624907717,2689.164789974689,2708.573789974689,19.409,done,
564,8.563133946301255,2342.6287867381293,2695.7727259993558,2717.4197259993557,21.647,done,
565,8.563133946301255,2348.745310985488,2708.9239060282707,2726.3899060282706,17.466,done,
566,8.563133946301255,2354.8618352328454,2702.5790989995003,2726.5200989995,23.941,done,
567,8.563133946301255,2359.143402205996,2713.401482999325,2735.674482999325,22.273,done,
568,8.563133946301255,2363.4249691791465,2728.201685965061,2744.640685965061,16.439,done,
569,8.563133946301255,2367.7065361522973,2718.2429389357567,2735.7019389357565,17.459,done,
570,8.563133946301255,2371.988103125448,2722.9392060041428,2744.721206004143,21.782,done,
571,8.563133946301255,2376.2696700985985,2737.7045199871063,2753.6885199871062,15.984,done,
572,8.563133946301255,2380.5512370717493,2732.714747965336,2753.764747965336,21.05,done,
573,8.563133946301255,2384.8328040449,2742.320756971836,2763.011756971836,20.691,done,
574,8.563133946301255,2389.1143710180504,2747.5135080218315,2763.0495080218316,15.536,done,
575,8.563133946301255,2393.3959379912008,2752.039418041706,2772.372418041706,20.333,done,
576,8.563133946301255,2397.677504964352,2756.9064390063286,2772.3354390063287,15.429,done,
577,8.563133946301255,2403.02946368079,2762.520078957081,2781.1110789570807,18.591,done,
578,8.563133946301255,2408.381422397228,2768.930167973041,2789.575167973041,20.645,done,
579,8.563133946301255,2413.7333811136664,2775.3598840236664,2798.4228840236665,23.063,done,
580,8.563133946301255,2419.0853398301047,2781.002876996994,2807.528876996994,26.526,done,
581,8.563133946301255,2424.437298546543,2786.908161997795,2807.6211619977953,20.713,done,
582,8.563133946301255,2429.789257262981,2792.421957969665,2816.914957969665,24.493,done,
583,8.563133946301255,2435.1412159794195,2817.1103979945183,2835.0993979945183,17.989,done,
584,8.563133946301255,2440.4931746958578,2798.8254539966583,2817.3324539966584,18.507,done,
585,8.563133946301255,2444.385508307813,2804.3305490016937,2825.8505490016937,21.52,done,
586,8.563133946301255,2448.277841919768,2808.336314976216,2826.004314976216,17.668,done,
587,8.563133946301255,2452.170175531723,2812.739135980606,2835.773135980606,23.034,done,
588,8.563133946301255,2456.062509143678,2821.874422967434,2844.226422967434,22.352,done,
589,8.563133946301255,2459.9548427556333,2826.4423989653587,2844.378398965359,17.936,done,
590,8.563133946301255,2463.8471763675884,2830.943622946739,2853.065622946739,22.122,done,
591,8.563133946301255,2467.7395099795435,2844.8875339627266,2862.1755339627266,17.288,done,
592,8.563133946301255,2471.631843591498,2835.474497973919,2853.349497973919,17.875,done,
593,8.563133946301255,2475.5241772034537,2840.5416699647903,2862.4406699647902,21.899,done,
594,8.563133946301255,2479.416510815409,2849.6352750062943,2871.360275006294,21.725,done,
595,8.563133946301255,2483.308844427364,2853.8126779794693,2871.644677979469,17.832,done,
596,8.563133946301255,2487.5904114005148,2858.495365023613,2880.506365023613,22.011,done,
597,8.563133946301255,2491.871978373665,2862.9815580248837,2880.8095580248837,17.828,done,
598,8.563133946301255,2496.153545346816,2867.706823945045,2889.678823945045,21.972,done,
599,8.563133946301255,2500.4351123199663,2872.3154829740524,2889.9604829740524,17.645,done,
600,8.563133946301255,2504.716679293117,2876.865817964077,2898.786817964077,21.921,done,
601,8.563133946301255,2508.998246266268,2881.340187966824,2898.926187966824,17.586,done,
602,8.563133946301255,2513.279813239418,2886.0638179779053,2907.752817977905,21.689,done,
603,8.563133946301255,2517.561380212569,2899.58648198843,2916.83848198843,17.252,done,
604,8.563133946301255,2521.84294718572,2890.4290800094604,2908.0020800094603,17.573,done,
605,8.563133946301255,2526.12451415887,2895.11564296484,2916.87964296484,21.764,done,
606,8.563133946301255,2530.881810795704,2905.1214160323143,2925.7624160323144,20.641,done,
607,8.563133946301255,2535.6391074325384,2926.2186329960823,2943.6896329960823,17.471,done,
608,8.563133946301255,2540.396404069372,2910.763753950596,2934.991753950596,24.228,done,
609,8.563133946301255,2545.153700706206,2915.7262250185013,2935.080225018501,19.354,done,
610,8.563133946301255,2549.9109973430404,2920.74486798048,2944.00586798048,23.261,done,
611,8.563133946301255,2554.6682939798743,2931.592252969742,2952.816252969742,21.224,done,
612,8.563133946301255,2559.425590616708,2947.8206210136414,2962.2466210136413,14.426,done,
613,8.563133946301255,2564.1828872535425,2936.953835964203,2953.2968359642027,16.343,done,
614,8.563133946301255,2568.9401838903764,2942.39716899395,2962.36016899395,19.963,done,
615,8.563133946301255,2573.221750863527,2952.3669199943542,2971.361919994354,18.995,done,
616,8.563133946301255,2577.503317836677,2966.0867189764977,2980.5667189764977,14.48,done,
617,8.563133946301255,2581.7848848098283,2957.027554988861,2971.605554988861,14.578,done,
618,8.563133946301255,2586.066451782979,2961.611333966255,2980.7373339662554,19.126,done,
619,8.563133946301255,2590.34801875613,2975.4183189868927,2989.6123189868927,14.194,done,
620,8.563133946301255,2594.6295857292803,2970.524518966675,2989.799518966675,19.275,done,
621,8.563133946301255,2598.911152702431,2984.562888979912,2998.687888979912,14.125,done,
622,8.563133946301255,2603.192719675582,2979.981669962406,2998.878669962406,18.897,done,
623,8.563133946301255,2607.474286648732,2989.1052379608154,3007.9372379608153,18.832,done,
624,8.563133946301255,2611.755853621883,2993.5947810411453,3008.0237810411454,14.429,done,
625,8.563133946301255,2616.037420595034,2998.2300459742546,3016.9350459742545,18.705,done,
626,8.563133946301255,2620.318987568184,3002.732137978077,3017.130137978077,14.398,done,
627,8.563133946301255,2624.600554541335,3007.3022129535675,3026.2902129535673,18.988,done,
628,8.563133946301255,2628.8821215144853,3011.820429980755,3026.4334299807547,14.613,done,
629,8.563133946301255,2633.163688487636,3016.4574449658394,3035.1414449658396,18.684,done,
630,8.563133946301255,2637.445255460787,3021.048630952835,3044.326630952835,23.278,done,
631,8.563133946301255,2641.7268224339373,3025.6100040078163,3044.395004007816,18.785,done,
632,8.563133946301255,2646.008389407088,3030.344345033169,3053.432345033169,23.088,done,
633,8.563133946301255,2650.2899563802384,3034.859248042106,3053.707248042106,18.848,done,
634,8.563133946301255,2654.571523353389,3039.7740629911423,3062.7010629911424,22.927,done,
635,8.563133946301255,2659.9234820698275,3046.2609779834747,3062.6269779834747,16.366,done,
636,8.563133946301255,2665.275440786266,3051.914613962173,3071.673613962173,19.759,done,
637,8.563133946301255,2670.627399502704,3057.575103998184,3071.8281039981844,14.253,done,
638,8.563133946301255,2675.9793582191423,3063.234098017216,3080.595098017216,17.361,done,
639,8.563133946301255,2681.3313169355806,3069.010313987732,3089.742313987732,20.732,done,
640,8.563133946301255,2686.683275652019,3074.874302983284,3089.945302983284,15.071,done,
641,8.563133946301255,2692.035234368457,3080.3840349912643,3098.5320349912645,18.148,done,
642,8.563133946301255,2697.3871930848954,3097.4414259791374,3116.507425979137,19.066,done,
643,8.563133946301255,2702.1444897217293,3086.508785009384,3107.3867850093843,20.878,done,
644,8.563133946301255,2706.901786358564,3091.7343089580536,3116.7663089580537,25.032,done,
645,8.563133946301255,2711.659082995397,3102.369347989559,3125.835347989559,23.466,done,
646,8.563133946301255,2716.4163796322314,3118.4676899909973,3135.062689990997,16.595,done,
647,8.563133946301255,2721.1736762690657,3107.8587949872017,3125.6927949872015,17.834,done,
648,8.563133946301255,2725.9309729059,3112.996537983417,3135.005537983417,22.009,done,
649,8.563133946301255,2730.688269542733,3123.8810870051384,3143.7650870051384,19.884,done,
650,8.563133946301255,2735.445566179568,3129.641570985317,3152.9395709853165,23.298,done,
651,8.563133946301255,2740.2028628164016,3135.187348008156,3152.9453480081556,17.758,done,
652,8.563133946301255,2746.31938706376,3142.2058559656143,3161.682855965614,19.477,done,
653,8.563133946301255,2752.4359113111177,3149.4459869861603,3170.9219869861604,21.476,done,
654,8.563133946301255,2758.552435558476,3155.9102849960327,3171.011284996033,15.101,done,
655,8.563133946301255,2764.6689598058338,3162.303637981415,3179.739637981415,17.436,done,
656,8.563133946301255,2770.785484053192,3168.9622200131416,3188.6232200131417,19.661,done,
657,8.563133946301255,2776.90200830055,3175.852473974228,3197.185473974228,21.333,done,
658,8.563133946301255,2783.018532547908,3182.6240629553795,3206.2920629553796,23.668,done,
659,8.563133946301255,2787.7758291847417,3188.3505930304527,3206.2915930304525,17.941,done,
660,8.563133946301255,2792.533125821576,3193.578512966633,3215.484512966633,21.906,done,
661,8.563133946301255,2797.29042245841,3199.4554889798164,3215.5584889798165,16.103,done,
662,8.563133946301255,2802.047719095244,3205.1831479668617,3224.849147966862,19.666,done,
663,8.563133946301255,2806.805015732078,3210.311689019203,3224.858689019203,14.547,done,
664,8.563133946301255,2811.562312368912,3216.052345991134,3233.532345991134,17.48,done,
665,8.563133946301255,2816.319609005746,3221.0248630046844,3242.4608630046846,21.436,done,
666,8.563133946301255,2821.07690564258,3226.7620859742165,3252.1880859742164,25.426,done,
667,8.563133946301255,2825.834202279414,3232.245885014534,3252.183885014534,19.938,done,
668,8.563133946301255,2829.40217475704,3236.430953025818,3252.509953025818,16.079,done,
669,8.563133946301255,2832.970147234665,3240.814181983471,3261.219181983471,20.405,done,
670,8.563133946301255,2836.5381197122906,3245.106494009495,3261.3174940094946,16.211,done,
671,8.563133946301255,2840.106092189916,3249.5638030171394,3270.2778030171394,20.714,done,
672,8.563133946301255,2843.6740646675416,3253.9923270344734,3270.4523270344735,16.46,done,
673,8.563133946301255,2847.242037145167,3258.394915997982,3279.621915997982,21.227,done,
674,8.563133946301255,2850.8100096227927,3279.870896995068,3297.8628969950682,17.992,done,
675,8.563133946301255,2854.377982100418,3263.0176979899406,3279.873697989941,16.856,done,
676,8.563133946301255,2857.945954578044,3267.3972870111465,3288.3302870111465,20.933,done,
677,8.563133946301255,2861.513927055669,3271.021375000477,3297.847375000477,26.826,done,
678,8.563133946301255,2865.0818995332947,3292.9165529608727,3307.5185529608725,14.602,done,
679,8.563133946301255,2868.6498720109203,3275.417725980282,3298.158725980282,22.741,done,
680,8.563133946301255,2872.542205622876,3283.6192319989204,3307.7022319989205,24.083,done,
681,8.563133946301255,2876.4345392348305,3288.2125099897385,3307.5535099897384,19.341,done,
682,8.563133946301255,2880.3268728467856,3297.351775944233,3316.056775944233,18.705,done,
683,8.563133946301255,2884.2192064587407,3301.95510494709,3324.96110494709,23.006,done,
684,8.563133946301255,2888.111540070696,3306.6579669713974,3325.328966971397,18.671,done,
685,8.563133946301255,2892.0038736826514,3310.719524979592,3334.773524979592,24.054,done,
686,8.563133946301255,2895.8962072946065,3329.1804760098457,3343.8814760098458,14.701,done,
687,8.563133946301255,2899.7885409065616,3315.189379990101,3334.9583799901006,19.769,done,
688,8.563133946301255,2903.6808745185167,3319.910059928894,3335.014059928894,15.104,done,
689,8.563133946301255,2907.573208130472,3324.472721993923,3343.9737219939234,19.501,done,
690,8.563133946301255,2911.465541742427,3337.760364949703,3353.0873649497034,15.327,done,
691,8.563133946301255,2915.0335142200524,3333.689921021461,3353.191921021461,19.502,done,
692,8.563133946301255,2918.601486697678,3342.233803987503,3362.4088039875032,20.175,done,
693,8.563133946301255,2922.1694591753035,3360.4328649640083,3383.4458649640083,23.013,done,
694,8.563133946301255,2925.737431652929,3346.826166033745,3362.7051660337447,15.879,done,
695,8.563133946301255,2929.3054041305545,3351.236060976982,3373.970060976982,22.734,done,
696,8.563133946301255,2932.87337660818,3364.560021996498,3383.509021996498,18.949,done,
697,8.563133946301255,2936.441349085805,3355.9857230186462,3383.728723018646,27.743,done,
698,8.563133946301255,2940.009321563431,3369.0968809723854,3393.0438809723855,23.947,done,
699,8.563133946301255,2943.5772940410566,3373.5713610053062,3393.2793610053063,19.708,done,
700,8.563133946301255,2947.145266518682,3377.610607981682,3393.5206079816817,15.91,done,
701,8.563133946301255,2950.713238996308,3382.1141250133514,3401.7361250133513,19.622,done,
702,8.563133946301255,2954.281211473933,3386.437949001789,3411.347949001789,24.91,done,
703,8.563133946301255,2957.849183951558,3390.9120119810104,3411.4260119810106,20.514,done,
704,8.563133946301255,2961.417156429184,3411.974594950676,3429.717594950676,17.743,done,
705,8.563133946301255,2964.9851289068097,3395.296018958092,3411.6670189580923,16.371,done,
706,8.563133946301255,2968.553101384435,3399.8243149518967,3420.2853149518965,20.461,done,
707,8.563133946301255,2972.1210738620607,3403.519025027752,3429.9400250277517,26.421,done,
708,8.563133946301255,2975.6890463396862,3408.1090189814568,3429.8250189814567,21.716,done,
709,8.563133946301255,2979.257018817312,3415.712752997875,3439.144752997875,23.432,done,
710,8.563133946301255,2982.8249912949373,3420.2331500053406,3439.1711500053407,18.938,done,
711,8.563133946301255,2986.392963772563,3424.1172789931297,3439.1992789931296,15.082,done,
712,8.563133946301255,2989.9609362501883,3428.687866032124,3448.343866032124,19.656,done,
713,8.563133946301255,2993.528908727814,3432.927693963051,3448.4336939630507,15.506,done,
714,8.563133946301255,2997.09688120544,3437.6598339676857,3457.169833967686,19.51,done,
715,8.563133946301255,2999.95125918754,3456.229983985424,3475.756983985424,19.527,done,
716,8.563133946301255,3002.80563716964,3441.2601370215416,3466.0591370215416,24.799,done,
717,8.563133946301255,3005.6600151517405,3444.8921889662743,3466.273188966274,21.381,done,
718,8.563133946301255,3008.514393133841,3448.5119169950485,3475.5959169950484,27.084,done,
719,8.563133946301255,3011.3687711159414,3452.564158022404,3476.005158022404,23.441,done,
720,8.563133946301255,3014.2231490980416,3460.1080459952354,3485.3090459952355,25.201,done,
721,8.563133946301255,3017.0775270801423,3463.555324971676,3485.5233249716757,21.968,done,
722,8.563133946301255,3019.9319050622425,3466.780683994293,3485.552683994293,18.772,done,
723,8.563133946301255,3022.7862830443432,3470.397503972053,3494.961503972053,24.564,done,
724,8.563133946301255,3025.6406610264435,3473.809864997864,3495.0398649978642,21.23,done,
725,8.563133946301255,3028.495039008544,3476.7628809809685,3495.2618809809683,18.499,done,
726,8.563133946301255,3031.3494169906444,3480.3183649778366,3504.2333649778366,23.915,done,
727,8.563133946301255,3034.2037949727446,3483.780404984951,3504.429404984951,20.649,done,
728,8.563133946301255,3037.0581729548453,3487.200773000717,3504.612773000717,17.412,done,
729,8.563133946301255,3039.912550936945,3490.670257985592,3513.5062579855917,22.836,done,
730,8.563133946301255,3045.264509653384,3496.91617500782,3513.74617500782,16.83,done,
731,8.563133946301255,3050.616468369822,3503.409090936184,3522.135090936184,18.726,done,
732,8.563133946301255,3055.9684270862604,3509.4745369553566,3531.3375369553564,21.863,done,
733,8.563133946301255,3061.320385802698,3515.6912449598312,3531.4442449598314,15.753,done,
734,8.563133946301255,3066.672344519137,3521.4259789586067,3540.350978958607,18.925,done,
735,8.563133946301255,3072.024303235575,3527.115723013878,3550.4857230138778,23.37,done,
736,8.563133946301255,3077.376261952013,3544.141389966011,3559.751389966011,15.61,done,
737,8.563133946301255,3082.728220668452,3533.2259359955788,3551.4459359955786,18.22,done,
738,8.563133946301255,3087.0097876416025,3539.6745339632034,3568.5355339632033,28.861,done,
739,8.563133946301255,3091.291354614753,3568.92613697052,3586.92013697052,17.994,done,
740,8.563133946301255,3095.572921587904,3549.495859026909,3568.688859026909,19.193,done,
741,8.563133946301255,3099.854488561054,3554.1291260123253,3577.8281260123254,23.699,done,
742,8.563133946301255,3104.136055534205,3559.445245027542,3577.751245027542,18.306,done,
743,8.563133946301255,3108.417622507356,3564.41793102026,3587.13893102026,22.721,done,
744,8.563133946301255,3112.699189480506,3587.347239971161,3605.343239971161,17.996,done,
745,8.563133946301255,3116.980756453657,3573.73344796896,3595.78544796896,22.052,done,
746,8.563133946301255,3121.262323426807,3578.1802210211754,3605.2472210211754,27.067,done,
747,8.563133946301255,3125.543890399958,3582.8694030046463,3605.5534030046465,22.684,done,
748,8.563133946301255,3130.301187036792,3593.232384979725,3613.7513849797247,20.519,done,
749,8.563133946301255,3135.058483673626,3598.642587006092,3623.139587006092,24.497,done,
750,8.563133946301255,3139.81578031046,3614.679364025593,3632.3883640255926,17.709,done,
751,8.563133946301255,3144.5730769472943,3604.306788980961,3623.2947889809607,18.988,done,
752,8.563133946301255,3149.330373584128,3609.380975008011,3632.4719750080108,23.091,done,
753,8.563133946301255,3154.0876702209625,3620.108766019344,3641.1037660193438,20.995,done,
754,8.563133946301255,3158.8449668577964,3625.185862004757,3649.996862004757,24.811,done,
755,8.563133946301255,3163.6022634946307,3643.91341394186,3659.67641394186,15.763,done,
756,8.563133946301255,3168.3595601314646,3630.676410973072,3650.2354109730722,19.559,done,
757,8.563133946301255,3171.92753260909,3635.683378040791,3659.314378040791,23.631,done,
758,8.563133946301255,3175.495505086716,3639.5444269776335,3659.7464269776337,20.202,done,
759,8.563133946301255,3179.063477564341,3648.5372189879417,3668.8332189879416,20.296,done,
760,8.563133946301255,3182.6314500419667,3653.076333940029,3668.937333940029,15.861,done,
761,8.563133946301255,3186.199422519592,3657.634688019753,3678.081688019753,20.447,done,
762,8.563133946301255,3189.7673949972177,3661.733829975128,3678.072829975128,16.339,done,
763,8.563133946301255,3193.335367474843,3666.3046509623528,3687.2436509623526,20.939,done,
764,8.563133946301255,3196.9033399524687,3670.846495985985,3687.358495985985,16.512,done,
765,8.563133946301255,3200.4713124300943,3675.398555994034,3695.997555994034,20.599,done,
766,8.563133946301255,3204.03928490772,3679.777006983757,3696.620006983757,16.843,done,
767,8.563133946301255,3207.6072573853453,3684.188211977482,3705.363211977482,21.175,done,
768,8.563133946301255,3211.175229862971,3687.905421972275,3705.5904219722747,17.685,done,
769,8.563133946301255,3213.316013349546,3690.445629954338,3715.1696299543382,24.724,done,
770,8.563133946301255,3215.4567968361216,3692.9073479771614,3715.3173479771613,22.41,done,
771,8.563133946301255,3217.597580322697,3695.3816590309134,3715.3176590309135,19.936,done,
772,8.563133946301255,3219.738363809272,3698.404434978962,3715.425434978962,17.021,done,
773,8.563133946301255,3221.879147295848,3700.9772260189056,3724.8252260189056,23.848,done,
774,8.563133946301255,3224.0199307824228,3718.4059059619904,3735.0129059619903,16.607,done,
775,8.563133946301255,3226.160714268998,3723.406835973263,3744.532835973263,21.126,done,
776,8.563133946301255,3228.301497755573,3703.6566540002814,3724.8396540002814,21.183,done,
777,8.563133946301255,3230.4422812421485,3705.984059989453,3724.8810599894528,18.897,done,
778,8.563133946301255,3232.583064728724,3708.598635971546,3725.289635971546,16.691,done,
779,8.563133946301255,3234.7238482152998,3725.672342956066,3744.6823429560663,19.01,done,
780,8.563133946301255,3236.8646317018747,3711.0712589621535,3734.7642589621537,23.693,done,
781,8.563133946301255,3239.0054151884497,3728.26394200325,3744.76594200325,16.502,done,
782,8.563133946301255,3241.146198675025,3733.26335901022,3753.76135901022,20.498,done,
783,8.563133946301255,3243.2869821616005,3713.5095579624176,3734.8415579624175,21.332,done,
784,8.563133946301255,3245.427765648176,3715.814248025417,3735.160248025417,19.346,done,
785,8.563133946301255,3247.5685491347517,3735.58303296566,3754.01803296566,18.435,done,
786,8.563133946301255,3249.709332621326,3720.8373920321465,3744.8743920321463,24.037,done,
787,8.563133946301255,3251.8501161079016,3730.653016984463,3754.202016984463,23.549,done,
788,8.563133946301255,3253.990899594477,3738.253296017647,3763.4512960176467,25.198,done,
789,8.563133946301255,3257.883233206432,3761.779761970043,3781.5527619700433,19.773,done,
790,8.563133946301255,3261.7755668183872,3742.768023967743,3763.5750239677427,20.807,done,
791,8.563133946301255,3265.6679004303423,3747.640725970268,3763.797725970268,16.157,done,
792,8.563133946301255,3269.560234042297,3752.17078101635,3772.1187810163497,19.948,done,
793,8.563133946301255,3273.452567654253,3766.657308995724,3781.6693089957244,15.012,done,
794,8.563133946301255,3277.344901266208,3757.1057909727097,3781.77179097271,24.666,done,
795,8.563133946301255,3281.237234878163,3775.984763979912,3790.6407639799118,14.656,done,
796,8.563133946301255,3285.129568490118,3771.2529609799385,3790.6289609799387,19.376,done,
797,8.563133946301255,3289.021902102073,3780.600521981716,3799.761521981716,19.161,done,
798,8.563133946301255,3292.914235714028,3784.893896996975,3808.690896996975,23.797,done,
799,8.563133946301255,3296.806569325983,3789.5871230363846,3808.943123036385,19.356,done,
800,8.563133946301255,3302.158528042421,3795.767656981945,3817.930656981945,22.163,done,
801,8.563133946301255,3307.51048675886,3801.609789013863,3818.236789013863,16.627,done,
802,8.563133946301255,3312.862445475298,3808.0804910063744,3826.7344910063744,18.654,done,
803,8.563133946301255,3318.2144041917363,3814.002186000347,3835.832186000347,21.83,done,
804,8.563133946301255,3323.5663629081746,3820.178819000721,3836.333819000721,16.155,done,
805,8.563133946301255,3328.918321624613,3825.8196560144415,3844.7706560144416,18.951,done,
806,8.563133946301255,3334.270280341051,3831.673918962479,3853.994918962479,22.321,done,
807,8.563133946301255,3339.6222390574894,3837.365409016609,3853.996409016609,16.631,done,
808,8.563133946301255,3344.974197773928,3843.160345971584,3862.903345971584,19.743,done,
809,8.563133946301255,3350.326156490366,3849.0936819911,3872.0756819911,22.982,done,
810,8.563133946301255,3355.6781152068043,3854.7235749959946,3872.3355749959946,17.612,done,
811,8.563133946301255,3361.0300739232425,3860.398997008801,3881.230997008801,20.832,done,
812,8.563133946301255,3366.382032639681,3878.6321489810944,3898.6321489810944,20.0,done,
813,8.563133946301255,3371.733991356119,3866.855901002884,3889.7299010028837,22.874,done,
814,8.563133946301255,3377.0859500725574,3872.518050968647,3898.904050968647,26.386,done,
815,8.563133946301255,3382.437908788996,3898.61178702116,3916.56978702116,17.958,done,
816,8.563133946301255,3386.3302424009507,3884.137232005596,3907.960232005596,23.823,done,
817,8.563133946301255,3390.222576012906,3888.7216839790335,3908.2756839790336,19.554,done,
818,8.563133946301255,3394.114909624861,3893.73111897707,3917.23111897707,23.5,done,
819,8.563133946301255,3398.007243236816,3903.0084490180016,3926.1344490180018,23.126,done,
820,8.563133946301255,3401.899576848771,3907.745085000992,3926.2200850009917,18.475,done,
821,8.563133946301255,3405.7919104607263,3912.3179990053177,3935.3559990053177,23.038,done,
822,8.563133946301255,3409.6842440726814,3916.8927359580994,3934.9487359580994,18.056,done,
823,8.563133946301255,3413.5765776846365,3921.1427919864655,3944.4957919864655,23.353,done,
824,8.563133946301255,3417.468911296592,3938.536810934544,3954.1628109345443,15.626,done,
825,8.563133946301255,3421.3612449085467,3925.841202020645,3943.8912020206453,18.05,done,
826,8.563133946301255,3425.253578520502,3930.735361993313,3954.1143619933127,23.379,done,
827,8.563133946301255,3428.311840644181,3935.166518032551,3954.468518032551,19.302,done,
828,8.563133946301255,3431.37010276786,3942.02901494503,3963.46201494503,21.433,done,
829,8.563133946301255,3434.428364891539,3945.3659859895706,3963.6129859895705,18.247,done,
830,8.563133946301255,3437.486627015218,3948.982420027256,3963.736420027256,14.754,done,
831,8.563133946301255,3440.544889138897,3952.456171989441,3972.7921719894407,20.336,done,
832,8.563133946301255,3443.603151262576,3955.978473007679,3973.036473007679,17.058,done,
833,8.563133946301255,3446.661413386255,3973.352439999581,3991.776439999581,18.424,done,
834,8.563133946301255,3449.7196755099344,3959.386456012726,3982.255456012726,22.869,done,
835,8.563133946301255,3452.7779376336134,3962.776610970497,3982.282610970497,19.506,done,
836,8.563133946301255,3455.8361997572924,3966.470676004887,3982.418676004887,15.948,done,
837,8.563133946301255,3458.8944618809714,3969.864786982536,3991.951786982536,22.087,done,
838,8.563133946301255,3461.9527240046505,3976.935605943203,3992.054605943203,15.119,done,
839,8.563133946301255,3465.010986128329,3980.3944079875946,4000.8804079875945,20.486,done,
840,8.563133946301255,3468.0692482520085,3984.115503013134,4001.056503013134,16.941,done,
841,8.563133946301255,3471.961581863964,3988.4876930117607,4009.963693011761,21.476,done,
842,8.563133946301255,3475.8539154759187,4001.5355589985847,4019.1485589985846,17.613,done,
843,8.563133946301255,3479.746249087874,3992.521225988865,4010.055225988865,17.534,done,
844,8.563133946301255,3483.638582699829,3997.0160080194473,4019.3260080194473,22.31,done,
845,8.563133946301255,3487.530916311784,4006.199606001377,4028.207606001377,22.008,done,
846,8.563133946301255,3491.423249923739,4010.467010974884,4028.309010974884,17.842,done,
847,8.563133946301255,3495.3155835356943,4015.156018972397,4037.2220189723967,22.066,done,
848,8.563133946301255,3499.2079171476494,4019.7132030129433,4037.266203012943,17.553,done,
849,8.563133946301255,3503.1002507596045,4024.7101290225983,4046.0971290225984,21.387,done,
850,8.563133946301255,3506.99258437156,4028.8678919672966,4046.3898919672965,17.522,done,
851,8.563133946301255,3510.8849179835147,4033.383270025253,4055.448270025253,22.065,done,
852,8.563133946301255,3515.642214620349,4038.2577959895134,4055.7847959895134,17.527,done,
853,8.563133946301255,3520.399511257183,4043.8633009791374,4064.1313009791374,20.268,done,
854,8.563133946301255,3525.1568078940168,4049.312861979008,4073.061861979008,23.749,done,
855,8.563133946301255,3529.91410453085,4054.950280964375,4073.168280964375,18.218,done,
856,8.563133946301255,3534.671401167685,4060.76043599844,4082.3424359984397,21.582,done,
857,8.563133946301255,3539.428697804519,4065.980060994625,4082.496060994625,16.516,done,
858,8.563133946301255,3544.1859944413527,4071.681410968304,4091.152410968304,19.471,done,
859,8.563133946301255,3548.943291078187,4077.1380329728127,4100.273032972813,23.135,done,
860,8.563133946301255,3553.700587715021,4082.600763976574,4100.344763976574,17.744,done,
861,8.563133946301255,3557.592921326976,4087.5114409923553,4109.365440992356,21.854,done,
862,8.563133946301255,3561.485254938931,4091.83222001791,4109.46822001791,17.636,done,
863,8.563133946301255,3565.3775885508862,4096.5121129751205,4118.432112975121,21.92,done,
864,8.563133946301255,3569.2699221628413,4100.7328479886055,4118.758847988605,18.026,done,
865,8.563133946301255,3573.1622557747964,4105.232120037079,4127.788120037078,22.556,done,
866,8.563133946301255,3577.054589386752,4109.679358005524,4126.400358005523,16.721,done,
867,8.563133946301255,3580.9469229987067,4114.260259985924,4136.509259985924,22.249,done,
868,8.563133946301255,3584.839256610662,4118.916875958443,4136.7908759584425,17.874,done,
869,8.563133946301255,3588.731590222617,4123.828608989716,4145.364608989716,21.536,done,
870,8.563133946301255,3592.623923834572,4128.372985959053,4145.377985959053,17.005,done,
871,8.563133946301255,3596.516257446527,4132.488007962704,4154.506007962704,22.018,done,
872,8.563133946301255,3600.0842299241526,4148.473260939121,4164.503260939121,16.03,done,
873,8.563133946301255,3603.652202401778,4136.240107953548,4154.566107953548,18.326,done,
874,8.563133946301255,3607.220174879404,4140.69204300642,4164.03904300642,23.347,done,
875,8.563133946301255,3610.788147357029,4144.406649947166,4164.436649947166,20.03,done,
876,8.563133946301255,3614.356119834655,4164.9629150033,4182.460915003299,17.498,done,
877,8.563133946301255,3617.92409231228,4152.865167975426,4173.261167975425,20.396,done,
878,8.563133946301255,3621.4920647899057,4156.679031014442,4173.820031014442,17.141,done,
879,8.563133946301255,3625.0600372675312,4161.118314981461,4182.63531498146,21.517,done,
880,8.563133946301255,3628.6280097451568,4169.026755988598,4191.990755988598,22.964,done,
881,8.563133946301255,3632.1959822227823,4173.503153979778,4191.981153979778,18.478,done,
882,8.563133946301255,3635.763954700408,4177.448077976704,4201.065077976704,23.617,done,
883,8.563133946301255,3639.331927178033,4181.91610699892,4201.25010699892,19.334,done,
884,8.563133946301255,3643.224260789989,4186.481719017029,4210.137719017029,23.656,done,
885,8.563133946301255,3647.116594401944,4191.219365000725,4210.303365000725,19.084,done,
886,8.563133946301255,3651.008928013898,4196.284618973732,4219.063618973732,22.779,done,
887,8.563133946301255,3654.9012616258537,4201.0735450387,4219.2985450387005,18.225,done,
888,8.563133946301255,3658.793595237809,4205.840038001537,4228.367038001537,22.527,done,
889,8.563133946301255,3662.685928849764,4210.224922001362,4228.179922001362,17.955,done,
890,8.563133946301255,3666.578262461719,4215.185054004192,4237.478054004192,22.293,done,
891,8.563133946301255,3670.470596073674,4219.865558981895,4237.362558981896,17.497,done,
892,8.563133946301255,3674.362929685629,4224.684996962547,4246.529996962548,21.845,done,
893,8.563133946301255,3678.255263297584,4244.88503998518,4265.16703998518,20.282,done,
894,8.563133946301255,3682.14759690954,4229.00974804163,4246.65674804163,17.647,done,
895,8.563133946301255,3685.00197489164,4233.891065955162,4255.634065955162,21.743,done,
896,8.563133946301255,3687.856352873741,4248.414438962936,4265.220438962936,16.806,done,
897,8.563133946301255,3690.7107308558407,4237.813688993454,4255.934688993454,18.121,done,
898,8.563133946301255,3693.565108837941,4241.380742967129,4265.442742967129,24.062,done,
899,8.563133946301255,3696.4194868200416,4258.638268947601,4274.4472689476015,15.809,done,
900,8.563133946301255,3699.2738648021423,4251.887389957905,4274.397389957905,22.51,done,
901,8.563133946301255,3702.1282427842425,4255.238263964653,4274.677263964653,19.439,done,
902,8.563133946301255,3704.982620766343,4262.050424993038,4283.276424993038,21.226,done,
903,8.563133946301255,3707.8369987484434,4265.538990020752,4283.2019900207515,17.663,done,
904,8.563133946301255,3710.691376730544,4269.514860987663,4292.5158609876635,23.001,done,
905,8.563133946301255,3713.545754712644,4273.053542017937,4292.641542017936,19.588,done,
906,8.563133946301255,3716.400132694745,4276.234853029251,4292.779853029251,16.545,done,
907,8.563133946301255,3719.254510676845,4279.798865973949,4301.403865973949,21.605,done,
908,8.563133946301255,3722.108888658946,4283.47290199995,4301.61590199995,18.143,done,
909,8.563133946301255,3724.963266641046,4287.384832978249,4310.624832978248,23.24,done,
910,8.563133946301255,3729.72056327788,4293.00554895401,4310.69354895401,17.688,done,
911,8.563133946301255,3734.4778599147135,4298.742982983589,4319.700982983589,20.958,done,
912,8.563133946301255,3739.235156551548,4304.519225001335,4319.618225001335,15.099,done,
913,8.563133946301255,3743.992453188382,4310.171634972096,4328.258634972097,18.087,done,
914,8.563133946301255,3748.749749825216,4315.479927003384,4337.204927003384,21.725,done,
915,8.563133946301255,3753.5070464620494,4320.451346993446,4345.781346993446,25.33,done,
916,8.563133946301255,3758.264343098884,4326.10957300663,4345.94757300663,19.838,done,
917,8.563133946301255,3763.0216397357194,4332.007375001907,4354.861375001908,22.854,done,
918,8.563133946301255,3767.778936372552,4346.626800000668,4363.620800000667,16.994,done,
919,8.563133946301255,3772.060503345703,4337.395721971989,4354.911721971988,17.516,done,
920,8.563133946301255,3776.3420703188535,4342.033586978912,4363.953586978912,21.92,done,
921,8.563133946301255,3780.623637292004,4351.408998012543,4372.607998012542,21.199,done,
922,8.563133946301255,3784.905204265154,4356.718369960785,4372.673369960785,15.955,done,
923,8.563133946301255,3789.1867712383055,4361.390074014664,4381.712074014664,20.322,done,
924,8.563133946301255,3793.468338211456,4365.858309030533,4381.871309030533,16.013,done,
925,8.563133946301255,3797.749905184607,4370.42437595129,4390.56337595129,20.139,done,
926,8.563133946301255,3802.031472157757,4375.552981972694,4399.396981972694,23.844,done,
927,8.563133946301255,3806.313039130908,4380.969089984894,4399.410089984894,18.441,done,
928,8.563133946301255,3810.5946061040586,4385.684972941876,4408.164972941876,22.48,done,
929,8.563133946301255,3814.4869397160137,4390.30357003212,4408.25057003212,17.947,done,
930,8.563133946301255,3818.379273327969,4395.256449997425,4417.379449997425,22.123,done,
931,8.563133946301255,3822.271606939924,4399.877489030361,4416.938489030361,17.061,done,
932,8.563133946301255,3826.163940551879,4404.942699968815,4426.100699968815,21.158,done,
933,8.563133946301255,3830.056274163834,4409.071731984615,4426.252731984615,17.181,done,
934,8.563133946301255,3833.948607775789,4413.623799979687,4435.2477999796865,21.624,done,
935,8.563133946301255,3837.840941387744,4418.023999035358,4435.463999035358,17.44,done,
936,8.563133946301255,3841.7332749997,4422.878628015518,4444.046628015518,21.168,done,
937,8.563133946301255,3845.625608611655,4426.965209007263,4444.081209007263,17.116,done,
938,8.563133946301255,3849.5179422236097,4431.538276016712,4452.988276016712,21.45,done,
939,8.563133946301255,3853.410275835565,4435.996639966965,4453.1116399669645,17.115,done,
940,8.563133946301255,3856.7037888918335,4439.770646929741,4462.082646929741,22.312,done,
941,8.563133946301255,3859.997301948104,4443.270780026913,4462.431780026913,19.161,done,
942,8.563133946301255,3863.290815004374,4446.9694729447365,4471.369472944736,24.4,done,
943,8.563133946301255,3866.584328060644,4450.504261016846,4471.581261016846,21.077,done,
944,8.563133946301255,3869.877841116913,4454.865827977657,4471.689827977657,16.824,done,
945,8.563133946301255,3873.171354173183,4458.269055962563,4480.757055962563,22.488,done,
946,8.563133946301255,3876.464867229453,4462.677655935288,4480.761655935288,18.084,done,
947,8.563133946301255,3879.7583802857225,4466.234789967537,4480.954789967537,14.72,done,
948,8.563133946301255,3883.051893341992,4470.619363963604,4489.530363963604,18.911,done,
949,8.563133946301255,3886.3454063982617,4488.562105953693,4507.531105953693,18.969,done,
950,8.563133946301255,3889.638919454532,4474.462052941322,4489.600052941322,15.138,done,
951,8.563133946301255,3892.9324325108014,4478.002807974815,4498.6328079748155,20.63,done,
952,8.563133946301255,3896.225945567071,4481.462749004364,4498.669749004364,17.207,done,
953,8.563133946301255,3899.28420769075,4485.094984948635,4507.620984948635,22.526,done,
954,8.563133946301255,3902.342469814429,4499.369390964508,4517.1213909645085,17.752,done,
955,8.563133946301255,3905.400731938108,4492.4781839847565,4517.566183984756,25.088,done,
956,8.563133946301255,3908.458994061787,4495.935501992703,4517.600501992703,21.665,done,
957,8.563133946301255,3911.517256185466,4502.871594965458,4517.859594965458,14.988,done,
958,8.563133946301255,3914.575518309145,4506.273704946041,4526.085704946041,19.812,done,
959,8.563133946301255,3917.633780432824,4510.306222975254,4526.261222975254,15.955,done,
960,8.563133946301255,3920.692042556503,4513.640774011612,4535.376774011612,21.736,done,
961,8.563133946301255,3923.750304680182,4517.021440982819,4535.406440982819,18.385,done,
962,8.563133946301255,3926.808566803861,4520.545319020748,4544.276319020748,23.731,done,
963,8.563133946301255,3929.86682892754,4524.051316022873,4544.372316022873,20.321,done,
964,8.563133946301255,3932.925091051219,4528.012657999992,4544.662657999992,16.65,done,
965,8.563133946301255,3935.983353174898,4531.503526985645,4553.420526985646,21.917,done,
966,8.563133946301255,3939.041615298577,4535.012079000473,4553.289079000473,18.277,done,
967,8.563133946301255,3942.933948910532,4539.326780974865,4562.2397809748645,22.913,done,
968,8.563133946301255,3946.826282522488,4543.872183024883,4562.482183024883,18.61,done,
969,8.563133946301255,3950.7186161344425,4548.311088979244,4571.364088979244,23.053,done,
970,8.563133946301255,3954.6109497463976,4552.812584996223,4571.405584996223,18.593,done,
971,8.563133946301255,3958.5032833583527,4557.398652970791,4580.291652970791,22.893,done,
972,8.563133946301255,3962.395616970308,4561.940649986267,4580.498649986267,18.558,done,
973,8.563133946301255,3966.287950582264,4566.15987098217,4589.21687098217,23.057,done,
974,8.563133946301255,3970.1802841942185,4570.532068014145,4589.234068014145,18.702,done,
975,8.563133946301255,3974.0726178061736,4575.158461987972,4598.256461987972,23.098,done,
976,8.563133946301255,3977.9649514181287,4579.620562016964,4598.391562016964,18.771,done,
977,8.563133946301255,3981.857285030084,4584.4199060201645,4607.135906020165,22.716,done,
978,8.563133946301255,3986.138852003234,4588.980950951576,4607.589950951577,18.609,done,
979,8.563133946301255,3990.420418976385,4593.91110599041,4616.14710599041,22.236,done,
980,8.563133946301255,3994.701985949536,4598.8201749920845,4616.326174992085,17.506,done,
981,8.563133946301255,3998.983552922686,4603.557731986046,4625.090731986046,21.533,done,
982,8.563133946301255,4003.265119895837,4607.968621015549,4625.207621015548,17.239,done,
983,8.563133946301255,4007.546686868988,4612.573724985123,4634.000724985122,21.427,done,
984,8.563133946301255,4011.828253842138,4616.904326975346,4634.335326975345,17.431,done,
985,8.563133946301255,4016.109820815289,4621.310775995255,4642.890775995255,21.58,done,
986,8.563133946301255,4020.3913877884393,4625.785926997662,4643.031926997662,17.246,done,
987,8.563133946301255,4024.67295476159,4630.284697949886,4652.2766979498865,21.992,done,
988,8.563133946301255,4027.731216885269,4633.643691003323,4652.423691003322,18.78,done,
989,8.563133946301255,4030.789479008948,4636.944535970688,4652.430535970688,15.486,done,
990,8.563133946301255,4033.847741132627,4640.429537951946,4662.027537951946,21.598,done,
991,8.563133946301255,4036.906003256306,4643.561801970005,4662.192801970005,18.631,done,
992,8.563133946301255,4039.964265379985,4646.980316996574,4662.257316996574,15.277,done,
993,8.563133946301255,4043.022527503664,4650.4651119709015,4670.519111970902,20.054,done,
994,8.563133946301255,4046.080789627343,4668.454431951046,4688.460431951046,20.006,done,
995,8.563133946301255,4049.139051751022,4654.088015973568,4670.770015973568,16.682,done,
996,8.563133946301255,4052.197313874701,4657.506229996681,4679.546229996681,22.04,done,
997,8.563133946301255,4055.25557599838,4660.951865017414,4679.660865017414,18.709,done,
998,8.563133946301255,4058.313838122059,4665.046176970005,4688.607176970005,23.561,done,
