# {"outdir": "/root/DynWork/log/syn/LenScale_0.01/chatbot/gpt_cornell/1.5_x_P99/nexus", "model": "resnet", "no_nexus": true, "maxb": 8, "pause": false, "slo_ms": 93, "reqs": "/root/DynWork/log/syn/LenScale_0.01/chatbot/gpt_cornell/jobs.bucketed.csv", "image": "Chihuahua1_bvdb.jpg", "debug": false, "reproducibility": {"command_line": "python dynamic_test.py --maxb 8 --slo_ms 93 --no_nexus Chihuahua1_bvdb.jpg /root/DynWork/log/syn/LenScale_0.01/chatbot/gpt_cornell/jobs.bucketed.csv /root/DynWork/log/syn/LenScale_0.01/chatbot/gpt_cornell/1.5_x_P99/nexus", "time": "Sun Nov 28 14:39:48 2021", "git_root": "/root/nexus", "git_url": "https://github.com/Aetf/nexus/tree/53fea9fe31f6274ebc52c43073ae3746e55c85bf", "git_has_uncommitted_changes": true}}
JobId,Length,Admitted,Started,Finished,Latency,State,EStatus
0,27.1053913095966,34.56159371493405,39.05184984207153,71.16684984207154,32.115,done,
1,42.3906679393258,48.67450999480991,53.70045781135559,113.74545781135559,60.045,done,
2,15.09505896945484,62.78742627468577,68.1269679069519,128.95796790695192,60.831,done,
3,55.24318963987753,76.90034255456163,83.15111684799194,184.54711684799196,101.396,done,
4,28.958828119793907,91.0132588344375,97.48152470588684,213.81352470588683,116.332,done,
5,14.232910569990054,105.12617511431336,111.87430095672607,228.06330095672607,116.189,done,
6,25.80124162021093,119.23909139418922,126.42617774009705,254.18717774009704,127.761,done,
7,18.73294959077612,133.35200767406508,140.72327065467834,273.15527065467836,132.432,done,
8,27.41774624097161,147.46492395394094,155.05193281173706,300.80493281173705,145.753,done,
9,12.28577126050368,161.5778402338168,169.47837281227112,313.13637281227113,143.658,done,
10,42.14248173055239,175.69075651369266,184.0625867843628,355.66958678436276,171.607,done,
11,28.36301567032933,218.19627640647116,228.52279782295227,384.4157978229523,155.893,done,
12,52.92653939104639,260.7017962992496,271.86777091026306,437.3407709102631,165.473,done,
13,43.37847238988616,303.2073161920281,315.0452628135681,481.01826281356813,165.973,done,
14,13.10184045927599,345.7128360848065,358.41272497177124,494.0767249717712,135.664,done,
15,43.54127188096754,388.218355977585,401.14392590522766,537.8909259052277,136.747,done,
16,22.105602819938213,430.7238758703635,444.0678207874298,560.2948207874298,116.227,done,
17,17.57551114074886,473.229395763142,486.7887547016144,578.1967547016144,91.408,done,
18,48.18954096059315,515.7349156559204,529.7609808444977,626.5389808444977,96.778,done,
19,33.79030136973597,558.2404355486989,573.1451346874237,660.4761346874237,87.331,done,
20,48.04890259052627,600.7459554414773,616.4559557437897,708.6549557437896,92.199,done,
21,48.03408371983096,813.2142202792821,829.5870966911316,884.7820966911316,55.195,done,
22,28.83647679002024,1025.6824851170868,1042.772294998169,1076.7672949981688,33.995,done,
23,34.34997452888638,1238.1507499548916,1255.6896488666534,1296.4666488666535,40.777,done,
24,12.29176062042825,1450.6190147926964,1469.3121287822723,1488.1091287822724,18.797,done,
25,40.84734431002289,1663.0872796305011,1682.9291608333588,1730.3121608333588,47.383,done,
26,42.33967804000713,1875.555544468306,1896.2261068820956,1944.9051068820957,48.679,done,
27,12.46723914053291,2088.0238093061107,2109.662457704544,2129.901457704544,20.239,done,
28,24.67264109989628,2300.4920741439155,2322.833897829056,2352.371897829056,29.538,done,
29,33.21380501962267,2512.9603389817203,2536.3048899173737,2575.9468899173735,39.642,done,
30,23.55425531975925,2725.428603819525,2749.778675794601,2780.236675794601,30.458,done,
31,28.916566020343453,2729.7242328741377,2754.3068177700043,2809.6248177700045,55.318,done,
32,19.657856810372326,2734.0198619287503,2758.7975237369537,2809.8725237369536,51.075,done,
33,35.57903943001293,2738.315490983363,2764.197782754898,2845.710782754898,81.513,done,
34,30.12515539070592,2742.6111200379755,2769.5895919799805,2845.8315919799807,76.242,done,
35,22.62614356004633,2746.906749092588,2779.429432868957,2899.9304328689573,120.501,done,
36,53.91038595000282,2751.202378147201,2797.351608991623,2946.686608991623,149.335,error,7.0
37,33.873451640829444,2755.498007201814,2799.782532930374,2946.8455329303742,147.063,error,7.0
38,46.35562447016128,2759.7936362564265,2809.4422509670258,2947.1402509670256,137.698,error,7.0
39,46.19321911013685,2764.089265311039,2816.1384308338165,2947.2714308338163,131.133,error,7.0
40,20.646285770926625,2768.384894365652,2774.975882768631,2900.091882768631,125.116,done,
41,9.236672469414772,2769.8715813341983,2783.917065858841,2946.640065858841,162.723,done,
42,28.07412490947172,2771.3582683027453,2788.4995448589325,2946.8895448589324,158.39,done,
43,23.99765728972852,2772.844955271292,2792.925716876984,2946.9157168769843,153.99,error,7.0
44,22.832797329174355,2774.3316422398384,2802.1741347312927,2947.010134731293,144.836,error,7.0
45,29.160542250610888,2775.818329208385,2804.636347770691,2947.1823477706907,142.546,error,7.0
46,18.83911415934563,2777.305016176932,2807.048273801804,2947.351273801804,140.303,error,7.0
47,50.1099131105002,2778.7917031454786,2811.3948957920074,2947.2948957920075,135.9,error,7.0
48,8.266510070534423,2780.278390114025,2813.773088693619,2947.414088693619,133.641,error,7.0
49,36.541175349848345,2781.765077082572,2818.522489786148,2947.425489786148,128.903,error,7.0
50,22.3462317395024,2783.2517640511187,2820.9404928684235,2947.4734928684234,126.533,error,7.0
51,33.14766980009153,2802.308167006808,2840.3481397628784,3000.1871397628784,159.839,done,
52,52.837222040398046,2821.3645699624967,2860.35964179039,3000.35664179039,139.997,done,
53,43.297932560089976,2840.4209729181857,2879.7205657958984,3048.2255657958985,168.505,done,
54,47.57474682061002,2859.4773758738747,2899.109704732895,3048.2717047328947,149.162,done,
55,35.73174524004571,2878.533778829564,2919.6392257213597,3048.11122572136,128.472,error,7.0
56,28.356406290549785,2897.5901817852528,2939.1966848373413,3076.9936848373413,137.797,done,
57,19.936994750751182,2916.6465847409418,2959.0159108638763,3077.1809108638763,118.165,done,
58,12.617637859657409,2935.7029876966308,2978.380535840988,3094.862535840988,116.482,done,
59,17.485967479879037,2954.75939065232,2997.8636128902435,3095.0686128902435,97.205,done,
60,22.5353839492891,2973.815793608009,3017.8287398815155,3121.8747398815153,104.046,done,
61,26.72151730046608,2999.91356758808,3045.376551628113,3122.1525516281126,76.776,done,
62,43.39555994025432,3026.011341568152,3072.079832792282,3165.7238327922823,93.644,done,
63,31.602502249879763,3052.109115548223,3098.5348258018494,3165.9408258018493,67.406,done,
64,22.21499955048785,3078.2068895282946,3125.59451174736,3233.36751174736,107.773,done,
65,67.00223473017104,3104.304663508366,3152.912403821945,3233.5764038219454,80.664,done,
66,13.034524079412222,3130.402437488437,3180.4808189868927,3283.4978189868925,103.017,done,
67,49.82612888910808,3156.500211468509,3207.80010676384,3283.7341067638404,75.934,done,
68,32.92192442924716,3182.5979854485804,3234.0320937633514,3316.6510937633516,82.619,done,
69,21.90985101042316,3208.695759428652,3261.4855496883392,3316.906549688339,55.421,done,
70,23.45826437929645,3234.7935334087238,3288.198818922043,3340.350818922043,52.152,done,
71,13.063258979236709,3295.624030585184,3351.020931959152,3370.145931959152,19.125,done,
72,52.76049181004055,3356.454527761644,3412.925948858261,3471.751948858261,58.826,done,
73,18.27281568897888,3417.2850249381045,3474.4647839069366,3498.735783906937,24.271,done,
74,19.436559149762616,3478.115522114565,3536.4298646450043,3562.4368646450043,26.007,done,
75,14.869045309023932,3538.9460192910256,3598.239547729492,3619.883547729492,21.644,done,
76,27.065516529837623,3599.7765164674856,3659.657485723496,3693.1094857234957,33.452,done,
77,32.56904761074111,3660.607013643946,3720.8728828430176,3759.9258828430175,39.053,done,
78,29.696232239948586,3721.437510820407,3782.7059619426727,3819.482961942673,36.777,done,
79,17.313113759737462,3782.268007996867,3844.26456284523,3868.0735628452303,23.809,done,
80,10.273793709930032,3843.0985051733273,3905.796273708344,3922.405273708344,16.609,done,
81,27.66685736947693,3913.459910463891,3977.131438016892,4011.359438016892,34.228,done,
82,32.283068370306864,3983.821315754456,4049.1099178791046,4087.8679178791044,38.758,done,
83,55.857875070068985,4054.18272104502,4120.605579853058,4183.017579853058,62.412,done,
84,79.63683911017142,4124.544126335584,4191.748749017715,4277.581749017715,85.833,done,
85,35.20211643073708,4194.905531626148,4264.280936956406,4312.913936956405,48.633,done,
86,13.535443239379674,4265.266936916712,4335.644666671753,4355.574666671753,19.93,done,
87,14.62737402995117,4335.6283422072775,4406.325829744339,4427.374829744339,21.049,done,
88,42.99105903017335,4405.989747497842,4477.125375986099,4526.2653759861,49.14,done,
89,28.3359756495338,4476.351152788406,4548.1036467552185,4583.1706467552185,35.067,done,
90,46.85713644954376,4546.71255807897,4618.903681755066,4672.1336817550655,53.23,done,
91,31.81437787949108,4552.214495375523,4625.371337890625,4704.365337890625,78.994,done,
92,10.790730470325798,4557.716432672077,4631.740306854248,4704.430306854248,72.69,done,
93,21.91083798068576,4563.218369968629,4644.508626937866,4726.696626937866,82.188,done,
94,10.031920020701364,4568.720307265183,4669.891543865204,4799.796543865204,129.905,done,
95,50.86770795984194,4574.222244561736,4638.130717754364,4726.841717754364,88.711,done,
96,28.50805307039991,4579.72418185829,4650.881855964661,4777.708855964661,126.827,done,
97,19.83205028111115,4585.226119154843,4657.238532781601,4777.819532781601,120.581,done,
98,21.542388739762828,4590.728056451396,4663.555958986282,4799.936958986283,136.381,done,
99,26.41779584926553,4596.229993747949,4675.689762830734,4840.579762830735,164.89,done,
100,40.57465965976007,4601.731931044503,4828.445079803467,4867.902079803467,39.457,done,
101,26.84241298935376,4674.606264920122,4682.069278717041,4840.944278717041,158.875,done,
102,9.306057509966196,4747.480598795742,4755.357157945633,4868.130157945633,112.773,done,
103,26.36329042026773,4820.354932671361,4901.659694910049,4933.497694910049,31.838,done,
104,15.476584640564395,4893.22926654698,4975.320600748062,4997.0056007480625,21.685,done,
105,18.774695890024304,4966.1036004226,5048.7377576828,5073.1777576828,24.44,done,
106,46.666797960642725,5038.977934298219,5121.8754069805145,5175.006406980515,53.131,done,
107,18.293481580913067,5111.852268173839,5195.79291176796,5221.20991176796,25.417,done,
108,27.51385412993841,5184.726602049458,5269.005012750626,5303.191012750625,34.186,done,
109,23.826749480795115,5257.6009359250775,5342.991731882095,5373.582731882096,30.591,done,
110,19.20839298982173,5330.475269800697,5416.250207901001,5442.004207901001,25.754,done,
111,20.313005099305883,5435.539926206494,5521.802683830261,5549.038683830261,27.236,done,
112,25.833565579960123,5540.604582612291,5627.852994918823,5660.1799949188235,32.327,done,
113,16.39231068897061,5645.669239018089,5734.004435777664,5757.020435777664,23.016,done,
114,52.63602231978439,5750.733895423886,5839.847385883331,5898.902385883332,59.055,done,
115,13.718333520228043,5855.798551829683,5945.688030004501,5966.476030004501,20.788,done,
116,47.45215940987691,5960.86320823548,6051.293097019196,6105.367097019195,54.074,done,
117,42.98861343995668,6065.927864641277,6157.155602931976,6206.698602931976,49.543,done,
118,21.91109532024712,6170.992521047075,6262.442957878113,6290.939957878113,28.497,done,
119,21.937805670313537,6276.057177452872,6367.741068840027,6396.439068840027,28.698,done,
120,50.08014632039704,6381.121833858669,6473.265957832336,6529.689957832336,56.424,done,
121,28.978910469450057,6383.348015950234,6479.070323944092,6558.973323944092,79.903,done,
122,22.724478390300646,6385.574198041799,6486.256025791168,6616.452025791168,130.196,error,7.0
123,56.92967397044413,6387.800380133363,6488.610472917557,6616.523472917556,127.913,error,7.0
124,47.75918571976945,6390.026562224929,6475.736411809921,6559.183411809921,83.447,done,
125,14.427744610002264,6392.252744316495,6481.53037071228,6616.831370712281,135.301,done,
126,25.78889942029491,6394.478926408059,6483.891801834106,6616.734801834106,132.843,done,
127,58.55200576013885,6396.705108499624,6490.972461700439,6616.92846170044,125.956,error,7.0
128,24.9560397292953,6398.931290591189,6493.32634973526,6643.87734973526,150.551,done,
129,26.863513480639085,6401.157472682755,6496.671924829483,6644.064924829483,147.393,done,
130,58.43522212933749,6403.383654774319,6499.02734875679,6644.04534875679,145.018,error,7.0
131,62.91415635030717,6449.109455611697,6545.331182003021,6707.387182003021,162.056,done,
132,56.90580561989918,6494.835256449074,6591.667560815811,6707.551560815811,115.884,done,
133,9.367485410766676,6540.561057286452,6638.371518850327,6722.288518850328,83.917,done,
134,14.5082899404224,6586.286858123829,6684.805467844009,6722.296467844009,37.491,done,
135,30.32509759999812,6632.012658961206,6731.126061916351,6767.950061916351,36.824,done,
136,39.74048480973579,6677.738459798585,6778.7485139369965,6823.947513936996,45.199,done,
137,27.199729409767315,6723.464260635962,6824.599210739136,6858.535210739135,33.936,done,
138,15.318651249399409,6769.19006147334,6871.296254873276,6892.046254873276,20.75,done,
139,48.25688053970225,6814.915862310717,6917.823511838913,6971.888511838913,54.065,done,
140,33.34055196028203,6860.641663148094,6964.333658695221,7005.401658695221,41.068,done,
141,12.429357490036637,7045.2695156371465,7151.13852596283,7169.628525962829,18.49,done,
142,27.95569092966616,7229.897368126198,7336.538448810577,7370.298448810578,33.76,done,
143,32.390865540364764,7414.52522061525,7522.215505838394,7560.619505838395,38.404,done,
144,35.23039376013912,7599.153073104302,7707.499561786652,7748.625561786652,41.126,done,
145,28.278414430096745,7783.7809255933535,7893.450678825378,7927.543678825378,34.093,done,
146,39.02871794067323,7968.408778082406,8078.440280914307,8123.110280914307,44.67,done,
147,31.31731431931257,8153.036630571458,8263.93393278122,8301.35593278122,37.422,done,
148,18.805969239911065,8337.66448306051,8449.378554821014,8474.391554821015,25.013,done,
149,31.07066081953235,8522.292335549562,8635.278128623962,8672.903128623962,37.625,done,
150,18.112195349531248,8706.920188038614,8820.785399913788,8844.839399913788,24.054,done,
151,14.686274329433218,9019.489524460889,9134.87941479683,9155.39741479683,20.518,done,
152,14.610093008959666,9332.05886088316,9448.446330785751,9468.240330785751,19.794,done,
153,24.11349084926769,9644.628197305434,9762.27375793457,9791.96575793457,29.692,done,
154,2.602341049350798,9957.197533727707,10075.944249868391,10084.28024986839,8.336,done,
155,38.83995629963465,10269.766870149982,10389.179625749588,10433.829625749588,44.65,done,
156,20.70922667044215,10582.336206572254,10703.78362774849,10730.24062774849,26.457,done,
157,17.23855154006742,10894.90554299453,11018.225385665894,11041.456385665893,23.231,done,
158,38.74007173930295,11207.474879416804,11331.42479300499,11376.55279300499,45.128,done,
159,26.509207170456648,11520.044215839076,11645.501905679705,11677.730905679704,32.229,done,
160,33.11890577082522,11832.61355226135,11958.689998865128,11998.101998865128,39.412,done,
161,24.657084490172565,11838.7338336606,11965.149203777311,12038.045203777312,72.896,done,
162,39.44293736014515,11844.854115059852,11971.469492912292,12038.205492912293,66.736,done,
163,19.935189849929884,11850.974396459103,11977.793692827225,12058.275692827225,80.482,done,
164,15.694744610227644,11857.094677858357,11984.121106624603,12058.471106624604,74.35,done,
165,36.6181446891278,11863.214959257606,11990.42470383644,12095.207703836439,104.783,done,
166,20.501349980477244,11869.335240656856,11996.732979774475,12095.391979774475,98.659,done,
167,50.6180841405876,11875.455522056109,12016.280450820925,12150.560450820925,134.28,error,7.0
168,55.0020278908778,11881.575803455358,12003.661244869232,12150.724244869232,147.063,done,
169,40.65286854049191,11887.69608485461,12009.97538781166,12150.978387811661,141.003,done,
170,44.15255783009343,11893.81636625386,12022.58719086647,12195.05619086647,172.469,done,
171,15.132467879448086,12062.11622252424,12191.621997833252,12213.274997833252,21.653,done,
172,18.085484700277448,12230.416078794617,12360.223713636398,12384.582713636399,24.359,done,
173,51.59512021928094,12398.715935064993,12530.477334976196,12588.198334976196,57.721,done,
174,18.183580919867374,12567.015791335369,12699.043361902235,12723.276361902235,24.233,done,
175,23.229689359432086,12735.315647605748,12869.176644802094,12898.275644802094,29.099,done,
176,17.72358947084285,12903.615503876124,13038.111436843872,13061.779436843872,23.668,done,
177,54.55444986000657,13071.9153601465,13207.659373998642,13267.956373998642,60.297,done,
178,20.983015469973907,13240.215216416878,13376.870042800903,13402.976042800903,26.106,done,
179,39.93806421989575,13408.515072687254,13546.802250862122,13593.14625086212,46.344,done,
180,45.740217689890414,13576.814928957632,13715.992734909058,13768.271734909058,52.279,done,
181,20.19461577991024,13586.93326929924,13726.494678974152,13815.277678974151,88.783,done,
182,46.80438704090193,13597.051609640848,13736.974553823473,13815.595553823472,78.621,done,
183,20.80661593936384,13607.169949982455,13747.423067808151,13836.506067808152,89.083,done,
184,18.762003040174022,13617.288290324066,13757.878916740416,13836.703916740416,78.825,done,
185,33.92259309999645,13627.406630665677,13768.216801643372,13870.610801643372,102.394,done,
186,28.181152660399675,13637.524971007282,13778.934836864471,13870.781836864471,91.847,done,
187,16.077599399723113,13647.643311348893,13799.696722984314,13896.607722984314,96.911,done,
188,25.10762273916044,13657.7616516905,13821.170997858047,13926.133997858047,104.963,done,
189,29.3075186398346,13667.879992032107,13789.382234811785,13896.823234811785,107.441,done,
190,16.608809179160744,13677.998332373716,13810.024480819702,13926.392480819703,116.368,done,
191,43.62957400036976,13824.394288602984,13967.953348875046,14017.541348875046,49.588,done,
192,7.175185210071504,13970.790244832257,14115.413866758348,14128.912866758348,13.499,done,
193,13.566769149620086,14117.186201061524,14262.67687177658,14282.49487177658,19.818,done,
194,39.04811874032021,14263.582157290792,14409.36745095253,14454.15945095253,44.792,done,
195,21.6863118193578,14409.97811352006,14555.999013662338,14583.971013662338,27.972,done,
196,46.61785706994124,14556.37406974933,14703.778709888458,14756.495709888459,52.717,done,
197,56.29966359003447,14702.7700259786,14851.337914705276,14912.978914705276,61.641,done,
198,61.06922128936276,14849.16598220787,14998.780902862549,15065.268902862548,66.488,done,
199,53.47915977006778,14995.561938437138,15146.0393679142,15205.5053679142,59.466,done,
200,27.464412660337985,15141.957894666408,15294.3261179924,15328.045117992398,33.719,done,
201,20.54484340013005,15181.947503409256,15334.82754087448,15361.377540874479,26.55,done,
202,14.649631179636344,15221.937112152104,15376.04589176178,15396.40389176178,20.358,done,
203,23.525398599449545,15261.926720894951,15417.163740873337,15447.227740873337,30.064,done,
204,42.34639835078269,15301.916329637805,15457.881603717804,15506.847603717804,48.966,done,
205,24.970717090182006,15341.90593838065,15498.206395864489,15532.131395864488,33.925,done,
206,45.6624384096358,15381.8955471235,15538.777590990068,15590.484590990069,51.707,done,
207,18.88649494037964,15421.885155866348,15579.2836227417,15609.6086227417,30.325,done,
208,28.346954371081665,15461.874764609196,15620.340499639511,15655.52649963951,35.186,done,
209,31.110701269935817,15501.864373352046,15661.259367704391,15699.022367704392,37.763,done,
210,9.8489908198826,15541.853982094894,15701.61440205574,15718.22340205574,16.609,done,
211,51.6987554798834,15551.835539403384,15711.912197828293,15770.353197828294,58.441,done,
212,37.90620123036206,15561.817096711877,15722.766145706177,15808.670145706177,85.904,done,
213,29.36418321100064,15571.798654020366,15733.082868814468,15808.798868814469,75.716,done,
214,35.04729509935714,15581.780211328856,15743.398334741592,15851.934334741592,108.536,done,
215,42.7463615196757,15591.761768637349,15753.7190387249,15852.0620387249,98.343,done,
216,38.63752653007396,15601.743325945838,15764.038205862043,15890.820205862043,126.782,done,
217,24.21054621925577,15611.724883254328,15774.949424743652,15890.920424743652,115.971,done,
218,15.004758069990205,15621.70644056282,15785.29513168335,15938.61913168335,153.324,done,
219,47.30931372032501,15631.68799787131,15795.612762928007,15938.796762928007,143.184,done,
220,38.86033799033612,15641.6695551798,15805.93681883812,15938.85581883812,132.919,error,7.0
221,18.85373538942077,15674.898627763636,15839.279078722,15987.913078722,148.634,done,
222,48.879561009816825,15708.127700347472,15873.487311840056,15988.116311840056,114.629,done,
223,19.69919934985228,15741.356772931307,15907.40011191368,16021.13611191368,113.736,done,
224,32.91904615005478,15774.585845515145,15941.33868265152,16021.31468265152,79.976,done,
225,10.277792769484222,15807.81491809898,15974.700847864153,16032.489847864153,57.789,done,
226,10.891974709229544,15841.043990682814,16008.595349788666,16032.797349788665,24.202,done,
227,62.89801766979508,15874.27306326665,16043.23653292656,16111.118532926559,67.882,done,
228,13.381278410088273,15907.502135850486,16077.558537960052,16124.615537960053,47.057,done,
229,15.41664449032396,15940.73120843432,16111.555077791214,16140.335077791215,28.78,done,
230,9.896155400201678,15973.960281018157,16145.941756725311,16162.386756725311,16.445,done,
231,20.639619471039623,16145.120710115176,16318.20494365692,16344.22394365692,26.019,done,
232,24.51933140051551,16316.281139212197,16490.123948812485,16520.209948812484,30.086,done,
233,15.100076330127196,16487.441568309216,16662.00069975853,16683.71769975853,21.717,done,
234,16.667093879077584,16658.601997406236,16833.597593784332,16855.868593784333,22.271,done,
235,19.593169239815325,16829.762426503257,17005.72612476349,17030.70612476349,24.98,done,
236,49.26198196015321,17000.922855600274,17177.58555483818,17232.38655483818,54.801,done,
237,17.08634148002602,17172.083284697295,17349.21590280533,17373.213902805328,23.998,done,
238,35.8711887197569,17343.243713794316,17521.062062740326,17562.439062740326,41.377,done,
239,24.13009905954823,17514.404142891333,17693.29787182808,17723.59987182808,30.302,done,
240,50.61474935966544,17685.564571988354,17865.472289800644,17921.863289800644,56.391,done,
241,8.193646810250357,17732.91132139805,17913.968116998672,17930.238116998673,16.27,done,
242,20.86785675957799,17780.258070807744,17961.976514816284,17988.459514816284,26.483,done,
243,41.538106920197606,17827.60482021744,18010.238929748535,18057.651929748536,47.413,done,
244,26.867099390365183,17874.951569627134,18058.28937268257,18091.75537268257,33.466,done,
245,28.567323959432542,17922.298319036825,18106.423836946487,18141.77183694649,35.348,done,
246,11.7943096999079,17969.64506844652,18154.533435821533,18172.894435821534,18.361,done,
247,13.56749339029193,18016.99181785621,18202.6672706604,18222.8452706604,20.178,done,
248,27.932394089875743,18064.33856726591,18250.61895775795,18285.11595775795,34.497,done,
249,23.72336370055564,18111.685316675605,18299.89848279953,18330.15048279953,30.252,done,
250,23.95854232017882,18159.0320660853,18347.9177069664,18378.5187069664,30.601,done,
251,21.33724707062356,18186.1604172469,18375.38352394104,18403.48752394104,28.104,done,
252,19.44667528034188,18213.288768408504,18403.313930749893,18428.330930749893,25.017,done,
253,9.751952920341864,18240.417119570106,18431.199917793278,18447.41891779328,16.219,done,
254,16.07607894926332,18267.545470731704,18459.057129859924,18480.021129859924,20.964,done,
255,17.47471781098284,18294.673821893302,18486.557169675827,18510.27816967583,23.721,done,
256,15.585228700656444,18321.802173054908,18513.84363293648,18536.07763293648,22.234,done,
257,26.641817030031238,18348.93052421651,18541.59475493431,18574.63275493431,33.038,done,
258,25.17062099999748,18376.05887537811,18568.896582841877,18600.170582841878,31.274,done,
259,15.317197899566963,18403.18722653971,18596.14449286461,18617.870492864608,21.726,done,
260,14.946122670080513,18430.315577701316,18623.390377998352,18644.33237799835,20.942,done,
261,34.86437046900392,18475.902774827544,18669.86979269981,18710.77879269981,40.909,done,
262,46.96767799090594,18521.48997195378,18716.43022584915,18769.85922584915,53.429,done,
263,13.269094049464911,18567.07716908001,18762.86110186577,18783.449101865768,20.588,done,
264,43.7480145401787,18612.66436620624,18809.22423005104,18859.16523005104,49.941,done,
265,52.518890489591286,18658.251563332477,18855.83997797966,18914.79397797966,58.954,done,
266,19.36533457017504,18703.838760458708,18902.06558704376,18934.361587043757,32.296,done,
267,7.909813770093024,18749.42595758494,18949.13887000084,18963.363870000838,14.225,done,
268,26.376893590204418,18795.01315471117,18995.14629292488,19027.848292924882,32.702,done,
269,12.133926769020036,18840.600351837405,19042.62815284729,19060.78515284729,18.157,done,
270,11.714646809268745,18886.18754896364,19088.52047586441,19106.439475864412,17.919,done,
271,10.30220160027966,18907.79654179404,19111.17165875435,19128.219658754348,17.048,done,
272,1.7467110103461891,18929.40553462444,19132.932147026066,19140.625147026065,7.693,done,
273,18.07175052003004,18951.01452745484,19155.118530750275,19179.184530750274,24.066,done,
274,15.467154789948836,18972.62352028524,19177.42280888557,19200.00880888557,22.586,done,
275,34.64814306003973,18994.23251311564,19199.68532180786,19240.69732180786,41.012,done,
276,50.14705333975144,19015.84150594604,19221.576064825054,19290.913064825054,69.337,done,
277,13.756756109651178,19037.45049877644,19244.20343184471,19330.48743184471,86.284,done,
278,38.96584096015431,19059.05949160684,19266.486617803574,19330.576617803574,64.09,done,
279,24.970158599317077,19080.668484437243,19311.490619659424,19357.990619659424,46.5,done,
280,27.352604819461703,19102.27747726764,19288.841251850128,19358.173251850127,69.332,done,
281,23.96904533961788,19129.449136689156,19339.01887583733,19382.30387583733,43.285,done,
282,58.98805383010768,19156.620796110663,19366.81860780716,19441.54560780716,74.727,done,
283,15.451054519508034,19183.792455532177,19422.14694595337,19465.01094595337,42.864,done,
284,23.336280479561538,19210.964114953687,19394.83471083641,19465.18771083641,70.353,done,
285,25.30443178024143,19238.1357743752,19450.074558734894,19490.581558734895,40.507,done,
286,31.25537810032256,19265.30743379671,19477.659945726395,19522.176945726394,44.517,done,
287,18.506458519259468,19292.47909321822,19505.139241933823,19540.75724193382,35.618,done,
288,21.942162460181866,19319.650752639733,19532.78539180756,19562.80739180756,30.022,done,
289,36.42460498958826,19346.822412061243,19560.22927880287,19601.177278802872,40.948,done,
290,14.28274881094694,19373.994071482757,19588.45162582397,19615.52262582397,27.071,done,
291,47.82347217085771,19395.143238691297,19609.786774873734,19663.600774873732,53.814,done,
292,8.72420686064288,19416.29240589984,19632.02910280228,19696.09610280228,64.067,done,
293,32.031439499696724,19437.441573108383,19653.321787834167,19696.231787834167,42.91,done,
294,11.065756269963458,19458.59074031693,19675.185711860657,19707.298711860658,32.113,done,
295,24.845203779404983,19479.739907525465,19696.5116417408,19732.3026417408,35.791,done,
296,23.271517669782043,19500.88907473401,19717.791755914688,19755.65775591469,37.866,done,
297,35.14069371041842,19522.03824194255,19739.779997825623,19791.091997825624,51.312,done,
298,52.64925595954992,19543.18740915109,19761.18980884552,19844.22380884552,83.034,done,
299,14.34637182042934,19564.33657635964,19782.508265972137,19844.202265972137,61.694,done,
300,20.31566079938784,19585.48574356818,19805.53331375122,19864.83131375122,59.298,done,
301,39.27204916952178,19622.520799336085,19842.859784841537,19904.156784841536,61.297,done,
302,32.29163549025543,19659.55585510399,19880.266365766525,19936.772365766526,56.506,done,
303,16.598254160489887,19696.59091087189,19918.73237967491,19953.35737967491,34.625,done,
304,52.679385259980336,19733.6259666398,19956.09035086632,20014.58235086632,58.492,done,
305,12.582964079920202,19770.66102240771,19993.61209988594,20027.38409988594,33.772,done,
306,52.53661785973236,19807.696078175613,20031.15682792664,20090.255827926638,59.099,done,
307,15.477225709473714,19844.73113394352,20068.67194294929,20105.98594294929,37.314,done,
308,32.18177670030854,19881.766189711423,20106.06825685501,20143.74225685501,37.674,done,
309,39.31256121955812,19918.801245479328,20143.847583770752,20187.742583770752,43.895,done,
310,53.18331182003021,19955.836301247236,20181.55511403084,20241.296114030843,59.741,done,
311,29.753858980257064,20003.3187289184,20229.40064072609,20271.23464072609,41.834,done,
312,45.80532303079963,20050.801156589565,20278.0219039917,20329.8079039917,51.786,done,
313,13.013230169890448,20098.283584260727,20326.542383909225,20344.614383909226,18.072,done,
314,51.8195482599549,20145.766011931893,20374.28915500641,20432.066155006407,57.777,done,
315,44.76603274932131,20193.24843960306,20422.79657483101,20476.90057483101,54.104,done,
316,11.337465960532429,20240.730867274226,20470.840033769608,20488.555033769608,17.715,done,
317,18.84174442966469,20288.21329494539,20519.325523853306,20544.254523853306,24.929,done,
318,30.51631350070238,20335.695722616558,20567.04219198227,20603.00719198227,35.965,done,
319,30.201318010222167,20383.17815028772,20614.78484177589,20650.23184177589,35.447,done,
320,43.55108479037881,20430.660577958886,20663.02092576027,20711.70692576027,48.686,done,
321,85.48174818977714,20457.55071076712,20690.531231880188,20797.433231880186,106.902,done,
322,54.42031920072623,20484.44084357535,20718.500191688538,20852.161191688538,133.661,done,
323,23.49139686091803,20511.330976383582,20745.99834561348,20852.32034561348,106.322,done,
324,10.44767768937163,20538.22110919181,20773.50124883652,20876.578248836522,103.077,done,
325,24.064398100599647,20565.11124200005,20801.15584969521,20876.85484969521,75.699,done,
326,10.321193479467183,20592.00137480828,20828.518649816517,20903.282649816516,74.764,done,
327,26.322710850508884,20618.891507616518,20856.061223745342,20903.39622374534,47.335,done,
328,29.20232111006044,20645.781640424742,20883.49142074585,20932.69642074585,49.205,done,
329,16.309978070203215,20672.671773232974,20911.067868709564,20949.191868709564,38.124,done,
330,48.47644424065948,20699.56190604121,20938.41209101677,20997.94409101677,59.532,done,
331,42.5944354198873,20805.345851765567,21044.685406684875,21092.082406684876,47.397,done,
332,17.61749609024264,20911.129797489924,21150.869115829468,21174.18111582947,23.312,done,
333,19.937085160054263,21016.91374321428,21257.01490092277,21281.88590092277,24.871,done,
334,18.46284586936236,21122.69768893864,21363.712087869644,21388.852087869644,25.14,done,
335,36.3801341294311,21228.481634663,21470.68172979355,21512.392729793548,41.711,done,
336,48.5380054207053,21334.26558038735,21577.162616729736,21631.190616729735,54.028,done,
337,24.01213108096272,21440.049526111707,21685.0022816658,21714.3452816658,29.343,done,
338,24.86184878041968,21545.833471836064,21791.148135900497,21822.413135900497,31.265,done,
339,11.17016092990525,21651.61741756042,21897.232668876648,21913.426668876647,16.194,done,
340,55.56990355020389,21757.40136328478,22003.26258587837,22063.83458587837,60.572,done,
341,56.70338546973653,21868.659123243942,22115.617121696472,22178.891121696473,63.274,done,
342,15.269581590546297,21979.916883203117,22227.697667837143,22248.871667837142,21.174,done,
343,43.88647457933985,22091.17464316228,22339.71647286415,22388.78547286415,49.069,done,
344,27.807080909842625,22202.43240312145,22451.584697961807,22484.687697961806,33.103,done,
345,19.660525309154764,22313.690163080613,22563.50663280487,22589.83263280487,26.326,done,
346,24.884356510592625,22424.94792303978,22675.679229736328,22705.512229736327,29.833,done,
347,21.812469610013068,22536.20568299895,22787.33373904228,22814.562739042278,27.229,done,
348,19.69117828994058,22647.463442958117,22899.39822077751,22925.50022077751,26.102,done,
349,29.293050990672786,22758.72120291728,23011.332726716995,23046.474726716995,35.142,done,
350,10.794954200973734,22869.97896287645,23123.283295869827,23139.957295869826,16.674,done,
351,12.333166850730777,22925.65257552328,23179.80663204193,23197.831632041933,18.025,done,
352,28.36790997069329,22981.326188170107,23236.637341737747,23271.061341737746,34.424,done,
353,16.297999609960243,23036.99980081694,23292.851346969604,23314.059346969603,21.208,done,
354,47.05632335040718,23092.67341346377,23348.85519695282,23401.66919695282,52.814,done,
355,27.304625710239637,23148.3470261106,23405.413802862167,23438.179802862167,32.766,done,
356,9.773034970276058,23204.02063875743,23461.91115784645,23477.82515784645,15.914,done,
357,32.59690284030512,23259.69425140426,23518.61147284508,23556.493472845083,37.882,done,
358,67.99244373920374,23315.36786405109,23576.275887727737,23649.99388772774,73.718,done,
359,21.68931573978625,23371.04147669792,23632.800061941147,23671.941061941146,39.141,done,
360,21.713056600419804,23426.71508934475,23688.710114002228,23716.32611400223,27.616,done,
361,11.792340719839558,23499.484734340316,23762.11351180077,23779.533511800768,17.42,done,
362,19.27887439960613,23572.254379335875,23835.315136909485,23859.841136909487,24.526,done,
363,24.292317050276324,23645.02402433144,23908.628787755966,23938.256787755967,29.628,done,
364,24.030661339638755,23717.793669327,23982.054604768757,24011.29560476876,29.241,done,
365,23.99500907980837,23790.56331432256,24055.10187888145,24084.47887888145,29.377,done,
366,7.664256689604372,23863.33295931812,24128.25251793861,24140.97651793861,12.724,done,
367,41.52101063984446,23936.102604313684,24201.78142285347,24248.83342285347,47.052,done,
368,49.91174148977734,24008.872249309246,24276.598634004597,24331.569634004598,54.971,done,
369,38.308835370698944,24081.64189430481,24351.350752830505,24394.868752830505,43.518,done,
370,18.03037892910652,24154.41153930037,24424.584783792496,24447.545783792495,22.961,done,
371,11.008338619722052,24221.625809454254,24492.2714676857,24508.0264676857,15.755,done,
372,17.590100050438195,24288.84007960814,24559.76014971733,24583.428149717332,23.668,done,
373,21.1240397405345,24356.054349762024,24627.16886281967,24653.32686281967,26.158,done,
374,47.21716483938508,24423.26861991591,24695.036926984787,24747.479926984786,52.443,done,
375,27.526604459853843,24490.482890069798,24763.234156847,24796.873156847,33.639,done,
376,21.29073581076227,24557.69716022368,24831.56820678711,24857.90920678711,26.341,done,
377,25.64171783975325,24624.911430377564,24899.643003940582,24930.19100394058,30.548,done,
378,40.344973920146,24692.125700531447,24967.92062187195,25014.13562187195,46.215,done,
379,29.84454613993876,24759.33997068533,25035.8690738678,25070.9730738678,35.104,done,
380,20.899011249421164,24826.554240839218,25103.744052648544,25129.475052648544,25.731,done,
381,26.25083914957941,24855.597234940597,25133.20050883293,25166.578508832932,33.378,done,
382,20.038900270592418,24884.64022904197,25162.57371282577,25188.18171282577,25.608,done,
383,21.16624477901496,24913.68322314334,25191.920237779617,25217.58723777962,25.667,done,
384,20.552607310237363,24942.726217244715,25221.32633781433,25245.89333781433,24.567,done,
385,47.22430577035993,24971.76921134609,25250.53450584412,25302.80450584412,52.27,done,
386,47.83633087063208,25000.812205447462,25280.0380358696,25350.928035869598,70.89,done,
387,54.618466150714085,25029.85519954884,25309.59227085113,25405.756270851132,96.164,done,
388,34.28367877029814,25058.898193650213,25339.087558746334,25405.849558746333,66.762,done,
389,26.0254580702167,25087.94118775159,25368.694175958637,25432.204175958635,63.51,done,
390,25.866549330530688,25116.984181852964,25398.19463300705,25432.30063300705,34.106,done,
391,38.245789819629856,25228.151828251623,25510.070470809937,25554.086470809936,44.016,done,
392,18.5181390400976,25339.31947465029,25622.880167722706,25646.827167722706,23.947,done,
393,40.87092721951194,25450.48712104895,25735.616320848465,25781.405320848466,45.789,done,
394,49.36418636003509,25561.654767447613,25847.13135576248,25902.92735576248,55.796,done,
395,31.19186640018597,25672.82241384628,25958.721190929413,25995.295190929413,36.574,done,
396,27.793287120293822,25783.99006024494,26070.128737926483,26102.754737926483,32.626,done,
397,16.12911733915098,25895.157706643604,26181.565408706665,26204.101408706665,22.536,done,
398,12.496579949511217,26006.325353042263,26293.9281167984,26311.951116798402,18.023,done,
399,27.210016569588333,26117.49299944093,26405.763306856155,26438.141306856156,32.378,done,
400,19.628827859414734,26228.66064583959,26517.956577777863,26544.136577777863,26.18,done,
401,39.34300737921149,26232.00165942577,26521.43967294693,26583.89367294693,62.454,done,
402,33.2810012192931,26235.342673011957,26525.892244815823,26584.078244815824,58.186,done,
403,26.0510029096622,26238.68368659813,26530.285171985623,26617.338171985622,87.053,done,
404,32.923073219135404,26242.02470018432,26534.72126173973,26617.512261739732,82.791,done,
405,56.96801432990469,26245.3657137705,26539.07102560997,26674.70702560997,135.636,done,
406,6.286804899573326,26248.706727356683,26547.76587677002,26674.73587677002,126.97,error,7.0
407,11.802719770930707,26252.047740942864,26543.47701382637,26674.93401382637,131.457,done,
408,18.73299080063589,26255.388754529045,26552.17423892021,26693.72523892021,141.551,done,
409,18.002009839983657,26258.729768115227,26555.633237838745,26693.949237838744,138.316,done,
410,31.38297167024575,26262.070781701408,26559.9807677269,26694.0767677269,134.096,error,7.0
411,16.436759480275214,26384.377820090336,26682.64029288292,26710.400292882918,27.76,done,
412,6.107859640615061,26506.684858479264,26805.25749373436,26818.38349373436,13.126,done,
413,38.64327426999808,26628.991896868192,26928.248699903488,26972.150699903486,43.902,done,
414,11.653478820808232,26751.29893525712,27050.85242176056,27069.236421760557,18.384,done,
415,42.80364568927325,26873.60597364605,27175.06327986717,27223.17827986717,48.115,done,
416,34.354494469007484,26995.91301203498,27298.0117418766,27338.7687418766,40.757,done,
417,19.47808863944374,27118.220050423908,27420.5862698555,27445.3962698555,24.81,done,
418,37.53756615915336,27240.52708881284,27543.238181829453,27587.28418182945,44.046,done,
419,18.233275749953464,27362.834127201764,27666.120713710785,27689.584713710785,23.464,done,
420,21.461207029642537,27485.14116559069,27789.42173886299,27815.96673886299,26.545,done,
421,16.342646681005135,27488.848573445128,27793.897707939148,27841.415707939148,47.518,done,
422,25.102661390556023,27492.55598129956,27798.28155589104,27841.58055589104,43.299,done,
423,16.435204549925402,27496.263389153995,27807.560913801197,27859.665913801196,52.105,done,
424,18.0317551502958,27499.970797008427,27834.0619328022,27987.9499328022,153.888,done,
425,54.11971886991523,27503.678204862863,27803.004905700684,27859.803905700683,56.799,done,
426,18.07152334949933,27507.3856127173,27812.12139296532,27914.35839296532,102.237,done,
427,11.530582669656724,27511.09302057173,27816.518998861317,27914.522998861317,98.004,done,
428,37.66248395899312,27514.80042842617,27820.92324090004,27952.379240900038,131.456,done,
429,23.215173949720334,27518.5078362806,27825.29444694519,27952.498446945192,127.204,done,
430,35.27684769942425,27522.215244135037,27829.668516874317,27988.15751687432,158.489,done,
431,9.933237489312887,27580.933723424303,27893.47589278221,28044.123892782212,150.648,done,
432,55.6380313099362,27639.65220271357,27952.890969753265,28044.138969753265,91.248,done,
433,15.28812553966418,27698.37068200284,28011.9646589756,28059.4236589756,47.459,done,
434,55.61585563933477,27757.089161292104,28071.254019737244,28132.943019737242,61.689,done,
435,12.434198199771345,27815.807640581374,28131.80333185196,28150.05633185196,18.253,done,
436,8.242623619735241,27874.526119870643,28190.831833839417,28204.609833839415,13.778,done,
437,19.446411160752174,27933.24459915991,28250.2852537632,28274.9262537632,24.641,done,
438,41.93672480992973,27991.96307844918,28309.71492767334,28357.97192767334,48.257,done,
439,24.97487840941176,28050.681557738444,28368.86830687523,28399.31330687523,30.445,done,
440,27.911528500262648,28109.400037027717,28428.095019817352,28462.079019817353,33.984,done,
441,11.180828399956226,28217.894057234986,28536.874758958817,28553.003758958817,16.129,done,
442,22.04288361943327,28326.38807744225,28645.719799757004,28674.108799757003,28.389,done,
443,43.76970603014343,28434.882097649526,28754.91810274124,28804.68410274124,49.766,done,
444,38.92012418014929,28543.376117856795,28865.450947999954,28909.590947999954,44.14,done,
445,11.932252310216429,28651.870138064063,28974.404523849487,28992.547523849487,18.143,done,
446,10.044142300030217,28760.36415827133,29083.358309030533,29099.698309030533,16.34,done,
447,28.887822970282286,28868.858178478607,29192.528255939484,29226.632255939483,34.104,done,
448,10.9497731202282,28977.35219868588,29301.318610668182,29317.45261066818,16.134,done,
449,53.3013729704544,29085.846218893144,29410.213100910187,29468.831100910185,58.618,done,
450,23.05899874074385,29194.340239100417,29519.626935958862,29547.89193595886,28.265,done,
451,33.705081939697266,29295.09084261002,29621.72132062912,29661.08532062912,39.364,done,
452,16.516988460207358,29395.841446119623,29722.861942768097,29745.346942768098,22.485,done,
453,11.467148709343746,29496.592049629227,29824.10697889328,29841.38097889328,17.274,done,
454,28.72097301064059,29597.342653138832,29925.1149699688,29959.822969968798,34.708,done,
455,34.027189740445465,29698.093256648437,30026.633437871933,30065.98343787193,39.35,done,
456,13.876284749712797,29798.84386015804,30127.74723982811,30147.01623982811,19.269,done,
457,24.62965539074503,29899.594463667643,30228.7722029686,30258.8992029686,30.127,done,
458,56.00392019026913,30000.345067177248,30331.61969590187,30393.269695901872,61.65,done,
459,38.29611449036747,30101.09567068685,30433.09877181053,30476.803771810533,43.705,done,
460,42.54441151046194,30201.84627419645,30534.4782538414,30582.1332538414,47.655,done,
461,27.791886950144544,30242.32491687636,30575.969617843628,30610.14961784363,34.18,done,
462,21.48261580034159,30282.803559556272,30616.90427088737,30643.983270887373,27.079,done,
463,11.75684837042354,30323.28220223618,30658.78074502945,30676.35074502945,17.57,done,
464,7.653609859989956,30363.760844916087,30700.12222790718,30713.40222790718,13.28,done,
465,43.75599961960688,30404.239487595994,30741.15864086151,30791.42064086151,50.262,done,
466,19.14777131052688,30444.718130275905,30782.670957803726,30810.805957803725,28.135,done,
467,29.49013436911628,30485.196772955813,30823.56754684448,30859.21054684448,35.643,done,
468,22.22132377093658,30525.67541563572,30865.02021765709,30893.16721765709,28.147,done,
469,16.598835700424388,30566.15405831563,30905.9200899601,30927.901089960098,21.981,done,
470,61.50098156998865,30606.63270099554,30947.67971777916,31014.09571777916,66.416,done,
471,28.54491558042355,30805.10791326701,31146.97639989853,31181.325399898527,34.349,done,
472,15.357244689948857,31003.583125538476,31346.23180484772,31366.97480484772,20.743,done,
473,21.022092319326475,31202.05833780994,31545.897042751312,31573.173042751314,27.276,done,
474,13.845744889695196,31400.533550081407,31745.15014386177,31764.62814386177,19.478,done,
475,21.05731394025497,31599.008762352874,31944.518273830414,31971.370273830413,26.852,done,
476,25.136875909520324,31797.483974624345,32144.278916835785,32175.001916835787,30.723,done,
477,26.1101916898042,31995.95918689581,32343.90099287033,32375.97199287033,32.071,done,
478,50.61295036925003,32194.43439916728,32542.85209679604,32599.11809679604,56.266,done,
479,11.484834420261905,32392.909611438747,32742.98730278015,32760.26430278015,17.277,done,
480,56.29569548997097,32591.38482371021,32942.176776885986,33004.40877688599,62.232,done,
481,4.495631790487097,32633.651454292863,32984.67393684387,33009.22093684387,24.547,done,
482,21.54973114025779,32675.91808487552,33028.85540890694,33055.86740890694,27.012,done,
483,13.045441310387105,32718.184715458166,33071.427159786224,33089.59315978622,18.166,done,
484,19.261135070119053,32760.45134604082,33114.36718893051,33138.99818893051,24.631,done,
485,9.263247099006549,32802.71797662347,33158.77208471298,33173.78908471298,15.017,done,
486,19.018412900622927,32844.98460720612,33201.52759075165,33225.31959075165,23.792,done,
487,26.07891409075819,32887.25123778877,33244.95525670052,33276.78025670052,31.825,done,
488,21.27002054010518,32929.517868371426,33287.47818899155,33313.65518899155,26.177,done,
489,18.592182439751923,32971.784498954075,33330.44014763832,33353.99614763832,23.556,done,
490,40.24072218919173,33014.051129536725,33373.7696158886,33418.9906158886,45.221,done,
491,28.99924552999437,33191.56452695729,33551.86747980118,33586.31647980118,34.449,done,
492,9.508648980408909,33369.07792437785,33731.191282749176,33746.31128274918,15.12,done,
493,22.263901620171964,33546.59132179842,33909.20407986641,33937.27007986641,28.066,done,
494,31.698313429951668,33724.10471921899,34087.16184091568,34124.01384091568,36.852,done,
495,25.24688235949725,33901.618116639555,34265.88192796707,34296.77692796707,30.895,done,
496,38.553226279327646,34079.131514060115,34444.646504879,34488.792504879,44.146,done,
497,23.80684577976353,34256.64491148068,34622.55328178406,34651.95728178406,29.404,done,
498,39.43804016918875,34434.15830890125,34800.827147722244,34844.98014772224,44.153,done,
499,22.197969789849594,34611.67170632181,34978.73252797127,35006.99952797127,28.267,done,
500,35.471207419177524,34789.18510374238,35156.862588882446,35197.47158888244,40.609,done,
501,49.44749949034304,34872.12463364683,35240.19459795952,35294.678597959515,54.484,done,
502,46.13874425995164,34955.064163551295,35323.44635772705,35374.86535772705,51.419,done,
503,42.231787430355325,35038.00369345575,35407.54146075249,35455.78046075249,48.239,done,
504,35.50714974058792,35120.943223360206,35491.580830812454,35532.336830812455,40.756,done,
505,8.558498120401055,35203.88275326467,35575.05021882057,35588.77721882057,13.727,done,
506,47.43671491974965,35286.822283169124,35658.39836096764,35711.162360967646,52.764,done,
507,26.829042760655284,35369.76181307358,35741.7880589962,35774.2250589962,32.437,done,
508,12.871436240384355,35452.701342978035,35824.96871972084,35843.19771972084,18.229,done,
509,27.013540470507,35535.6408728825,35908.934894800186,35941.60589480019,32.671,done,
510,20.07587068015709,35618.58040278695,35992.32131075859,36017.748310758594,25.427,done,
511,24.04983763000928,35731.73051293133,36106.50508069992,36136.18808069992,29.683,done,
512,15.467487309360877,35844.88062307572,36219.93637180328,36241.494371803274,21.558,done,
513,20.562100709648803,35958.030733220105,36334.25333094597,36360.26033094597,26.007,done,
514,56.553545830538496,36071.18084336448,36449.02195882797,36510.34195882797,61.32,done,
515,32.41006665048189,36184.33095350886,36564.063109874725,36602.31410987472,38.251,done,
516,20.153162820497528,36297.48106365325,36678.062426805496,36703.6084268055,25.546,done,
517,16.324904049979526,36410.63117379764,36792.25834989548,36813.97234989548,21.714,done,
518,22.088335700100288,36523.781283942015,36905.69844079018,36933.32044079018,27.622,done,
519,21.30478086997755,36636.9313940864,37019.99221301079,37046.76121301079,26.769,done,
520,8.295538839884102,36750.08150423078,37133.51366996765,37147.13666996765,13.623,done,
521,35.20995598984882,36954.11932986991,37337.99954891205,37378.57354891205,40.574,done,
522,18.5418712394312,37158.15715550904,37542.43737602234,37566.90537602234,24.468,done,
523,16.600104731041938,37362.19498114817,37747.76897287369,37769.88797287369,22.119,done,
524,19.81413964065723,37566.232806787295,37952.77042579651,37977.77942579651,25.009,done,
525,19.4184804498218,37770.27063242642,38157.72508382797,38181.97308382797,24.248,done,
526,10.633134060772136,37974.30845806555,38362.81293177605,38379.59893177605,16.786,done,
527,12.769934810930865,38178.34628370468,38567.46258974075,38586.52258974075,19.06,done,
528,25.28428505989723,38382.38410934381,38772.38428378105,38803.75128378105,31.367,done,
529,17.146549209719524,38586.42193498294,38977.60126876831,39000.79826876831,23.197,done,
530,20.47154561034404,38790.45976062206,39182.62968087196,39209.36368087196,26.734,done,
531,40.24889706983231,38823.12807966248,39216.07782173157,39262.06682173157,45.989,done,
532,26.80484674056061,38855.79639870289,39249.57974076271,39289.06474076271,39.485,done,
533,45.16889272024855,38888.464717743314,39282.7986600399,39334.5376600399,51.739,done,
534,48.98281082045287,38921.13303678373,39316.68792295456,39383.885922954556,67.198,done,
535,16.505900690099224,38953.801355824144,39350.177689790726,39400.400689790724,50.223,done,
536,30.758759969612584,38986.46967486456,39383.69238972664,39431.210389726635,47.518,done,
537,17.7823878696654,39019.13799390497,39417.12684178352,39449.29884178352,32.172,done,
538,25.64127221005037,39051.8063129454,39449.97014975548,39481.25414975548,31.284,done,
539,53.99950130027719,39084.47463198581,39482.846423864365,39542.329423864365,59.483,done,
540,17.164153149351478,39117.142951026224,39516.23519873619,39559.59119873619,43.356,done,
541,27.223122229333967,39216.6463474496,39616.35340189934,39649.678401899335,33.325,done,
542,23.961199650075287,39316.14974387296,39716.49870395661,39746.62670395661,30.128,done,
543,10.592276629759,39415.65314029634,39816.44362974167,39833.20562974167,16.762,done,
544,9.936887790681794,39515.15653671971,39917.02341985703,39932.90941985703,15.886,done,
545,21.47532565984875,39614.65993314308,40017.62360286713,40044.77760286713,27.154,done,
546,41.36951506952755,39714.16332956645,40118.58556890488,40165.475568904876,46.89,done,
547,21.20989170973189,39813.666725989824,40219.27005195618,40246.336051956176,27.066,done,
548,23.658264910336584,39913.1701224132,40320.16001081467,40349.51101081467,29.351,done,
549,17.76146747986786,40012.67351883656,40420.33757996559,40443.51357996559,23.176,done,
550,48.60115307965316,40112.17691525994,40520.33090591431,40574.98090591431,54.65,done,
551,7.785021390300244,40119.05927219945,40527.8491268158,40583.1891268158,55.34,done,
552,5.72079478064552,40125.94162913895,40535.3085398674,40583.3195398674,48.011,done,
553,12.07991327974014,40132.82398607846,40542.8336057663,40611.0276057663,68.194,done,
554,27.6088127004914,40139.70634301796,40550.34889268875,40611.10989268875,60.761,done,
555,17.781931199133396,40146.58869995747,40557.85391283035,40651.71691283035,93.863,done,
556,40.36379529046826,40153.47105689698,40565.38826680184,40651.86326680184,86.475,done,
557,26.70762674999424,40160.353413836485,40572.892798662186,40678.903798662184,106.011,done,
558,8.66567958961241,40167.235770776,40580.79466199875,40679.030661998746,98.236,done,
559,49.588476460194215,40174.1181277155,40587.98853588104,40728.89153588104,140.903,done,
560,48.60893881996162,40181.00048465501,40595.51213479042,40728.99913479042,133.487,done,
561,22.473583669634536,40249.503238608246,40664.58371686936,40751.62371686936,87.04,done,
562,27.27651361958124,40318.00599256149,40733.72283792496,40779.225837924954,45.503,done,
563,28.33243926055729,40386.50874651473,40802.8602809906,40837.3092809906,34.449,done,
564,34.48971648933366,40455.01150046797,40872.02154183388,40912.361541833874,40.34,done,
565,47.79373447992839,40523.51425442121,40941.005611658096,40994.196611658095,53.191,done,
566,15.511032650247216,40592.017008374445,41009.91788482666,41031.78588482666,21.868,done,
567,30.746501618996263,40660.51976232768,41079.50259780884,41116.92659780884,37.424,done,
568,10.1030249602627,40729.02251628093,41148.64465069771,41163.78465069771,15.14,done,
569,40.31550719984807,40797.52527023417,41217.49525403976,41263.04625403976,45.551,done,
570,52.805223350878805,40866.028024187406,41286.76721382141,41345.550213821414,58.783,done,
571,40.52301538991742,40903.25008720511,41324.25257587433,41386.26057587433,62.008,done,
572,48.03830460063182,40940.472150222806,41362.28047060967,41434.50947060967,72.229,done,
573,20.834701650310308,40977.69421324051,41400.949237823486,41455.678237823486,54.729,done,
574,32.12147480924614,41014.916276258205,41439.22255778313,41487.88355778313,48.661,done,
575,16.047671110136434,41052.13833927591,41477.27999687195,41504.18399687195,26.904,done,
576,33.81746881059371,41089.36040229361,41514.80440092087,41553.83340092087,39.029,done,
577,49.02124739950523,41126.58246531131,41552.29353380203,41606.32353380203,54.03,done,
578,27.804522860096768,41163.80452832901,41591.45706176758,41634.297061767575,42.84,done,
579,13.562943650176749,41201.02659134671,41629.04641890526,41648.18341890526,19.137,done,
580,36.80698908981867,41238.24865436441,41667.865065813065,41709.41706581307,41.552,done,
581,24.22467462019995,41552.15795043788,41982.17503285408,42012.50303285408,30.328,done,
582,53.28841960988939,41866.06724651136,42298.31004285813,42356.86704285813,58.557,done,
583,11.01115163997747,42179.97654258483,42612.85614466667,42629.10014466667,16.244,done,
584,57.79384779045358,42493.8858386583,42928.040254831314,42991.01825483132,62.978,done,
585,27.271053839940578,42807.79513473177,43243.00589871407,43276.53589871407,33.53,done,
586,26.836142760002986,43121.70443080525,43557.55262970925,43589.78162970925,32.229,done,
587,20.90833619935438,43435.61372687872,43872.80469584465,43898.64069584465,25.836,done,
588,37.37031618948095,43749.52302295219,44188.68073177338,44231.32473177338,42.644,done,
589,32.06953609012998,44063.43231902567,44503.33082890511,44540.52782890511,37.197,done,
590,25.78415538999252,44377.34161509914,44818.512214660645,44849.39221466064,30.88,done,
591,47.70856112008914,44460.83660684578,44903.18267703056,44956.10667703056,52.924,done,
592,23.5296381090302,44544.33159859243,44986.88442969322,45016.62142969322,29.737,done,
593,29.91731461021118,44627.82659033907,45071.39921402931,45107.93721402931,36.538,done,
594,25.54219819023274,44711.32158208572,45155.53245186806,45186.04845186806,30.516,done,
595,25.27894116938114,44794.81657383236,45239.5656747818,45269.5956747818,30.03,done,
596,9.10111206001602,44878.311565579,45324.03331589699,45338.337315896984,14.304,done,
597,31.032302520470694,44961.80655732564,45407.99948978424,45444.49348978424,36.494,done,
598,21.35357276070863,45045.30154907228,45492.21234703064,45519.07434703064,26.862,done,
599,19.84756019082852,45128.79654081893,45576.79920887947,45601.92420887947,25.125,done,
600,54.71739656990394,45212.29153256557,45660.65126180649,45720.639261806486,59.988,done,
601,22.472989009693265,45282.61650340011,45731.35770773888,45759.08970773889,27.732,done,
602,6.297750440426171,45352.94147423465,45802.7848546505,45813.5978546505,10.813,done,
603,33.68126231012866,45423.26644506919,45874.32863783837,45913.95363783837,39.625,done,
604,8.694046149030328,45493.59141590373,45945.67504692078,45960.474046920775,14.799,done,
605,24.774434680584815,45563.916386738274,46017.05372285843,46047.36872285843,30.315,done,
606,22.852337119402364,45634.24135757281,46087.98338484764,46116.73938484764,28.756,done,
607,23.01022864994593,45704.56632840735,46159.45962977409,46187.488629774096,28.029,done,
608,18.258063780376688,45774.89129924189,46230.21538472176,46254.748384721766,24.533,done,
609,37.82438796944916,45845.21627007643,46301.46164083481,46344.14864083481,42.687,done,
610,27.545940730487928,45915.54124091097,46372.87558674812,46406.669586748125,33.794,done,
611,20.032456410117447,45924.86915435286,46383.378648757935,46427.018648757934,43.64,done,
612,16.227972019696608,45934.197067794754,46393.97487998009,46427.231879980085,33.257,done,
613,24.94851429946721,45943.524981236646,46404.4678838253,46452.4148838253,47.947,done,
614,19.123098619747907,45952.85289467854,46414.30898284912,46452.51298284912,38.204,done,
615,12.095123049803078,45962.18080812042,46434.8621096611,46500.8711096611,66.009,done,
616,47.945613409392536,45971.50872156231,46475.66133904457,46608.73133904457,133.07,done,
617,54.71329678082839,45980.836635004205,46424.808062791824,46500.88106279182,76.073,done,
618,52.98835888039321,45990.1645484461,46445.18197584152,46556.00497584152,110.823,done,
619,52.32428072020412,45999.49246188799,46455.02579784393,46556.09179784393,101.066,done,
620,22.44263130007312,46008.82037532988,46465.352997779846,46608.83599777985,143.483,done,
621,38.99772656033747,46074.02424519697,46541.4326736927,46647.9626736927,106.53,done,
622,28.7342970399186,46139.22811506406,46607.52800679207,46676.88100679207,69.353,done,
623,20.94361147028394,46204.43198493115,46673.71573996544,46699.82873996544,26.113,done,
624,24.214614819502454,46269.635854798245,46739.579964876175,46768.89696487618,29.317,done,
625,14.025640529580414,46334.83972466533,46806.619701862335,46826.18670186234,19.567,done,
626,25.61744563048705,46400.04359453242,46872.9079387188,46903.9109387188,31.003,done,
627,24.382382730254903,46465.24746439952,46938.62877774239,46968.759777742394,30.131,done,
628,19.72178339958191,46530.4513342666,47004.47442483902,47030.02342483902,25.549,done,
629,16.826846649637446,46595.6552041337,47070.74296498299,47093.662964982985,22.92,done,
630,33.27150008990429,46660.85907400079,47136.3733587265,47175.1673587265,38.794,done,
631,24.03510153060779,46867.02555468871,47343.00660300255,47373.36060300255,30.354,done,
632,20.00370694091544,47073.19203537663,47550.18482375145,47575.91382375145,25.729,done,
633,18.55822158977389,47279.35851606455,47756.69325876236,47780.71625876236,24.023,done,
634,27.97942371922545,47485.52499675247,47963.57534980774,47997.44634980774,33.871,done,
635,39.73518089042045,47691.69147744039,48170.21466875076,48215.885668750765,45.671,done,
636,28.29038535943255,47897.8579581283,48376.71381568909,48410.65381568909,33.94,done,
637,19.02238121954724,48104.02443881622,48583.49330878258,48607.86130878258,24.368,done,
638,46.14829984959215,48310.19091950414,48790.71867275238,48842.33967275238,51.621,done,
639,47.80830621020869,48516.35740019206,48997.236746788025,49051.24574678802,54.009,done,
640,13.765876210527496,48722.52388087998,49204.06205582619,49223.45805582619,19.396,done,
641,22.832498819334432,48818.39507006584,49300.22258782387,49329.55258782387,29.33,done,
642,16.73910132027231,48914.2662592517,49396.28205895424,49419.12105895424,22.839,done,
643,19.45722081931308,49010.13744843756,49492.85919880867,49518.85719880867,25.998,done,
644,23.152061470318586,49106.00863762343,49589.58580183983,49619.15580183983,29.57,done,
645,42.17622894910164,49201.879826809294,49685.89649391174,49734.89449391174,48.998,done,
646,35.796341620152816,49297.75101599516,49782.61632180214,49824.68732180214,42.071,done,
647,15.970134530216455,49393.62220518102,49879.30025076866,49901.91625076866,22.616,done,
648,41.06877282960341,49489.49339436688,49975.652149915695,50022.4541499157,46.802,done,
649,32.916943510063,49585.36458355274,50072.21148085594,50111.37748085594,39.166,done,
650,49.41043374943547,49681.23577273861,50169.11205983162,50224.12605983162,55.014,done,
651,28.40556459967047,49766.00688717135,50254.84817290306,50288.45017290306,33.602,done,
652,43.78460361040197,49850.7780016041,50340.1677467823,50388.9077467823,48.74,done,
653,22.87907459074632,49935.549116036855,50426.58600783348,50456.011007833484,29.425,done,
654,27.75367809110321,50020.3202304696,50511.73097681999,50546.15497681999,34.424,done,
655,24.825643800431862,50105.09134490235,50596.88118481636,50627.99718481636,31.116,done,
656,9.156652759993449,50189.8624593351,50682.7143778801,50697.6693778801,14.955,done,
657,20.364082960877568,50274.633573767846,50768.31869888306,50794.751698883054,26.433,done,
658,32.041877849260345,50359.4046882006,50853.47903370857,50891.10003370857,37.621,done,
659,48.464006290305406,50444.17580263335,50938.79895663261,50992.78195663261,53.983,done,
660,51.939481330337,50528.946917066096,51024.50859975815,51082.03859975815,57.53,done,
661,16.53655273956247,50535.60861973362,51031.96724486351,51140.14324486351,108.176,done,
662,57.59055080940016,50542.27032240115,51039.27985072136,51140.26085072136,100.981,done,
663,31.504886780167,50548.93202506867,51046.59427189827,51172.10227189827,125.508,done,
664,20.005639550508928,50555.5937277362,51053.90904283524,51172.19504283524,118.286,done,
665,26.985671810107306,50562.25543040372,51061.22339487076,51206.82239487076,145.599,done,
666,34.3029662698973,50568.91713307125,51068.53425383568,51206.90625383568,138.372,done,
667,31.08106266940013,50575.57883573877,51075.85915160179,51206.983151601795,131.124,error,7.0
668,22.573567390209064,50582.240538406295,51083.57991480827,51230.233914808276,146.654,done,
669,22.974288660334423,50588.90224107383,51090.88483691216,51230.29183691216,139.407,done,
670,53.93796526012011,50595.56394374135,51098.21930384636,51230.41630384636,132.197,error,7.0
671,32.78467493015341,50608.198727390336,51112.54768586159,51263.41368586159,150.866,done,
672,24.09394536050968,50620.83351103933,51127.02985978127,51263.60285978127,136.573,done,
673,22.98757730051875,50633.46829468832,51140.58886194229,51302.68386194229,162.095,done,
674,38.90409993007779,50646.10307833731,51169.4905629158,51302.8365629158,133.346,error,7.0
675,43.01586551009677,50658.7378619863,51210.43722891808,51363.85022891808,153.413,error,7.0
676,60.27310868958011,50671.37264563529,51155.16937375069,51303.00537375069,147.836,done,
677,23.28137407079339,50684.00742928429,51182.66340780258,51364.03440780258,181.371,done,
678,16.240131299709898,50696.64221293327,51197.13922667503,51364.412226675035,167.273,done,
679,22.58071284973994,50709.276996582266,51224.88273572922,51364.41173572922,139.529,error,7.0
680,17.831844680476934,50721.91178023125,51237.87538790703,51381.70538790703,143.83,done,
681,25.84342675982043,50841.76711836162,51358.49301099777,51407.59501099777,49.102,done,
682,26.19275266071781,50961.62245649198,51480.45111274719,51512.08711274719,31.636,done,
683,27.56687645916827,51081.47779462235,51601.15121889114,51633.72921889114,32.578,done,
684,13.742149630561473,51201.33313275271,51722.59165072441,51742.57765072441,19.986,done,
685,34.911689460277564,51321.18847088308,51843.45253300667,51883.69353300667,40.241,done,
686,11.39161137980409,51441.04380901344,51963.56428980827,51980.61728980827,17.053,done,
687,64.69008464948274,51560.8991471438,52085.36063694954,52155.27763694954,69.917,done,
688,15.800406050402673,51680.75448527416,52206.02889490128,52228.398894901286,22.37,done,
689,48.0200390110258,51800.60982340453,52326.22592782974,52379.70492782974,53.479,done,
690,27.808770739939064,51920.46516153489,52446.45390176773,52479.96090176773,33.507,done,
691,26.64412267971784,51950.685567385,52476.97705578804,52508.77705578804,31.8,done,
692,9.833083739504218,51980.90597323511,52507.78314089775,52523.91014089775,16.127,done,
693,16.869950910331678,52011.12637908522,52538.758103847504,52560.887103847504,22.129,done,
694,9.369671259773895,52041.346784935326,52569.62327480316,52584.52627480316,14.903,done,
695,48.38439724058844,52071.56719078543,52600.264182806015,52653.533182806015,53.269,done,
696,48.62414093106054,52101.787596635535,52630.79411172867,52702.34411172867,71.55,done,
697,19.83215176966041,52132.00800248564,52661.42370581627,52730.16670581627,68.743,done,
698,27.57462584064342,52162.22840833575,52691.94183063507,52730.080830635074,38.139,done,
699,28.489041259745136,52192.44881418586,52723.16033387184,52758.78133387184,35.621,done,
700,28.11390679096803,52222.66922003597,52753.87164187431,52787.35564187431,33.484,done,
701,25.53310484974645,52432.04666347176,52964.15273785591,52994.59373785591,30.441,done,
702,6.955448179505765,52641.42410690755,53174.5433447361,53187.4623447361,12.919,done,
703,20.081908049760383,52850.80155034333,53384.44987678528,53409.75487678528,25.305,done,
704,22.80872347997501,53060.178993779125,53594.67642593384,53622.63142593384,27.955,done,
705,8.020345009863377,53269.55643721492,53804.59008169174,53817.33008169174,12.74,done,
706,19.18201848980971,53478.93388065071,54014.29847168922,54039.70047168922,25.402,done,
707,41.81138088926673,53688.3113240865,54224.65820980072,54271.62520980072,46.967,done,
708,10.926888689864429,53897.68876752228,54434.5680937767,54450.3860937767,15.818,done,
709,2.9119038791395724,54107.06621095807,54644.377475738525,54652.24247573852,7.865,done,
710,12.934881510445848,54316.443654393865,54854.13692092896,54872.49292092896,18.356,done,
711,52.256073750322685,54443.13550440883,54981.3870267868,55038.996026786794,57.609,done,
712,50.87616309989244,54569.82735442379,55108.88116073608,55164.64516073608,55.764,done,
713,34.66215729014948,54696.51920443875,55237.53069281578,55278.17469281578,40.644,done,
714,15.734101150883362,54823.21105445371,55365.02119469643,55386.89119469643,21.87,done,
715,23.51822331082076,54949.90290446868,55492.76906466484,55521.69406466484,28.925,done,
716,9.166862228885291,55076.594754483645,55620.47607803345,55635.316078033444,14.84,done,
717,21.03137215948664,55203.28660449861,55748.214379787445,55774.33637978745,26.122,done,
718,25.240565489511937,55329.97845451357,55875.21207666397,55905.41507666397,30.203,done,
719,20.494813269469887,55456.67030452853,56002.32214903832,56028.50314903832,26.181,done,
720,27.07120564999059,55583.36215454349,56129.36461472511,56162.802614725115,33.438,done,
721,34.06313142972067,55624.37308080893,56170.60636281967,56210.16536281967,39.559,done,
722,48.684658269630745,55665.38400707436,56211.88380074501,56266.00980074501,54.126,done,
723,14.204939279006794,55706.3949333398,56253.28122782707,56280.26822782707,26.987,done,
724,23.24921489926055,55747.40585960523,56295.05517292023,56323.515172920226,28.46,done,
725,37.29811402969062,55788.41678587066,56336.30635094643,56378.457350946424,42.151,done,
726,19.25853790948168,55829.4277121361,56377.82774662972,56402.55874662972,24.731,done,
727,55.19897844991647,55870.43863840153,56419.38560080528,56480.70960080528,61.324,done,
728,10.9463066898752,55911.44956466697,56460.93158173561,56491.97758173561,31.046,done,
729,19.360681959660724,55952.4604909324,56502.77194666863,56528.04094666863,25.269,done,
730,17.942185919964686,55993.47141719784,56544.822536706924,56568.45953670693,23.637,done,
731,12.547384179197252,56012.87870488736,56565.206995010376,56583.164995010375,17.958,done,
732,27.27677614078857,56032.28599257688,56585.00003170967,56618.031031709674,33.031,done,
733,15.606341930106282,56051.69328026641,56605.39077591896,56633.63777591896,28.247,done,
734,11.697075290139765,56071.10056795593,56625.75910186768,56645.549101867684,19.79,done,
735,19.430652090813965,56090.507855645454,56645.32410287857,56669.17810287857,23.854,done,
736,42.94831693987362,56109.915143334976,56665.21177577973,56712.86177577973,47.65,done,
737,16.694714659824967,56129.3224310245,56684.8223836422,56753.5953836422,68.773,done,
738,40.3028801898472,56148.72971871403,56705.15711474419,56753.79011474419,48.633,done,
739,32.14784419978969,56168.13700640355,56725.42961668968,56786.40161668968,60.972,done,
740,32.56449514999986,56187.54429409307,56745.77007579804,56786.458075798044,40.688,done,
741,25.864012259989977,56225.06965923003,56784.34986281395,56814.69786281395,30.348,done,
742,27.522950139828023,56262.59502436699,56822.27767491341,56855.70267491341,33.425,done,
743,10.679093009093776,56300.12038950394,56860.424860715866,56876.91586071587,16.491,done,
744,16.78051538066938,56337.6457546409,56898.53433179855,56920.06433179855,21.53,done,
745,18.2678414194379,56375.17111977785,56936.87749481201,56959.72749481201,22.85,done,
746,29.92676381021738,56412.696484914806,56975.546749830246,57010.241749830246,34.695,done,
747,15.420292359776797,56450.22185005176,57014.014999866486,57034.92699986648,20.912,done,
748,15.553737309528517,56487.74721518872,57052.61518073082,57074.12418073082,21.509,done,
749,20.937255260068923,56525.27258032568,57090.85392999649,57117.75292999649,26.899,done,
750,8.66494007059373,56562.79794546263,57128.5810148716,57143.5530148716,14.972,done,
751,32.67024993081577,56578.97302407518,57145.25567173958,57182.845671739575,37.59,done,
752,25.25344055029564,56595.14810268773,57161.63245272637,57207.63445272637,46.002,done,
753,17.4029199196957,56611.323181300286,57178.14270186424,57225.453701864244,47.311,done,
754,17.29579802020453,56627.498259912834,57194.889645814896,57225.5376458149,30.648,done,
755,11.700425610179082,56643.67333852538,57211.44068193436,57237.23468193436,25.794,done,
756,41.15875911084004,56659.84841713793,57228.33122062683,57278.72122062683,50.39,done,
757,56.03255289955996,56676.02349575048,57244.84999084473,57335.21199084473,90.362,done,
758,27.23565048072487,56692.19857436304,57261.19492292404,57335.38592292404,74.191,done,
759,40.64715458080173,56708.373652975584,57277.522464990616,57376.25746499062,98.735,done,
760,23.19743426982313,56724.54873158813,57294.19586467743,57376.38986467743,82.194,done,
761,52.5360032892786,56747.8427529954,57318.522280693054,57429.085280693056,110.563,done,
762,22.427375160623345,56771.136774402665,57342.89549064636,57429.197490646366,86.302,done,
763,24.26909776986577,56794.43079580993,57367.20954489708,57464.08254489708,96.873,done,
764,34.63796369032934,56817.7248172172,57390.97449994087,57464.20849994087,73.234,done,
765,25.11085956939496,56841.01883862446,57415.30349993706,57489.541499937055,74.238,done,
766,7.980929220793769,56864.31286003173,57439.62034702301,57489.68734702301,50.067,done,
767,25.085217020241544,56887.606881439,57463.94781088829,57515.08581088829,51.138,done,
768,9.902195300674066,56910.90090284626,57487.64131689072,57525.19431689072,37.553,done,
769,24.57064419984817,56934.19492425353,57511.17495584488,57549.766955844876,38.592,done,
770,23.5918568004854,56957.48894566079,57535.71508765221,57573.73408765221,38.019,done,
771,13.283096760278568,56964.20968607481,57543.02853178978,57573.83553178978,30.807,done,
772,21.441440019989383,56970.930426488834,57550.21164989472,57596.632649894724,46.421,done,
773,22.509134539868683,56977.651166902855,57557.52460479736,57596.76460479736,39.24,done,
774,14.391116040060297,56984.37190731688,57564.83881688118,57614.59881688118,49.76,done,
775,17.52735269954428,56991.0926477309,57572.15086388588,57614.70786388588,42.557,done,
776,46.77277970011346,56997.813388144925,57579.297593832016,57661.76559383202,82.468,done,
777,23.811583359492943,57004.53412855895,57586.61878991127,57661.95278991127,75.334,done,
778,34.98556885984726,57011.25486897297,57593.94557380676,57697.26557380676,103.32,done,
779,10.641099789645525,57017.97560938699,57601.19846391678,57697.42546391678,96.227,done,
780,32.69199272035621,57024.69634980101,57608.51777482033,57730.39077482033,121.873,done,
781,30.37638233974576,57040.5838563594,57625.111204624176,57730.52120462418,105.41,done,
782,9.014254619833082,57056.4713629178,57641.4742269516,57775.7122269516,134.238,done,
783,44.998058690689504,57072.35886947619,57657.94885587692,57775.78185587692,117.833,done,
784,23.234767810208723,57088.246376034585,57674.42886376381,57812.47686376381,138.048,done,
785,36.36836932040751,57104.133882592985,57690.817237854,57812.626237854,121.809,done,
786,28.6396678595338,57120.02138915138,57707.94097971916,57845.96197971916,138.021,done,
787,32.835755159612745,57135.90889570977,57724.24763870239,57846.09063870239,121.843,done,
788,48.805334699573,57151.79640226816,57740.94681096077,57895.16881096077,154.222,done,
789,12.142541599459946,57167.68390882656,57757.254866838455,57895.31086683845,138.056,done,
790,33.289439301006496,57183.57141538496,57773.56865000725,57928.60465000725,155.036,done,
791,45.436627180315554,57381.07936892442,57972.24017477036,58022.77417477036,50.534,done,
792,28.08647982077673,57578.58732246387,58170.71230196953,58204.04930196953,33.337,done,
793,38.38552298024297,57776.09527600333,58368.93320584297,58412.61620584297,43.683,done,
794,22.38267511012964,57973.6032295428,58567.39590382576,58594.56190382576,27.166,done,
795,43.95439213956706,58171.11118308225,58765.46078085899,58814.745780859,49.285,done,
796,7.888862650142983,58368.61913662171,58963.63922095299,58977.235220952985,13.596,done,
797,25.983158909948543,58566.12709016117,59162.17825675011,59193.27525675011,31.097,done,
798,51.13374312990345,58763.63504370063,59360.15645980835,59416.43245980835,56.276,done,
799,49.45339055964723,58961.14299724009,59558.22846078873,59612.849460788726,54.621,done,
800,23.391400919063017,59158.65095077955,59757.63940477371,59786.16140477371,28.522,done,
801,46.30093885003589,59239.408859277006,59839.93202376366,59891.84702376366,51.915,done,
802,31.307045340072364,59320.16676777446,59921.66255283356,59958.76355283356,37.101,done,
803,58.06894804001786,59400.92467627191,60002.65848374367,60065.949483743665,63.291,done,
804,17.616028880001977,59481.68258476937,60083.71140599251,60106.84040599251,23.129,done,
805,55.131578060099855,59562.440493266826,60165.64056682587,60226.02956682587,60.389,done,
806,27.690962980268523,59643.19840176428,60246.82905197144,60279.60005197144,32.771,done,
807,33.04139013052918,59723.95631026174,60328.34146499634,60366.11846499634,37.777,done,
808,13.25814728043042,59804.71421875919,60409.81881785393,60429.293817853926,19.475,done,
809,26.16278262110427,59885.472127256646,60491.07169675827,60523.67969675827,32.608,done,
810,52.36233619041741,59966.2300357541,60572.46914982796,60629.66514982796,57.196,done,
811,44.361503639956936,60213.37297215177,60820.57001185417,60870.17001185417,49.6,done,
812,12.391634379746392,60460.51590854943,61068.10759687424,61085.70859687424,17.601,done,
813,42.87742392043583,60707.658844947095,61315.67207098007,61363.83307098007,48.161,done,
814,13.585289360489696,60954.80178134476,61563.786341667175,61582.110341667176,18.324,done,
815,19.05948032042943,61201.94471774242,61811.92163491249,61835.87363491249,23.952,done,
816,25.619704209966585,61449.08765414009,62059.60609769821,62090.444097698215,30.838,done,
817,30.81308690016158,61696.23059053775,62307.42766070366,62343.464660703656,36.037,done,
818,19.477767690550536,61943.373526935415,62555.397288799286,62580.82028879929,25.423,done,
819,16.163349050329998,62190.51646333308,62803.68218374252,62825.79318374252,22.111,done,
820,29.95751698967069,62437.65939973074,63051.74197888374,63088.10297888374,36.361,done,
821,25.0558841007296,62469.67244751101,63084.24669289589,63114.46269289589,30.216,done,
822,22.47402590001002,62501.68549529128,63117.15083289146,63144.797832891454,27.647,done,
823,24.828035089885816,62533.698543071536,63149.46306180954,63179.45006180954,29.987,done,
824,11.056942719733344,62565.7115908518,63182.16053962708,63199.498539627086,17.338,done,
825,30.036382229300216,62597.72463863207,63215.25185775757,63250.17685775757,34.925,done,
826,26.16843221941963,62629.737686412336,63247.76474285126,63279.24774285126,31.483,done,
827,25.506935520097613,62661.7507341926,63279.93337678909,63311.06037678909,31.127,done,
828,32.94246156932786,62693.76378197286,63312.72367477417,63351.47867477417,38.755,done,
829,18.225775960600004,62725.77682975313,63345.093104839325,63369.875104839324,24.782,done,
830,27.297619150485843,62757.7898775334,63377.6336479187,63411.0086479187,33.375,done,
831,41.65032029035501,62818.27166987961,63438.78653597832,63485.41553597832,46.629,done,
832,44.88011243985966,62878.753462225824,63500.19350886345,63551.11550886345,50.922,done,
833,20.114460620097816,62939.23525457204,63561.87384390831,63587.80384390831,25.93,done,
834,21.965282659512013,62999.717046918246,63622.58707594872,63650.41307594872,27.826,done,
835,20.823954560328275,63060.198839264456,63684.17033076286,63710.67233076286,26.502,done,
836,28.30741410027258,63120.680631610674,63745.4557788372,63779.6967788372,34.241,done,
837,32.96843818039633,63181.162423956885,63807.48315882683,63845.647158826825,38.164,done,
838,36.89865847001784,63241.644216303095,63868.42693996429,63911.653939964286,43.227,done,
839,33.80127276061103,63302.12600864931,63929.43958377838,63968.33358377838,38.894,done,
840,18.983532950514928,63362.60780099552,63990.10797786713,64014.12897786713,24.021,done,
841,36.67050026007928,63381.32017305962,64009.6287689209,64051.6497689209,42.021,done,
842,22.69177487003617,63400.03254512372,64028.832756757736,64074.58675675774,45.754,done,
843,15.09011563961394,63418.74491718781,64048.15903878212,64096.21803878212,48.059,done,
844,21.25618432997726,63437.45728925191,64067.27404785156,64096.424047851564,29.15,done,
845,16.511072519933805,63456.169661316,64086.14544773102,64112.815447731016,26.67,done,
846,40.69428971968591,63474.882033380105,64104.95664381981,64153.87364381981,48.917,done,
847,9.514816080918536,63493.5944054442,64124.39299702644,64206.55499702644,82.162,done,
848,52.361422629328445,63512.3067775083,64143.7060778141,64206.6850778141,62.979,done,
849,15.050912449369209,63531.01914957239,64164.39567685127,64234.087676851275,69.692,done,
850,27.114825330208987,63549.73152163649,64183.70764088631,64234.31064088631,50.603,done,
851,38.77942202962005,63577.78772873264,64212.19280385971,64273.083803859714,60.891,done,
852,34.466655870201066,63605.84393582878,64240.83364367485,64307.79964367485,66.966,done,
853,33.200756899314,63633.900142924926,64269.17102098465,64341.26702098465,72.096,done,
854,23.831583870342,63661.95635002107,64297.63103985786,64341.318039857855,43.687,done,
855,54.01374451001175,63690.01255711722,64327.36574697495,64395.62074697495,68.255,done,
856,19.827553679933768,63718.06876421336,64355.84238886833,64419.27538886833,63.433,done,
857,23.34477032069117,63746.12497130951,64384.18919372559,64419.50319372559,35.314,done,
858,38.36235338938424,63774.181178405655,64413.17463469505,64457.87463469505,44.7,done,
859,21.793923689983785,63802.2373855018,64442.01438593864,64479.87238593864,37.858,done,
860,21.40058072982356,63830.29359259795,64470.40595984459,64501.53995984459,31.134,done,
861,24.11052140989341,64006.28377256355,64647.10642385483,64676.35542385483,29.249,done,
862,12.008519100490956,64182.27395252915,64823.97786164284,64840.95186164284,16.974,done,
863,8.86235850979574,64358.26413249475,65000.57949972153,65014.546499721524,13.967,done,
864,52.59969263919629,64534.25431246035,65177.21298503876,65235.465985038754,58.253,done,
865,24.430302570108324,64710.24449242595,65355.10278964043,65384.97678964043,29.874,done,
866,15.993620719527826,64886.23467239154,65531.63675069809,65552.6007506981,20.964,done,
867,51.69108890928328,65062.22485235714,65708.23699188232,65765.97199188232,57.735,done,
868,19.95406824979,65238.21503232274,65885.59606695175,65910.71606695175,25.12,done,
869,27.46779505047016,65414.20521228834,66062.38103985786,66095.17903985786,32.798,done,
870,13.320841760141777,65590.19539225394,66239.83544874191,66258.6104487419,18.775,done,
871,9.191913349786772,65613.36061123137,66263.32536578178,66278.17636578178,14.851,done,
872,25.585806149756536,65636.5258302088,66286.8807246685,66317.2587246685,30.378,done,
873,20.146702479105446,65659.69104918624,66310.4713549614,66337.7193549614,27.248,done,
874,26.89752890029922,65682.85626816367,66333.96078300476,66366.05878300476,32.098,done,
875,32.18818102963269,65706.02148714109,66357.4073278904,66398.4613278904,41.054,done,
876,46.42425825004466,65729.18670611852,66380.78605675697,66445.01305675697,64.227,done,
877,18.67755254963413,65752.35192509595,66404.1830136776,66469.0320136776,64.849,done,
878,23.64804466953501,65775.51714407338,66427.69590878487,66469.07590878487,41.38,done,
879,40.11041861958802,65798.68236305082,66451.65432691574,66509.54532691574,57.891,done,
880,36.81357870926149,65821.84758202825,66475.7212100029,66546.65121000289,70.93,done,
881,25.334269349696115,65825.13578638791,66479.47640872002,66546.96240872002,67.486,done,
882,10.675175010692328,65828.42399074759,66483.88833284378,66563.78533284378,79.897,done,
883,16.9250738597475,65831.71219510725,66488.25597786903,66563.86397786903,75.608,done,
884,17.209762299899012,65835.00039946691,66492.62411093712,66598.54711093711,105.923,done,
885,34.342733999947086,65838.28860382659,66496.99426960945,66598.66726960945,101.673,done,
886,13.155859919497743,65841.57680818625,66500.41171169281,66619.4677116928,119.056,done,
887,20.66475750994869,65844.86501254591,66504.78194093704,66619.59794093705,114.816,done,
888,11.82601570035331,65848.15321690559,66509.11152076721,66666.5415207672,157.43,done,
889,46.59371532034129,65851.44142126525,66521.43229269981,66666.66629269981,145.234,error,7.0
890,10.694870459847152,65859.22011193604,66529.74531579018,66666.62331579017,136.878,error,7.0
891,39.49098532088101,65866.99880260683,66513.10893273354,66666.78993273353,153.681,done,
892,40.02794692991301,65874.77749327764,66538.05505681038,66666.84405681038,128.789,error,7.0
893,31.74522461020388,65882.55618394843,66546.43121767044,66698.40921767044,151.978,done,
894,18.54096363997087,65890.33487461922,66554.50894379616,66698.84094379615,144.332,done,
895,47.86876476020552,65921.72510594386,66586.33919286728,66747.20719286728,160.868,done,
896,32.18690061941743,65953.1153372685,66618.16580986977,66747.39380986977,129.228,done,
897,12.723319550277663,65984.50556859313,66650.02043271065,66768.71143271065,118.691,done,
898,21.19573398958892,66015.89579991777,66682.2792327404,66768.7672327404,86.488,done,
899,23.044926919974387,66047.2860312424,66714.25712776184,66792.20612776183,77.949,done,
900,15.700112680206075,66078.67626256705,66746.59254479408,66792.27454479408,45.682,done,
901,12.01355232973583,66110.06649389169,66779.29183888435,66804.26483888435,24.973,done,
902,12.04354775021784,66141.45672521633,66811.05224561691,66828.94424561692,17.892,done,
903,40.461421799846,66172.84695654096,66843.75524067879,66889.61524067879,45.86,done,
904,23.00726342946291,66204.2371878656,66876.28628587723,66912.79028587723,36.504,done,
905,47.79718987061642,66232.8138679934,66905.41294789314,66960.90894789314,55.496,done,
906,33.61857315991074,66261.39054812121,66934.42800188065,66994.55200188064,60.124,done,
907,19.178792160237208,66289.96722824904,66963.64524888992,67014.07124888993,50.426,done,
908,22.83516502007842,66318.54390837684,66993.15492486954,67037.10292486954,43.948,done,
909,13.394902299623936,66347.12058850465,67022.87566375732,67050.70966375733,27.834,done,
910,19.19933160999789,66375.69726863246,67052.38415169716,67076.38015169716,23.996,done,
911,26.958222239045423,66404.27394876027,67082.01234984398,67114.48034984397,32.468,done,
912,39.58146758028306,66432.85062888809,67111.51797580719,67156.9169758072,45.399,done,
913,43.35088439984247,66461.4273090159,67140.27440476418,67200.44340476417,60.169,done,
914,55.953699219971895,66490.0039891437,67169.61184978485,67256.68184978486,87.07,done,
915,36.353513149078935,66838.30089196598,67518.68138170242,67559.88738170243,41.206,done,
916,24.992316990392283,67186.59779478826,67867.85218477249,67898.35618477249,30.504,done,
917,23.665945929242294,67534.89469761054,68217.41270685196,68246.68170685196,29.269,done,
918,64.23539350973442,67883.19160043282,68566.73576593399,68636.87076593399,70.135,done,
919,29.506821129471064,68231.4885032551,68915.889387846,68950.711387846,34.822,done,
920,26.33532616076991,68579.78540607737,69264.75309491158,69296.45209491157,31.699,done,
921,24.9661518400535,68928.08230889965,69614.3991727829,69645.0631727829,30.664,done,
922,16.545892159920186,69276.37921172193,69964.12040185928,69986.50640185928,22.386,done,
923,53.62955630989745,69624.67611454421,70313.56219172478,70373.31619172478,59.754,done,
924,40.98534016055055,69972.97301736649,70663.345859766,70710.563859766,47.218,done,
925,45.32990435953252,70075.2564492353,70766.32716989517,70817.16716989517,50.84,done,
926,14.58684768062085,70177.5398811041,70868.9097507,70888.5877507,19.678,done,
927,17.16469750972465,70279.8233129729,70972.31528186798,70994.40328186798,22.088,done,
928,23.397704049712047,70382.1067448417,71075.20928883553,71103.71428883553,28.505,done,
929,47.08156976965256,70484.39017671051,71178.51550388336,71230.75250388336,52.237,done,
930,48.50846173008904,70707.98461355246,71402.59781384468,71456.66181384468,54.064,done,
931,14.378530709072948,70931.5790503944,71626.55727100372,71645.99327100372,19.436,done,
932,16.723731888923794,71155.17348723634,71850.93389487267,71872.91289487267,21.979,done,
933,28.42490173992701,71378.76792407829,72075.8258137703,72110.4108137703,34.585,done,
934,49.017794450046495,71602.36236092023,72300.3389787674,72354.66697876739,54.328,done,
935,11.808948050020264,72359.39888755794,73060.10767269135,73077.15467269135,17.047,done,
936,93.11139568104409,73116.43541419564,73818.55942487717,73917.88942487717,99.33,done,
937,21.472776379669085,73873.47194083333,74577.2874019146,74604.4094019146,27.122,done,
938,11.890997720183805,74630.50846747104,75335.88784790039,75353.21784790039,17.33,done,
939,26.63759066024795,75387.54499410874,76094.61023664474,76126.90723664475,32.297,done,
940,24.585864269174635,75822.70457857545,76531.06045389175,76561.25245389175,30.192,done,
941,25.822973559843376,76257.86416304213,76967.39151978493,76999.16351978492,31.772,done,
942,15.869262979831548,76693.02374750884,77403.3003897667,77425.2183897667,21.918,done,
943,41.20871101971716,77128.18333197552,77840.36814975739,77886.99814975739,46.63,done,
944,43.47104821004905,77563.34291644223,78276.11673283577,78324.80273283577,48.686,done,
945,26.44388854969293,77579.8521973397,78293.59401488304,78351.44901488304,57.855,done,
946,24.75163258961402,77596.36147823717,78311.09057378769,78351.72757378769,40.637,done,
947,52.69675069954246,77612.87075913463,78328.49005174637,78404.66505174637,76.175,done,
948,20.10009763995185,77629.3800400321,78345.92710471153,78404.83910471153,58.912,done,
949,31.503379750065506,77645.88932092958,78363.36716198921,78436.43616198922,73.069,done,
950,23.560456599807367,78167.25787108998,78885.62857079506,78914.56557079506,28.937,done,
951,35.88046869030222,78688.62642125039,79407.79736971855,79448.97436971855,41.177,done,
952,15.51508744014427,79209.99497141078,79930.15201878548,79950.71801878548,20.566,done,
953,18.239359071012583,79731.36352157118,80452.92592978477,80476.44492978478,23.519,done,
954,13.6124983697664,80252.73207173159,80975.606112957,80994.432112957,18.826,done,
955,24.65201260987669,80474.584321569,81198.3912448883,81228.42324488831,30.032,done,
956,28.265944060403854,80696.4365714064,81421.24181985855,81454.81781985855,33.576,done,
957,15.085390449967235,80918.2888212438,81643.74171686172,81664.81971686172,21.078,done,
958,27.6448969100602,81140.1410710812,81866.59808897972,81900.43308897973,33.835,done,
959,14.95733359013684,81361.99332091861,82089.35318875313,82109.57718875313,20.224,done,
960,25.728819959331304,81467.54589911892,82195.40838885307,82226.43338885307,31.025,done,
961,47.03133411007002,81573.09847731923,82301.2505698204,82353.54356982041,52.293,done,
962,49.688990879803896,81678.65105551953,82407.32532596588,82463.50232596588,56.177,done,
963,27.815744869876653,81784.20363371984,82513.30942583084,82546.68642583083,33.377,done,
964,19.260187550680712,81889.75621192015,82620.48726677895,82644.66726677894,24.18,done,
965,28.454914829926565,82045.56111502892,82777.53207468987,82811.06107468986,33.529,done,
966,24.431332639651373,82201.36601813769,82933.93852496147,82964.64352496147,30.705,done,
967,8.382116350112483,82357.17092124645,83090.53145480156,83104.56545480156,14.034,done,
968,25.69781951024197,82512.97582435522,83248.4350399971,83279.4010399971,30.966,done,
969,18.30436796997673,82668.78072746399,83405.31802392006,83428.94502392005,23.627,done,
970,34.9427863501478,82734.12164160024,83471.76193785667,83512.55693785667,40.795,done,
971,19.630003439961,82799.46255573648,83537.36593079567,83562.44493079567,25.079,done,
972,20.909787319833413,82864.80346987273,83603.24223899841,83629.1382389984,25.896,done,
973,26.83469943003729,82930.14438400896,83668.92794799805,83701.14994799804,32.222,done,
974,58.84904948063195,82995.48529814521,83734.92752695084,83799.94552695083,65.018,done,
975,8.1956465204712,83018.26132417707,83758.47799682617,83850.02699682617,91.549,done,
976,49.78020743001253,83041.03735020895,83781.99501276016,83850.17301276016,68.178,done,
977,34.503422679845244,83063.81337624081,83805.73098373413,83884.99198373413,79.261,done,
978,25.390218999236826,83086.58940227269,83829.11054992676,83885.06054992675,55.95,done,
979,30.3502765588928,83109.36542830455,83852.90847086906,83915.60647086907,62.698,done,
980,29.46540720993653,83233.17389806142,83977.26571774483,84013.13671774483,35.871,done,
981,34.134590439498425,83356.9823678183,84101.98495578766,84141.47195578765,39.487,done,
982,12.95725084026344,83480.79083757517,84226.32090187073,84245.42990187072,19.109,done,
983,31.02779106004164,83604.59930733206,84351.32712078094,84388.68512078094,37.358,done,
984,19.424177940236405,83728.40777708893,84475.48070883751,84500.15870883751,24.678,done,
985,25.897107569035143,83920.02855085536,84668.12458276749,84699.1565827675,31.032,done,
986,20.352453730301928,84111.6493246218,84860.06815195084,84885.74815195083,25.68,done,
987,54.67214799951762,84303.27009838825,85052.67759394646,85112.56959394646,59.892,done,
988,20.399958449415863,84494.89087215469,85245.44348287582,85271.23948287583,25.796,done,
989,30.56700690998696,84686.51164592113,85438.15671086311,85475.31871086311,37.162,done,
990,28.994364010868598,84766.12787309059,85518.11485767365,85553.38985767364,35.275,done,
991,15.290357479825616,84845.74410026004,85598.18824481964,85618.97224481964,20.784,done,
992,35.894994150148705,84925.3603274295,85679.91311764717,85720.50911764718,40.596,done,
993,13.398075520526618,85004.97655459895,85760.10237288475,85778.71337288475,18.611,done,
994,20.59268636978232,85084.59278176841,85840.25684571266,85866.15384571266,25.897,done,
995,28.48713931976817,85095.04600307297,85851.58746671677,85894.79046671676,43.203,done,
996,25.984782739542425,85105.49922437753,85862.94043684006,85921.02043684006,58.08,done,
997,21.83950830018148,85115.95244568211,85873.73669481277,85921.12969481277,47.393,done,
998,40.87692358996719,85126.40566698667,85885.06857275963,85962.46857275962,77.4,done,
999,26.111990429926664,85136.85888829123,85896.35603070259,85962.7580307026,66.402,done,
1000,16.83801089995541,85204.13544871223,85964.17792868614,85985.37992868615,21.202,done,
1001,24.53600752982311,85271.41200913322,86031.87208676338,86061.75708676338,29.885,done,
1002,48.29217602033168,85338.68856955422,86099.29518675804,86153.06918675805,53.774,done,
1003,46.12989522051066,85405.9651299752,86167.61778283119,86218.96978283119,51.352,done,
1004,34.110932970652364,85473.2416903962,86235.53494691849,86276.05794691849,40.523,done,
1005,19.16012112051249,85608.85821484972,86371.64228582382,86396.64928582382,25.007,done,
1006,32.107598750153564,85744.47473930326,86508.27329969406,86546.52229969406,38.249,done,
1007,22.29940708959475,85880.09126375678,86644.12466788292,86672.08666788292,27.962,done,
1008,9.22439499059692,86015.70778821032,86780.68926262856,86795.49726262856,14.808,done,
1009,13.453304839786142,86151.32431266384,86917.11564087868,86936.10864087868,18.993,done,
1010,40.91990598943085,86251.1486146357,87017.70618700981,87064.04018700981,46.334,done,
1011,49.513584949309006,86350.97291660757,87118.60983395576,87173.64183395577,55.032,done,
1012,19.244884999934584,86450.79721857942,87219.19521188736,87244.20621188736,25.011,done,
1013,5.68818534957245,86550.62152055129,87319.79769968987,87331.15169968987,11.354,done,
1014,11.254946009721609,86650.44582252315,87420.71950674057,87437.52650674057,16.807,done,
1015,19.28213509963825,87044.93192971095,87816.41819572449,87840.88319572448,24.465,done,
1016,73.6449890397489,87439.41803689874,88211.7521007061,88291.4241007061,79.672,done,
1017,21.22453492018394,87833.90414408655,88607.25963187218,88634.81463187217,27.555,done,
1018,34.692818709881976,88228.39025127435,89002.69725179672,89043.39425179672,40.697,done,
1019,9.777514620218426,88622.87635846215,89398.26687288284,89413.27587288285,15.009,done,
1020,12.607652100268751,88836.13845945832,89611.97504973412,89630.74604973411,18.771,done,
1021,26.33571790996939,89049.4005604545,89826.45616793633,89858.24316793632,31.787,done,
1022,24.088379179593176,89262.66266145067,90040.87149572372,90070.94749572373,30.076,done,
1023,50.59774835011922,89475.92476244684,90254.62108898164,90311.23108898164,56.61,done,
1024,24.13249297067523,89689.18686344301,90468.898198843,90498.381198843,29.483,done,
1025,26.76169358077459,89734.50559473349,90514.91630792618,90547.49530792618,32.579,done,
1026,31.09706819988787,89779.82432602397,90562.03303289412,90598.18203289412,36.149,done,
1027,16.348587470129132,89825.14305731443,90608.71212697028,90630.13712697028,21.425,done,
1028,25.242270549060777,89870.46178860491,90654.66912388802,90685.65012388802,30.981,done,
1029,44.25222735968418,89915.78051989539,90700.18024873734,90750.68324873733,50.503,done,
1030,29.024286239873614,89976.21266406952,90761.21719884872,90796.07319884872,34.856,done,
1031,33.7474166508764,90036.64480824365,90823.61537075044,90862.45237075044,38.837,done,
1032,16.255653930129483,90097.0769524178,90885.00425481796,90907.39725481796,22.393,done,
1033,24.669236140325665,90157.50909659194,90945.96123576164,90976.27223576164,30.311,done,
1034,12.056249959859995,90217.94124076609,91006.8155488968,91024.5165488968,17.701,done,
1035,31.374095419887453,90278.3733849402,91068.07082486153,91105.32482486153,37.254,done,
1036,62.62847673962824,90338.80552911434,91128.87624883652,91197.08924883652,68.213,done,
1037,7.957206829451024,90399.23767328847,91190.20939898492,91205.44539898493,15.236,done,
1038,34.19334589969367,90459.66981746262,,,,error,
