# {"image": "Chihuahua1_bvdb.jpg", "debug": false, "pause": false, "bindir": "/tmp/build/nexus-bin", "latencies": "/workdir/DynWork/multimodal_dataset_gpu/repeat-3/Multimodal_Real_Dataset/Azure/translation/mbart_wmt/latencies.csv", "slo_ms": 2189, "outdir": "/workdir/DynWork/multimodal_dataset_gpu/repeat-3/Multimodal_Real_Dataset/Azure/translation/mbart_wmt/3_x_P99/nexus", "no_nexus": false, "reqs": "/workdir/DynWork/multimodal_dataset_gpu/repeat-3/Multimodal_Real_Dataset/Azure/translation/mbart_wmt/jobs.bucketed.csv", "maxb": 8, "reproducibility": {"command_line": "python dynamic_test.py --slo_ms 2189 --maxb 8 --bindir /tmp/build/nexus-bin Chihuahua1_bvdb.jpg /workdir/DynWork/multimodal_dataset_gpu/repeat-3/Multimodal_Real_Dataset/Azure/translation/mbart_wmt/jobs.bucketed.csv /workdir/DynWork/multimodal_dataset_gpu/repeat-3/Multimodal_Real_Dataset/Azure/translation/mbart_wmt/latencies.csv /workdir/DynWork/multimodal_dataset_gpu/repeat-3/Multimodal_Real_Dataset/Azure/translation/mbart_wmt/3_x_P99/nexus", "time": "Mon Apr 18 06:49:34 2022", "git_root": "/workdir/nexus", "git_url": "https://github.com/Aetf/nexus/tree/70828a1300a1881d39f0dbfa506d0e5de92853b3", "git_has_uncommitted_changes": true}}
JobId,Length,Admitted,Started,Finished,Latency,State,EName
0,726.8310931848966,0.0,6.197474956512451,743.7854749565124,737.588,done,
1,726.6490648630479,189.89820596766265,196.84969890117645,1607.2366989011764,1410.387,done,
2,139.07367848459202,379.7964119353253,387.4682229757309,1607.5202229757308,1220.052,done,
3,723.68734903965,569.6946179029878,578.0675719380379,1607.584571938038,1029.517,done,
4,138.88982828184126,759.5928238706505,768.6281249523163,2609.792124952316,1841.164,done,
5,724.2081694852993,949.4910298383132,959.1412729620934,2609.9742729620934,1650.833,done,
6,727.9711182261195,1139.3892358059757,1149.7281829714775,2610.3251829714773,1460.597,done,
7,725.5084629630858,1329.2874417736384,1340.29165494442,2610.49165494442,1270.2,done,
8,138.34140839683252,1519.185647741301,1530.8674169778824,2610.620416977882,1079.753,done,
9,729.5658233339097,1709.0838537089635,1721.444145977497,3545.7351459774973,1824.291,done,
10,139.22359585898602,1898.9820596766265,2391.0144379734998,3545.9224379734997,1154.908,done,
11,723.7866970076944,2136.3548171362045,1911.9273879528048,3546.3063879528045,1634.379,done,
12,138.75173046001586,2373.7275745957827,2151.435766994953,3546.6527669949533,1395.217,done,
13,725.1669217693284,2611.100332055361,2630.451538980007,4478.170538980007,1847.719,done,
14,726.950859958947,2848.47308951494,4304.696222007275,5483.101222007274,1178.405,done,
15,726.1680615906432,3085.8458469745174,2869.999068915844,4478.700068915844,1608.701,done,
16,723.6351286533417,3323.218604434096,3109.572137951851,4478.622137951851,1369.05,done,
17,138.97260971384017,3560.5913618936743,3349.212203979492,4478.784203979492,1129.572,done,
18,730.1577280964297,3797.964119353253,3587.718915998936,5483.015915998936,1895.297,done,
19,726.1488468607787,3956.2126243263046,3827.036862909794,5483.154862909794,1656.118,done,
20,729.2880756686435,4114.461129299357,3986.2174659967422,5483.592465996742,1497.375,done,
21,140.35239316498718,4272.709634272409,4145.287978947163,5483.132978947163,1337.845,done,
22,138.60187745909238,4430.958139245461,4464.075424969196,6622.657424969197,2158.582,done,
23,725.9337218231209,4589.206644218513,4623.945960998535,6622.807960998535,1998.862,done,
24,726.6838325929457,4747.455149191566,4783.177669942379,6622.9876699423785,1839.81,done,
25,727.9532514410485,4905.7036541646185,4942.371715962887,6623.149715962887,1680.778,done,
26,139.12655605458315,5063.952159137671,5101.636501908302,6623.069501908302,1521.433,done,
27,139.37085257189193,5222.200664110723,5261.1300349235535,6623.132034923554,1362.002,done,
28,140.0207478164684,5380.449169083775,5420.616517961025,6623.2605179610255,1202.644,done,
29,727.7305253833538,5538.697674056827,5579.689453959465,7830.346453959465,2250.657,done,
30,138.3523982934251,5696.946179029879,5738.971944928169,7830.585944928169,2091.614,done,
31,138.9103888734652,5823.544983008321,7393.308667957783,9037.036667957782,1643.728,done,
32,727.2664742416589,5950.143786986762,5866.135755956173,7830.694755956173,1964.559,done,
33,138.47409733428825,6076.742590965205,5993.318615972996,7830.796615972996,1837.478,done,
34,138.6612095172442,6203.341394943646,6120.484799921513,7830.8547999215125,1710.37,done,
35,723.4985583198617,6329.940198922088,6247.756769001484,7830.889769001484,1583.133,done,
36,139.02691290526946,6456.539002900529,6375.224139988422,7830.726139988423,1455.502,done,
37,725.4260188175919,6583.137806878971,6502.715409934521,7830.978409934521,1328.263,done,
38,724.0205134067841,6709.736610857413,6629.644263982773,9036.912263982773,2407.268,done,
39,724.9264923193608,6836.335414835855,6756.917192995548,9037.205192995549,2280.288,done,
40,139.14947158327573,6962.934218814296,8497.542382955551,10174.94838295555,1677.406,done,
41,726.2956842432695,7089.533022792738,6884.138287961483,9037.055287961482,2152.917,done,
42,727.1344157302523,7216.1318267711795,7011.345533013344,9037.335533013344,2025.99,done,
43,726.7863321903844,7342.730630749622,7138.54549497366,9037.45749497366,1898.912,done,
44,723.7704557705027,7469.329434728063,7265.768984973431,9037.475984973431,1771.707,done,
45,726.9722671505058,7595.928238706505,7520.852446913719,9037.26544691372,1516.413,done,
46,139.6146173850111,7806.926245337241,7648.379101991653,10174.746101991654,2526.367,done,
47,139.91939798787968,8017.924251967977,7860.532054960728,10174.704054960728,2314.172,done,
48,139.48153387444114,8228.922258598714,8072.946436941624,10175.220436941623,2102.274,done,
49,138.7292895786174,8439.92026522945,8285.24824398756,10175.56024398756,1890.312,done,
50,723.3137241060775,8650.918271860186,8709.859129965305,10175.197129965305,1465.338,done,
51,139.1857994394268,8861.916278490922,8922.201009988785,10175.356009988785,1253.155,done,
52,138.27915344952066,9072.914285121658,9134.24283194542,11240.20783194542,2105.965,done,
53,723.8672693584971,9283.912291752396,9345.729870975018,11241.159870975018,1895.43,done,
54,139.56919964605706,9494.91029838313,9558.012727975844,11241.395727975843,1683.383,done,
55,139.44748218990915,9684.808504350793,10895.94109392166,12241.77209392166,1345.831,done,
56,138.3696873999222,9874.706710318456,9749.283894956112,11240.861894956111,1491.578,done,
57,724.0604858486402,10064.60491628612,9940.555507957935,11241.538507957936,1300.983,done,
58,725.1123755158275,10254.503122253782,10131.817880928516,11241.740880928517,1109.923,done,
59,727.1620515863319,10444.401328221444,10322.99295192957,12242.10995192957,1919.117,done,
60,725.4163863897297,10634.299534189107,10704.62264496088,12242.31064496088,1537.688,done,
61,138.97812917395075,10824.197740156773,11087.209055900574,12242.892055900575,1155.683,done,
62,138.68095381516173,11014.095946124433,10513.354327976704,12242.746327976703,1729.392,done,
63,723.43405010291,11203.994152092097,11277.432129979134,13309.969129979134,2032.537,done,
64,138.91782735694238,11393.892358059758,11468.679983973503,13310.454983973503,1841.775,done,
65,138.5619990049797,11566.527090757634,11641.88658797741,13311.21958797741,1669.333,done,
66,726.3476598318833,11739.161823455508,11815.085620939732,13310.816620939731,1495.731,done,
67,138.51232569697217,11911.796556153384,11988.275375962256,13311.042375962255,1322.767,done,
68,725.2041502413693,12084.43128885126,12161.486793994904,13311.524793994904,1150.038,done,
69,139.14146617817605,12257.066021549132,12334.556569933891,14391.942569933892,2057.386,done,
70,728.4868884943833,12429.70075424701,12507.8283739686,14392.7783739686,1884.95,done,
71,138.72023013701184,12602.335486944885,14011.066607952118,15391.118607952118,1380.052,done,
72,735.4581832953405,12774.97021964276,12681.042775928974,14392.493775928975,1711.451,done,
73,139.46967445977668,12947.604952340636,12854.272539913654,14392.859539913654,1538.587,done,
74,723.1368815399999,13120.239685038508,13027.512725949287,14393.210725949288,1365.698,done,
75,137.79993037948557,13292.874417736384,13200.71527493,14393.54627493,1192.831,done,
76,725.2834992267623,13503.87242436712,13374.191601991652,15390.638601991652,2016.447,done,
77,725.3163705747659,13714.870430997857,13586.503491938114,15391.483491938114,1804.98,done,
78,138.71719161598338,13925.868437628593,13798.78269892931,15391.71269892931,1592.93,done,
79,139.04505066698144,14136.866444259327,14223.312667965887,15391.873667965887,1168.561,done,
80,727.8637575129837,14347.864450890063,14435.1523129344,16394.5633129344,1959.411,done,
81,139.8579059706378,14558.8624575208,14647.44720697403,16393.77720697403,1746.33,done,
82,139.08474509251164,14769.860464151538,14859.882995963097,16394.119995963098,1534.237,done,
83,727.2940750061597,14980.858470782274,15072.202867984772,16394.39486798477,1322.192,done,
84,728.3633972929201,15191.85647741301,15284.468436956406,16395.030436956404,1110.562,done,
85,139.11095490964132,15381.754683380672,15474.713283002377,17396.650283002375,1921.937,done,
86,728.3404002929633,15571.652889348336,17003.189592957497,18467.316592957497,1464.127,done,
87,138.03649680114216,15761.551095315996,15665.06182795763,17397.03782795763,1731.976,done,
88,725.2932931979954,15951.44930128366,15856.226411998272,17397.316411998272,1541.09,done,
89,722.0073382559217,16141.347507251325,16047.324594974518,17397.56059497452,1350.236,done,
90,725.7731141428021,16331.245713218985,16238.425821006298,17397.8788210063,1159.453,done,
91,139.2787716367225,16521.14391918665,16429.470680952072,18466.87968095207,2037.409,done,
92,138.6482168203699,16711.042125154312,18062.17367899418,19540.19367899418,1478.02,done,
93,724.368931132784,16900.940331121972,16620.71185195446,18467.84685195446,1847.135,done,
94,727.5848838285094,17090.838537089636,16811.94163799286,18467.611637992857,1655.67,done,
95,727.3755072355439,17263.47326978751,17194.41737794876,18468.05137794876,1273.634,done,
96,729.4474355671899,17436.108002485387,17367.642910957336,18468.425910957336,1100.783,done,
97,139.78788209718508,17608.74273518326,17542.51210695505,19539.83010695505,1997.318,done,
98,139.83625034099344,17781.377467881135,17715.768900990486,19540.439900990485,1824.671,done,
99,726.9609759863123,17954.01220057901,17888.972106933594,19540.668106933594,1651.696,done,
100,728.4603385399887,18126.646933276887,18235.390079915524,19541.270079915525,1305.88,done,
101,139.1131953777592,18299.28166597476,18408.61343795061,19541.03743795061,1132.424,done,
102,725.5520847362487,18471.91639867264,18581.99982196093,20608.17882196093,2026.179,done,
103,139.34511896972236,18644.55113137051,18755.28278696537,20608.75978696537,1853.477,done,
104,724.605568598101,18817.185864068382,20248.668515980244,21612.124515980242,1363.456,done,
105,725.7927998624929,18989.82059676626,18928.51044696569,20609.016446965692,1680.506,done,
106,138.4030372111812,19179.718802733925,19101.755743920803,20609.121743920805,1507.366,done,
107,726.2447757345589,19369.617008701585,19292.992312967777,20609.758312967777,1316.766,done,
108,139.32340787482784,19559.51521466925,19484.236968934536,20609.375968934535,1125.139,done,
109,139.05000292281437,19749.413420636916,19675.001870930195,21612.224870930193,1937.223,done,
110,729.0268397239475,19939.311626604576,19866.302186965942,21612.571186965943,1746.269,done,
111,138.78933397287378,20129.20983257224,20057.53994894028,21613.09494894028,1555.555,done,
112,138.96746222626,20319.1080385399,20439.88496494293,21613.185964942928,1173.301,done,
113,138.88708227950417,20509.006244507564,20630.3074259758,22681.7204259758,2051.413,done,
114,139.2841460048436,20698.904450475224,20821.58989495039,22682.05989495039,1860.47,done,
115,727.0953131163327,20888.802656442887,22127.57262891531,23817.29162891531,1689.719,done,
116,724.0751437142272,21047.05116141594,21012.825777947903,22682.2817779479,1669.456,done,
117,721.5869206025399,21205.299666388997,21172.04859495163,22682.54459495163,1510.496,done,
118,139.54944515598532,21363.548171362047,21331.254311978817,22683.161311978816,1351.907,done,
119,723.8509864612965,21521.796676335096,21490.438439011574,22682.898439011573,1192.46,done,
120,138.25561937695122,21680.04518130815,21649.950912952423,23816.730912952422,2166.78,done,
121,724.5204080494334,21838.2936862812,21809.215722978115,23817.561722978116,2008.346,done,
122,139.54504643107063,21996.54219125425,21968.395336985588,23817.77433698559,1849.379,done,
123,139.15419056730124,22154.79069622731,22286.759352982044,23817.924352982045,1531.165,done,
124,725.2541595793598,22313.03920120036,22445.97818493843,23818.52518493843,1372.547,done,
125,139.8159888970108,22471.28770617341,22605.16873794794,23818.25273794794,1213.084,done,
126,139.20714131187395,22629.536211146464,22763.75109797716,24882.04909797716,2118.298,done,
127,139.79615254041278,22787.78471611952,22923.00963896513,24882.55563896513,1959.546,done,
128,724.2898578834261,22977.68292208718,23114.26224195957,24882.73024195957,1768.468,done,
129,137.90689197194897,23167.58112805484,23305.558793962,24883.239793962002,1577.681,done,
130,139.49509650913285,23357.479334022504,23496.813735961918,24883.027735961918,1386.214,done,
131,139.03658774889266,23547.377539990168,23688.070346951485,24883.504346951486,1195.434,done,
132,138.39187347780208,23737.275745957828,23880.172690927982,25951.88069092798,2071.708,done,
133,139.36433918214652,23927.17395192549,24071.500332951546,25952.226332951544,1880.726,done,
134,138.82791922387975,24117.072157893155,24262.74388295412,25952.74288295412,1689.999,done,
135,139.38723647388505,24306.97036386082,24453.987805962563,25952.547805962564,1498.56,done,
136,727.0590030664227,24496.86856982848,24645.206195950508,25953.022195950507,1307.816,done,
137,138.87028165498128,24686.766775796143,24836.431745946407,25953.233745946407,1116.802,done,
138,138.57836064598223,24859.40150849402,25010.387589931488,27022.17558993149,2011.788,done,
139,138.40808166541424,25032.03624119189,25183.74477994442,27022.039779944418,1838.295,done,
140,140.12556874275862,25204.67097388977,25357.002477943897,27022.540477943898,1665.538,done,
141,727.3611125831715,25377.30570658764,25530.211731910706,27022.830731910704,1492.619,done,
142,138.72616328354567,25549.94043928552,25703.444274902344,27023.059274902345,1319.615,done,
143,725.091256485439,25722.575171983397,25876.70558297634,27023.21458297634,1146.509,done,
144,139.4029578737921,25895.20990468127,26050.155189991,28091.655189991,2041.5,done,
145,727.3477143082703,26067.844637379145,26223.553241968155,28092.072241968155,1868.519,done,
146,139.16737748925635,26240.479370077017,26396.9254129529,28092.3384129529,1695.413,done,
147,138.80939042319704,26413.114102774893,26570.16934198141,28092.69834198141,1522.529,done,
148,138.8198035864783,26585.74883547277,26743.406636953358,28093.29063695336,1349.884,done,
149,726.6250734735701,26796.746842103505,26955.663161993027,28092.905161993025,1137.242,done,
150,725.9228731956437,27007.74484873424,27168.225582957268,29091.914582957266,1923.689,done,
151,138.1198576828421,27218.742855364977,27380.592848956585,29092.481848956584,1711.889,done,
152,726.3263671352687,27429.740861995717,28949.182067990303,30089.767067990302,1140.585,done,
153,138.45135002484017,27640.73886862645,27592.86217194796,29093.05317194796,1500.191,done,
154,726.2162978787669,27851.736875257186,27805.11341995001,29092.696419950007,1287.583,done,
155,139.64804271227217,28062.73488188792,28017.36992800236,29093.17192800236,1075.802,done,
156,138.9487442550203,28273.732888518654,28230.18869996071,30089.164699960707,1858.976,done,
157,724.303451174106,28484.730895149394,28442.54662394524,30090.01862394524,1647.472,done,
158,138.37568886112024,28630.80643820144,28654.818655967712,30090.497655967712,1435.679,done,
159,138.9856707924562,28776.88198125349,28802.007731974125,30090.178731974123,1288.171,done,
160,727.6469924262365,28922.957524305537,29095.739076912403,31228.124076912405,2132.385,done,
161,725.3404844652911,29069.033067357588,29242.97568398714,31228.500683987142,1985.525,done,
162,726.4069381361496,29215.10861040964,29390.21104800701,31229.88604800701,1839.675,done,
163,138.16417986531712,29361.184153461683,29537.42230898142,31228.879308981417,1691.457,done,
164,139.22121337038337,29507.25969651373,29684.587351977825,31229.136351977824,1544.549,done,
165,723.5994118338953,29653.33523956578,29831.762014985085,31229.268014985086,1397.506,done,
166,726.3780460912101,29799.410782617822,29978.987506985664,31229.407506985663,1250.42,done,
167,139.8781702103095,29945.48632566988,30126.14540094137,32364.43140094137,2238.286,done,
168,138.62182046282828,30091.561868721925,30273.440793931484,32364.927793931485,2091.487,done,
169,138.78638564749994,30237.63741177397,30420.624142944813,32365.073142944813,1944.449,done,
170,725.8829789358778,30383.71295482602,30567.791879951958,32365.342879951957,1797.551,done,
171,139.29592393188275,30594.71096145676,30780.040008962154,32365.634008962155,1585.594,done,
172,725.2147986575418,30805.70896808749,30992.28118294477,32365.88518294477,1373.604,done,
173,725.5615087658445,31016.70697471823,31204.54132193327,32366.09132193327,1161.55,done,
174,723.0067174278963,31227.704981348965,31416.370591938496,33359.9585919385,1943.588,done,
175,138.1830437635691,31438.7029879797,31628.716859936718,33360.41085993672,1731.694,done,
176,139.09773041538728,31649.70099461044,31840.98100996017,33360.62200996017,1519.641,done,
177,138.86278540819885,31860.699001241173,32053.24414998293,33360.90214998293,1307.658,done,
178,137.9992231511417,32071.69700787191,32265.51275199652,33361.12475199652,1095.612,done,
179,729.7937551573812,32282.69501450265,32477.016267955303,34227.537267955304,1750.521,done,
180,724.4530263821689,32599.19202444875,32794.46951395273,34227.93451395273,1433.465,done,
181,138.9536349600675,32915.689034394854,33111.85992896557,34228.182928965565,1116.323,done,
182,725.605169809184,33232.18604434096,33429.150738954544,35089.851738954545,1660.701,done,
183,724.7712199369803,33548.68305428706,35017.86467593908,36023.397675939086,1005.533,done,
184,138.97547102575763,33865.180064233165,33746.59584993124,35090.30684993124,1343.711,done,
185,139.06334782485033,34181.67707417927,34064.002349972725,35090.41034997273,1026.408,done,
186,138.49265257462747,34392.67508081001,34381.1743709445,36023.0073709445,1641.833,done,
187,727.6971712253584,34603.673087440744,34593.46829998493,36023.69129998493,1430.223,done,
188,725.22420148758,34814.671094071484,34805.66814792156,36023.928147921564,1218.26,done,
189,139.5988209862207,35025.66910070222,35229.28612691164,36951.88312691164,1722.597,done,
190,723.9896421200991,35236.66710733296,35441.53898996115,36951.62698996115,1510.088,done,
191,138.44716915353834,35447.66511396369,35653.805262982845,36952.172262982844,1298.367,done,
192,138.53974653218305,35658.66312059443,35866.01707595587,36952.465075955864,1086.448,done,
193,139.39316216471596,35869.66112722516,36078.59659796953,37949.72459796953,1871.128,done,
194,138.74905022322883,36080.6591338559,36290.88555896282,37950.28155896282,1659.396,done,
195,724.9671984513649,36291.65714048663,37563.602918982506,38880.206918982505,1316.604,done,
196,139.47764108494465,36502.65514711737,36503.11354893446,37950.06454893446,1446.951,done,
197,139.12407399496496,36713.653153748106,36715.31645292044,37950.401452920436,1235.085,done,
198,725.5197598876666,36924.651160378846,36927.53045397997,37950.57645397997,1023.046,done,
199,138.8680793420107,37135.64916700958,37351.34832894802,38880.66632894802,1529.318,done,
200,721.6690265928358,37346.64717364032,38834.34839195013,39815.38439195013,981.036,done,
201,138.2926398443389,37557.64518027105,37775.9868850112,38880.793885011204,1104.807,done,
202,138.88460286084575,37768.64318690179,37139.08488595486,38881.034885954854,1741.95,done,
203,722.6487712022771,37979.64119353252,37987.39482992888,39815.07982992888,1827.685,done,
204,728.1905265397677,38296.13820347863,39786.9118129611,40678.5438129611,891.632,done,
205,139.6095945382723,38612.635213424735,38199.68133795261,39815.78233795261,1616.101,done,
206,139.8913546699837,38929.132223370834,38517.02502095699,39816.024020957,1298.999,done,
207,722.46336778941,39245.62923331694,39152.13537991047,40678.74537991047,1526.61,done,
208,725.9444660896855,39562.12624326305,39469.543381989,40679.181381989,1209.638,done,
209,724.532146706702,39878.62325320915,40105.88769894838,41611.312698948386,1505.425,done,
210,139.03932930431608,40051.25798590703,40279.10760998726,41611.48660998726,1332.379,done,
211,139.32018313624425,40223.8927186049,40452.27553200722,41611.62053200722,1159.345,done,
212,727.6796709468052,40396.527451302776,40625.43993198872,41611.69293198872,986.253,done,
213,725.0198252665314,40569.16218400065,41319.478346943855,42614.73634694386,1295.258,done,
214,726.6597357058771,40741.79691669853,41839.95782196522,43684.629821965216,1844.672,done,
215,728.7991842793627,40914.4316493964,42204.31127691269,43684.884276912686,1480.573,done,
216,723.3764918417579,41087.06638209428,40799.913527965546,42614.90452796555,1814.991,done,
217,726.7155145301197,41259.70111479215,40973.1309119463,42615.2889119463,1642.158,done,
218,723.5570502612873,41432.33584749002,41146.29893094301,42615.48193094301,1469.183,done,
219,139.10839544680266,41604.9705801879,41492.629626989365,42615.73262698937,1123.103,done,
220,727.1459888117677,41777.605312885775,41666.64077192545,43685.18777192545,2018.547,done,
221,138.60859431556688,41967.50351885344,43542.14857393503,44679.802573935034,1137.654,done,
222,138.7321748662243,42157.4017248211,42013.12510997057,43685.43110997057,1672.306,done,
223,138.57474423130458,42347.299930788766,42395.506554961205,43685.8925549612,1290.386,done,
224,139.35453799656185,42537.19813675643,42586.70849096775,43685.63649096775,1098.928,done,
225,139.24616120508205,42727.09634272409,42777.22528094053,44679.570280940534,1902.345,done,
226,138.6902509002496,42916.99454869175,42968.43754893541,44680.21554893541,1711.778,done,
227,723.035298956294,43106.89275465941,43159.66215795279,44680.46815795279,1520.806,done,
228,138.98073009245363,43296.79096062708,43350.88852697611,44680.63452697611,1329.746,done,
229,138.69350312202096,43486.68916659474,43732.61368000507,45748.16468000507,2015.551,done,
230,723.931176012046,43676.5873725624,43923.93351596594,45748.57051596594,1824.637,done,
231,138.7599678281953,43849.22210526028,44097.13638198376,45748.88838198376,1651.752,done,
232,139.68618814135,44021.85683795816,44270.32702195645,45749.13302195645,1478.806,done,
233,139.3136571314739,44194.49157065603,44443.54307597876,45749.33207597876,1305.789,done,
234,726.6714397378953,44367.12630335391,44616.751358926296,45749.5473589263,1132.796,done,
235,727.2272121075868,44539.76103605178,44790.33687698841,46818.96487698841,2028.628,done,
236,139.30757211590708,44712.39576874966,44963.66398596764,46819.69598596764,1856.032,done,
237,139.43456194371083,44885.03050144753,45136.86367994547,46819.35367994547,1682.49,done,
238,728.2517900857979,45057.66523414541,45310.047151982784,46820.39815198279,1510.351,done,
239,139.5107125743946,45230.29996684328,45483.28740996122,46819.97640996122,1336.689,done,
240,727.881744693177,45402.93469954116,45656.59326195717,46820.12626195717,1163.533,done,
241,727.6181652558444,45575.56943223903,45830.281588971615,47889.63258897162,2059.351,done,
242,726.984309857628,45748.204164936906,46003.571678996086,47889.99067899609,1886.419,done,
243,728.1538684535408,45920.83889763479,46176.788168907166,47890.587168907165,1713.799,done,
244,138.35882759710904,46093.47363033266,46350.02337896824,47890.22937896824,1540.206,done,
245,139.24024716839162,46266.10836303053,46523.37259495258,47890.83059495258,1367.458,done,
246,138.83471591063807,46438.74309572841,46696.6123919487,47891.005391948696,1194.393,done,
247,726.4181582051584,46611.37782842628,46870.10298794508,49026.28898794508,2156.186,done,
248,726.1092011082897,46784.01256112416,47043.42856198549,49027.275561985494,1983.847,done,
249,722.6186336938063,46956.64729382203,48281.26668190956,50232.445681909565,1951.179,done,
250,138.83049620484138,47129.282026519904,48553.62474900484,50232.92074900484,1679.296,done,
251,724.6182876421447,47301.91675921778,47216.645023942,49026.682023942,1810.037,done,
252,139.8463526718408,47474.551491915656,47389.85828894377,49026.92628894377,1637.068,done,
253,139.2264993507693,47610.19306760685,47563.185484945774,49027.481484945776,1464.296,done,
254,139.0060441157676,47745.83464329803,47736.4326159358,49028.0786159358,1291.646,done,
255,726.4399566052407,47881.47621898922,47872.65570795536,49027.68670795536,1155.031,done,
256,139.08758680074587,48017.11779468041,48008.809524953365,50233.19352495336,2224.384,done,
257,725.009019995158,48152.7593703716,48145.08906793594,50232.724067935946,2087.635,done,
258,726.0382019491996,48288.40094606279,49507.57387393713,51442.31387393713,1934.74,done,
259,726.5694270074349,48424.04252175397,48417.440881967545,50233.13288196755,1815.692,done,
260,723.1810968913271,48559.68409744516,48689.81452697516,50233.73252697516,1543.918,done,
261,727.1078411000402,48695.32567313634,48826.0060929656,50233.512092965604,1407.506,done,
262,726.5156206059564,48830.96724882753,48962.20789390802,50233.92989390802,1271.722,done,
263,729.3829204145909,48966.60882451872,49098.738588929176,51442.482588929175,2343.744,done,
264,138.81724818037029,49102.25040020991,49235.11035698652,51443.25635698652,2208.146,done,
265,725.7535264770105,49237.8919759011,49371.367930948734,51442.945930948736,2071.578,done,
266,138.93501456255856,49373.533551592285,49643.75742697716,51443.421426977155,1799.664,done,
267,727.9009132049435,49563.43175755995,49835.074487924576,51443.66748792458,1608.593,done,
268,136.8399176196665,49753.32996352761,50025.43948197365,51443.92648197365,1418.487,done,
269,724.5092143666955,49943.22816949527,50216.73728597164,51444.164285971645,1227.427,done,
270,139.28157593044187,50133.12637546293,50407.99562597275,52505.01162597275,2097.016,done,
271,139.01339582591513,50323.0245814306,50598.37251192331,52505.742511923316,1907.37,done,
272,138.92779573507724,50512.92278739826,50789.66999095678,52505.45299095679,1715.783,done,
273,140.0978475898507,50702.82099336592,50980.911950945854,52505.96195094586,1525.05,done,
274,722.8594439030888,50892.71919933358,51172.17030495405,52506.500304954054,1334.33,done,
275,139.4513037418408,51082.61740530125,51363.420847952366,52506.12384795237,1142.703,done,
276,725.1943396457166,51272.51561126891,51553.85035794973,53576.787357949725,2022.937,done,
277,138.45606604302372,51430.76411624196,51713.15597993136,53577.150979931364,1863.995,done,
278,728.9593997140877,51589.01262121501,51872.41471391916,53577.74771391916,1705.333,done,
279,727.5421116535557,51747.26112618807,52031.64899390936,53577.51099390936,1545.862,done,
280,137.87791487173425,51905.50963116112,52190.86368995905,53577.93768995905,1387.074,done,
281,724.8288639942683,52063.75813613417,52350.09616392851,53578.29016392851,1228.194,done,
282,724.897106293436,52222.00664110722,52509.14544600248,54711.71444600249,2202.569,done,
283,138.38612116727484,52380.25514608027,52668.38878798485,54711.54778798485,2043.159,done,
284,725.2435472512308,52538.503651053325,52827.57099699974,54712.09899699974,1884.528,done,
285,139.35085791091774,52696.75215602638,52986.74790298939,54712.32590298939,1725.578,done,
286,139.2612138024913,52855.00066099943,53146.00218194723,54712.497181947234,1566.495,done,
287,724.4872845819976,53013.24916597248,53305.27814793587,54713.04514793587,1407.767,done,
288,138.42366930773468,53171.49767094554,53464.49218797684,54712.76718797684,1248.275,done,
289,138.90824104879545,53361.3958769132,53654.92289197445,55778.37189197445,2123.449,done,
290,722.7627640614551,53551.294082880864,53846.24904495478,55779.368044954776,1933.119,done,
291,138.82518813129445,53741.19228884852,54037.52922695875,55778.719226958754,1741.19,done,
292,139.96446355663548,53931.09049481618,54228.786495924,55779.111495924,1550.325,done,
293,724.7484168349113,54120.98870078385,54420.02216094732,55779.59516094732,1359.573,done,
294,725.6832749847633,54310.88690675151,54611.26509094238,55779.807090942384,1168.542,done,
295,139.2898652405107,54500.785112719175,54802.77740293741,56779.15840293741,1976.381,done,
296,727.120834476555,54690.68331868683,54994.10123693943,56779.56623693943,1785.465,done,
297,138.70452421996546,54880.581524654495,55185.32549893856,56779.88749893856,1594.562,done,
298,725.3287726965389,55070.47973062216,55376.56001293659,56780.15101293659,1403.591,done,
299,139.6366586349165,55281.4777372529,55588.80059194565,56780.33359194565,1191.533,done,
300,138.4829913814657,55492.47574388363,55800.64010095596,57777.584100955966,1976.944,done,
301,138.72291766718104,55703.47375051437,56012.99765396118,57778.12265396118,1765.125,done,
302,139.4863626395112,55914.471757145104,56225.280608952045,57778.496608952046,1553.216,done,
303,725.2330484731718,56125.46976377584,56437.525763988495,57779.201763988494,1341.676,done,
304,725.3050002825061,56336.467770406576,56649.77053296566,57778.88553296566,1129.115,done,
305,138.65820642829132,56547.46577703732,56861.17040997744,58710.040409977446,1848.87,done,
306,138.07063064984527,56758.46378366805,57073.52789497376,58710.24489497376,1636.717,done,
307,727.2150952862335,56969.46179029879,58481.72256493568,59645.11556493568,1163.393,done,
308,139.80450024345313,57206.83454775837,57285.91732394695,58710.607323946955,1424.69,done,
309,724.4772475441839,57444.20730521795,57525.197482943535,58711.00848294354,1185.811,done,
310,139.45806282551112,57681.58006267752,57764.47859597206,59644.84359597206,1880.365,done,
311,138.56886462497332,57918.9528201371,58003.02268797159,59645.35968797159,1642.337,done,
312,728.9915528997184,58156.32557759668,59198.33093994856,59825.98893994856,627.658,done,
313,139.39648360571877,58393.69833505625,59470.63950198889,59826.15650198889,355.517,done,
314,140.2697214859473,58631.07109251584,58242.37054395676,59645.654543956756,1403.284,done,
315,138.6679854710844,58868.44384997541,58719.73233991861,59826.43633991861,1106.704,done,
316,138.71411753223757,59139.72700135779,58959.07496798039,59826.73596798039,867.661,done,
317,138.74102962112087,59411.01015274016,59742.45110696554,59964.857106965545,222.406,done,
318,727.0324552749329,59682.29330412254,60014.53973394632,60756.27973394632,741.74,done,
319,138.89246077100685,59953.57645550491,60286.908402979374,61548.81540297937,1261.907,done,
320,724.2625406655904,60224.85960688729,60559.18676900864,61549.123769008635,989.937,done,
321,139.1439181433719,60496.14275826966,60831.07276898623,61728.239768986234,897.167,done,
322,139.65417238530415,60767.42590965204,61527.72802191973,61728.64902191973,200.921,done,
323,138.41830400190156,60978.42391628278,61103.34270399809,61728.843703998085,625.501,done,
324,138.60519368095456,61189.42192291351,61315.54623991251,61729.12223991251,413.576,done,
325,722.5431122280069,61400.41992954425,61740.61653697491,62476.17553697491,735.559,done,
326,139.17259798204898,61611.417936174985,62165.05926197767,63339.41126197767,1174.352,done,
327,140.15794322849752,61822.415942805725,61952.86703598499,63339.70903598499,1386.842,done,
328,726.5258506688097,62033.41394943646,62377.27041298151,63339.94141298151,962.671,done,
329,138.78131862689762,62244.4119560672,62588.964555978775,64272.34755597878,1683.383,done,
330,139.34229435673686,62455.40996269793,62801.147371947765,64272.643371947765,1471.496,done,
331,139.49953831889437,62666.40796932867,63013.33724093437,64272.99924093437,1259.662,done,
332,727.5545392604492,62937.691120711046,63285.58671993017,64273.16971993017,987.583,done,
333,138.85743902284793,63208.974272093415,63557.64818996191,65137.68418996191,1580.036,done,
334,727.8342702142585,63480.25742347579,63829.91268092394,65137.89368092394,1307.981,done,
335,728.2954695638175,63751.54057485817,64102.30386000872,65138.221860008714,1035.918,done,
336,724.7600093905457,64022.82372624055,64374.89138895273,66070.07138895273,1695.18,done,
337,727.0458184263056,64294.10687762292,65556.53556597233,67141.40756597233,1584.872,done,
338,726.078876330947,64565.39002900529,66034.05660992861,67141.78460992861,1107.728,done,
339,722.9108723637402,64723.638533978345,64647.25312590599,66070.35012590598,1423.097,done,
340,724.7376432070702,64881.8870389514,64919.5923409462,66070.6003409462,1151.008,done,
341,138.36408537527737,65040.13554392445,65078.78160196543,66070.99160196543,992.21,done,
342,139.1798976548308,65198.384048897504,65238.1350209713,67141.1230209713,1902.988,done,
343,138.67723441886184,65356.63255387056,65397.37910199165,67142.03510199166,1744.656,done,
344,728.4366446436733,65514.8810588436,65715.69760793447,67142.23160793447,1426.534,done,
345,139.04228783648117,65673.12956381666,65874.85626298189,67142.63226298189,1267.776,done,
346,725.5935116304098,65831.37806878971,66193.64594596624,68208.01094596625,2014.365,done,
347,139.0684796508924,65989.62657376277,66352.87636291981,68208.32836291981,1855.452,done,
348,724.2491062990543,66147.87507873581,67891.1548139453,69211.0688139453,1319.914,done,
349,139.82565092631913,66306.12358370888,66512.09408396482,68208.55408396483,1696.46,done,
350,138.85978062606122,66464.37208868192,66671.28059196472,68208.78859196472,1537.508,done,
351,138.81463103727094,66675.37009531265,66830.4707480073,68209.24174800729,1378.771,done,
352,139.1940261190408,66886.36810194339,67042.73922592402,68208.99922592401,1166.26,done,
353,138.8724682594355,67097.36610857413,67254.25944393873,69211.51644393873,1957.257,done,
354,724.5942694901794,67308.36411520487,67466.60561597347,69210.80561597347,1744.2,done,
355,139.42061217784808,67519.3621218356,67678.89858996868,69211.26658996868,1532.368,done,
356,728.5901654160803,67730.36012846633,68103.39038193226,69211.80638193226,1108.416,done,
357,139.10284526253628,67941.35813509708,68316.03135997057,70209.81535997057,1893.784,done,
358,725.8340646707846,68152.35614172781,68528.36848694086,70210.13848694086,1681.77,done,
359,724.6883724518118,68363.35414835854,68740.78148192167,70210.37248192167,1469.591,done,
360,139.6417186419138,68574.35215498928,68953.14005500078,70210.81105500078,1257.671,done,
361,138.50080165052952,68785.35016162001,69165.40554398298,70210.93654398299,1045.531,done,
362,139.66105182402538,68996.34816825076,69377.70688694715,71142.27088694715,1764.564,done,
363,138.85304838108357,69207.34617488149,69590.03793495893,71142.67193495894,1552.634,done,
364,727.2388362323807,69418.34418151222,69802.28556495905,71143.03356495906,1340.748,done,
365,724.8057171579829,69629.34218814295,70014.53255599737,71143.29955599738,1128.767,done,
366,722.7914504918704,69840.3401947737,70226.67336297035,72069.12536297036,1842.452,done,
367,138.42848015126577,70051.33820140443,71607.83609700203,73001.50009700203,1393.664,done,
368,138.31688484522596,70262.33620803517,70439.00340795517,72069.47840795518,1630.475,done,
369,139.13637814320873,70499.70896549475,70651.27277892828,72069.83977892828,1418.567,done,
370,726.8424621116293,70737.08172295432,70890.53161293268,72069.88661293268,1179.355,done,
371,726.6948328251389,70974.4544804139,71129.82829898596,73001.18929898596,1871.361,done,
372,139.2868771975617,71211.82723787348,72803.72470992804,73934.82870992804,1131.104,done,
373,138.52026248487513,71449.19999533307,71368.51755595207,73001.69255595208,1633.175,done,
374,727.9197648064811,71686.57275279265,71847.09661096334,73002.00861096334,1154.912,done,
375,139.0793870644919,71923.94551025222,72085.82310599089,73934.54210599088,1848.719,done,
376,726.3684640717894,72161.3182677118,73759.7317609787,74869.4097609787,1109.678,done,
377,727.7789996178604,72398.69102517139,72325.12227493525,73935.06227493525,1609.94,done,
378,138.74370721871267,72636.06378263095,72564.40705698729,73935.41605698729,1371.009,done,
379,138.76237437124362,72873.43654009054,73041.923206985,74868.950206985,1827.027,done,
380,728.726927515596,73110.80929755012,73281.24075597525,74869.61275597525,1588.372,done,
381,139.3676305656984,73348.18205500969,74476.66936194897,76073.16436194896,1596.495,done,
382,138.5089029529805,73585.55481246927,73520.48625999689,74869.8592599969,1349.373,done,
383,138.84034366173964,73822.92756992884,73998.10579192638,76073.51679192638,2075.411,done,
384,724.997575550116,74060.30032738842,75204.01390695572,77278.22990695572,2074.216,done,
385,724.6294549502188,74125.78246737727,75866.35748893023,78482.30748893022,2615.95,done,
386,725.7137639420714,74191.26460736612,75932.87908095121,78482.49508095121,2549.616,error,
387,725.9664704877374,74256.74674735498,74237.43289291859,76073.4498929186,1836.017,done,
388,726.1291044320124,74322.22888734382,74542.7250559926,76073.5280559926,1530.803,done,
389,139.56377990842697,74387.71102733267,74609.04124993086,76073.86524993085,1464.824,done,
390,138.70840005541672,74453.19316732151,74675.12359493971,76074.11659493971,1398.993,done,
391,139.2154516062313,74518.67530731036,74741.2078089714,76074.28480897141,1333.077,done,
392,139.327106014252,74584.15744729922,74807.30876499414,76074.57676499414,1267.268,done,
393,139.15688841550482,74649.63958728807,74873.53562295437,77277.59862295436,2404.063,done,
394,139.09025904139466,74715.12172727691,74939.67793095112,77277.35793095111,2337.68,done,
395,726.0275162108188,74780.60386726576,76264.4677169323,78483.6277169323,2219.16,error,
396,138.89738921854317,74846.0860072546,75005.76222097874,77277.97222097874,2272.21,done,
397,725.6331348637793,74911.56814724347,75071.83669495583,77278.66369495583,2206.827,done,
398,725.5312582400453,74977.05028723231,75137.91606092453,77278.38106092453,2140.465,done,
399,724.0051077427468,75042.53242722116,75270.11389791965,77278.89189791966,2008.778,done,
400,139.4403379767034,75108.01456721,75336.25749593973,77279.23549593973,1942.978,done,
401,139.00351334013007,75173.49670719886,75402.37482595444,78481.34682595443,3078.972,done,
402,726.0168356210016,75238.97884718771,75468.53142398596,78481.64842398596,3013.117,done,
403,138.65156908800915,75304.46098717656,78134.19733095169,80896.65433095169,2762.457,done,
404,138.62865570732168,75369.9431271654,75534.6816509366,78481.8996509366,2947.218,done,
405,139.332996325992,75435.42526715425,75600.8742839694,78482.2122839694,2881.338,done,
406,723.6196731414303,75500.90740714311,75667.06411296129,78482.2511129613,2815.187,done,
407,727.4341420324117,75566.38954713196,75733.38008695841,78482.78308695841,2749.403,done,
408,139.63169772730163,75631.8716871208,75799.85643494129,78483.0044349413,2683.148,done,
409,139.20970318063516,75697.35382710965,75999.37318694592,78483.10018694591,2483.727,error,
410,726.7369317205828,75762.8359670985,76065.8973479867,78483.2823479867,2417.385,error,
411,723.8995007979127,75828.31810708735,76132.07256996632,78483.85256996632,2351.78,error,
412,139.04736515797828,75893.8002470762,76198.30785793066,78484.04585793066,2285.738,error,
413,138.5440152879323,75959.28238706505,76330.86398595572,79688.74698595572,3357.883,done,
414,137.74558269622074,76131.91711976292,76397.41783297062,79689.25683297063,3291.839,done,
415,139.57900692065752,76304.5518524608,78690.55576694012,80897.76276694011,2207.207,done,
416,138.64160139977497,76477.18658515868,78881.01143294573,80898.03543294573,2017.024,done,
417,138.329414559925,76649.82131785655,79642.50321894884,82105.13621894884,2462.633,done,
418,725.4070720010108,76822.45605055442,76571.08578395844,79688.96778395843,3117.882,done,
419,728.2303826525849,76995.09078325231,76744.75112694502,79689.42212694502,2944.671,done,
420,724.9481620366022,77167.72551595018,76918.448843956,79689.529843956,2771.081,done,
421,724.9776603180521,77340.36024864805,77092.13390594721,79690.3949059472,2598.261,done,
422,724.6991735349532,77512.99498134592,77265.78916692734,79689.80216692734,2424.013,done,
423,138.71131564211544,77685.62971404381,77439.72444498539,79690.39344498538,2250.669,done,
424,726.4605497145117,77858.26444674168,77613.1240850091,80896.3540850091,3283.23,done,
425,726.1983051471932,78048.16265270935,77786.79510295391,80896.90110295391,3110.106,done,
426,139.5277956549005,78238.06085867701,80454.15638691187,82106.06938691187,1651.913,done,
427,727.4678371692974,78427.95906464467,77960.50608897209,80897.1060889721,2936.6,done,
428,725.0689373384697,78617.85727061234,78307.90980798006,80898.22780798006,2590.318,done,
429,138.4606820927387,78807.75547658,78500.00364995003,80898.12964995003,2398.126,done,
430,728.0471011861148,78997.65368254765,79071.36494594812,82105.64094594812,3034.276,done,
431,726.3970896339927,79187.55188851531,79261.73679095507,82104.95379095507,2843.217,done,
432,726.450194817043,79377.45009448298,79452.11892694235,82105.88692694234,2653.768,done,
433,726.1775311628242,79567.34830045064,79833.60580694675,82106.91080694675,2273.305,done,
434,728.5105990502952,79757.2465064183,80024.09364694357,82106.73564694356,2082.642,done,
435,139.10556739131545,79994.61926387789,80214.56693100929,82106.3209310093,1891.754,done,
436,138.90288728856862,80231.99202133746,80693.62969595194,83174.41569595193,2480.786,done,
437,139.20444297267892,80469.36477879704,80931.62503099442,83174.59103099442,2242.966,done,
438,727.2782883707293,80706.73753625661,81171.25296795368,83175.27796795368,2004.025,done,
439,724.1049468851553,80944.11029371619,82891.39808791876,84380.88308791876,1489.485,done,
440,727.4490255353815,81181.48305117578,83018.62051796913,84381.15651796912,1362.536,done,
441,726.6374387315041,81418.85580863534,81410.62795597315,83175.53395597315,1764.906,done,
442,138.53226970805525,81656.22856609493,81650.01445496082,83175.07145496082,1525.057,done,
443,724.7253982632445,81782.82737007337,81889.41506999731,83175.7890699973,1286.374,done,
444,139.52286344972424,81909.42617405181,82128.13274800777,84379.62874800777,2251.496,done,
445,138.87493710799552,82036.02497803025,82255.55543100834,84380.18243100833,2124.627,done,
446,726.7049462153531,82162.6237820087,83910.01200693846,85587.91900693846,1677.907,done,
447,722.9828777000694,82289.22258598714,82382.73867595196,84380.38067595196,1997.642,done,
448,139.74664423543328,82415.82138996558,82509.9169319272,84380.7409319272,1870.824,done,
449,139.55387004685778,82542.42019394402,82637.08489394188,84381.51289394188,1744.428,done,
450,728.1127649648728,82669.01899792245,82764.19911193848,84381.81911193847,1617.62,done,
451,139.0660936079265,82795.6178019009,83145.8346619606,85587.3826619606,2441.548,done,
452,724.4035613852388,82922.21660587934,83273.74857598543,85587.62357598543,2313.875,done,
453,139.0766883972288,83048.81540985778,83401.0374199152,85587.9764199152,2186.939,done,
454,724.8408041691429,83175.41421383622,83528.21049296856,85588.18649296855,2059.976,done,
455,727.4059035481419,83302.01301781466,83655.36812698841,85588.6921269884,1933.324,done,
456,725.5720252969915,83428.6118217931,83782.54601794481,85588.04501794481,1805.499,done,
457,726.7267575922422,83555.21062577155,84037.72186994553,85588.70586994552,1550.984,done,
458,138.24139624083193,83727.84535846942,84211.2308229804,86791.82682298041,2580.596,done,
459,139.4100033397779,83900.48009116731,84384.57486790419,86792.19186790418,2407.617,done,
460,138.6740745518949,84073.11482386518,86638.7467649579,87932.4317649579,1293.685,done,
461,138.664679926998,84245.74955656305,84558.1442809701,86792.1752809701,2234.031,done,
462,139.23478179692245,84418.38428926092,84731.601813972,86792.682813972,2061.081,done,
463,139.58362700391328,84591.01902195881,84905.05330091715,86792.89930091715,1887.846,done,
464,726.4708165826643,84763.65375465668,85078.48606294394,86793.58406294393,1715.098,done,
465,725.9028946819035,84936.28848735456,85252.0022649765,86793.1632649765,1541.161,done,
466,138.50505515734056,85108.92322005243,85425.45998692513,86793.35598692512,1367.896,done,
467,726.1378935877862,85281.55795275031,85598.38631397486,87931.09831397486,2332.712,done,
468,728.411397815246,85454.19268544819,85771.87466692924,87931.67566692925,2159.801,done,
469,138.74601394532584,85626.82741814606,85945.26964491606,87932.07864491605,1986.809,done,
470,721.2702405095011,85799.46215084393,86118.58192694187,87932.19692694188,1813.615,done,
471,139.99861346586394,85972.09688354182,86292.06512993574,87932.78912993574,1640.724,done,
472,728.1736253643681,86144.73161623969,86465.4766049385,87933.25460493851,1467.778,done,
473,139.35766411490854,86317.36634893756,86811.79191195965,89068.41691195965,2256.625,done,
474,139.53189579675728,86490.00108163543,86985.25859493017,89068.82759493018,2083.569,done,
475,724.1637601073552,86662.6358143333,87158.62882596254,89068.93482596254,1910.306,done,
476,139.72293999142167,86835.27054703118,87332.11484497786,89069.44784497785,1737.333,done,
477,139.24313276319987,87007.90527972906,87505.3403429389,89070.0093429389,1564.669,done,
478,726.8181876161067,87180.54001242694,87678.7881989479,89069.4661989479,1390.678,done,
479,725.8915846835355,87353.17474512481,87852.29097998142,89069.65097998142,1217.36,done,
480,139.70917388177895,87564.17275175554,88064.2176759839,90063.5036759839,1999.286,done,
481,720.5284162780529,87775.17075838627,88276.63025897741,90063.93425897742,1787.304,done,
482,138.76758479994083,87986.16876501702,88488.83388400078,90064.21788400078,1575.384,done,
483,722.961434058347,88197.16677164775,88701.07212996483,90064.48312996482,1363.411,done,
484,138.08331167119297,88408.16477827849,88913.32201492786,90064.74501492786,1151.423,done,
485,723.1568838948236,88619.16278490922,89124.91675698757,91070.35975698757,1945.443,done,
486,731.5145175842113,88830.16079153997,89337.2676449418,91070.7786449418,1733.511,done,
487,726.0064888482043,89041.1587981707,90611.1502969861,92072.7852969861,1461.635,done,
488,720.831583623653,89252.15680480143,89549.51879894733,91070.97779894734,1521.459,done,
489,727.1891502579587,89463.15481143216,89761.76167696714,91071.25867696715,1309.497,done,
490,139.67380298963784,89674.15281806291,89974.00196695328,91071.50696695328,1097.505,done,
491,728.2106449173459,89885.15082469364,90186.78349894284,92072.86249894284,1886.079,done,
492,724.4166100540104,90096.14883132438,90399.17612296344,92073.29712296344,1674.121,done,
493,139.1472267819898,90307.14683795512,90823.35831797124,92073.41131797124,1250.053,done,
494,726.7739684223609,90518.14484458586,91035.59023296832,92073.80623296832,1038.216,done,
495,139.51917290592505,90729.1428512166,91248.29943597315,92265.20043597315,1016.901,done,
496,139.02935362622165,90940.14085784732,91460.5876649618,92265.6556649618,805.068,done,
497,139.29822120439306,91151.13886447808,91672.87192499638,92265.77192499637,592.9,done,
498,138.38084880624072,91309.38736945111,91832.20375800131,92266.23775800131,434.034,done,
499,138.75454375865743,91467.63587442416,91991.504003942,92266.488003942,274.984,done,
500,728.0883936843759,91625.88437939722,92150.65291792154,92993.43191792154,842.779,done,
501,725.1246844207255,91784.13288437028,92310.1615549922,93992.2665549922,1682.105,done,
502,139.4905006597739,91942.38138934333,92469.43407291174,93992.70107291175,1523.267,done,
503,722.3906049680492,92100.62989431636,92628.56248396637,93992.98448396637,1364.422,done,
504,725.8023043790289,92258.87839928945,92787.78819197416,93993.32719197417,1205.539,done,
505,139.4066776509422,92417.12690426248,92946.90971696375,93993.46371696376,1046.554,done,
506,723.0882109386262,92575.37540923554,93106.26080596448,94993.34180596449,1887.081,done,
507,727.2517585210699,92733.62391420858,93265.46305900812,94993.59805900812,1728.135,done,
508,725.4760944971633,92891.87241918164,93424.6287739873,94993.8427739873,1569.214,done,
509,139.94927982904875,93050.12092415467,93583.77287095784,94994.16087095784,1410.388,done,
510,139.0218245612887,93261.11893078542,93795.98253196478,94994.36153196478,1198.379,done,
511,724.3412324427427,93472.11693741615,94008.94410794972,95990.19910794972,1981.255,done,
512,722.8865027913819,93683.1149440469,94221.200832963,95990.56983296301,1769.369,done,
513,721.8932010970193,93894.11295067763,94433.39180898666,95990.91780898666,1557.526,done,
514,722.7069922107202,94105.11095730837,94645.57224291564,95991.16324291565,1345.591,done,
515,138.75713585941222,94316.1089639391,94857.766217947,95991.34721794701,1133.581,done,
516,723.3543703044791,94527.10697056985,95069.85577595234,96992.44577595234,1922.59,done,
517,721.1621619419394,94738.10497720058,95494.48458892108,96992.68358892108,1498.199,done,
518,139.31063355589876,94949.10298383133,95282.1395959854,96992.9765959854,1710.837,done,
519,728.2740468426856,95139.00118979898,95685.7651129365,96993.4171129365,1307.652,done,
520,723.652498480167,95328.89939576664,95876.980668962,96993.59966896201,1116.619,done,
521,728.0267471645922,95518.7976017343,96067.85911393166,97995.06111393166,1927.202,done,
522,138.4879858541597,95708.69580770197,97214.20959192514,99062.12759192515,1847.918,done,
523,725.3964072270616,95898.59401366962,97699.81180894376,99062.83580894377,1363.024,done,
524,724.6782107146049,96088.49221963728,97847.0073349476,99063.0283349476,1216.021,done,
525,726.3880815053387,96278.39042560494,96259.10067498684,97995.43067498684,1736.33,done,
526,725.4881466006077,96468.2886315726,96450.27964496613,97996.04164496613,1545.762,done,
527,138.99344789899615,96658.18683754028,96641.47637295724,97996.26037295724,1354.784,done,
528,138.1325118917505,96848.08504350792,96832.65846699476,97996.46246699477,1163.804,done,
529,725.7046438407442,96994.16058655998,97022.99745595457,99062.48845595456,2039.491,done,
530,138.9959758941662,97140.23612961204,98436.68917298316,100269.34417298315,1832.655,done,
531,138.55810889133937,97286.31167266407,97405.44703495502,99063.19703495502,1657.75,done,
532,138.58870505348753,97432.38721571612,97552.64818996192,99063.49618996192,1510.848,done,
533,139.23765138250883,97578.46275876818,97994.181311965,100268.76231196501,2274.581,done,
534,138.9987637852593,97724.53830182024,98142.244114995,100269.422114995,2127.178,done,
535,727.6322586137276,97870.61384487228,99558.76875400545,101273.13575400545,1714.367,done,
536,724.4980370630244,98016.68938792431,98289.5173329711,100269.79633297109,1980.279,done,
537,138.84765601639435,98162.76493097638,98583.8580739498,100270.0800739498,1686.222,done,
538,724.9364778253345,98308.84047402842,98731.04042392968,100270.42742392968,1539.387,done,
539,138.30985011300876,98454.91601708048,98878.43743491171,100270.11243491172,1391.675,done,
540,729.2376225863932,98600.99156013252,99025.86476898192,100270.82876898191,1244.964,done,
541,725.0587389097514,98747.06710318456,99172.29599499702,101273.39699499702,2101.101,done,
542,726.9132224056236,98984.43986064415,99319.54029291868,101273.83829291868,1954.298,done,
543,729.7163928019563,99221.81261810372,99798.10729599,101274.27829599,1476.171,done,
544,138.55064121856546,99459.1853755633,100037.38432496786,101274.10232496785,1236.718,done,
545,139.68008016640306,99696.55813302287,100275.2656699419,102275.27866994191,2000.013,done,
546,138.54704247879644,99933.93089048246,100514.58675992487,102275.61875992488,1761.032,done,
547,727.9893003863446,100171.30364794204,100753.88227492572,102276.00327492572,1522.121,done,
548,725.6130330341686,100408.6764054016,100993.13102293016,102276.27102293016,1283.14,done,
549,139.31688489687767,100646.0491628612,101232.39757996798,102276.43157996798,1044.034,done,
550,139.0012634842883,100835.94736882886,101423.34782195093,103278.13082195092,1854.783,done,
551,138.87724372077528,101025.84557479652,101613.70740693808,103278.69140693807,1664.984,done,
552,139.16187775503457,101215.74378076418,102760.60282993317,104278.85382993317,1518.251,done,
553,724.2207069086699,101405.64198673183,101804.90200096367,103278.92800096367,1474.026,done,
554,728.5375752539385,101595.5401926995,101996.07991296051,103279.20191296052,1283.122,done,
555,138.8374167116265,101785.43839866716,102187.1554249525,103279.36842495251,1092.213,done,
556,139.03409169001213,101975.33660463482,102378.14260196686,104279.04160196686,1900.899,done,
557,139.30096500115334,102165.23481060247,102569.40673595668,104279.41073595668,1710.004,done,
558,727.0706188484153,102355.13301657017,104233.53547394276,104458.64747394275,225.112,done,
559,724.5446262833624,102545.0312225378,102951.80509197712,104279.89509197712,1328.09,done,
560,138.92018349803058,102816.3143739202,103143.04776096344,104279.92376096344,1136.876,done,
561,139.0110598525183,103087.59752530255,103416.30352395771,104458.09452395771,1041.791,done,
562,138.62528461308472,103358.88067668494,103961.24635493755,104458.99635493755,497.75,done,
563,139.73926583248044,103630.1638280673,103688.88249993324,104459.27049993325,770.388,done,
564,139.18857360555154,103901.44697944968,104505.94067299366,104652.94167299366,147.001,done,
565,138.43808585023922,104172.73013083206,104777.84001797438,104930.79201797438,152.952,done,
566,730.4175377351455,104444.01328221444,105051.34770196676,105796.41870196676,745.071,done,
567,139.44340900629066,104633.9114881821,105242.47009897232,105962.38109897231,719.911,done,
568,139.17778769747483,104823.80969414976,105624.80017894506,105962.56617894507,337.766,done,
569,139.41698102023742,105013.70790011744,105433.64121592043,105962.98821592043,529.347,done,
570,729.8736325243777,105203.60610608508,105815.06712597609,106692.46512597609,877.398,done,
571,139.19702514802609,105393.50431205276,106005.55043399334,107625.29443399335,1619.744,done,
572,727.5119289887708,105583.40251802042,106387.86560499668,107625.60560499669,1237.74,done,
573,137.9825494057282,105773.30072398808,106196.72184991837,107625.84984991836,1429.128,done,
574,138.2025831811764,105963.19892995576,106579.01174896955,107626.18174896955,1047.17,done,
575,724.0349663515257,106153.0971359234,106770.09481191637,108559.59981191637,1789.505,done,
576,728.671321835576,106342.99534189107,108156.21044695376,109490.80644695376,1334.596,done,
577,138.89974352491495,106580.36809935066,106961.24364691971,108559.89664691972,1598.653,done,
578,727.9379665283858,106817.74085681024,107200.49286192656,108560.11386192655,1359.621,done,
579,139.1827909171956,107055.1136142698,107439.81598997116,108560.51998997116,1120.704,done,
580,139.9816267977988,107292.48637172938,107677.64144694804,109490.24844694804,1812.607,done,
581,725.8247134271371,107529.85912918896,109219.90181291103,110489.68481291103,1269.783,done,
582,724.3148685044979,107767.23188664854,109393.31276291607,110490.20476291608,1096.892,done,
583,725.9755635056524,108004.60464410813,107916.9476789832,109491.0736789832,1574.126,done,
584,723.2929958044022,108241.9774015677,108395.44662094116,109491.31262094116,1095.866,done,
585,725.7824813458875,108414.61213426555,108634.21906596422,110489.51606596423,1855.297,done,
586,139.6035369015515,108587.24686696344,110086.84207898378,111561.67507898378,1474.833,done,
587,138.59503289361632,108759.88159966133,108873.5270139575,110490.4690139575,1616.942,done,
588,725.3516978291746,108932.5163323592,109046.70656198265,110490.60356198264,1443.897,done,
589,138.9878335240287,109105.15106505709,109567.03192597628,111561.92592597628,1994.894,done,
590,729.0683627978974,109277.78579775494,109740.24954098465,111562.17354098464,1821.924,done,
591,725.5831320111744,109450.42053045282,111353.52097201347,112636.87997201347,1283.359,done,
592,138.6384169660059,109623.05526315069,109913.6513029337,111562.6823029337,1649.031,done,
593,138.77876873954165,109795.68999584856,110260.08442896605,111562.74842896605,1302.664,done,
594,728.6972208819205,109968.32472854645,110433.27919399738,111562.98219399738,1129.703,done,
595,138.98330664176328,110140.95946124432,110606.3625189662,112636.4915189662,2030.129,done,
596,725.8529451839632,110330.85766721198,110779.65240395068,112637.18540395067,1857.533,done,
597,731.0002046109907,110520.75587317965,110970.8989379406,112637.3239379406,1666.425,done,
598,724.193940976865,110710.65407914732,112309.17888492346,113637.35688492346,1328.178,done,
599,726.491841272639,110900.55228511496,112500.39849692585,113637.61449692585,1137.216,done,
600,726.274407486362,111090.45049108264,111162.21911394596,112638.06711394596,1475.848,done,
601,726.1875720144941,111280.3486970503,111544.7488529086,112637.6348529086,1092.886,done,
602,726.9030264703584,111470.24690301796,111735.4599429965,113636.9229429965,1901.463,done,
603,724.235237500141,111660.14510898564,111926.77646297216,113637.88446297216,1711.108,done,
604,138.33495914644388,111850.04331495328,113327.43386995792,114641.25186995792,1313.818,done,
605,727.2020020166398,112039.94152092095,112117.97020590304,113638.26120590304,1520.291,done,
606,139.08188036756354,112250.93952755169,112690.64347696304,114640.66047696305,1950.017,done,
607,139.75474596377055,112461.93753418242,112903.00719594955,114641.08819594956,1738.081,done,
608,729.1106274625789,112672.93554081317,113115.22869694231,114641.64169694232,1526.413,done,
609,724.8180432396157,112883.9335474439,113539.64617300034,114641.80817300033,1102.162,done,
610,723.7205892014663,113094.93155407465,113751.89273095132,115640.71873095132,1888.826,done,
611,139.13129265257749,113305.92956070536,115555.49465298653,116640.68965298653,1085.195,done,
612,726.5474753399939,113516.92756733613,113964.23203200102,115641.34903200102,1677.117,done,
613,139.05541327475046,113727.92557396684,114176.45168197156,115641.61468197157,1465.163,done,
614,138.51566697392863,113938.92358059758,114388.6599869132,115641.8709869132,1253.211,done,
615,723.7526874189945,114128.82178656524,114600.87006998062,115642.17406998063,1041.304,done,
616,138.94367217736357,114318.7199925329,114791.4229579568,116640.28795795681,1848.865,done,
617,726.3060799418419,114508.61819850055,114982.67974495888,116641.31174495888,1658.632,done,
618,723.8379415219038,114698.51640446825,115173.04093796016,116640.88493796016,1467.844,done,
619,725.3847000615399,114888.4146104359,115364.26446092127,116641.04946092128,1276.785,done,
620,725.6531343820947,115078.31281640354,115745.84699898958,117641.82999898957,1895.983,done,
621,727.599938379043,115268.2110223712,115937.13924092054,117642.48124092055,1705.342,done,
622,138.63478863435,115458.10922833889,116128.3605889678,117642.2195889678,1513.859,done,
623,139.2583304056897,115648.00743430654,116319.62415397169,117642.72615397169,1323.102,done,
624,725.4353640294521,115837.9056402742,116510.85900998116,117642.90700998115,1132.048,done,
625,138.7382397497071,116027.80384624186,116701.25151598454,117835.39051598453,1134.139,done,
626,139.38056745436106,116217.70205220953,116892.14242196085,117834.51542196085,942.373,done,
627,138.47852855340597,116407.6002581772,117083.39400994778,117834.84000994777,751.446,done,
628,139.47369595923342,116597.49846414484,117274.59785997868,117835.05285997868,560.455,done,
629,138.29747503265855,116787.3966701125,117465.8328319788,117835.6068319788,369.774,done,
630,725.4987593749896,116977.29487608017,117656.8663609624,118560.11336096241,903.247,done,
631,725.0811050548892,117167.19308204784,118230.08527493475,119491.43127493476,1261.346,done,
632,726.2654981214915,117357.0912880155,118421.26744395494,119492.00844395494,1070.741,done,
633,723.9772643414718,117546.98949398316,117847.54042196274,119491.60842196274,1644.068,done,
634,724.917088160418,117736.88769995082,118038.83027094604,119492.29927094604,1453.469,done,
635,719.224685018595,117974.2604574104,118659.9937659502,120420.7467659502,1760.753,done,
636,724.3272442529836,118211.63321486996,118899.28939294817,120421.16439294817,1521.875,done,
637,724.782887689994,118449.00597232956,119138.53745293616,120421.35245293616,1282.815,done,
638,139.1214304491258,118686.37872978914,119377.8501279354,120421.70512793539,1043.855,done,
639,725.9119987930357,118923.75148724872,119615.82469898462,121351.75569898462,1735.931,done,
640,139.25517088645853,119161.1242447083,121182.4350939393,122285.2190939393,1102.784,done,
641,139.2492860114662,119398.49700216787,119855.10004997252,121352.03504997252,1496.935,done,
642,139.33945066178694,119635.86975962746,120094.39424294232,121352.09224294232,1257.698,done,
643,726.0495873370099,119846.8677662582,120333.89355492592,121352.41155492591,1018.518,done,
644,725.6629912004496,120057.86577288892,120545.60771298409,122285.35071298409,1739.743,done,
645,726.3574747492501,120268.86377951968,122243.4604779482,123288.57547794821,1045.115,done,
646,727.7965777401989,120479.8617861504,120758.0636459589,122285.3606459589,1527.297,done,
647,139.0580315378656,120690.85979278114,120970.40332394838,122285.90932394838,1315.506,done,
648,728.5641241993915,120901.85779941188,121394.361199975,123288.07519997499,1893.714,done,
649,727.4210805636892,121112.8558060426,121606.6355459094,123288.47054590941,1681.835,done,
650,138.79248602364356,121323.85381267336,121818.74922692776,123288.78522692775,1470.036,done,
651,138.8013240292781,121534.85181930408,122031.17795199156,123289.18995199156,1258.012,done,
652,138.69600091065038,121806.13497068646,122515.94714093208,123453.62214093209,937.675,done,
653,138.5280277944748,122077.41812206883,122788.35448998211,123454.09548998211,665.741,done,
654,138.3028750745152,122348.7012734512,123060.4054029584,123454.2054029584,393.8,done,
655,138.4427584469092,122619.98442483356,123332.9368839264,123592.3258839264,259.389,done,
656,138.97035357225698,122891.26757621596,123604.89305895568,123759.00005895569,154.107,done,
657,723.0620042834985,123162.55072759833,123876.70159298182,124614.75359298181,738.052,done,
658,728.8241910712414,123433.8338789807,124148.97560995816,125481.27260995816,1332.297,done,
659,723.1114968640253,123644.83188561143,124573.43550997972,125481.61350997972,908.178,done,
660,726.0988495591914,123855.82989224218,124361.2412199378,125481.8242199378,1120.583,done,
661,723.3947205531404,124066.82789887291,124785.48309493063,126416.96209493064,1631.479,done,
662,729.6465473941688,124277.82590550365,126218.05159592628,127413.87759592629,1195.826,done,
663,138.5715584036855,124488.8239121344,126377.29706192017,127414.11206192017,1036.815,done,
664,728.8961874076316,124699.82191876513,124997.68948996069,126417.27548996068,1419.586,done,
665,138.91521631915873,124910.81992539586,125209.92366296051,126417.37066296051,1207.447,done,
666,139.57370609371827,125121.8179320266,125422.06260800362,126418.20860800361,996.146,done,
667,139.25225471089075,125332.81593865734,125634.1436199546,127413.2506199546,1779.107,done,
668,138.70136873719073,125491.06444363038,126855.1727679968,128484.8967679968,1629.724,done,
669,723.7056780069867,125649.31294860344,127332.71103799345,128485.38903799345,1152.678,done,
670,139.21836316004064,125807.56145357648,125846.53566795588,127413.69066795587,1567.155,done,
671,728.1334517970652,125965.80995854957,126058.82798695564,127414.52498695564,1355.697,done,
672,138.7649726134382,126124.0584635226,126536.55495393276,128484.39995393276,1947.845,done,
673,725.7443698207104,126282.30696849566,126695.9051809907,128485.1441809907,1789.239,done,
674,139.09521307010175,126440.5554734687,127014.34952497482,128485.81752497482,1471.468,done,
675,139.45449865144425,126598.80397844176,127173.5317389369,128485.6427389369,1312.111,done,
676,724.4282966228452,126757.0524834148,127491.31288695335,129555.21188695336,2063.899,done,
677,139.2128711979529,126915.30098838784,127650.58258599044,129555.66058599044,1905.078,done,
678,727.3074624891834,127073.54949336092,129008.09008294344,130696.92608294344,1688.836,done,
679,727.5707076239745,127231.79799833396,127809.79518300296,129555.89918300297,1746.104,done,
680,726.5042842006704,127404.43273103183,127968.9624299407,129556.5704299407,1587.608,done,
681,727.8487852253807,127577.0674637297,128142.17563700676,129556.05263700675,1413.877,done,
682,729.194744293321,127749.7021964276,128315.46470397712,129556.26870397713,1240.804,done,
683,725.0498276286286,127922.33692912546,128488.42608690262,130696.66508690262,2208.239,done,
684,138.59856173830065,128094.97166182334,128661.65283095837,130697.22783095836,2035.575,done,
685,721.0102576768794,128267.6063945212,128834.85717093945,130697.43317093945,1862.576,done,
686,138.86523185148326,128440.24112721908,129181.30362290144,130697.79762290145,1516.494,done,
687,728.7599054335216,128612.87585991697,129354.4325339198,130698.2335339198,1343.801,done,
688,729.1540693255671,128785.51059261484,129527.6877989769,130697.9227989769,1170.235,done,
689,723.8827112130941,128958.14532531273,129702.37900096178,131833.85300096177,2131.474,done,
690,726.5926618165931,129130.78005801058,129875.68719792366,131834.48419792365,1958.797,done,
691,138.58200531005667,129289.02856298364,131149.62684893608,132971.13484893608,1821.508,done,
692,139.27600893296247,129447.27706795667,130034.9065449834,131834.18654498341,1799.28,done,
693,138.88172721156118,129605.52557292974,130194.13800793886,131834.80000793887,1640.662,done,
694,139.3739838978572,129763.7740779028,130353.4110749364,131834.9230749364,1481.512,done,
695,725.2740401334823,129922.02258287584,130512.78723394872,131835.18723394873,1322.4,done,
696,722.3105622688614,130080.2710878489,130672.06567895412,131835.46667895414,1163.401,done,
697,724.556825889684,130238.51959282196,130831.07657593489,132971.3335759349,2140.257,done,
698,138.80683776119102,130396.768097795,130990.39549696444,132971.65649696445,1981.261,done,
699,139.77943251229385,130555.01660276804,132423.09511095285,134110.72211095286,1687.627,done,
700,726.536159679586,130713.2651077411,132900.79864394665,134111.48164394664,1210.683,done,
701,138.92551149919652,130871.51361271416,131308.8204769492,132971.88147694917,1663.061,done,
702,724.1334817673077,131029.7621176872,131468.0263569951,132971.98735699512,1503.961,done,
703,138.2858695142616,131188.01062266025,131627.23197698593,132972.35497698592,1345.123,done,
704,726.6039291179497,131346.2591276333,131786.470788002,132972.558788002,1186.088,done,
705,137.93339224251446,131504.50763260637,131945.3013419509,134111.0273419509,2165.726,done,
706,138.6872060237367,131662.75613757942,132104.6114859581,134110.4794859581,2005.868,done,
707,139.01628978196825,131821.00464255246,134077.91244596243,135317.39944596242,1239.487,done,
708,723.7372728070814,131979.25314752554,132263.8558459282,134110.9608459282,1847.105,done,
709,728.007969605173,132137.50165249858,132582.33124995232,134111.68624995233,1529.355,done,
710,138.7704567082538,132295.75015747163,132741.57634794712,134111.9603479471,1370.384,done,
711,725.9560454433924,132453.99866244468,133059.40910190344,135316.61310190344,2257.204,done,
712,139.16995432709672,132612.24716741772,133218.74886596203,135316.43886596203,2097.69,done,
713,138.49706725500346,132770.4956723908,133377.99084293842,135316.93584293843,1938.945,done,
714,726.6149753966995,132928.74417736384,133537.18114995956,135317.21514995958,1780.034,done,
715,139.15938891417832,133055.34298134228,133696.3946929574,135317.6646929574,1621.27,done,
716,138.34687802698014,133181.94178532073,133823.56653493643,135317.92153493644,1494.355,done,
717,138.91259049299362,133308.54058929917,133950.73527395725,135318.21627395725,1367.481,done,
718,138.67130792299218,133435.1393932776,134205.77168494463,136524.84668494464,2319.075,done,
719,139.1384835214335,133561.73819725605,134333.1958529353,136523.9008529353,2190.705,done,
720,138.4130505568936,133688.3370012345,134460.45636600256,136524.15436600256,2063.698,done,
721,727.7648169844382,133814.93580521294,134587.6704389453,136525.2644389453,1937.594,done,
722,724.6665442500133,133941.53460919135,134714.84770995378,136524.4717099538,1809.624,done,
723,726.7497501524924,134068.1334131698,134842.03616195917,136524.75116195917,1682.715,done,
724,139.19917726692125,134194.73221714824,134969.22876495123,136525.79076495123,1556.562,done,
725,723.9138996616906,134321.33102112668,135096.42186397314,136525.47786397315,1429.056,done,
726,725.1565379848771,134447.92982510512,135223.63318699598,137663.839186996,2440.206,done,
727,139.43103485714784,134574.52862908356,135350.85731893778,137663.98631893776,2313.129,done,
728,728.6424272518168,134701.127433062,135478.16845995188,137664.46745995188,2186.299,done,
729,724.8748366887569,134827.72623704045,135605.38856595755,137664.77656595755,2059.388,done,
730,722.8299467110911,135065.09899450003,135844.68879693747,137664.94279693745,1820.254,done,
731,138.9409911558723,135302.47175195962,136083.98385494947,137665.13985494946,1581.156,done,
732,139.70209250184686,135539.8445094192,136323.0964769125,137665.4434769125,1342.347,done,
733,722.5845183534504,135777.21726687875,136561.69672596455,138662.28972596454,2100.593,done,
734,725.3638404895215,136014.59002433834,136801.131033957,138662.75503395702,1861.624,done,
735,724.6535071287379,136251.96278179792,137040.42516195774,138663.00116195774,1622.576,done,
736,138.93279383409887,136489.3355392575,137279.70100396872,138663.3760039687,1383.675,done,
737,723.3331874885082,136726.7082967171,137519.0114659667,138663.5154659667,1144.504,done,
738,726.5812481692374,136916.60650268476,137709.39488595724,139665.45088595725,1956.056,done,
739,725.1842937228776,137106.5047086524,137899.72823798656,139665.85923798656,1766.131,done,
740,722.175091387576,137296.40291462006,139044.69736897945,140732.54736897946,1687.85,done,
741,725.4669270699416,137486.30112058774,138091.04154896736,139665.92154896737,1574.88,done,
742,728.9278018217442,137676.19932655542,138281.405461967,139666.296461967,1384.891,done,
743,138.77592532110685,137866.09753252307,138472.67064094543,139666.52564094545,1193.855,done,
744,725.6230784553304,138055.99573849072,138663.90877598524,140732.94477598523,2069.036,done,
745,138.27159038886865,138245.8939444584,138854.36202591658,140732.68502591658,1878.323,done,
746,138.73511871950225,138435.79215042607,139235.91009396315,140733.69209396315,1497.782,done,
747,139.43739930876865,138625.69035639372,139427.12115097046,140733.35815097045,1306.237,done,
748,138.10808007286377,138836.68836302447,139639.35786992311,140733.9448699231,1094.587,done,
749,138.94617030156175,139047.6863696552,139851.37252396345,141736.52352396346,1885.151,done,
750,138.14361505716397,139258.68437628594,140063.6647489667,141736.8847489667,1673.22,done,
751,139.58802938434135,139469.68238291665,140275.90762799978,141737.3256279998,1461.418,done,
752,724.3550899422814,139680.6803895474,140488.25414794683,141737.07014794683,1248.816,done,
753,729.5097158662882,139891.67839617812,140700.5182389617,141737.5692389617,1037.051,done,
754,722.3481656273436,140102.67640280887,140912.65828692913,142735.28328692913,1822.625,done,
755,725.7333524872406,140313.67440943958,141124.97248500586,142735.70548500586,1610.733,done,
756,139.01934171781534,140524.67241607033,141337.19984197617,142735.93884197617,1398.739,done,
757,138.615833328537,140682.92092104338,141496.3765579462,142736.20155794622,1239.825,done,
758,139.03163862732612,140841.16942601645,141655.55223298073,142736.35123298073,1080.799,done,
759,138.85049199489117,140999.4179309895,141814.36796796322,142941.29896796323,1126.931,done,
760,139.53603995469652,141157.66643596254,141973.68004095554,142941.69004095555,968.01,done,
761,139.26340290482193,141315.9149409356,142132.95696991682,142942.1129699168,809.156,done,
762,139.3997612051651,141474.16344590863,142292.14165395498,142942.53365395498,650.392,done,
763,139.175143421317,141632.4119508817,142451.33121091127,142943.12121091128,491.79,done,
764,138.17311792789,141790.66045585476,142610.53878593445,142942.83878593444,332.3,done,
765,138.63151393329028,141948.9089608278,142769.14464396238,143080.01964396238,310.875,done,
766,139.93287654104492,142107.15746580088,142928.4056699276,143220.1276699276,291.722,done,
767,721.4937908583256,142265.40597077392,143087.71785497665,143941.70285497664,853.985,done,
768,139.2017748875679,142423.65447574697,143438.90715193748,145149.20915193748,1710.302,done,
769,727.3208029195071,142518.6035787308,144689.33500391245,146358.82700391245,1669.492,done,
770,139.73139192651527,142613.55268171465,144977.7541499734,147562.4501499734,2584.696,done,
771,139.12904243351628,142708.50178469846,143246.75541996956,145149.43341996957,1902.678,done,
772,727.7489637943696,142803.4508876823,143342.83008396626,145149.75308396626,1806.923,done,
773,724.8633454426208,142898.39999066613,143535.03695100546,145150.03295100547,1614.996,done,
774,139.0712193597789,142993.34909364994,143631.08683395386,145150.23783395387,1519.151,done,
775,724.9569066009337,143088.29819663378,143727.142277956,145150.512277956,1423.37,done,
776,726.9376910291201,143183.24729961762,143823.21868300438,145150.77368300437,1327.555,done,
777,728.3172830486773,143278.19640260146,143919.30104392767,145151.02404392767,1231.723,done,
778,726.2555977608629,143373.1455055853,144016.51516193151,146357.0591619315,2340.544,done,
779,138.77292403683026,143468.0946085691,144112.596644938,146357.435644938,2244.839,done,
780,138.7956727568984,143563.04371155295,144208.699672997,146357.708672997,2149.009,done,
781,138.46524604700693,143657.9928145368,144304.80946993828,146358.0584699383,2053.249,done,
782,139.11898062731206,143752.9419175206,144400.92044192553,146358.18344192553,1957.263,done,
783,726.8079086415876,143847.89102050444,144497.0393319726,146358.4803319726,1861.441,done,
784,138.84279647615733,143942.84012348828,144593.1653059125,146359.0843059125,1765.919,done,
785,724.581604445774,144037.78922647212,144785.46827995777,147562.70827995776,2777.24,done,
786,138.61885974138227,144132.73832945595,146555.8487559557,148773.7987559557,2217.95,done,
787,726.761006988652,144227.68743243976,146729.40285998583,148773.81785998584,2044.415,done,
788,139.00879201967342,144322.6365354236,144881.6141449809,147562.9941449809,2681.38,done,
789,139.09270466799774,144495.2712681215,145073.91925096512,147563.22025096513,2489.301,done,
790,725.9970184586139,144667.90600081935,145169.30393493176,147563.73593493176,2394.432,done,
791,725.9854723050178,144840.54073351723,145342.49002695084,147563.41902695084,2220.929,done,
792,138.05477427656544,145013.1754662151,145515.76708596945,147564.07608596946,2048.309,done,
793,139.71657902465057,145185.81019891298,145689.02848297358,147563.99348297357,1874.965,done,
794,138.0949475039251,145358.44493161084,145862.62621295452,148773.8252129545,2911.199,done,
795,138.52405713685525,145531.07966430872,146036.0126929283,148773.4556929283,2737.443,done,
796,138.46888668087516,145703.71439700658,148753.79624396563,149908.55524396562,1154.759,done,
797,725.1348436141744,145876.34912970447,146209.32085692885,148774.66385692885,2565.343,done,
798,138.24871745196734,146048.98386240233,146382.48030894995,148774.45830894995,2391.978,done,
799,730.2778714488901,146221.6185951002,146904.08032494783,148772.42132494782,1868.341,done,
800,723.4752017010265,146458.9913525598,147078.1324299574,148775.20142995738,1697.069,done,
801,138.55412069601786,146696.36411001938,147317.6781409979,149907.17914099788,2589.501,done,
802,138.8326336040225,146933.73686747896,147557.3556869626,149907.5196869626,2350.164,done,
803,724.0468686786243,147171.10962493852,147796.07552790642,149907.7935279064,2111.718,done,
804,723.4537734751273,147408.4823823981,148035.6149469614,149908.1819469614,1872.567,done,
805,138.82231022491789,147645.85513985768,148275.01541298628,149908.79841298627,1633.783,done,
806,724.7120171692231,147883.2278973173,148514.37205696106,149909.14205696105,1394.77,done,
807,138.958367301198,148120.60065477685,148992.11711597443,150835.80611597444,1843.689,done,
808,138.21079612316564,148357.97341223643,149231.7937489152,150836.4517489152,1604.658,done,
809,724.2761877948354,148595.346169696,149471.11027395725,150836.71327395726,1365.603,done,
810,139.76288965020106,148832.7189271556,149710.41125392914,150836.67225392914,1126.261,done,
811,139.22920164355705,149070.09168461518,149948.8398579955,151767.2908579955,1818.451,done,
812,724.4402587541606,149307.46444207474,150188.20664292574,151767.67064292575,1579.464,done,
813,726.3155212839488,149544.83719953432,151251.37381893396,152768.66081893397,1517.287,done,
814,724.5689587717968,149782.2099569939,150427.46761792898,151767.99261792898,1340.525,done,
815,723.2458520654034,150019.58271445349,150666.7162899971,151768.2002899971,1101.484,done,
816,723.2046212443721,150192.21744715137,150904.8347389698,152768.7967389698,1863.962,done,
817,137.5364070164938,150364.85217984923,151078.14180099964,152769.16980099963,1691.028,done,
818,139.2727459182962,150537.48691254712,152117.18001896143,153837.58801896143,1720.408,done,
819,727.3907686197026,150710.12164524497,152290.3588399291,153837.7758399291,1547.417,done,
820,139.3041930486932,150882.75637794286,151424.54518598318,152769.38018598317,1344.835,done,
821,140.20621629230732,151055.39111064072,151597.73521196842,152769.63221196842,1171.897,done,
822,139.50353905917677,151228.0258433386,151770.78341895342,153838.03641895342,2067.253,done,
823,722.0617627123382,151400.66057603646,151943.99124997854,153838.36724997853,1894.376,done,
824,726.8774972300902,151573.29530873435,153627.67368495464,155042.94268495464,1415.269,done,
825,723.5366590233499,151745.9300414322,152463.57807195187,153838.84907195187,1375.271,done,
826,723.8184311095418,151918.5647741301,152636.77242195606,153838.59742195607,1201.825,done,
827,139.3301679984332,152054.2063498213,152810.53886896372,155041.83786896372,2231.299,done,
828,140.06694536807564,152189.84792551247,152946.79519593716,155042.31019593717,2095.515,done,
829,138.39740678047548,152325.48950120364,154717.7740699649,156246.9360699649,1529.162,done,
830,139.55850996747083,152461.13107689485,153083.03484594822,155042.4788459482,1959.444,done,
831,138.89475460159716,152596.77265258605,153219.16176098585,155042.68076098585,1823.519,done,
832,723.6687011978138,152732.41422827722,153355.31675994396,155043.49275994397,1688.176,done,
833,726.2259985510275,152868.0558039684,153491.4878229499,155043.1938229499,1551.706,done,
834,722.6791439531443,153003.6973796596,153763.9216069579,155043.6506069579,1279.729,done,
835,138.68438220105844,153139.3389553508,153900.5267189741,156246.1937189741,2345.667,done,
836,726.5587213471676,153274.98053104198,154036.89816498756,156246.53616498757,2209.638,done,
837,722.4298378794259,153410.62210673315,154173.07843393087,156246.92743393086,2073.849,done,
838,725.8439815850925,153546.26368242435,154309.23914396763,156246.84514396763,1937.606,done,
839,726.2853592939457,153681.90525811556,154445.4107480049,156246.96974800492,1801.559,done,
840,139.39009098090847,153817.54683380673,154581.59189397097,156247.27689397096,1665.685,done,
841,137.83937768861807,153990.18156650462,154891.03918498757,156247.04318498756,1356.004,done,
842,725.7235269870966,154162.81629920247,155064.1858919859,157385.80389198588,2321.618,done,
843,724.3938334028301,154335.45103190036,155237.50776797533,157386.79576797533,2149.288,done,
844,726.8552449470569,154508.08576459825,155410.735534966,157386.172534966,1975.437,done,
845,724.9865688487776,154680.7204972961,155583.9859699607,157386.44596996068,1802.46,done,
846,139.06059457306992,154853.355229994,155757.19658195972,157386.96358195972,1629.767,done,
847,728.0673398200443,155025.98996269185,155930.44010698795,157387.23810698796,1456.798,done,
848,139.29287960583878,155198.62469538974,156103.71298098564,157387.45098098565,1283.738,done,
849,723.9481194006912,155371.25942808762,156277.6293669343,158455.5753669343,2177.946,done,
850,139.26658110166096,155543.89416078548,156451.0705319643,158456.0295319643,2004.959,done,
851,722.4999879210021,155716.52889348337,156624.30726993084,158455.43626993083,1831.129,done,
852,139.46561945359386,155927.5269001141,156836.55521696806,158456.26621696807,1619.711,done,
853,138.96306521895465,156138.52490674483,157048.8331529498,158456.51415294982,1407.681,done,
854,727.3336459216767,156349.52291337558,157261.14090895653,158456.88090895652,1195.74,done,
855,723.2249143166442,156560.5209200063,157473.36109793186,159454.68009793185,1981.319,done,
856,138.87949876215922,156771.51892663704,157685.84181392193,159455.12581392194,1769.284,done,
857,726.157440371985,156982.51693326776,157898.11561393738,159455.32461393738,1557.209,done,
858,138.01873762581252,157193.5149398985,159054.29067397118,160520.90867397116,1466.618,done,
859,138.9512285257929,157404.51294652923,158110.45564597845,159455.79864597844,1345.343,done,
860,721.9445831989875,157615.51095315997,158322.74576592445,159455.59276592446,1132.847,done,
861,138.79855050323386,157788.14568585786,158534.58690595627,160520.50090595626,1985.914,done,
862,138.8038582009694,157960.78041855572,158707.90003794432,160521.2080379443,1813.308,done,
863,724.8515042096551,158133.4151512536,158881.10453891754,160521.40253891755,1640.298,done,
864,139.42809605110213,158306.0498839515,159227.56001996994,160521.47701996993,1293.917,done,
865,723.9644564078927,158478.68461664935,159400.88743698597,160521.84343698598,1120.956,done,
866,724.1777619578932,158651.31934934724,159574.73050695658,161589.7215069566,2014.991,done,
867,724.4658471856541,158823.9540820451,159748.04598593712,161589.6149859371,1841.569,done,
868,727.0205346584607,158996.58881474298,161077.15697395802,162728.054973958,1650.898,done,
869,725.4583987927555,159169.22354744087,161395.6058099866,162728.1878099866,1332.582,done,
870,139.16486757580597,159341.85828013872,159921.23495292664,161590.18395292663,1668.949,done,
871,138.32302418251697,159514.4930128366,160094.42516690493,161590.39416690494,1495.969,done,
872,139.86747898881092,159672.74151780966,160267.6414679289,161590.59646792887,1322.955,done,
873,138.2261572063775,159830.9900227827,160440.84060192108,161590.9806019211,1150.14,done,
874,725.7629550059876,159989.23852775578,160599.5347379446,162727.6687379446,2128.134,done,
875,720.1751143371731,160147.48703272882,160917.9837089181,162729.2967089181,1811.313,done,
876,139.3483732438194,160305.73553770187,161236.31328696012,162728.47428696012,1492.161,done,
877,727.5268978872596,160463.9840426749,161555.02524095774,162728.64524095773,1173.62,done,
878,726.9262445792059,160622.23254764796,160758.773737967,162729.023737967,1970.25,done,
879,722.7347478666458,160780.481052621,161714.33755791187,163864.6215579119,2150.284,done,
880,138.78403818480086,160938.72955759405,161873.55920296907,163864.43120296908,1990.872,done,
881,726.2350532110651,161096.97806256713,163564.08543998003,164932.67043998002,1368.585,done,
882,138.6123069946541,161255.22656754017,162032.76515597105,163864.91515597104,1832.15,done,
883,722.2658100102343,161413.47507251322,162191.95945495367,163865.15945495368,1673.2,done,
884,725.0284626619547,161586.1098052111,162351.1674889326,163865.38648893262,1514.219,done,
885,139.62623711124553,161758.74453790896,162524.3898689747,163865.6608689747,1341.271,done,
886,138.53622356606968,161931.37927060685,162697.62342596054,163865.89242596054,1168.269,done,
887,139.3608744261982,162104.01400330474,162871.02755099535,164931.88055099535,2060.853,done,
888,725.813197954644,162276.6487360026,163044.35154092312,164932.4255409231,1888.074,done,
889,725.1458984771836,162449.28346870048,164765.81623899937,166137.86323899936,1372.047,done,
890,726.2074496291498,162621.91820139834,164893.0094819665,166138.10848196648,1245.099,done,
891,725.446757669183,162794.55293409622,163217.576752007,164932.926752007,1715.35,done,
892,723.4128735324148,162967.1876667941,163390.8147109747,164933.30771097468,1542.493,done,
893,139.3363641376051,163139.82239949197,163737.30555796623,164933.05555796623,1195.75,done,
894,138.81189066179812,163312.45713218983,163910.64494395256,166137.28494395257,2226.64,done,
895,725.0385965504604,163439.0559361683,164083.94081693888,166136.91881693888,2052.978,done,
896,139.5069439283194,163565.65474014674,165274.7217029333,167342.62570293332,2067.904,done,
897,139.46265642378535,163692.25354412518,165402.0301849246,167342.86318492462,1940.833,done,
898,726.4283685336077,163818.85234810362,164257.15283298492,166137.11683298493,1879.964,done,
899,725.8739706671628,163945.45115208207,164384.31781697273,166137.66881697273,1753.351,done,
900,138.9909998610699,164072.0499560605,164511.48883897066,166138.70383897066,1627.215,done,
901,140.04222674737093,164198.64876003895,164638.6201799512,166138.4041799512,1499.784,done,
902,138.2636669887375,164325.2475640174,165020.22330594063,167343.29730594062,2323.074,done,
903,727.0838845950321,164451.84636799584,165147.52797591686,167343.23997591686,2195.712,done,
904,724.119741361686,164578.44517197428,165529.2813130021,167344.5353130021,1815.254,done,
905,139.42445681887918,164705.04397595272,165656.4613339305,167343.68533393048,1687.224,done,
906,722.119755312029,164831.64277993116,165783.64166498184,167343.91866498184,1560.277,done,
907,726.9949249617454,164958.2415839096,165910.84006494284,167344.14906494285,1433.309,done,
908,721.7548531775003,165084.84038788805,166038.0716559291,168481.04765592908,2442.976,done,
909,727.4957988807791,165211.4391918665,166165.35037893057,168480.55937893057,2315.209,done,
910,724.0900324313279,165422.43719849724,166377.7351499796,168480.9061499796,2103.171,done,
911,139.100091566797,165633.43520512796,166590.00253099203,168481.28253099203,1891.28,done,
912,139.15192092035406,165844.4332117587,166802.26265096664,168481.86765096665,1679.605,done,
913,138.85536620659568,166055.43121838942,167014.55543595552,168481.47543595554,1466.92,done,
914,725.1020969074495,166266.42922502017,167226.86031895876,168481.62431895875,1254.764,done,
915,726.7969306939691,166477.4272316509,167438.2584219575,169552.3534219575,2114.095,done,
916,722.2294060256746,166688.42523828163,167649.74948000908,169552.6534800091,1902.904,done,
917,728.3923985797683,166899.42324491235,169411.85736691952,170554.3663669195,1142.509,done,
918,721.8149244736322,167110.4212515431,167862.11257994175,169553.21057994175,1691.098,done,
919,725.5406764165855,167300.31945751078,168074.3836349249,169553.0566349249,1478.673,done,
920,728.86445914289,167490.21766347843,168265.69338798523,169553.51238798522,1287.819,done,
921,727.7139699065679,167680.11586944608,168457.0300309062,169553.9900309062,1096.96,done,
922,139.2322662708658,167870.01407541375,168647.83171498775,170554.20571498777,1906.374,done,
923,725.8640488396933,168059.91228138143,168839.13894593716,170554.03594593715,1714.897,done,
924,138.6548614906594,168249.81048734908,169030.37896096706,170552.15396096706,1521.775,done,
925,139.13376175429528,168439.70869331673,169221.53704798222,170554.99304798222,1333.456,done,
926,727.1752009829985,168629.6068992844,169603.01741695404,171623.03741695403,2020.02,done,
927,725.6742102872942,168819.5051052521,169793.51901996136,171623.98801996137,1830.469,done,
928,724.6418710276848,169009.40331121974,171024.37479698658,172694.67079698658,1670.296,done,
929,138.8451986553811,169182.03804391762,169984.76851397753,171623.59251397752,1638.824,done,
930,138.58547374419155,169354.67277661548,170157.9703899622,171624.2483899622,1466.278,done,
931,724.795809116432,169527.30750931337,170331.174225986,171624.42022598602,1293.246,done,
932,723.5809294103766,169699.94224201125,170504.3854919672,171624.7624919672,1120.377,done,
933,726.8906127103436,169872.5769747091,170677.93200695515,172695.11100695515,2017.179,done,
934,139.51491026679878,170045.211707407,170851.22856897116,172694.95956897116,1843.731,done,
935,728.6171013994497,170217.84644010483,172626.61308300495,173837.58808300496,1210.975,done,
936,139.11612363797457,170390.48117280274,171197.5560399294,172695.4250399294,1497.869,done,
937,139.77102065011107,170563.11590550063,171370.74440395832,172695.6854039583,1324.941,done,
938,729.9597337521534,170735.7506381985,171544.01300799847,172695.87900799848,1151.866,done,
939,138.9302214009279,170908.38537089637,171717.41754198074,173837.36654198074,2119.949,done,
940,725.1747432184454,171054.46091394842,171890.66881400347,173836.55681400347,1945.888,done,
941,138.96046143965538,171200.53645700047,173362.60105395317,175048.64305395316,1686.042,done,
942,139.269425851684,171346.61200005253,173804.27992498875,175049.14592498876,1244.866,done,
943,138.96533881689516,171492.68754310455,172037.88677096367,173836.81777096368,1798.931,done,
944,723.5165070453249,171638.7630861566,172185.06322300434,173837.06222300435,1651.999,done,
945,730.0486627669487,171784.83862920865,172332.20614093542,173838.07814093542,1505.872,done,
946,139.62027717895515,171930.9141722607,172479.4166829586,173837.8286829586,1358.412,done,
947,730.5686781577288,172076.98971531275,172773.7006869316,175048.0106869316,2274.31,done,
948,138.93765647546212,172223.0652583648,172920.9861909151,175048.4521909151,2127.466,done,
949,722.9343535492684,172369.14080141683,173068.15736991167,175049.60136991166,1981.444,done,
950,729.3303248236264,172515.21634446888,173215.39575892687,175049.03475892686,1833.639,done,
951,725.6945950690553,172661.29188752093,173509.8178089261,175050.0018089261,1540.184,done,
952,139.54065983185376,172807.36743057298,173657.0380859375,175049.7140859375,1392.676,done,
953,138.92303705127784,172943.00900626415,173941.01731097698,176254.55631097697,2313.539,done,
954,725.2629470849682,173078.65058195536,174077.30868196487,176254.97668196488,2177.668,done,
955,139.38371086901793,173214.29215764656,174213.50197696686,176255.24497696685,2041.743,done,
956,727.4814769363902,173349.93373333773,174349.67732995749,176255.91132995748,1906.234,done,
957,137.95868980252914,173485.5753090289,174485.85234797,176256.40334797002,1770.551,done,
958,723.2694981001949,173621.2168847201,174622.03994196653,176255.40694196653,1633.367,done,
959,724.8848804566896,173756.8584604113,174758.2270500064,176255.59705000638,1497.37,done,
960,138.19331632366374,173892.5000361025,174894.52822893858,176256.06122893858,1361.533,done,
961,138.15326015090176,174028.14161179366,175030.8901859522,177466.82618595217,2435.936,done,
962,138.23337109228993,174163.78318748486,175167.78963196278,177466.52863196278,2298.739,done,
963,139.19103200033337,174299.42476317607,175304.11253798008,177467.1065379801,2162.994,done,
964,727.8154296511943,174435.06633886724,175440.33508896828,177467.43908896827,2027.104,done,
965,138.5918606761858,174570.7079145584,175576.51297092438,177467.64397092437,1891.131,done,
966,724.1493154271142,174706.34949024962,175712.71963495016,177468.07463495017,1755.355,done,
967,138.95609698536683,174878.9842229475,175886.00123900175,177467.87723900174,1581.876,done,
968,730.7496229860463,175051.61895564536,176059.28018295765,177468.45518295764,1409.175,done,
969,725.6416405628986,175224.25368834325,176232.5122499466,178671.1912499466,2438.679,done,
970,139.05281925635947,175396.88842104113,176405.92330294847,178670.91530294847,2264.992,done,
971,139.66756774838626,175569.523153739,176579.21544992924,178671.87844992924,2092.663,done,
972,725.3753368240896,175742.15788643688,176752.45073097944,178671.70273097945,1919.252,done,
973,137.6696220905382,175914.79261913474,176925.7077769637,178672.99477696372,1747.287,done,
974,726.1194981697101,176087.42735183262,177099.054594934,178672.44659493398,1573.392,done,
975,726.0703212383432,176260.0620845305,177272.33154696226,178672.03254696226,1399.701,done,
976,724.3810360703494,176432.69681722837,177445.60688495636,178672.68388495635,1227.077,done,
977,139.59393965258937,176605.33154992625,177618.98667693138,179740.74467693138,2121.758,done,
978,139.41371947236877,176795.2297558939,177809.388109982,179740.95210998203,1931.564,done,
979,726.866274705186,176985.12796186158,178000.69579792023,179740.95179792022,1740.256,done,
980,727.6634784352121,177175.02616782923,179533.31313592196,180809.27513592195,1275.962,done,
981,138.2190245513325,177364.9243737969,179669.55991095304,180809.56091095303,1140.001,done,
982,140.46436252820126,177554.82257976456,178191.88037395477,179741.05737395477,1549.177,done,
983,138.56565615287644,177744.7207857322,178383.19681197405,179740.98881197404,1357.792,done,
984,138.90567924655292,177934.61899169988,178574.55444794893,179741.12844794893,1166.574,done,
985,726.3352742890797,178124.51719766753,178765.78064197302,180808.68264197302,2042.902,done,
986,139.37724918848158,178314.4154036352,178960.53318190575,180810.10418190574,1849.571,done,
987,724.9068343556687,178504.31360960286,179151.4503979683,180810.0333979683,1658.583,done,
988,139.90415066046532,178639.95518529403,180759.38978999853,182015.06678999853,1255.677,done,
989,139.6942436845669,178775.59676098524,179342.79831898212,180810.16731898213,1467.369,done,
990,726.060182763554,178911.23833667644,179805.81921994686,182013.76421994687,2207.945,done,
991,721.4010175676362,179046.8799123676,179942.11645793915,182014.22645793913,2072.11,done,
992,138.64503357524853,179182.5214880588,180078.32558095455,182014.41258095455,1936.087,done,
993,139.02406725170724,179318.16306375,180214.55314791203,182014.59214791202,1800.039,done,
994,138.4334032655532,179453.8046394412,180350.801594913,182014.900594913,1664.099,done,
995,726.0889151350215,179589.44621513237,180487.02483600375,182015.67683600375,1528.652,done,
996,726.4812735218468,179725.08779082354,180623.2089049816,182015.4509049816,1392.242,done,
997,727.0081827688414,179860.72936651474,180896.22710597515,182809.35610597514,1913.129,done,
998,723.8032778143232,179996.37094220595,181032.5646779537,182809.85867795369,1777.294,done,
