JobId,InputLen,Length,Admitted,BucketIdx
0,4,84.92231579730287,0.0,0
1,12,51.35821240255609,138.92709411888703,0
2,7,76.30512660834938,277.85418823777405,0
3,10,73.64757159957662,416.7812823566611,0
4,20,62.43779640644789,555.7083764755481,0
5,7,57.00663049938157,694.6354705944351,0
6,24,53.93513200106099,833.5625647133222,2
7,11,64.34730980545282,972.4896588322092,0
8,23,67.47729139169678,1111.4167529510962,1
9,3,80.71295919362456,1250.3438470699832,0
10,14,48.77587950322777,1389.2709411888702,0
11,42,106.27890310715884,1528.1980353077572,14
12,8,63.17751769674942,1667.1251294266444,0
13,13,71.39596829656512,1806.0522235455314,0
14,22,57.38549779634923,1944.9793176644184,0
15,29,83.09158449992537,2083.9064117833054,6
16,13,56.500863400287926,2222.8335059021924,0
17,16,53.175722097512335,2361.7606000210794,0
18,9,50.69283259799704,2500.6876941399664,0
19,11,57.720529509242624,2639.6147882588534,0
20,10,50.02400670200586,2778.5418823777404,0
21,14,61.87062240205705,2917.4689764966274,0
22,14,61.74448679666966,3056.3960706155144,0
23,4,83.19458999903873,3195.3231647344014,0
24,16,51.11382759641856,3334.250258853289,0
25,14,53.1853528926149,3473.177352972176,0
26,6,67.01042229542509,3612.104447091063,0
27,10,50.01759440638125,3751.03154120995,0
28,15,55.800116492901,3889.958635328837,0
29,4,78.73057309770957,4028.885729447724,0
30,19,70.09746610419825,4167.812823566611,0
31,9,53.14958810340613,4306.739917685498,0
32,5,65.06849230499938,4445.667011804385,0
33,19,50.948751298710704,4584.594105923272,0
34,20,56.12138819415122,4723.521200042159,0
35,27,80.21091959672049,4862.448294161046,4
36,9,65.69510789122432,5001.375388279933,0
37,3,82.70260320277885,5140.30248239882,0
38,7,66.43285369500518,5279.229576517707,0
39,5,73.87801989680156,5418.156670636594,0
40,15,51.91583159612492,5557.083764755481,0
41,9,48.7342148902826,5696.010858874368,0
42,12,75.52399619016796,5834.937952993255,0
43,33,67.87950720172375,5973.865047112142,9
44,10,64.19310059864074,6112.792141231029,0
45,28,82.93097079731524,6251.719235349916,5
46,27,80.27558909961954,6390.646329468803,4
47,8,63.14259929349646,6529.57342358769,0
48,7,64.07651950139552,6668.500517706578,0
49,8,60.82422169856727,6807.427611825465,0
50,7,70.61914069345221,6946.354705944352,0
51,13,55.57426889427006,7085.281800063239,0
52,3,68.36730849463493,7224.208894182126,0
53,14,69.63923290604725,7363.135988301013,0
54,7,71.36826989008114,7502.0630824199,0
55,7,69.60416220827028,7640.990176538787,0
56,11,64.79607820510864,7779.917270657674,0
57,9,52.922477293759584,7918.844364776561,0
58,20,57.74115539388731,8057.771458895448,0
59,12,49.97015310218558,8196.698553014334,0
60,6,65.949637000449,8335.625647133222,0
61,29,68.07426119921729,8474.552741252108,6
62,5,87.95485829468817,8613.479835370996,0
63,5,77.00070911087096,8752.406929489882,0
64,30,111.03135520825165,8891.33402360877,7
65,4,59.98683100333437,9030.261117727658,0
66,11,52.1806119941175,9169.188211846544,0
67,4,51.07217850163579,9308.115305965432,0
68,3,73.37506179464981,9447.042400084318,0
69,12,80.86134670302272,9585.969494203206,0
70,4,59.056301694363356,9724.896588322092,0
71,6,63.80552629707381,9863.82368244098,0
72,47,77.00895899906754,10002.750776559866,17
73,44,94.60919350385666,10141.677870678754,15
74,9,64.9534696014598,10280.60496479764,0
75,15,58.542508410755545,10419.532058916528,0
76,35,88.37401960045099,10558.459153035414,10
77,16,62.88453839952126,10697.386247154302,0
78,4,59.205846197437495,10836.313341273188,0
79,3,70.88760579936206,10975.240435392076,0
80,9,69.25013759173453,11114.167529510962,0
81,9,55.79955090070143,11253.09462362985,0
82,9,65.2737271040678,11392.021717748736,0
83,11,52.53014909103513,11530.948811867624,0
84,5,69.7442881995812,11669.87590598651,0
85,16,52.43908460251987,11808.803000105398,0
86,3,78.83570300182328,11947.730094224284,0
87,3,73.55085290037096,12086.657188343172,0
88,6,67.14368219254538,12225.584282462058,0
89,3,75.70579299936071,12295.047829521502,0
90,8,76.18130639893934,12364.511376580946,0
91,9,54.27859129849821,12433.974923640388,0
92,45,82.6446907944046,12503.438470699832,16
93,3,69.99078820226714,12572.902017759276,0
94,7,71.1982836946845,12642.36556481872,0
95,7,66.39463809551671,12688.674596191682,0
96,8,56.54030230361968,12734.983627564643,0
97,3,63.48881720332429,12781.292658937606,0
98,3,80.01110100885853,12827.601690310568,0
99,23,48.42556338990107,12873.910721683531,1
100,18,71.10609279479831,12920.219753056494,0
101,14,50.44168230379,12966.528784429456,0
102,8,65.71377309737727,13012.837815802417,0
103,4,56.815986696165055,13059.14684717538,0
104,7,55.449394800234586,13093.878620705102,0
105,17,52.50974129885435,13128.610394234824,0
106,15,71.28281539771706,13163.342167764546,0
107,13,57.78431970393285,13198.073941294268,0
108,13,62.56503131007776,13232.80571482399,0
109,10,51.19513319805265,13267.537488353712,0
110,38,91.54638330219314,13302.269261883434,12
111,34,67.57219199789688,13337.001035413155,10
112,32,104.62147219805047,13371.732808942877,8
113,3,67.84713730448857,13406.4645824726,0
114,11,52.54893039818853,13441.19635600232,0
115,9,57.60536988964304,13475.928129532042,0
116,5,66.08933509560302,13510.659903061764,0
117,5,79.26811160286888,13545.391676591486,0
118,5,82.80303339706734,13580.123450121207,0
119,25,82.63671540189534,13614.85522365093,3
120,9,53.739234094973654,13649.586997180651,0
121,12,54.33097300119698,13684.318770710372,0
122,22,81.53223129920661,13719.050544240094,0
123,4,68.73843059875071,13753.782317769816,0
124,4,53.81726269843057,13781.567736593594,0
125,26,104.28021179977804,13809.353155417371,4
126,12,61.92438160069287,13837.138574241148,0
127,10,75.34400650765747,13864.923993064926,0
128,3,71.74800169887021,13892.709411888703,0
129,7,59.2496122000739,13920.494830712481,0
130,27,94.7435901965946,13948.280249536258,4
131,44,114.36699749901891,13976.065668360035,15
132,11,70.1042080996558,14003.851087183812,0
133,12,58.02646150114015,14031.63650600759,0
134,5,65.5558543978259,14054.79102169407,0
135,19,69.87007880816236,14077.945537380552,0
136,4,63.036365003790706,14101.100053067034,0
137,10,48.83954619290307,14124.254568753515,0
138,12,66.70177059713751,14147.409084439996,0
139,14,67.0300871017389,14170.563600126477,0
140,7,60.681604710407555,14198.349018950255,0
141,26,83.0913181998767,14226.134437774032,4
142,8,74.00442810030654,14253.91985659781,0
143,13,54.23364849993959,14281.705275421586,0
144,10,58.95439010346308,14309.490694245364,0
145,24,48.99424520554021,14332.645209931845,2
146,9,64.85204919008538,14355.799725618326,0
147,11,63.88838549610227,14378.954241304808,0
148,3,79.76126309949905,14402.108756991289,0
149,4,60.11708739679307,14425.26327267777,0
150,13,51.26167780254036,14448.417788364251,0
151,26,78.23862979421392,14471.572304050733,4
152,11,58.46774270758033,14494.726819737214,0
153,9,51.05470259441063,14517.881335423695,0
154,8,57.388513593468815,14541.035851110175,0
155,4,79.89915909711272,14564.190366796656,0
156,15,51.837776706088334,14587.344882483138,0
157,11,56.51072439504787,14615.130301306915,0
158,12,51.497227197978646,14642.915720130693,0
159,11,60.40252110688016,14670.70113895447,0
160,15,59.40824239514768,14698.486557778248,0
161,23,55.80812389962375,14726.271976602025,1
162,29,88.19343110080808,14749.426492288507,6
163,15,63.95221289712936,14772.581007974988,0
164,7,61.65524419629946,14795.735523661468,0
165,8,59.07453739782795,14818.890039347949,0
166,4,69.44747170200571,14842.04455503443,0
167,5,58.7212497019209,14865.199070720912,0
168,5,66.68536509387195,14892.98448954469,0
169,7,67.69300310406834,14920.769908368467,0
170,19,55.606456205714494,14948.555327192244,0
171,21,52.91105170035735,14976.340746016022,0
172,13,51.03299129987136,15004.1261648398,0
173,5,83.84829059941694,15031.911583663577,0
174,17,51.015114795882255,15059.697002487354,0
175,27,82.24307369673625,15087.482421311131,4
176,5,69.4678082014434,15115.267840134908,0
177,6,67.12202889611945,15143.053258958686,0
178,34,104.94156969944015,15166.207774645167,10
179,13,52.75280049536377,15189.362290331648,0
180,7,79.06347180251032,15212.51680601813,0
181,5,67.6193943945691,15235.67132170461,0
182,19,53.47958441125229,15258.825837391092,0
183,8,55.53242260357365,15281.980353077573,0
184,21,49.9744167085737,15301.827080808844,0
185,16,53.714015905279666,15321.673808540112,0
186,3,68.09649509377778,15341.520536271382,0
187,19,68.99275569012389,15361.36726400265,0
188,7,64.21296580228955,15381.213991733921,0
189,40,111.52141329366714,15401.06071946519,12
190,8,73.21759189944714,15420.90744719646,0
191,13,72.06548620015383,15444.06196288294,0
192,7,55.77174329664558,15467.216478569422,0
193,30,80.67965270020068,15490.370994255903,7
194,5,69.47323039639741,15513.525509942385,0
195,17,59.63173410855234,15536.680025628866,0
196,6,58.2999459002167,15559.834541315347,0
197,6,66.88380290288478,15579.681269046618,0
198,7,66.4590455009602,15599.527996777886,0
199,12,67.06726079573855,15619.374724509156,0
200,19,53.12709800200537,15639.221452240425,0
201,3,79.24380630720407,15659.068179971695,0
202,26,71.93455189699307,15678.914907702963,4
203,12,73.22219429770485,15698.761635434234,0
204,12,59.8971315077506,15718.608363165504,0
205,23,74.34047849383205,15738.455090896772,1
206,7,64.72609320189804,15758.301818628042,0
207,9,49.40366439986974,15778.148546359313,0
208,3,65.41212289594114,15797.995274090583,0
209,9,58.963018003851175,15817.842001821851,0
210,18,62.00897840317339,15837.688729553121,0
211,10,55.242761597037315,15857.535457284392,0
212,25,74.39317180542275,15877.38218501566,3
213,10,47.7561812964268,15897.22891274693,0
214,14,47.074393392540514,15917.075640478199,0
215,7,68.38230430148542,15936.922368209469,0
216,15,69.85212500439957,15956.769095940737,0
217,12,53.675659105647355,15976.615823672008,0
218,5,73.18567590555176,15996.462551403278,0
219,8,61.24858179828152,16016.309279134546,0
220,3,73.70707590598613,16036.156006865816,0
221,6,61.82226960081607,16056.002734597087,0
222,18,61.76240181084722,16075.849462328357,0
223,5,70.35827500512823,16095.696190059625,0
224,5,76.68337010545656,16115.542917790895,0
225,4,60.07899100659415,16135.389645522166,0
226,31,96.00540651008488,16155.236373253434,7
227,7,78.13343659508973,16175.083100984704,0
228,30,83.8427601964213,16194.929828715973,7
229,5,55.4133897065185,16214.776556447243,0
230,17,64.08669530646876,16234.623284178511,0
231,3,69.83032029820606,16254.470011909782,0
232,5,68.96459549898282,16274.316739641052,0
233,9,59.35083859367296,16294.16346737232,0
234,11,57.90422318968922,16314.01019510359,0
235,14,76.65574729908258,16333.856922834859,0
236,11,56.16313900100067,16353.703650566129,0
237,40,97.90006789844485,16373.550378297397,12
238,8,53.75756990397349,16393.397106028668,0
239,6,60.6079003890045,16413.243833759938,0
240,15,91.9014216051437,16433.090561491208,0
241,13,66.12391991075128,16452.93728922248,0
242,3,65.11810760712251,16472.784016953745,0
243,11,57.602895598392934,16492.630744685015,0
244,8,79.04668040573597,16512.477472416285,0
245,17,51.47474269615486,16532.324200147556,0
246,5,71.74955089576542,16552.170927878826,0
247,4,76.2615552986972,16572.017655610096,0
248,11,50.802847801242024,16591.864383341366,0
249,3,67.1791919041425,16611.711111072633,0
250,11,61.94832930341363,16631.557838803903,0
251,11,56.88993639778346,16651.404566535173,0
252,3,78.11716248979792,16671.251294266443,0
253,5,67.07699070684612,16691.098021997714,0
254,14,51.82021869113669,16710.944749728984,0
255,4,75.67066219635308,16730.791477460254,0
256,33,88.35819149389863,16750.63820519152,9
257,34,80.11478300904855,16770.48493292279,10
258,13,78.88033370254561,16790.33166065406,0
259,11,65.13970270752907,16810.17838838533,0
260,9,78.58030360657722,16830.0251161166,0
261,14,54.989133996423334,16849.871843847868,0
262,18,56.29055009922013,16869.71857157914,0
263,14,51.60481740022078,16889.56529931041,0
264,6,74.28776499582455,16909.41202704168,0
265,15,50.12065880000591,16929.258754772945,0
266,10,56.974839605391026,16949.105482504216,0
267,30,105.68891760194674,16972.259998190697,7
268,5,84.65203270316124,16995.41451387718,0
269,4,84.19635141035542,17018.56902956366,0
270,15,79.24042739905417,17041.72354525014,0
271,11,69.1235220991075,17064.878060936622,0
272,8,54.372259601950645,17088.032576623104,0
273,9,51.78029430098832,17107.879304354374,0
274,10,55.07213220698759,17127.726032085644,0
275,5,74.37174409860745,17147.572759816914,0
276,5,80.32114820089191,17167.41948754818,0
277,25,89.88827519351617,17187.26621527945,3
278,9,68.81914449622855,17207.11294301072,0
279,10,66.49782669264823,17226.95967074199,0
280,8,66.50506700389087,17246.80639847326,0
281,12,51.73874259926379,17266.653126204532,0
282,28,76.07926859054714,17286.499853935802,5
283,9,54.16550011141226,17306.34658166707,0
284,12,54.14874179987237,17326.19330939834,0
285,7,59.16763989953324,17346.04003712961,0
286,7,53.46061869058758,17365.88676486088,0
287,12,64.44644819712266,17385.73349259215,0
288,3,62.56526439683512,17405.580220323416,0
289,43,92.77347009629013,17425.426948054686,15
290,10,67.00926050543785,17445.273675785957,0
291,3,69.99095689971,17465.120403517227,0
292,18,64.93273669620976,17484.967131248493,0
293,6,80.25831939885393,17504.813858979764,0
294,10,46.38006050372496,17524.660586711034,0
295,7,61.787509405985475,17544.507314442304,0
296,8,76.29923790227622,17564.354042173574,0
297,5,54.53519020229578,17584.20076990484,0
298,3,64.22589240828529,17604.04749763611,0
299,4,68.72157040052116,17623.89422536738,0
300,12,55.035077896900475,17643.74095309865,0
301,3,68.99510180810466,17661.10683986351,0
302,14,56.58762970706448,17678.472726628373,0
303,4,73.76766849774867,17695.838613393236,0
304,14,59.14069020655006,17713.204500158095,0
305,30,82.17918999725953,17730.570386922955,7
306,22,60.334247595164925,17747.936273687817,0
307,4,69.91913400124758,17765.30216045268,0
308,5,68.64005629904568,17782.66804721754,0
309,5,60.41672300780192,17800.0339339824,0
310,25,98.32701010163873,17817.39982074726,3
311,30,74.61917740292847,17834.765707512124,7
312,5,58.14894250361249,17852.131594276983,0
313,3,72.46265060966834,17869.497481041843,0
314,9,63.91314109787345,17886.863367806705,0
315,17,58.63158870488405,17904.229254571568,0
316,7,64.91420400561765,17921.595141336427,0
317,3,63.342071196530014,17941.441869067698,0
318,5,86.08199679292738,17961.288596798968,0
319,16,58.60083199804649,17981.135324530238,0
320,20,49.99403569381684,18000.982052261505,0
321,6,77.13570659980178,18020.828779992775,0
322,10,68.82202529814094,18040.675507724045,0
323,12,57.27343369508162,18060.522235455315,0
324,18,64.09314279444516,18080.368963186585,0
325,4,83.42696169856936,18100.215690917852,0
326,39,112.96634750906378,18120.062418649122,12
327,12,66.1611901014112,18139.909146380392,0
328,17,50.27007199823856,18159.755874111663,0
329,13,57.671734399627894,18179.60260184293,0
330,17,59.27133070072159,18199.4493295742,0
331,5,60.09175879880786,18219.29605730547,0
332,6,62.02765960479155,18239.14278503674,0
333,3,77.13821070501581,18258.98951276801,0
334,7,73.81376049015671,18278.836240499277,0
335,8,63.998940808232874,18298.682968230547,0
336,8,55.148264998570085,18318.529695961817,0
337,10,56.82195869740099,18338.376423693087,0
338,10,57.77114420197904,18361.53093937957,0
339,25,84.80590980034322,18384.68545506605,3
340,3,65.52644959883764,18407.83997075253,0
341,7,58.841722493525594,18430.994486439013,0
342,7,97.40880440222101,18454.149002125494,0
343,6,69.17854499770328,18477.303517811975,0
344,5,60.630782204680145,18500.458033498457,0
345,40,87.67994809895754,18523.612549184938,12
346,9,48.277395602781326,18546.76706487142,0
347,5,59.48153620120138,18569.9215805579,0
348,24,60.7098659966141,18593.076096244382,2
349,32,93.4750793967396,18616.230611930863,8
350,9,74.18492949800566,18644.01603075464,0
351,10,60.87848999304697,18671.801449578415,0
352,8,52.60166299995035,18699.586868402195,0
353,9,61.12871860386804,18727.37228722597,0
354,4,63.87531079817563,18755.157706049748,0
355,22,50.69774419534952,18778.31222173623,0
356,7,67.04364620381966,18801.46673742271,0
357,6,61.30993029801175,18824.62125310919,0
358,18,64.09088469808921,18847.775768795673,0
359,5,72.16935619944707,18870.930284482154,0
360,16,46.00167869357392,18894.084800168635,0
361,19,58.290686702821404,18917.239315855117,0
362,14,54.71174659905955,18940.393831541598,0
363,9,65.69879460148513,18963.54834722808,0
364,16,48.47154119051993,18986.70286291456,0
365,12,64.76831589825451,19009.857378601042,0
366,6,74.06923309899867,19033.011894287523,0
367,4,67.50314419623464,19056.166409974005,0
368,8,60.73014090070501,19079.320925660486,0
369,5,56.57687260536477,19102.475441346967,0
370,7,84.31832710048184,19125.62995703345,0
371,3,77.52139150397852,19148.78447271993,0
372,13,69.20075030066073,19171.93898840641,0
373,5,77.18588199932128,19199.724407230187,0
374,32,75.59158089570701,19227.509826053963,8
375,8,61.84174319496378,19255.295244877743,0
376,5,62.019527703523636,19283.08066370152,0
377,36,124.17023649904877,19310.866082525295,11
378,5,65.88381220353767,19338.65150134907,0
379,10,56.07552990550175,19366.43692017285,0
380,22,57.213174004573375,19394.222338996628,0
381,6,60.31137790996581,19422.007757820407,0
382,15,63.384032901376486,19449.793176644183,0
383,7,60.081552900373936,19477.57859546796,0
384,7,73.76713110134006,19505.36401429174,0
385,10,58.86321320431307,19533.149433115515,0
386,35,81.6290262970142,19560.934851939295,10
387,29,86.70100229792297,19588.72027076307,6
388,3,71.10646629007533,19616.505689586847,0
389,11,72.90036309277639,19644.291108410627,0
390,40,82.33844309579581,19672.076527234403,12
391,4,66.45660999929532,19699.861946058183,0
392,10,55.283543292898685,19727.64736488196,0
393,9,45.92387109296397,19755.432783705735,0
394,24,51.41823439626023,19783.21820252951,2
395,14,65.71114539401606,19811.00362135329,0
396,11,54.28143700119108,19838.789040177067,0
397,6,81.45996960811317,19866.574459000843,0
398,16,72.24022439913824,19894.35987782462,0
399,14,81.35497929761186,19922.1452966484,0
400,16,45.62840629369021,19949.930715472176,0
401,13,59.67850009910762,19977.716134295955,0
402,10,53.06850110646337,20005.50155311973,0
403,28,75.99152789916843,20033.286971943508,5
404,7,53.88903650455177,20061.072390767287,0
405,20,62.860177899710834,20088.857809591063,0
406,5,72.00458700535819,20116.643228414843,0
407,40,73.55772089213133,20144.42864723862,12
408,42,89.21868100296706,20179.16042076834,14
409,13,62.0404553017579,20213.892194298063,0
410,13,54.2482785996981,20248.623967827785,0
411,6,59.63671619538218,20283.355741357507,0
412,35,93.48106670659035,20311.141160181283,10
413,17,62.53437749110162,20338.92657900506,0
414,20,69.97987839858979,20366.71199782884,0
415,26,90.17559320200236,20394.497416652615,4
416,5,53.29062020173296,20422.28283547639,0
417,6,60.152864491101354,20450.068254300168,0
418,42,79.24615259980783,20477.853673123947,14
419,10,55.982187506742775,20505.639091947724,0
420,6,58.305251493584365,20533.424510771503,0
421,6,56.1281802947633,20561.20992959528,0
422,13,55.713630898389965,20588.995348419056,0
423,5,62.11257600225508,20616.780767242835,0
424,7,71.62984049646184,20644.56618606661,0
425,32,107.20785650191829,20672.35160489039,8
426,7,74.04998489655554,20700.137023714167,0
427,7,65.83233969286084,20734.86879724389,0
428,12,59.230307105463,20769.60057077361,0
429,29,74.92066959384829,20804.332344303333,6
430,9,49.44817880168557,20839.064117833055,0
431,7,53.96744010504335,20873.795891362777,0
432,4,80.13830349082127,20908.5276648925,0
433,6,60.23995178984478,20943.259438422217,0
434,3,74.22273039119318,20977.99121195194,0
435,24,60.90994239784777,21012.72298548166,2
436,6,65.92317710164934,21047.454759011383,0
437,30,103.09035560349002,21082.186532541105,7
438,6,63.747644901741296,21116.918306070827,0
439,6,78.94195910776034,21151.65007960055,0
440,6,64.43825899623334,21186.38185313027,0
441,14,56.19488910306245,21221.113626659993,0
442,3,57.65201769536361,21255.845400189715,0
443,52,93.46198949497193,21290.577173719437,19
444,18,52.518051699735224,21325.30894724916,0
445,10,46.04510630015284,21360.04072077888,0
446,6,72.44662420125678,21394.772494308603,0
447,13,49.52582329278812,21429.504267838325,0
448,9,48.89184170169756,21464.236041368044,0
449,9,58.52421969175339,21498.967814897765,0
450,8,60.87015010416508,21533.699588427487,0
451,9,71.2424315046519,21568.43136195721,0
452,3,58.338323002681136,21603.16313548693,0
453,13,54.279905394650996,21637.894909016653,0
454,43,104.40516439266506,21672.626682546375,15
455,21,60.05449910880998,21707.358456076097,0
456,5,69.49583069654182,21742.09022960582,0
457,6,76.02845800574869,21776.82200313554,0
458,17,51.125409302767366,21811.553776665263,0
459,4,85.46955230413005,21846.285550194985,0
460,3,71.22632639948279,21881.017323724707,0
461,3,69.59792149718851,21915.74909725443,0
462,18,54.94280679849908,21950.48087078415,0
463,9,67.59023400954902,21985.212644313873,0
464,3,77.37058709608391,22019.944417843595,0
465,4,61.03373700752854,22054.676191373313,0
466,3,85.3965828078799,22089.407964903035,0
467,12,63.879219396039844,22124.139738432757,0
468,29,82.00261640595272,22158.87151196248,6
469,8,66.12246150616556,22193.6032854922,0
470,41,118.41565500944853,22228.335059021923,13
471,4,63.135480403434485,22263.066832551645,0
472,18,86.48849489400163,22297.798606081367,0
473,18,61.00772509817034,22332.53037961109,0
474,13,59.18261379702017,22367.26215314081,0
475,5,64.97406220296398,22401.993926670533,0
476,15,79.40589089412242,22436.725700200255,0
477,6,65.20020700991154,22471.457473729977,0
478,6,74.15338419377804,22506.1892472597,0
479,15,51.02233299985528,22540.92102078942,0
480,18,85.70756909903139,22575.652794319143,0
481,21,68.50750460289419,22610.384567848865,0
482,3,67.27404450066388,22645.116341378587,0
483,18,56.741344393230975,22679.84811490831,0
484,17,53.520927601493895,22714.579888438027,0
485,8,71.84761960525066,22749.31166196775,0
486,17,65.33766170032322,22784.04343549747,0
487,7,71.16036489605904,22818.775209027193,0
488,9,52.8006728971377,22853.506982556915,0
489,4,74.22086080769077,22888.238756086637,0
490,29,76.71722620725632,22922.97052961636,6
491,3,77.9213274945505,22957.70230314608,0
492,4,86.82234060252085,22992.434076675803,0
493,8,63.8559426064603,23027.165850205525,0
494,23,76.65125610074028,23061.897623735247,1
495,16,60.4822873021476,23096.62939726497,0
496,3,62.57321279263124,23131.36117079469,0
497,20,56.44506949465722,23166.092944324413,0
498,7,59.851284394972026,23200.824717854135,0
499,42,90.42527959682049,23235.556491383857,14
500,4,73.35372921079397,23270.28826491358,0
501,5,68.23272949550301,23305.020038443297,0
502,8,69.55537119647488,23339.75181197302,0
503,8,51.110293495003134,23374.48358550274,0
504,10,65.74679160257801,23409.215359032463,0
505,7,56.83185920352116,23443.947132562185,0
506,11,56.948561407625675,23478.678906091907,0
507,7,64.61288110585883,23513.41067962163,0
508,15,60.301812598481774,23548.14245315135,0
509,11,60.08686099667102,23582.874226681073,0
510,7,52.934250491671264,23617.606000210795,0
511,28,95.66227339673789,23652.337773740517,5
512,7,51.78569699637592,23687.06954727024,0
513,15,63.37198339169845,23721.80132079996,0
514,13,52.5126809021458,23756.533094329683,0
515,5,61.41345220385119,23791.264867859405,0
516,7,74.01622859761119,23825.996641389123,0
517,16,58.2227315986529,23860.728414918845,0
518,22,75.76518059941009,23895.460188448567,0
519,14,60.56699209148064,23941.76921982153,0
520,12,63.36120630148798,23988.078251194493,0
521,11,52.41301760543138,24034.387282567455,0
522,10,53.19805220933631,24069.119056097177,0
523,7,67.12172999978065,24103.8508296269,0
524,18,51.76403949735686,24138.58260315662,0
525,46,90.86257829330862,24173.314376686343,16
526,9,50.94245350919664,24208.046150216065,0
527,18,64.43092370172963,24242.777923745787,0
528,9,69.70926889916882,24277.50969727551,0
529,8,57.57363550364971,24312.24147080523,0
530,20,45.801641093567014,24346.973244334953,0
531,14,61.42707460094243,24381.705017864675,0
532,13,57.9519295017235,24416.436791394393,0
533,4,79.52762270579115,24451.168564924115,0
534,7,57.3352463892661,24485.900338453837,0
535,20,49.53585029579699,24520.63211198356,0
536,39,77.9757815063931,24555.36388551328,12
537,8,52.30897630099207,24590.095659043003,0
538,8,59.794201294425875,24636.404690415966,0
539,18,71.42502749338746,24682.71372178893,0
540,11,64.82008449966088,24729.02275316189,0
541,13,69.15373270167038,24775.331784534854,0
542,6,69.03102869400755,24821.640815907816,0
543,6,53.20323200430721,24867.94984728078,0
544,9,55.45424339361489,24902.6816208105,0
545,32,69.7757935966365,24937.41339434022,8
546,11,63.3241752977483,24972.14516786994,0
547,32,65.23825059412047,25006.876941399663,8
548,19,65.06891339085996,25053.185972772626,0
549,5,79.69148519914597,25099.49500414559,0
550,8,53.295980708207935,25145.80403551855,0
551,7,53.08709240052849,25180.535809048273,0
552,23,60.069948399905115,25215.267582577995,1
553,5,77.81813240144402,25249.999356107717,0
554,10,49.28196009714157,25284.73112963744,0
555,16,69.62356299627572,25331.0401610104,0
556,8,61.70258939964697,25377.349192383364,0
557,5,71.97105770464987,25423.658223756327,0
558,34,100.16998059581965,25469.96725512929,10
559,19,59.50471230316907,25516.27628650225,0
560,16,57.059990405105054,25562.58531787521,0
561,11,75.46160269994289,25608.894349248174,0
562,12,72.38197840051726,25655.203380621137,0
563,25,66.45218179328367,25701.5124119941,3
564,12,53.68709289468825,25747.821443367062,0
565,15,52.09518650081009,25794.130474740025,0
566,12,54.019499104470015,25840.439506112987,0
567,17,61.20283210184425,25886.74853748595,0
568,8,53.05288250092417,25933.057568858912,0
569,49,106.95045799948275,25979.366600231875,18
570,3,82.34975080704316,26025.675631604838,0
571,10,59.41872140392661,26071.984662977797,0
572,6,55.67612600279972,26118.29369435076,0
573,8,70.45793819706887,26164.602725723722,0
574,17,52.142890403047204,26210.911757096685,0
575,14,55.766831804066896,26257.220788469647,0
576,17,63.89780540484935,26303.52981984261,0
577,7,64.280004799366,26349.838851215573,0
578,9,51.05951030272991,26396.147882588535,0
579,19,57.050800195429474,26442.456913961498,0
580,7,63.336948794312775,26488.76594533446,0
581,8,58.63403850235045,26535.074976707423,0
582,16,75.67078940337524,26581.384008080386,0
583,5,69.24649840220809,26627.69303945335,0
584,6,75.24548110086471,26674.00207082631,0
585,6,69.13938350044191,26720.311102199274,0
586,4,82.57175399921834,26766.620133572233,0
587,8,76.07759489910677,26812.929164945195,0
588,13,63.94730459433049,26847.660938474917,0
589,9,63.78168649971485,26882.39271200464,0
590,4,86.91738379420713,26917.12448553436,0
591,17,63.02071390673518,26951.856259064083,0
592,6,92.32177230296656,26986.588032593805,0
593,20,59.761330008041114,27021.319806123527,0
594,7,80.1313092932105,27056.05157965325,0
595,11,59.12001199321821,27090.78335318297,0
596,14,57.514965906739235,27125.515126712693,0
597,18,67.8759686066769,27160.246900242415,0
598,28,101.15808190312237,27194.978673772137,5
599,13,52.47553039807826,27229.71044730186,0
600,18,59.13927539950237,27264.44222083158,0
601,13,65.76244529569522,27299.1739943613,0
602,11,73.97497369674966,27333.90576789102,0
603,16,53.536863008048385,27368.637541420743,0
604,46,80.17767660785466,27403.369314950465,16
605,3,72.7638672105968,27438.101088480187,0
606,21,42.648568598087884,27472.83286200991,0
607,18,54.52479060040787,27507.56463553963,0
608,20,52.22354920115322,27542.296409069353,0
609,15,50.6390969036147,27577.028182599075,0
610,28,77.2064702003263,27611.759956128797,5
611,8,69.75551849463955,27646.49172965852,0
612,24,69.52017659787089,27681.22350318824,2
613,7,59.49813569895923,27715.955276717963,0
614,5,70.45480329543352,27750.687050247685,0
615,21,62.86229290999472,27785.418823777407,0
616,17,71.584589604754,27820.15059730713,0
617,9,46.47995459381491,27854.88237083685,0
618,10,58.2154992967844,27889.61414436657,0
619,5,80.7302770903334,27924.34591789629,0
620,10,59.10418210551143,27952.131336720067,0
621,19,51.62327840225771,27979.916755543847,0
622,6,60.5898623005487,28007.702174367623,0
623,18,69.04240030562505,28035.487593191403,0
624,12,70.34660259960219,28063.27301201518,0
625,8,60.55072869639844,28091.058430838955,0
626,12,61.55484379269183,28118.843849662735,0
627,35,68.93800760153681,28146.62926848651,10
628,3,66.12534850137308,28174.41468731029,0
629,5,56.60265639889985,28202.200106134067,0
630,8,54.721980902832,28229.985524957843,0
631,19,51.811525295488536,28257.770943781623,0
632,36,78.85239419993013,28285.5563626054,11
633,3,59.356649208348244,28313.34178142918,0
634,7,57.94975800672546,28341.127200252955,0
635,20,62.82464410178363,28364.281715939436,0
636,12,57.151706400327384,28387.436231625918,0
637,5,68.72041990282014,28410.590747312395,0
638,7,71.81119580054656,28433.745262998877,0
639,18,62.67589059425518,28456.899778685358,0
640,6,53.35614560171962,28480.05429437184,0
641,3,64.10243170103058,28507.839713195615,0
642,17,85.40023600216955,28535.625132019395,0
643,13,51.92666299408302,28563.41055084317,0
644,16,53.15255320165306,28591.19596966695,0
645,9,53.7261447054334,28618.981388490727,0
646,25,83.75554860103875,28646.766807314503,3
647,38,78.39299200568348,28674.552226138283,12
648,6,75.30996860004961,28702.33764496206,0
649,22,48.61440849490464,28730.12306378584,0
650,14,51.298597105778754,28757.908482609615,0
651,18,68.34399140207097,28785.69390143339,0
652,17,64.00308709125966,28813.47932025717,0
653,4,65.22327770944685,28841.264739080947,0
654,4,79.50851989444345,28869.050157904727,0
655,9,55.107762303669006,28896.835576728503,0
656,12,52.32304250821471,28919.990092414984,0
657,4,82.34818170312792,28943.144608101466,0
658,7,69.0304639050737,28966.299123787947,0
659,35,90.31363910762593,28989.453639474425,10
660,13,71.30079730413854,29012.608155160906,0
661,26,90.600530593656,29035.762670847387,4
662,48,67.73855809587985,29063.548089671163,17
663,18,74.04963159933686,29091.333508494943,0
664,41,111.72251020325348,29119.11892731872,13
665,38,88.8001574901864,29146.9043461425,12
666,25,86.56389389652759,29174.689764966275,3
667,6,77.63394110370427,29197.844280652756,0
668,4,95.72223740397021,29220.998796339238,0
669,9,49.36718730023131,29244.15331202572,0
670,8,58.21444570319727,29267.3078277122,0
671,9,51.737884094472975,29290.46234339868,0
672,12,67.8183170966804,29313.616859085163,0
673,13,89.34146399842575,29336.771374771644,0
674,7,51.51422340422869,29359.925890458126,0
675,6,68.96719289943576,29383.080406144607,0
676,7,67.18217700254172,29406.23492183109,0
677,3,70.01016370486468,29429.38943751757,0
678,4,58.89625920681283,29452.54395320405,0
679,17,61.060814396478236,29475.698468890532,0
680,14,55.967891204636544,29498.852984577014,0
681,10,57.99432910280302,29522.00750026349,0
682,5,63.20912889204919,29545.162015949973,0
683,12,71.03048349963501,29568.316531636454,0
684,11,49.78125470224768,29591.471047322935,0
685,9,63.44155999831855,29614.625563009417,0
686,9,64.6972356014885,29637.780078695898,0
687,12,63.23344350093976,29660.93459438238,0
688,10,55.91631740098819,29684.08911006886,0
689,3,61.42689819680527,29707.24362575534,0
690,9,83.36614900035784,29730.398141441823,0
691,5,75.40456289425492,29753.552657128304,0
692,5,79.0163783938624,29776.707172814786,0
693,9,56.95614379364997,29799.861688501267,0
694,13,56.22813579393551,29823.01620418775,0
695,13,71.7409971053712,29846.17071987423,0
696,28,71.27084280364215,29869.32523556071,5
697,27,91.93501499248669,29892.479751247192,4
698,22,60.884158103726804,29915.634266933674,0
699,7,57.890876894816756,29938.788782620155,0
700,36,87.48433639993891,29961.943298306636,11
701,8,58.355455193668604,29985.097813993118,0
702,3,86.04598629754037,30008.2523296796,0
703,20,70.67078009713441,30031.40684536608,0
704,8,53.97954049985856,30054.56136105256,0
705,10,57.8515195986256,30077.715876739043,0
706,7,56.09753149328753,30100.87039242552,0
707,6,72.16263560112566,30124.024908112002,0
708,4,82.72010849323124,30147.179423798483,0
709,3,71.826360700652,30170.333939484965,0
710,15,55.76743920100853,30193.488455171446,0
711,9,62.756365502718836,30216.642970857927,0
712,13,54.74703310756013,30239.79748654441,0
713,3,75.60926489531994,30262.95200223089,0
714,10,50.41513559408486,30286.10651791737,0
715,12,51.336463599000126,30309.261033603852,0
716,9,74.59856290370226,30332.415549290334,0
717,3,83.0410802969709,30355.570064976815,0
718,9,58.00261839758605,30378.724580663296,0
719,25,95.31008249614388,30401.879096349778,3
720,6,69.35581399593502,30425.03361203626,0
721,16,67.04977069748566,30448.18812772274,0
722,14,59.02579330140725,30471.34264340922,0
723,5,78.79132259404287,30494.497159095703,0
724,16,54.250402690377086,30517.651674782184,0
725,13,63.96414450136945,30540.806190468666,0
726,9,57.8314095037058,30563.960706155147,0
727,6,69.78081490378827,30587.11522184163,0
728,25,62.337181298062205,30610.26973752811,3
729,5,63.09422629419714,30633.424253214587,0
730,12,60.4306853027083,30656.57876890107,0
731,4,72.59681449504569,30679.73328458755,0
732,27,77.33698789961636,30702.88780027403,4
733,23,60.40340280160308,30726.042315960512,1
734,19,67.70522730657831,30749.196831646994,0
735,23,71.06280541047454,30772.351347333475,1
736,7,83.21980549953878,30795.505863019956,0
737,8,60.8365916996263,30818.660378706438,0
738,14,60.597643500659615,30841.81489439292,0
739,4,66.27498680027202,30864.9694100794,0
740,20,69.51197870075703,30888.12392576588,0
741,12,57.23240510560572,30911.278441452363,0
742,40,87.77554439147934,30934.432957138844,12
743,18,48.85855820029974,30957.587472825326,0
744,46,97.31959300115705,30980.741988511807,16
745,5,68.69885880732909,31003.89650419829,0
746,4,70.14322159811854,31027.05101988477,0
747,10,55.700251599773765,31050.20553557125,0
748,7,80.17126210033894,31073.360051257732,0
749,7,51.310351700522006,31096.514566944214,0
750,3,58.68146960856393,31119.669082630695,0
751,21,51.63247280288488,31147.45450145447,0
752,7,71.69179229531437,31175.23992027825,0
753,21,55.523253802675754,31203.025339102027,0
754,18,51.403965801000595,31230.810757925807,0
755,34,99.65502299601212,31258.596176749583,10
756,6,58.405663492158055,31281.750692436064,0
757,7,62.35182259697467,31304.905208122545,0
758,3,76.68474819511175,31328.059723809027,0
759,5,65.76020340435207,31351.214239495504,0
760,11,68.91179939266294,31374.368755181986,0
761,9,60.70867970120162,31397.523270868467,0
762,8,56.87872900161892,31425.308689692243,0
763,6,73.14108950085938,31453.094108516023,0
764,16,63.10048520099372,31480.8795273398,0
765,5,59.24480449175462,31508.66494616358,0
766,8,62.591436004731804,31536.450364987355,0
767,14,55.36502579925582,31559.604880673836,0
768,24,62.46252789860591,31582.759396360318,2
769,13,68.90009349444881,31605.9139120468,0
770,16,65.31834070337936,31629.06842773328,0
771,33,77.73001630557701,31652.22294341976,9
772,24,42.63721519382671,31675.377459106243,2
773,5,64.02795319445431,31695.224186837513,0
774,4,89.35757200233638,31715.070914568783,0
775,15,48.612071096431464,31734.917642300054,0
776,6,77.19735420541838,31754.76437003132,0
777,5,91.31747159408405,31774.61109776259,0
778,4,74.3333247024566,31794.45782549386,0
779,20,57.996809703763574,31814.30455322513,0
780,5,71.21461989590898,31837.459068911612,0
781,5,62.26044580107555,31860.613584598093,0
782,9,71.49536869255826,31883.76810028457,0
783,14,59.78052810532972,31906.922615971052,0
784,16,57.18014630256221,31930.077131657534,0
785,27,82.8615408972837,31953.231647344015,4
786,24,61.379124503582716,31976.386163030496,2
787,8,65.53562600165606,31999.540678716978,0
788,35,70.8971795043908,32022.69519440346,10
789,20,58.64663179963827,32045.84971008994,0
790,8,60.24978499626741,32069.00422577642,0
791,24,69.7621340979822,32092.158741462903,2
792,24,53.51328619290143,32115.313257149384,2
793,27,99.2070158943534,32138.467772835866,4
794,20,56.12006429582834,32161.622288522347,0
795,9,65.03178289858624,32184.77680420883,0
796,12,53.77372690709308,32207.93131989531,0
797,25,104.94088290724903,32231.08583558179,3
798,19,58.439273200929165,32250.93256331306,0
799,13,59.54790289979428,32270.77929104433,0
800,13,59.452747798059136,32290.6260187756,0
801,12,55.10918509680778,32310.472746506868,0
802,8,61.167524103075266,32330.31947423814,0
803,16,59.8877058015205,32350.16620196941,0
804,18,53.57442799722776,32370.01292970068,0
805,7,48.126761498861015,32389.85965743195,0
806,3,83.41277269646525,32409.706385163216,0
807,38,93.53523630416021,32429.553112894486,12
808,13,65.02747680060565,32449.399840625756,0
809,6,87.02284400351346,32469.246568357026,0
810,15,61.604479304514825,32489.093296088293,0
811,13,57.48021029867232,32508.940023819563,0
812,3,68.00733270356432,32532.094539506044,0
813,19,46.53377750655636,32555.249055192526,0
814,15,66.22043959796429,32578.403570879007,0
815,5,60.706559801474214,32601.55808656549,0
816,16,70.10256999637932,32624.71260225197,0
817,12,72.27391399210319,32647.86711793845,0
818,19,50.89080680627376,32667.71384566972,0
819,5,67.91732319397852,32687.560573400988,0
820,12,48.03378190845251,32707.407301132258,0
821,25,77.2991428966634,32727.25402886353,3
822,7,64.02641610475257,32747.1007565948,0
823,5,56.03596119908616,32766.947484326065,0
824,14,55.06543319206685,32786.794212057335,0
825,7,85.34132729982957,32806.6409397886,0
826,9,53.185119095724076,32826.487667519876,0
827,5,57.04884360311553,32846.33439525114,0
828,16,58.192335010971874,32866.181122982416,0
829,9,57.54518440226093,32886.02785071368,0
830,21,68.73025259701535,32905.87457844496,0
831,20,62.67983709694818,32925.72130617622,0
832,19,52.649220800958574,32948.875821862704,0
833,7,78.4639217890799,32972.030337549186,0
834,30,72.66673549311236,32995.18485323567,7
835,20,65.939893189352,33018.33936892215,0
836,15,69.39812230411917,33041.49388460863,0
837,7,48.727847600821406,33064.64840029511,0
838,7,70.75419119792059,33092.43381911889,0
839,11,56.20650869095698,33120.21923794266,0
840,5,78.7315324996598,33148.00465676645,0
841,9,52.08259210921824,33175.79007559022,0
842,7,53.27191429678351,33203.575494414,0
843,4,79.53076199628413,33231.360913237775,0
844,11,41.901086806319654,33259.14633206155,0
845,6,62.966742808930576,33286.931750885335,0
846,12,57.08304769359529,33314.71716970911,0
847,4,64.49791369959712,33342.50258853289,0
848,13,55.720002797897905,33370.28800735666,0
849,3,58.20044620195404,33398.07342618044,0
850,6,70.68925410276279,33425.85884500422,0
851,3,81.04439780581743,33453.644263828,0
852,13,60.723498300649226,33481.429682651775,0
853,15,77.89117259671912,33516.16145618149,0
854,7,68.8615046092309,33550.89322971122,0
855,52,81.12798819784075,33585.625003240944,19
856,9,55.64741949783638,33620.35677677066,0
857,31,90.5041459016502,33689.82032383011,7
858,14,57.39643870620057,33759.28387088955,0
859,17,47.754105390049524,33828.747417948995,0
860,4,81.07986019458622,33898.21096500843,0
861,12,56.32303539896384,34037.13805912732,0
862,9,56.27810689620674,34176.06515324621,0
863,3,72.78436670312658,34314.992247365095,0
864,19,71.01836560759693,34453.91934148398,0
865,6,71.65166670456529,34592.84643560287,0
866,4,93.74540341086686,34731.77352972176,0
867,5,81.78514828905463,34870.70062384065,0
868,11,66.27114879665896,35009.62771795953,0
869,13,57.34632880194113,35148.554812078415,0
870,20,64.01588270673528,35287.4819061973,0
871,35,111.05508080217987,35426.40900031619,10
872,15,55.262365797534585,35565.33609443508,0
873,5,78.3814343973063,35704.26318855397,0
874,3,73.43725410755724,35843.190282672855,0
875,4,91.967972391285,35982.11737679174,0
876,7,63.822381501086056,36121.04447091063,0
877,5,74.65882889227942,36259.97156502951,0
878,19,61.989377706777304,36398.8986591484,0
879,4,70.3176122973673,36537.82575326729,0
880,8,63.06742079323158,36676.752847386175,0
881,7,71.8416647054255,36815.67994150506,0
882,3,71.78189820842817,36954.60703562395,0
883,9,58.70295870117843,37093.53412974284,0
884,3,67.2125353012234,37232.46122386173,0
885,4,57.48547150287777,37371.38831798061,0
886,4,72.18920859741047,37510.315412099495,0
887,10,57.67673150403425,37649.24250621838,0
888,5,56.49245859822258,37788.16960033727,0
889,8,72.28487679967657,37927.09669445616,0
890,11,61.355825094506145,38066.02378857505,0
891,10,51.49971270002425,38204.950882693935,0
892,22,48.76779650803656,38343.87797681282,0
893,22,59.027621208224446,38482.8050709317,0
894,7,63.98834770079702,38621.73216505059,0
895,15,50.94173189718276,38760.65925916948,0
896,3,75.50879799528047,38899.58635328837,0
897,9,50.68564920220524,39038.513447407255,0
898,8,64.50092240702361,39177.44054152614,0
899,3,71.25135629903525,39316.36763564503,0
900,5,77.69335879711434,39455.29472976392,0
901,14,57.6062464970164,39594.2218238828,0
902,6,74.10103910369799,39733.14891800169,0
903,25,88.87717849574983,39872.076012120575,3
904,20,54.88731099758297,40011.00310623946,0
905,9,55.11304619722068,40149.93020035835,0
906,8,74.2618702002801,40288.85729447724,0
907,10,59.14796700235456,40427.78438859613,0
908,11,61.487219599075615,40566.711482715014,0
909,6,84.65435550315306,40705.6385768339,0
910,9,64.37876500422135,40844.56567095278,0
911,22,59.781336202286184,40983.49276507167,0
912,14,58.56055339099839,41122.41985919056,0
913,3,66.89319590805098,41261.34695330945,0
914,8,63.738943508360535,41400.274047428335,0
915,25,57.633644505403936,41539.20114154722,3
916,10,48.44130629207939,41678.12823566611,0
