# {"latencies": "/workdir/DynWork/multimodal_dataset/repeat-4/Multimodal_Real_Dataset/Azure/summarization/bart_cnn/latencies.csv", "slo_ms": 62, "no_nexus": false, "maxb": 8, "reqs": "/workdir/DynWork/multimodal_dataset/repeat-4/Multimodal_Real_Dataset/Azure/summarization/bart_cnn/jobs.bucketed.csv", "debug": false, "image": "Chihuahua1_bvdb.jpg", "outdir": "/workdir/DynWork/multimodal_dataset/repeat-4/Multimodal_Real_Dataset/Azure/summarization/bart_cnn/1_x_P99/nexus", "bindir": "/tmp/build/nexus-bin", "pause": false, "reproducibility": {"command_line": "python dynamic_test.py --slo_ms 62 --maxb 8 --bindir /tmp/build/nexus-bin Chihuahua1_bvdb.jpg /workdir/DynWork/multimodal_dataset/repeat-4/Multimodal_Real_Dataset/Azure/summarization/bart_cnn/jobs.bucketed.csv /workdir/DynWork/multimodal_dataset/repeat-4/Multimodal_Real_Dataset/Azure/summarization/bart_cnn/latencies.csv /workdir/DynWork/multimodal_dataset/repeat-4/Multimodal_Real_Dataset/Azure/summarization/bart_cnn/1_x_P99/nexus", "time": "Sat Apr  2 16:36:55 2022", "git_root": "/workdir/nexus", "git_url": "https://github.com/Aetf/nexus/tree/660705b33cdfaa936d8aa5d1e41166826dbfe4e7", "git_has_uncommitted_changes": false}}
JobId,Length,Admitted,Started,Finished,Latency,State,EName
0,22.552872622895585,0.0,6.202842995524406,39.169842995524405,32.967,done,
1,22.836057246793967,19.09938042016735,25.7973759919405,62.2573759919405,36.46,done,
2,22.97187900374643,38.1987608403347,45.448594994843006,85.382594994843,39.934,done,
3,22.514980137723487,57.29814126050205,65.47006899863482,107.91906899863481,42.449,done,
4,22.479520304118317,76.3975216806694,85.28004499524832,130.50304499524833,45.223,done,
5,22.40703857582932,95.49690210083676,105.75409999489784,153.04209999489785,47.288,done,
6,57.33411840981448,114.5962825210041,146.18486700206995,211.07386700206996,64.889,error,
7,58.81281121416386,133.69566294117146,206.13235399872065,290.8543539987206,84.722,error,
8,62.817387468289446,152.7950433613388,125.32976499944924,210.95376499944922,85.624,done,
9,59.40550108634475,171.8944237815061,166.28641000390053,290.94741000390053,124.661,done,
10,58.06269494906019,190.9938042016735,186.06362099945545,291.2186209994554,105.155,done,
11,58.80201797263885,214.8680297268827,231.1164309978485,384.25443099784854,153.138,done,
12,60.43512278989974,238.7422552520919,306.65538899600506,384.31838899600507,77.663,error,
13,23.3489964366485,262.61648077730104,380.8284259960056,459.4864259960056,78.658,error,
14,22.74633551662665,286.49070630251026,255.7527249976993,384.2907249976993,128.538,done,
15,59.14728271612291,310.36493182771943,280.7893969938159,384.3573969938159,103.568,done,
16,23.09088378174462,334.2391573529286,355.8754459992051,459.54744599920514,103.672,done,
17,22.83854679099059,358.1133828781378,455.4830430001021,550.2010430001021,94.718,error,
18,57.090717563455534,381.987608403347,331.3495739996433,460.1865739996433,128.837,done,
19,21.58663757108766,397.9037587534864,405.6807669997215,550.0747669997215,144.394,done,
20,58.64494788528077,413.819909103626,422.3886860013008,550.5586860013008,128.17,done,
21,56.95651008265806,429.7360594537654,438.8461489975453,550.2381489975453,111.392,done,
22,21.83559419744462,445.6522098039048,471.8198909983039,550.6148909983038,78.795,error,
23,61.3971170746274,461.5683601540443,488.3041039928794,662.3571039928794,174.053,done,
24,56.77016485557061,477.4845105041837,504.9593340009451,662.509334000945,157.55,done,
25,58.00587262207858,493.4006608543232,554.6056539937854,662.7596539937854,108.154,error,
26,57.32291139652638,509.3168112044627,571.2445929944515,662.9635929944516,91.719,error,
27,60.25172849307267,525.2329615546021,617.8527199923992,769.3647199923992,151.512,done,
28,22.62388168992696,541.1491119047416,656.9272459968925,769.6192459968925,112.692,error,
29,59.51958663615923,557.0652622548811,521.6108829975128,662.6108829975128,141.0,done,
30,22.569719461134717,572.9814126050205,538.3018520027399,663.1138520027399,124.812,done,
31,57.78382536224825,585.7143328851321,587.9623590037227,663.2753590037227,75.313,error,
32,55.14477406202512,598.4472531652436,604.7732440009713,769.4262440009713,164.653,done,
33,59.50659707266677,611.1801734453552,684.4720989987254,770.2710989987254,85.799,error,
34,22.304036116250085,623.9130937254668,630.8926229998469,769.995622999847,139.103,done,
35,21.801935584477263,636.6460140055783,643.8239360004663,769.6129360004663,125.789,done,
36,56.19544619253929,649.3789342856899,670.1110489964485,770.4890489964486,100.378,error,
37,54.66057229570631,662.1118545658014,698.8329849988222,770.7249849988223,71.892,error,
38,60.678165023988456,674.844774845913,713.1993549987674,880.2103549987673,167.011,done,
39,59.393660796002905,687.5776951260245,727.5352169945836,880.4552169945836,152.92,done,
40,22.59934944059528,700.3106154061362,741.8891749978065,880.9731749978066,139.084,done,
41,22.949455803300484,713.0435356862478,756.2782780006528,880.6492780006528,124.371,done,
42,23.53792876502721,725.7764559663593,770.4182249978185,880.6752249978185,110.257,error,
43,22.810089790935333,738.5093762464709,783.4358109980822,881.1128109980822,97.677,error,
44,22.105263317871135,751.2422965265824,797.8073059991002,881.2973059991002,83.49,error,
45,55.19560671374557,763.975216806694,812.1350739970803,881.3920739970804,69.257,error,
46,23.20335074431445,785.19675060688,833.464112997055,909.8951129970551,76.431,done,
47,23.040560728237093,806.4182844070659,854.8073199987411,910.2313199987411,55.424,done,
48,22.87239193023403,827.6398182072518,876.150308996439,939.451308996439,63.301,done,
49,22.50218441711917,848.8613520074377,897.7010670006275,939.4660670006275,41.765,done,
50,22.914719922960472,870.0828858076237,919.6481039971112,962.2541039971112,42.606,done,
51,57.019431539307945,891.3044196078097,941.8611449971796,1019.2481449971797,77.387,done,
52,22.92357492146132,912.5259534079956,963.1992710009216,1112.9292710009215,149.73,done,
53,60.34037866824445,933.7474872081816,1006.1729890033604,1112.8959890033605,106.723,done,
54,56.2807640904723,954.9690210083676,1025.572939991951,1112.734939991951,87.162,error,
55,22.121455571363462,974.0684014285348,1045.4155379980805,1112.9525379980805,67.537,error,
56,21.652317382060232,993.167781848702,1105.0855299979448,1202.0845299979449,96.999,done,
57,57.85673235113195,1012.2671622688696,984.5753069967031,1113.2263069967032,128.651,done,
58,56.75701586254416,1031.3665426890368,1124.3496639952064,1202.3386639952064,77.989,error,
59,53.99518115729232,1050.465923109204,1085.0821110010147,1202.3231110010147,117.241,done,
60,56.54963174236795,1069.5653035293717,1065.2650169953704,1202.7160169953704,137.451,done,
61,59.742327966404346,1088.664683949539,1144.0419759973884,1294.7849759973883,150.743,done,
62,22.545208033714168,1107.7640643697064,1164.0085289999845,1294.6865289999846,130.678,done,
63,57.53902983174415,1126.8634447898737,1183.900224998593,1295.1672249985932,111.267,done,
64,58.05123396841889,1145.962825210041,1203.3444229960442,1294.7874229960441,91.443,error,
65,22.21580849574138,1163.325898319284,1221.5936059951782,1294.9796059951782,73.386,error,
66,21.96433557283528,1180.688971428527,1239.3128580003977,1331.4408580003976,92.128,done,
67,23.373785003441714,1198.05204453777,1257.0406999960542,1331.3696999960541,74.329,done,
68,22.01373674544364,1215.4151176470132,1274.9768320024014,1331.5148320024014,56.538,done,
69,22.34100524823513,1232.7781907562562,1292.86160299927,1407.13860299927,114.277,done,
70,59.32035913768328,1250.1412638654992,1382.7269420027733,1495.4219420027732,112.695,done,
71,59.30881326619282,1267.5043369747425,1328.8001950010655,1407.3541950010656,78.554,error,
72,22.785334944590847,1284.8674100839853,1310.8037270009518,1407.6777270009518,96.874,done,
73,57.05555811674321,1302.2304831932283,1347.021312996745,1495.572312996745,148.551,done,
74,22.5202396149942,1319.5935563024714,1489.1700929924846,1570.8100929924847,81.64,error,
75,23.058740080927336,1336.9566294117144,1364.996897995472,1496.1838979954719,131.187,done,
76,57.28295406078728,1358.1781632119005,1400.608657002449,1495.663657002449,95.055,error,
77,59.44385669162509,1379.3996970120863,1423.1303320005536,1495.8983320005536,72.768,error,
78,58.20003276295451,1400.6212308122722,1467.1459499970078,1571.0119499970078,103.866,done,
79,57.64864438773111,1421.8427646124585,1445.1802340000868,1571.4142340000867,126.234,done,
80,22.73307070733998,1443.064298412644,1511.608331002295,1606.682331002295,95.074,done,
81,22.841647036007885,1464.2858322128302,1533.6553940027952,1607.1483940027952,73.493,done,
82,22.301272592116387,1485.507366013016,1555.5493449941278,1607.2973449941278,51.748,done,
83,22.315733749373333,1506.728899813202,1577.8287779986858,1629.584777998686,51.756,done,
84,58.50449103832268,1527.950433613388,1599.840472996235,1687.992472996235,88.152,done,
85,55.083585725728746,1547.049814033555,1678.6533649936318,1767.7293649936319,89.076,error,
86,62.35604198088432,1566.1491944537229,1619.626884996891,1688.378884996891,68.752,error,
87,22.78045861262952,1585.24857487389,1639.1645129993558,1767.5955129993558,128.431,done,
88,23.055337701124916,1604.347955294057,1738.446043998003,1838.050043998003,99.604,done,
89,22.47693653558714,1623.447335714225,1758.4324520006776,1838.0724520006777,79.64,error,
90,55.43748703584386,1642.5467161343922,1658.823838993907,1768.140838993907,109.317,done,
91,21.636020786841417,1661.6460965545596,1699.230943992734,1768.438943992734,69.208,error,
92,58.24054577263447,1680.745476974727,1718.733146995306,1838.547146995306,119.814,done,
93,58.09474076136084,1699.8448573948942,1779.6488690003753,1928.0278690003752,148.379,done,
94,22.509565738566227,1718.9442378150616,1834.885218001902,1928.2212180019021,93.336,error,
95,22.452917956847426,1736.3073109243046,1853.8581789955497,1928.8931789955498,75.035,error,
96,59.61132987669442,1753.6703840335476,1799.5598069950938,1928.7728069950938,129.213,done,
97,58.42712207788679,1771.033457142791,1817.1208930015564,1929.0508930015565,111.93,done,
98,58.913432335324224,1788.3965302520337,1871.5070709958677,2019.2610709958676,147.754,done,
99,55.51165708978885,1805.7596033612767,1889.3871899992228,2019.4251899992228,130.038,done,
100,23.48466307667464,1823.12267647052,1907.2986769974232,2019.849676997423,112.551,done,
101,22.24923604521164,1840.4857495797628,1924.987907998264,2019.718907998264,94.731,error,
102,22.46970102487817,1857.8488226890056,1944.2869839966295,2019.9699839966295,75.683,error,
103,58.87294506732902,1875.2118957982489,1962.1216819956896,2110.4526819956895,148.331,done,
104,22.21299845442221,1892.574968907492,2037.4832409918308,2110.571240991831,73.088,error,
105,56.94421002116933,1909.938042016735,1979.948192998767,2110.537192998767,130.589,done,
106,22.532460264939385,1929.0374224369025,1997.979412004352,2110.810412004352,112.831,done,
107,58.8520844456433,1948.1368028570696,2017.8720220029356,2110.9270220029357,93.055,error,
108,57.419162767235846,1967.236183277237,2057.3719739988446,2202.7949739988444,145.423,done,
109,59.59740468698101,1986.3355636974045,2077.1754050031304,2202.8764050031305,125.701,done,
110,23.037290519213016,2005.434944117572,2196.722272992134,2280.0802729921343,83.358,error,
111,22.31325280134838,2024.534324537739,2097.1353569999337,2203.0833569999336,105.948,done,
112,57.58828898750431,2043.6337049579065,2116.9166700020432,2203.040670002043,86.124,error,
113,60.55821842412129,2062.7330853780736,2137.0190389975905,2203.3790389975907,66.36,error,
114,22.02353727764523,2081.832465798241,2214.7258279919624,2280.0708279919622,65.345,error,
115,22.68655492845124,2100.9318462184083,2176.766232997179,2280.761232997179,103.995,done,
116,57.48500056165231,2116.847996568548,2156.821061000228,2280.479061000228,123.658,done,
117,22.88762461799806,2132.7641469186874,2231.596190996468,2369.389190996468,137.793,done,
118,22.6490559667232,2148.6802972688265,2248.54962399602,2369.55062399602,121.001,done,
119,57.67787474998827,2164.596447618966,2265.5364030003548,2369.733403000355,104.197,done,
120,23.002949527988758,2180.5125979691056,2281.696082994342,2369.8340829943418,88.138,error,
121,22.1413372430889,2196.428748319245,2298.649292998016,2370.140292998016,71.491,error,
122,22.44208544845793,2212.3448986693847,2315.2833829969168,2465.9903829969167,150.707,done,
123,22.09374050476709,2228.2610490195243,2382.5467029958963,2466.4547029958962,83.908,error,
124,62.445850058775775,2244.177199369664,2399.410759992897,2466.763759992897,67.353,error,
125,54.55709509773163,2260.093349719803,2459.1587990000844,2541.4287990000844,82.27,error,
126,57.3878536491732,2276.0095000699425,2332.1562729999423,2466.3222729999425,134.166,done,
127,59.33222167847768,2291.925650420082,2349.076800994575,2467.1448009945752,118.068,done,
128,59.18154941125486,2311.025030840249,2366.0112980008125,2466.8282980008125,100.817,error,
129,22.613580458210222,2330.1244112604168,2419.193700000644,2541.728700000644,122.535,done,
130,23.4497666093949,2349.2237916805843,2439.150956004858,2541.962956004858,102.812,done,
131,58.53309997580583,2368.3231721007514,2479.504101000726,2631.9061010007263,152.402,done,
132,57.47464308558628,2387.4225525209185,2538.359985999763,2632.245985999763,93.886,error,
133,22.65672715788797,2406.521932941086,2615.9328770041466,2725.4968770041464,109.564,done,
134,60.02029485505066,2425.6213133612537,2499.305492997169,2632.836492997169,133.531,done,
135,22.35267956216518,2444.720693781421,2518.72663000226,2632.88263000226,114.156,done,
136,60.23118052443356,2463.820074201588,2557.806705996394,2632.605705996394,74.799,error,
137,58.9789720917105,2482.9194546217554,2577.976922996342,2725.072922996342,147.096,done,
138,60.361036153777576,2500.2825277309985,2723.598665997386,2814.691665997386,91.093,error,
139,58.018707653571255,2517.645600840241,2598.0270190015435,2725.6310190015433,127.604,done,
140,22.90578331010111,2535.0086739494845,2633.588701993227,2725.555701993227,91.967,error,
141,22.42644009693028,2552.371747058728,2651.998543001712,2725.947543001712,73.949,error,
142,57.79419025403256,2569.7348201679706,2669.6830719932914,2814.6990719932915,145.016,done,
143,23.224119166909155,2587.0978932772136,2687.648647002876,2815.505647002876,127.857,done,
144,57.838180068645016,2604.4609663864567,2705.656843997538,2815.218843997538,109.562,done,
145,22.20964226466004,2621.8240394957,2741.6265849992637,2815.2245849992637,73.598,error,
146,58.82159676099819,2639.1871126049427,2759.491965994239,2909.831965994239,150.34,done,
147,61.51944403334748,2656.550185714186,2838.4437629953027,2910.1107629953026,71.667,error,
148,52.822538207510206,2673.913258823429,2795.1573639959097,2910.0453639959096,114.888,done,
149,22.13268507302222,2695.134792623615,2777.407506994903,2910.764506994903,133.357,done,
150,58.39934882594022,2716.356326423801,2816.573450997472,2910.4764509974716,93.903,error,
151,59.84038904377552,2737.5778602239866,2860.505966000259,2986.018966000259,125.513,done,
152,57.19915151745237,2758.7993940241727,2948.052020996809,3074.489020996809,126.437,done,
153,22.14859612529845,2780.0209278243588,2904.450502999127,2986.1105029991268,81.66,error,
154,57.22065628392181,2801.242461624545,2882.531651996076,2986.571651996076,104.04,done,
155,22.91782566740545,2822.4639954247305,2991.963048003614,3074.583048003614,82.62,error,
156,22.875260931390056,2843.6855292249165,3038.718644998968,3166.243644998968,127.525,done,
157,57.59745728914363,2864.9070630251026,3053.720528997481,3166.482528997481,112.762,done,
158,59.05466625202212,2879.598894117539,2970.0541709959507,3074.8591709959505,104.805,done,
159,59.355890463169565,2894.290725209976,2926.2499089986086,3075.2679089986086,149.018,done,
160,22.3444224025042,2908.982556302412,3007.8582079932094,3075.2182079932095,67.36,error,
161,22.33809930676494,2923.674387394848,3023.698038995266,3166.791038995266,143.093,done,
162,23.098817737908025,2938.3662184872846,3146.2550649940968,3259.427064994097,113.172,done,
163,58.93533549340209,2953.058049579721,3162.142903998494,3259.3489039984943,97.206,error,
164,23.103614111441765,2967.7498806721574,3068.7254460006952,3166.9424460006953,98.217,error,
165,21.17501216205731,2982.441711764594,3084.607442997396,3166.920442997396,82.313,error,
166,60.21524447565904,2997.1335428570305,3099.629152998328,3167.2431529983282,67.614,error,
167,56.88165675656634,3011.8253739494667,3178.8727569952607,3259.5527569952606,80.68,error,
168,22.42360327329242,3026.5172050419037,3194.8296959996223,3260.221695999622,65.392,error,
169,58.49556828570507,3041.2090361343394,3131.2176360040903,3260.3936360040902,129.176,done,
170,22.90266003123568,3055.900867226776,3115.4931749999523,3260.180174999952,144.687,done,
171,57.18886893463566,3077.122401026962,3216.627969995141,3332.227969995141,115.6,done,
172,22.93985788501009,3098.343934827148,3260.634751997888,3332.159751997888,71.525,error,
173,60.72114532446618,3119.5654686273338,3238.6649129986763,3332.6699129986764,94.005,done,
174,22.74846024588408,3140.78700242752,3282.889596991241,3405.119596991241,122.23,done,
175,57.34238282146149,3162.008536227705,3393.27434399724,3481.08234399724,87.808,error,
176,58.040348919594976,3183.2300700278915,3305.004664994776,3405.6896649947757,100.685,done,
177,59.43164380437549,3204.4516038280776,3327.0050230026245,3405.8330230026245,78.828,error,
178,22.646696531546027,3225.6731376282632,3349.209587998688,3480.963587998688,131.754,done,
179,56.387653747183215,3246.8946714284493,3371.2447430044413,3481.525743004441,110.281,done,
180,22.22506559170531,3278.7269721287284,3426.9648289978504,3510.5448289978503,83.58,done,
181,23.07845446333806,3310.559272829007,3459.953261002898,3511.0092610028983,51.056,done,
182,21.91095334657738,3342.3915735292862,3493.0588809922338,3532.7008809922336,39.642,done,
183,21.40698772345156,3374.2238742295654,3526.6101119965315,3555.8261119965314,29.216,done,
184,61.21773457092414,3406.056174929844,3559.4112089946866,3635.3702089946864,75.959,done,
185,22.849967927754427,3437.888475630123,3592.4280439913277,3664.804043991328,72.376,done,
186,22.56215319239669,3459.110009430309,3614.3972279950976,3665.023227995098,50.626,done,
187,22.489711189451544,3480.331543230495,3636.375894002616,3687.646894002616,51.271,done,
188,22.280296680488718,3501.553077030681,3658.327949002385,3709.956949002385,51.629,done,
189,58.4468889300314,3522.774610830867,3680.606915995479,3768.479915995479,87.873,done,
190,23.006545388612448,3543.9961446310526,3703.039090998471,3768.6500909984707,65.611,error,
191,22.80182614781366,3565.2176784312387,3725.5636869966975,3797.8096869966976,72.246,done,
192,22.725671953868066,3586.439212231425,3747.5597329959273,3798.2007329959274,50.641,done,
193,59.62405305046192,3607.6607460316095,3791.826688997448,3857.629688997448,65.803,error,
194,23.553400277814266,3628.882279831797,3857.466949991882,3928.620949991882,71.154,error,
195,55.96116199187711,3650.103813631983,3769.4179269969454,3858.0549269969456,88.637,done,
196,22.60386046583745,3671.325347432168,3813.5511199980974,3928.9551199980974,115.404,done,
197,57.10276592089487,3692.546881232354,3835.538699999452,3929.372699999452,93.834,done,
198,22.84725115075708,3713.768415032541,3879.399687997997,3958.3836879979967,78.984,done,
199,22.14538420637189,3734.989948832726,3901.3992429971695,3958.6792429971697,57.28,done,
200,61.86925415546795,3756.211482632912,3923.415974996984,4037.149974996984,113.734,done,
201,56.22822390180341,3777.433016433098,3967.3719509989023,4037.2289509989023,69.857,error,
202,22.56482337675826,3798.654550233284,3945.770189993084,4037.705189993084,91.935,done,
203,22.60879343535456,3819.87608403347,3989.3292009979486,4113.726200997949,124.397,done,
204,60.03398328101291,3851.708384733749,4022.2680129930377,4114.050012993038,91.782,done,
205,58.68799726763746,3883.540685434028,4055.209865003824,4188.330865003823,133.121,done,
206,22.80722115781986,3915.3729861343063,4088.270765997469,4188.5967659974685,100.326,done,
207,59.78187403350282,3947.205286834586,4120.665960997343,4188.776960997343,68.111,error,
208,22.818240864138424,3979.037587534865,4153.560717001557,4211.579717001558,58.019,done,
209,60.890548927304536,4010.869888235144,4204.328809000552,4272.369809000552,68.041,error,
210,58.83070338690342,4028.2329613443862,4186.518659003079,4272.630659003079,86.112,done,
211,23.70280696543979,4045.5960344536297,4223.597723998129,4309.573723998129,85.976,done,
212,22.61121674183131,4062.9591075628728,4241.6461709961295,4309.93317099613,68.287,done,
213,21.359611908947404,4080.322180672116,4259.58407099545,4310.12807099545,50.544,done,
214,58.99109982065343,4097.685253781358,4277.92997200042,4384.88397200042,106.954,done,
215,22.58262980732564,4115.048326890602,4295.791494995356,4385.181494995356,89.39,done,
216,21.71828615681871,4132.411399999844,4313.693179994822,4385.262179994822,71.569,error,
217,58.27843837725867,4149.774473109088,4331.538079999387,4474.878079999387,143.34,done,
218,55.90495210134603,4167.1375462183305,4349.464378997684,4475.098378997684,125.634,done,
219,22.11749145576399,4184.500619327574,4385.154480993748,4474.898480993747,89.744,error,
220,56.741318093673,4201.863692436817,4405.790327996016,4475.158327996016,69.368,error,
221,56.50917468377541,4220.963072856984,4445.59413100034,4548.86613100034,103.272,done,
222,57.93831094361083,4240.062453277152,4367.378999002278,4475.694999002278,108.316,done,
223,22.326979650683377,4259.161833697319,4425.813254997134,4549.218254997134,123.405,done,
224,22.527410450392424,4278.261214117486,4485.040555998683,4549.106555998683,64.066,error,
225,57.39823733547501,4297.360594537653,4465.557810999453,4549.322810999453,83.765,error,
226,60.6027900720162,4316.459974957821,4505.107273995876,4626.051273995877,120.944,done,
227,55.86807469856378,4335.559355377988,4603.005496993661,4713.160496993661,110.155,done,
228,60.37681652559802,4354.658735798155,4621.013443000615,4713.207443000615,92.194,error,
229,22.77016386164405,4373.758116218323,4525.054383993149,4626.239383993149,101.185,done,
230,23.087459996342574,4392.85749663849,4545.067873992026,4626.456873992026,81.389,error,
231,56.35618158371917,4410.220569747734,4564.968540996313,4712.890540996313,147.922,done,
232,56.85452303199206,4427.583642856976,4639.073023997247,4713.435023997247,74.362,error,
233,23.51240134101464,4444.94671596622,4692.9598079919815,4806.809807991982,113.85,done,
234,58.15945678573175,4462.309789075463,4710.982935994864,4807.0679359948645,96.085,error,
235,22.678805713774,4479.672862184706,4585.035076998174,4713.738076998175,128.703,done,
236,60.45873099420122,4497.035935293949,4656.949870996177,4806.627870996177,149.678,done,
237,60.00234169346992,4514.399008403192,4783.230854995549,4894.809854995548,111.579,done,
238,56.26399917513707,4531.762081512435,4674.9248320013285,4807.211832001329,132.287,done,
239,57.155913073853874,4549.125154621678,4729.3016209974885,4807.329620997489,78.028,error,
240,22.58004413666188,4566.488227730921,4747.352788001299,4895.130788001299,147.778,done,
241,22.594777681589125,4583.851300840164,4765.35105599463,4895.42605599463,130.075,done,
242,58.286796312388006,4601.214373949407,4801.281242996454,4895.454242996454,94.173,error,
243,58.92369323223237,4618.57744705865,4819.645787000656,4895.635787000656,75.99,error,
244,22.54045005358511,4635.940520167893,4837.720054998994,4986.774054998994,149.054,done,
245,59.41809453777934,4653.303593277136,4911.169299997389,4987.194299997389,76.025,error,
246,58.48618905401986,4670.666666386379,4983.049730993807,5082.333730993807,99.284,error,
247,59.5595601635046,4688.029739495622,4873.724344991148,4987.006344991149,113.282,done,
248,58.57703675516189,4705.392812604865,4891.707589998841,4987.084589998842,95.377,error,
249,59.91137021352343,4722.755885714108,4855.701003998518,4987.623003998518,131.922,done,
250,57.52867872879506,4740.118958823351,4929.178000994027,5082.192000994027,153.014,done,
251,61.75225391029287,4757.4820319325945,4947.075045995414,5082.324045995414,135.249,done,
252,60.18128101123614,4774.845105041837,4965.007234998047,5082.759234998048,117.752,done,
253,21.479475915511014,4788.487519627671,4997.0578029975295,5083.35780299753,86.3,error,
254,60.11636901734117,4802.129934213504,5011.60798099637,5083.39698099637,71.789,error,
255,22.3783670855159,4815.772348799339,5026.364947997034,5189.794947997034,163.43,done,
256,54.6061838244555,4829.414763385173,5085.572372995317,5190.201372995317,104.629,error,
257,59.11375724262527,4843.057177971006,5100.323884993792,5190.301884993792,89.978,error,
258,58.30629089976214,4856.69959255684,5174.970367997885,5297.706367997885,122.736,done,
259,58.33547917303972,4870.3420071426735,5189.981974996626,5297.1479749966265,107.166,error,
260,22.69994468583293,4883.984421728508,5041.258450999856,5190.001450999856,148.743,done,
261,59.46863542182564,4897.626836314342,5056.155496001244,5190.640496001243,134.485,done,
262,22.324238932062396,4911.269250900175,5071.02703999728,5191.204039997279,120.177,done,
263,58.32734907080535,4924.911665486009,5115.044566996396,5190.785566996396,75.741,error,
264,58.07386435327862,4938.554080071844,5129.955772995949,5297.441772995949,167.486,done,
265,59.49360854894266,4952.196494657677,5229.924763999879,5298.228763999879,68.304,error,
266,59.26070397020725,4965.838909243511,5159.758755996823,5299.083755996823,139.325,done,
267,23.07070680978441,4984.938289663678,5144.980637997389,5298.709637997389,153.729,done,
268,21.99812992410257,5004.037670083846,5210.010199002922,5298.772199002921,88.762,error,
269,22.982211530269424,5023.137050504013,5249.900307990611,5333.753307990611,83.853,done,
270,22.926511273755843,5042.23643092418,5289.986208997667,5333.875208997667,43.889,done,
271,23.095031703181174,5061.335811344348,5269.916357003152,5334.441357003152,64.525,done,
272,23.172252633425487,5080.435191764515,5310.5647500008345,5357.173750000835,46.609,done,
273,22.95260221854593,5099.5345721846825,5350.974035993218,5387.253035993219,36.279,done,
274,23.208792646108986,5118.63395260485,5330.608598001301,5387.469598001301,56.861,done,
275,22.84423033550885,5137.733333025018,5370.65576300025,5410.15576300025,39.5,done,
276,61.55708611119373,5156.832713445185,5407.968089997768,5471.751089997769,63.783,error,
277,55.923419389609776,5172.748863795324,5391.027225002646,5472.1212250026465,81.094,done,
278,58.170673255756064,5188.665014145464,5425.729953996837,5561.990953996838,136.261,done,
279,21.693089856729788,5204.581164495603,5476.534780994058,5562.597780994058,86.063,error,
280,55.29159322735146,5220.497314845742,5493.531804002821,5562.958804002821,69.427,error,
281,23.646330893960936,5236.413465195882,5544.285853996873,5650.742853996873,106.457,done,
282,58.862501760951055,5252.329615546021,5442.594894997776,5562.311894997775,119.717,done,
283,22.45908797770168,5268.24576589616,5459.407935000956,5563.207935000956,103.8,done,
284,22.673194688824903,5284.1619162463,5510.419165998697,5650.982165998697,140.563,done,
285,57.54992879716762,5300.078066596439,5527.32029299438,5651.09029299438,123.77,done,
286,54.14535469540667,5315.9942169465785,5561.338242001832,5651.286242001833,89.948,error,
287,57.1661229598889,5331.910367296719,5578.5078589990735,5651.309858999073,72.802,error,
288,23.624354857505427,5347.826517646858,5595.3199750036,5687.8359750036,92.516,done,
289,22.601738905948142,5366.925898067025,5615.230630993843,5687.954630993843,72.724,done,
290,22.82689666894927,5386.025278487193,5635.244268998504,5688.288268998504,53.044,done,
291,22.43715832825611,5405.12465890736,5654.782835997641,5717.940835997641,63.158,done,
292,23.41849676662342,5424.224039327527,5674.820918999612,5718.064918999612,43.244,done,
293,22.74108917259588,5443.323419747694,5694.7710339948535,5740.823033994853,46.052,done,
294,22.35029254490449,5462.422800167862,5714.968486994505,5763.750486994505,48.782,done,
295,21.878992891307675,5481.522180588029,5734.937916003168,5785.810916003167,50.873,done,
296,56.67317343311351,5500.621561008196,5754.531727001071,5842.579727001071,88.048,done,
297,22.347314939156192,5519.720941428364,5774.820790998638,5842.9357909986375,68.115,error,
298,22.86920821699712,5538.820321848531,5795.054960995913,5872.315960995913,77.261,done,
299,22.68932343304992,5560.0418556487175,5816.62660600245,5872.44860600245,55.822,done,
300,22.44003878055969,5581.263389448904,5838.520447999239,5894.514447999239,55.994,done,
301,58.367640749425625,5602.48492324909,5860.3271510005,5968.9171510005,108.59,done,
302,57.760340736819664,5623.706457049276,5904.101827003062,5969.036827003062,64.935,error,
303,55.4606564843268,5644.927990849461,5948.062890999019,6043.816890999019,95.754,done,
304,58.78242823335193,5666.149524649647,5970.004664994776,6043.846664994776,73.842,error,
305,22.702432830610245,5687.371058449833,5881.88765899092,5969.359658990919,87.472,done,
306,23.25869023390294,5708.592592250019,5926.112349003553,6044.038349003554,117.926,done,
307,22.7384967610691,5729.814126050205,5991.586231999099,6073.919231999099,82.333,done,
308,23.32654477818236,5753.688351575414,6016.583590000868,6074.2825900008675,57.699,done,
309,62.03888072392608,5777.562577100624,6041.622347995639,6136.090347995639,94.468,done,
310,20.500190831408734,5801.436802625833,6066.749022997916,6136.053022997916,69.304,error,
311,54.987786623140885,5825.311028151042,6116.025243997574,6207.698243997574,91.673,done,
312,56.21146157353633,5849.185253676251,6091.00521299988,6207.9572129998805,116.952,done,
313,22.35836399021261,5873.05947920146,6140.736809000373,6208.290809000373,67.554,error,
314,22.245376937909946,5896.933704726669,6165.444672994316,6280.969672994315,115.525,done,
315,57.43312472015527,5920.807930251878,6275.084317997098,6357.355317997098,82.271,error,
316,59.8109517019822,5948.092759423545,6190.382752001286,6281.137752001286,90.755,done,
317,21.828433506881883,5975.377588595214,6219.349622994661,6357.251622994661,137.902,done,
318,55.65440092442516,6002.662417766881,6247.058577001095,6357.622577001095,110.564,done,
319,22.8579127838901,6029.947246938549,6303.616777993739,6428.515777993739,124.899,done,
320,55.94351925463364,6057.232076110216,6331.66983499378,6428.94683499378,97.277,done,
321,21.729699825086374,6084.516905281885,6359.070939995348,6429.101939995348,70.031,error,
322,22.861327540176543,6111.801734453552,6387.03803999722,6504.51303999722,117.475,done,
323,59.63667457815372,6133.023268253738,6430.481183998287,6504.674183998287,74.193,error,
324,23.427510766423044,6154.244802053924,6496.24539899081,6576.60239899081,80.357,error,
325,22.431777832774294,6175.46633585411,6408.951662994921,6505.0066629949215,96.055,done,
326,56.71204543021941,6196.687869654296,6540.596414998174,6672.312414998174,131.716,done,
327,53.721940986891376,6217.909403454481,6562.335876993835,6672.386876993835,110.051,done,
328,58.211342333074604,6239.130937254668,6474.254795998335,6577.016795998335,102.762,done,
329,61.70609882874876,6260.352471054854,6452.424784995616,6577.360784995616,124.936,done,
330,22.74387153766596,6281.57400485504,6518.5413719937205,6672.565371993721,154.024,done,
331,22.589719071968617,6302.795538655226,6584.738689996302,6672.767689996303,88.029,error,
332,54.71258196008976,6330.080367826893,6612.782209992409,6741.843209992408,129.061,done,
333,23.2294777754088,6357.365196998561,6640.807047992945,6742.080047992945,101.273,done,
334,22.2680502602571,6384.650026170229,6668.857193998992,6742.155193998992,73.298,error,
335,56.44080937631367,6411.934855341896,6696.583108998835,6813.816108998835,117.233,done,
336,23.18683471293758,6439.219684513563,6724.617889992893,6814.169889992892,89.552,done,
337,58.47703819558853,6466.504513685231,6781.719761997461,6906.985761997461,125.266,done,
338,23.769929426233684,6493.789342856899,6883.069753997028,7001.218753997028,118.149,done,
339,60.27186826759176,6509.705493207038,6753.775533996522,6907.691533996523,153.916,done,
340,22.59195844832092,6525.621643557178,6798.704556003213,6907.905556003213,109.201,done,
341,60.1002977427692,6541.537793907317,6815.180738002062,6908.058738002062,92.878,error,
342,22.17249641473195,6557.453944257457,6832.325017996132,6908.139017996133,75.814,error,
343,59.27263880507705,6573.370094607596,6849.269307002425,7001.4763070024255,152.207,done,
344,60.91444289308415,6589.286244957735,6984.226909995079,7091.408909995079,107.182,done,
345,56.3427331706175,6605.202395307875,6866.122016996145,7001.542016996145,135.42,done,
346,57.45463980565577,6621.118545658014,6899.8360869959,7001.7420869959,101.906,error,
347,24.44263234233704,6637.034696008154,6916.364840000868,7001.851840000868,85.487,error,
348,23.19804681318027,6652.950846358293,6933.321139998734,7002.070139998734,68.749,error,
349,58.35645941601867,6668.866996708433,6967.187424995005,7091.524424995006,124.337,done,
350,22.0734039200938,6684.7831470585725,7072.896590001881,7182.435590001881,109.539,done,
351,55.99811560762888,6706.004680858759,6950.274028994143,7091.807028994143,141.533,done,
352,23.05165584427653,6727.226214658945,7006.635608002543,7091.889608002543,85.254,error,
353,58.88242431610061,6748.447748459131,7094.489998996258,7182.977998996258,88.488,error,
354,22.137242370573464,6769.669282259317,7182.427880994976,7253.377880994975,70.95,error,
355,57.73720199225487,6790.890816059502,7050.721338994801,7182.522338994801,131.801,done,
356,55.321035788494754,6812.112349859688,7028.699771001935,7183.178771001935,154.479,done,
357,55.84950308589379,6833.333883659874,7116.421296998858,7183.499296998859,67.078,error,
358,22.05550344139493,6854.55541746006,7138.427490994334,7253.550490994334,115.123,done,
359,22.447679745018068,6875.776951260246,7248.737995997071,7325.615995997071,76.878,error,
360,56.57752640248594,6896.998485060432,7160.481472991407,7253.919472991407,93.438,done,
361,23.135406316829314,6918.220018860618,7204.736041001976,7325.474041001977,120.738,done,
362,56.01875375122898,6939.441552660804,7314.730305999517,7398.3913059995175,83.661,error,
363,22.369321556407293,6960.66308646099,7226.736810997128,7325.938810997128,99.202,done,
364,56.99420731588184,6981.884620261176,7270.725889995694,7398.276889995695,127.551,done,
365,57.26335254211016,7003.106154061362,7381.60670299828,7487.06370299828,105.457,done,
366,22.20263991366396,7024.327687861547,7292.751882001758,7398.826882001757,106.075,done,
367,23.01917408222147,7045.549221661733,7337.503674998879,7487.761674998879,150.258,done,
368,57.3767956674734,7066.770755461919,7406.510850995779,7488.299850995779,81.789,error,
369,57.77077887903814,7090.644980987128,7481.61706199497,7568.1110619949695,86.494,error,
370,63.91257061839511,7114.519206512337,7359.525198996067,7488.479198996067,128.954,done,
371,23.26444791545209,7138.3934320375465,7556.419885993004,7659.093885993004,102.674,done,
372,59.72793370083766,7162.267657562756,7456.541010998189,7568.25201099819,111.711,done,
373,58.67833318671371,7186.141883087966,7431.492651000619,7568.143651000619,136.651,done,
374,56.589576372043865,7210.016108613175,7580.772522002459,7659.279522002458,78.507,error,
375,22.799170682852036,7233.890334138384,7531.41968499124,7659.828684991239,128.409,done,
376,22.179420785164663,7257.764559663593,7506.342155002058,7659.454155002058,153.112,done,
377,23.25275442875981,7281.638785188802,7605.70934599638,7732.18434599638,126.475,done,
378,57.36584019751652,7305.513010714011,7730.322563998401,7807.543563998401,77.221,error,
379,22.033268713523277,7329.38723623922,7655.780463002622,7732.2464630026225,76.466,error,
380,57.07802755539033,7353.26146176443,7630.731995999813,7732.552995999813,101.821,done,
381,59.48085964732833,7377.135687289639,7680.244138002396,7807.817138002396,127.573,done,
382,57.616690689410106,7401.009912814849,7808.272190995514,7915.202190995515,106.93,error,
383,22.164889268857934,7424.884138340058,7705.296280995011,7807.929280995011,102.633,done,
384,58.43720170023066,7448.758363865267,7755.219554997981,7914.00355499798,158.784,done,
385,23.04374639311613,7455.3443571136,7814.982298001647,7915.458298001647,100.476,error,
386,57.517551102307024,7461.930350361934,7780.2752820029855,7914.304282002986,134.029,done,
387,23.33396702416336,7468.5163436102675,7787.258956000209,7914.694956000209,127.436,done,
388,22.46413137190076,7475.102336858601,7794.174983002245,7915.142983002245,120.968,done,
389,58.34616176686054,7481.688330106935,7801.367067992687,7915.445067992688,114.078,error,
390,22.618893260588177,7488.274323355268,7822.367252998054,7915.612252998054,93.245,error,
391,22.63903341279912,7494.860316603602,7829.96546600014,7915.646466000139,85.681,error,
392,22.36702621076284,7501.446309851935,7837.598273001611,7915.900273001611,78.302,error,
393,23.13954806210451,7508.032303100269,7845.12974999845,7916.06074999845,70.931,error,
394,58.45712202556792,7514.618296348603,7852.632579997182,8084.396579997182,231.764,done,
395,22.500145841542547,7521.204289596936,7860.2358739972115,8084.315873997211,224.08,done,
396,22.49238874439992,7527.79028284527,7987.997808992863,8086.538808992863,98.541,error,
397,21.97088030530821,7534.376276093603,7867.007187999785,8084.606187999785,217.599,done,
398,22.89410701788044,7540.962269341937,7873.895170994103,8085.021170994103,211.126,done,
399,58.61490525633919,7547.54826259027,7880.770125992596,8084.887125992596,204.117,done,
400,57.887053843295696,7554.134255838603,7887.646855004132,8085.549855004132,197.903,done,
401,22.76723289734468,7560.720249086937,7894.59899699688,8085.266996996879,190.668,done,
402,59.94240641199176,7567.30624233527,7901.60535299778,8085.40135299778,183.796,done,
403,21.771459407726795,7573.892235583604,7908.669976003468,8085.644976003468,176.975,error,
404,22.255754989715875,7580.4782288319375,7915.5183979943395,8085.49239799434,169.974,error,
405,59.69997894824677,7587.064222080271,7922.901717998087,8086.386717998087,163.485,error,
406,60.14990978110774,7593.650215328605,7930.64972499758,8086.20872499758,155.559,error,
407,21.603407399319405,7600.236208576938,7937.473401993513,8086.525401993513,149.052,error,
408,59.64834652729222,7606.822201825272,7945.244391992688,8086.461391992688,141.217,error,
409,60.166019508277486,7613.408195073605,7952.208799995482,8086.368799995482,134.16,error,
410,22.796025582982253,7619.994188321939,7959.424461998045,8086.689461998046,127.265,error,
411,22.548170020787925,7626.580181570272,7966.5428470000625,8086.544847000063,120.002,error,
412,57.21001566059,7633.166174818606,7973.721257999539,8087.033257999539,113.312,error,
413,22.318416101515112,7639.75216806694,7980.937483996153,8086.943483996153,106.006,error,
414,22.793115001930893,7657.115241176183,8006.619830995798,8086.734830995798,80.115,error,
415,57.71630179453766,7674.478314285426,8025.000048995018,8172.684048995018,147.684,done,
416,53.11451149718033,7691.841387394669,8043.500303998589,8172.898303998589,129.398,done,
417,56.48014643196823,7709.204460503912,8099.801877997816,8173.681877997816,73.88,error,
418,60.06931557571242,7726.567533613155,8062.010750003159,8173.495750003159,111.485,done,
419,60.99960207530145,7743.930606722398,8080.561069004238,8173.090069004238,92.529,error,
420,22.58466049775384,7761.293679831641,8117.445715993643,8209.959715993642,92.514,done,
421,23.30456657183473,7778.656752940884,8135.240035995841,8210.053035995841,74.813,done,
422,22.52236399230945,7796.019826050127,8153.231502994895,8210.226502994896,56.995,done,
423,22.45593098244616,7813.38289915937,8171.38698900491,8282.28698900491,110.9,done,
424,56.72839217650524,7830.745972268613,8190.369730994105,8281.700730994105,91.331,done,
425,23.34128975131004,7849.845352688781,8271.916166998446,8358.910166998447,86.994,error,
426,22.277347855009992,7868.944733108949,8210.790657997131,8282.461657997132,71.671,error,
427,60.51396485345354,7888.044113529116,8231.836330994964,8359.091330994963,127.255,done,
428,22.98983111743485,7907.143493949283,8291.273436002433,8359.318436002433,68.045,error,
429,56.931441487691,7926.242874369451,8351.278426997364,8430.586426997364,79.308,error,
430,54.50674904121318,7945.342254789618,8251.897735998034,8359.386735998034,107.489,done,
431,55.9787734876422,7964.441635209785,8311.319845996797,8430.514845996797,119.195,done,
432,22.97514980794668,7983.541015629952,8416.103101998568,8524.563101998567,108.46,done,
433,60.86433206168336,8002.64039605012,8331.33210799843,8430.98210799843,99.65,done,
434,57.84869970853497,8021.739776470287,8371.274970002472,8524.879970002472,153.605,done,
435,56.37027862375045,8045.614001995496,8391.130074001849,8525.033074001849,133.903,done,
436,62.682203253734194,8069.488227520706,8440.608898997307,8525.091898997307,84.483,error,
437,22.82115597237548,8093.362453045915,8465.65895999968,8554.009959999681,88.351,done,
438,22.23799576552677,8117.236678571124,8490.668041996658,8554.465041996658,63.797,done,
439,22.65931179052213,8141.110904096333,8515.694047994912,8577.947047994912,62.253,done,
440,22.113426650316228,8164.985129621542,8540.704376995564,8651.381376995563,110.677,done,
441,58.56666571152608,8188.859355146751,8648.555565997958,8766.419565997958,117.864,error,
442,56.698073711470784,8212.73358067196,8566.295086994767,8651.641086994767,85.346,done,
443,57.95512612251492,8225.466500952072,8590.573579996824,8765.329579996824,174.756,done,
444,62.965854048716224,8238.199421232182,8678.056107997894,8766.529107997894,88.473,error,
445,56.91804647831545,8250.932341512294,8603.692854002118,8765.984854002118,162.292,done,
446,22.15190271088296,8263.665261792406,8618.613740995526,8766.396740995526,147.783,done,
447,23.0099178280041,8276.398182072518,8633.627408996224,8767.292408996225,133.665,done,
448,22.29275469595843,8289.131102352629,8663.314749993384,8767.075749993384,103.761,error,
449,22.81548489248032,8301.86402263274,8691.077947996557,8767.549947996557,76.472,error,
450,23.027008465890415,8314.596942912853,8705.904977999628,8874.174977999628,168.27,done,
451,22.434454918626813,8327.329863192965,8720.891255997121,8875.204255997121,154.313,done,
452,23.31914539707185,8340.062783473075,8863.136149995029,8946.243149995029,83.107,error,
453,59.85301369685841,8352.795703753187,8735.72487899661,8875.468878996611,139.744,done,
454,22.252302917350427,8365.528624033299,8750.69652799517,8875.935527995169,125.239,done,
455,22.587184459404344,8378.261544313411,8765.71914999932,8875.43414999932,109.715,error,
456,59.08885260948493,8390.994464593521,8779.520021997392,8876.090021997392,96.57,error,
457,59.04504347786988,8403.727384873633,8794.305434003472,8876.213434003472,81.908,error,
458,56.80677599366506,8421.090457982877,8809.263016998768,8876.501016998767,67.238,error,
459,21.928592084799256,8438.45353109212,8881.134761996567,8946.237761996566,65.103,error,
460,59.95860404169834,8455.816604201362,8827.111273996532,8946.672273996532,119.561,done,
461,22.83268459233172,8473.179677310605,8845.167214997113,8947.067214997112,101.9,done,
462,58.22173543360994,8490.542750419849,8899.29164300114,9049.25864300114,149.967,done,
463,22.76454958051019,8507.905823529092,9007.607629999518,9142.195629999518,134.588,done,
464,66.53390234301143,8525.268896638336,9025.573702000082,9142.407702000082,116.834,done,
465,23.012739001318437,8542.63196974758,8917.354510001838,9049.523510001838,132.169,done,
466,58.23168224316032,8559.99504285682,8935.341959998012,9049.727959998012,114.386,done,
467,60.04886980401419,8577.358115966064,8953.849697992206,9049.803697992205,95.954,error,
468,21.988354552800445,8594.721189075308,8971.981605999172,9050.336605999171,78.355,error,
469,57.14571793922037,8612.084262184551,8989.729148998857,9142.770148998856,153.041,done,
470,21.94012750419174,8629.447335293793,9043.504848994316,9143.017848994317,99.513,error,
471,57.23108637010048,8646.810408403036,9061.540541999042,9142.964541999043,81.424,error,
472,22.87849450458471,8664.17348151228,9079.390943996608,9235.890943996608,156.5,done,
473,21.510974994622728,8681.536554621523,9169.390880003572,9236.639880003571,67.249,error,
474,60.65169226289437,8698.899627730765,9097.221630997956,9236.040630997955,138.819,done,
475,23.033291529192148,8716.262700840009,9115.12041399628,9236.38041399628,121.26,done,
476,59.36629385180687,8733.625773949252,9133.163351997731,9236.929351997731,103.766,error,
477,59.89710925027025,8750.988847058496,9151.60688699782,9237.41688699782,85.81,error,
478,22.19345180817893,8768.351920167737,9187.220650993288,9265.695650993288,78.475,done,
479,23.240213581048103,8785.71499327698,9205.15992899984,9265.87592899984,60.716,done,
480,22.474410778743053,8806.936527077167,9227.137442998588,9294.741442998587,67.604,done,
481,22.72819227969722,8828.158060877353,9248.686434999108,9294.92243499911,46.236,done,
482,22.76167261661592,8849.379594677539,9270.908560998738,9317.643560998738,46.735,done,
483,55.345648910224746,8870.601128477725,9293.020437002182,9373.453437002183,80.433,done,
484,57.975536198284,8891.82266227791,9315.548620000482,9462.675620000482,147.127,done,
485,23.130832022232664,8913.044196078095,9382.051012001932,9462.848012001932,80.797,error,
486,22.129040646412317,8934.265729878281,9338.514147996902,9463.272147996902,124.758,done,
487,22.398670265999996,8955.487263678468,9360.340323001146,9463.556323001147,103.216,done,
488,58.634277713491976,8976.708797478654,9403.988747000694,9553.598747000695,149.61,done,
489,23.067175776457518,8997.93033127884,9425.880522996187,9553.761522996187,127.881,done,
490,22.99258215185065,9019.151865079026,9469.89539399743,9553.817393997431,83.922,error,
491,56.1784228647823,9040.373398879212,9513.722607001662,9643.113607001662,129.391,done,
492,57.98633290450175,9061.594932679398,9447.867256999016,9554.338256999015,106.471,done,
493,22.83003088437518,9082.816466479584,9491.815978996456,9643.430978996455,151.615,done,
494,22.46164792493048,9104.03800027977,9579.720251001418,9643.785251001418,64.065,error,
495,59.01209935805542,9125.259534079956,9635.64390899241,9720.50990899241,84.866,error,
496,57.96567449361422,9146.481067880142,9535.692549996078,9643.736549996078,108.044,done,
497,56.45566255867981,9167.702601680328,9557.786450996997,9644.032450996996,86.246,error,
498,60.94158185524464,9183.618752030468,9652.64238999784,9720.92838999784,68.286,error,
499,58.7504335349623,9199.534902380608,9618.68215099722,9721.714150997219,103.032,done,
500,22.38406475520645,9215.451052730748,9601.72928199917,9721.44128199917,119.712,done,
501,57.44349863184416,9231.367203080888,9669.581225000322,9809.846225000321,140.265,done,
502,55.39404187775254,9247.283353431025,9686.59731399268,9809.43831399268,122.841,done,
503,22.70712555057492,9263.199503781165,9804.641488999128,9899.872488999128,95.231,error,
504,22.51230191534278,9279.115654131305,9703.589248001575,9810.259248001576,106.67,done,
505,22.59694882956857,9295.031804481445,9720.52687600255,9809.52387600255,88.997,error,
506,58.62371454498622,9310.947954831585,9736.978112995625,9810.025112995625,73.047,error,
507,21.92336951581857,9326.864105181725,9753.973411999645,9900.314411999645,146.341,done,
508,22.73049800570513,9342.78025553186,9826.829586997628,9900.388586997627,73.559,error,
509,58.46771857864908,9358.696405882,9787.781918995082,9901.182918995082,113.401,done,
510,22.62911447826364,9379.917939682187,9770.959781996906,9900.932781996906,129.973,done,
511,23.499430270614845,9401.139473482372,9848.891005001962,9936.715005001963,87.824,done,
512,23.19154535951878,9422.36100728256,9892.795050002636,9936.957050002637,44.162,done,
513,23.07486474382189,9443.582541082746,9870.899375997484,9937.560375997484,66.661,done,
514,59.9871301519894,9464.80407488293,9914.467701993884,9996.978701993885,82.511,done,
515,56.52539897870333,9486.025608683116,9936.246439993382,10092.737439993381,156.491,done,
516,22.537655025610427,9507.247142483302,10021.57319199294,10093.01519199294,71.442,error,
517,62.11614365063844,9528.468676283488,10081.345078997314,10129.470078997314,48.125,done,
518,22.709471677160536,9549.690210083674,9957.776170998812,10092.890170998811,135.114,done,
519,22.550355209431537,9568.789590503842,9979.821187995374,10093.522187995373,113.701,done,
520,22.71492442289552,9587.888970924008,10001.69616600126,10093.10616600126,91.41,error,
521,22.94633350923312,9606.988351344176,10041.491293996572,10129.821293996572,88.33,done,
522,23.46148613743164,9626.087731764344,10061.405504994094,10130.240504994093,68.835,done,
523,21.79262955299809,9645.18711218451,10101.08819000423,10151.65319000423,50.565,done,
524,22.386432646664225,9664.28649260468,10120.986484996974,10226.890484996975,105.904,done,
525,59.15823774024333,9683.385873024848,10140.482637993991,10225.629637993992,85.147,done,
526,58.760308691463415,9702.485253445016,10159.911227993667,10226.912227993667,67.001,error,
527,61.284081014699176,9721.58463386518,10180.28315499425,10320.950154994249,140.667,done,
528,52.31936992114409,9740.684014285349,10215.770377993584,10321.403377993583,105.633,done,
529,55.58534719286486,9755.375845377785,10230.999962992966,10320.934962992966,89.935,error,
530,57.82668959908283,9770.067676470222,10246.510708995163,10321.785708995163,75.275,error,
531,58.08647298371874,9784.759507562658,10309.34353299439,10429.35253299439,120.009,done,
532,58.65608117798472,9799.451338655095,10200.638614997268,10321.956614997267,121.318,done,
533,21.76438185264596,9814.143169747533,10262.393933996558,10428.947933996558,166.554,done,
534,22.77547471840887,9828.835000839968,10340.121035002172,10429.879035002172,89.758,error,
535,59.24845984082796,9843.526831932404,10386.666941002011,10514.112941002011,127.446,done,
536,56.46816874168018,9858.21866302484,10426.455509997904,10514.120509997905,87.665,error,
537,55.53769318041189,9872.910494117275,10278.318405993285,10428.744405993284,150.426,done,
538,61.922798703295214,9887.602325209711,10293.701570995152,10429.072570995151,135.371,done,
539,22.88463079179413,9902.294156302149,10324.36291899532,10429.972918995321,105.61,error,
540,22.55531716324048,9916.985987394586,10355.970675997436,10430.264675997436,74.294,error,
541,55.416882067004245,9931.677818487022,10371.68923599273,10514.70123599273,143.012,done,
542,23.11348366019792,9955.55204401223,10500.853706993164,10608.419706993165,107.566,done,
543,22.29529980395133,9979.42626953744,10401.953483000398,10514.500483000398,112.547,done,
544,21.78189581561569,10003.30049506265,10601.134059995413,10679.552059995412,78.418,error,
545,60.62583373312657,10027.174720587858,10475.821996994317,10608.652996994317,132.831,done,
546,22.49767620400562,10051.048946113067,10451.540164999664,10608.709164999664,157.169,done,
547,55.83533451820551,10074.923171638276,10527.004480995238,10608.882480995238,81.878,error,
548,23.36767434476422,10098.797397163486,10551.165164001286,10679.604164001286,128.439,done,
549,22.241751012112083,10122.671622688697,10576.123704001307,10679.815704001307,103.692,done,
550,53.90951849464207,10141.771003108865,10680.76656999439,10766.80756999439,86.041,error,
551,56.427479613540015,10160.870383529027,10620.784415997565,10766.679415997565,145.895,done,
552,22.68120727071935,10179.969763949195,10701.326160997152,10766.891160997153,65.565,error,
553,61.3206457198155,10199.069144369363,10761.378958001733,10840.890958001733,79.512,error,
554,55.792329286873326,10218.168524789531,10640.811572000384,10767.471572000384,126.66,done,
555,56.16039498502875,10237.2679052097,10660.83204099536,10767.283040995359,106.451,done,
556,58.25882461816351,10256.367285629867,10721.316281996667,10841.146281996667,119.83,done,
557,22.72289466641283,10275.466666050035,10741.342739999294,10841.451739999295,100.109,done,
558,22.28658634336585,10294.5660464702,10781.189235001802,10936.483235001802,155.294,done,
559,61.8044310954448,10313.66542689037,10856.72709300369,10936.410093003691,79.683,error,
560,55.37056003663351,10340.950256062037,10801.137060001493,10936.797060001492,135.66,done,
561,61.12481527919937,10368.235085233704,10829.08037699759,10937.20437699759,108.124,done,
562,57.62791374334305,10395.519914405371,10940.58020299673,11009.81820299673,69.238,error,
563,22.542868832013465,10422.80474357704,10912.724619999528,11010.204619999527,97.48,done,
564,22.39357397327484,10450.089572748708,10884.722395002842,11010.446395002842,125.724,done,
565,56.61631959893793,10477.374401920377,10968.487466998398,11082.373466998399,113.886,done,
566,22.18297369576877,10504.659231092042,11016.61408200115,11082.04208200115,65.428,error,
567,54.74473537775776,10523.75861151221,11076.384834997356,11158.288834997356,81.904,error,
568,59.67464775473805,10542.857991932377,10996.486876003444,11082.581876003444,86.095,done,
569,55.74642259405676,10561.957372352545,11036.381912998855,11158.132912998855,121.751,done,
570,57.35530777680316,10581.05675277271,11156.259122997522,11246.769122997523,90.51,error,
571,57.27333690265993,10600.15613319288,11056.386353000998,11158.565353000999,102.179,done,
572,22.68380849309576,10619.255513613049,11096.25417599827,11246.463175998271,150.209,done,
573,55.48973216974418,10638.354894033211,11176.108068995178,11246.770068995178,70.662,error,
574,23.23505496897212,10657.45427445338,11245.948304995894,11320.017304995894,74.069,error,
575,55.7697258324332,10676.553654873547,11116.319700993598,11247.614700993598,131.295,done,
576,57.68841236998937,10695.653035293715,11136.335013993084,11247.363013993085,111.028,done,
577,21.85793477055789,10719.527260818924,11196.048566997051,11320.442566997051,124.394,done,
578,61.43516204837966,10743.401486344132,11221.019578002391,11320.705578002391,99.686,done,
579,59.20378409709005,10767.275711869344,11270.981541000308,11395.460541000308,124.479,done,
580,57.17697765573916,10791.149937394552,11321.02874200046,11395.755742000461,74.727,error,
581,62.185893298155406,10815.024162919764,11395.854369997978,11468.133369997979,72.279,error,
582,57.00736916918108,10838.898388444972,11296.042607992887,11396.155607992887,100.113,done,
583,22.33529682326722,10862.77261397018,11345.701374992728,11468.285374992729,122.584,done,
584,59.37978093950975,10886.64683949539,11449.15407499671,11556.72307499671,107.569,done,
585,54.45304978462787,10904.009912604632,11370.704285003245,11468.590285003245,97.886,done,
586,21.95257185877814,10921.372985713875,11413.501459002497,11556.952459002496,143.451,done,
587,57.24252522426188,10938.73605882312,11539.139315001668,11650.660315001669,111.521,done,
588,22.96180357932529,10956.099131932362,11557.153213992717,11650.647213992717,93.494,error,
589,58.585907623304,10973.462205041606,11431.2297789976,11557.7007789976,126.471,done,
590,58.52152961362417,10990.825278150847,11467.08339099586,11556.96839099586,89.885,error,
591,58.59530175062554,11008.18835126009,11485.350807994604,11557.180807994604,71.83,error,
592,60.76229884151052,11025.551424369334,11503.401734001936,11651.133734001936,147.732,done,
593,22.361258513660356,11042.914497478578,11521.17971599847,11651.20471599847,130.025,done,
594,56.29931744920622,11060.27757058782,11575.06821499765,11651.21421499765,76.146,error,
595,57.409178234596176,11077.640643697065,11593.110197000206,11739.264197000206,146.154,done,
596,55.02283368248527,11096.74002411723,11633.08534900099,11739.52734900099,106.442,done,
597,57.46467841525119,11115.839404537395,11652.43692099303,11739.27892099303,86.842,error,
598,59.13682564773835,11134.938784957563,11732.574106991293,11824.838106991292,92.264,done,
599,23.861235056864054,11154.038165377731,11613.065535999836,11739.767535999836,126.702,done,
600,23.047968096936515,11173.1375457979,11673.02876199782,11739.915761997821,66.887,error,
601,55.26266885096758,11192.236926218067,11692.880199998615,11824.997199998616,132.117,done,
602,22.199623131228744,11211.336306638234,11814.151924997568,11909.710924997567,95.559,done,
603,22.66804211429005,11230.435687058402,11712.800050996244,11825.410050996245,112.61,done,
604,54.8245580129293,11249.535067478568,11752.25613399595,11825.21213399595,72.956,error,
605,22.162041073512903,11268.634447898736,11772.222704999149,11910.006704999148,137.784,done,
606,22.262097294343885,11289.855981698922,11792.197229996324,11910.258229996323,118.061,done,
607,58.70771565385937,11311.077515499108,11837.08865699917,11910.40965699917,73.321,error,
608,21.871691983058533,11332.299049299294,11858.988567002118,11940.211567002118,81.223,done,
609,23.809993443342545,11353.52058309948,11880.922878995538,11940.478878995538,59.556,done,
610,21.88581969564745,11374.742116899666,11902.9492380023,11968.7222380023,65.773,done,
611,22.190186193577503,11395.963650699852,11926.37251699716,11968.91451699716,42.542,done,
612,21.448119165718936,11417.185184500038,11948.12361100316,11990.67761100316,42.554,done,
613,21.98299290882088,11438.406718300224,11969.771914996209,12012.982914996208,43.211,done,
614,60.47433343318532,11459.62825210041,11991.709882996976,12073.380882996977,81.671,done,
615,58.66787996099215,11478.727632520578,12011.739340998232,12163.936340998232,152.197,done,
616,22.823975051578664,11497.827012940745,12031.41302599758,12164.206025997579,132.793,done,
617,22.05119756905427,11516.926393360913,12090.878022998571,12164.35702299857,73.479,error,
618,21.56431095950293,11536.02577378108,12130.64620999992,12200.079209999922,69.433,done,
619,23.15801088193695,11555.125154201249,12051.192579992115,12164.482579992116,113.29,done,
620,21.537183971684097,11574.224534621417,12070.975256994368,12164.624256994368,93.649,error,
621,22.995935504984587,11593.32391504158,12110.834301002324,12200.418301002324,89.584,done,
622,22.651376991845385,11612.42329546175,12190.679053001106,12276.862053001107,86.183,done,
623,56.0552887128794,11631.522675881915,12150.672620996833,12200.440620996833,49.768,done,
624,60.30727467042794,11650.622056302083,12211.863236002624,12276.816236002624,64.953,error,
625,22.606313116164003,11669.721436722251,12271.84085599333,12344.55485599333,72.714,error,
626,23.40770490191659,11688.820817142418,12170.873458996415,12277.371458996415,106.498,done,
627,53.285872473228366,11707.920197562586,12231.823642998934,12344.786642998934,112.963,done,
628,23.18171489812324,11727.019577982752,12251.845970995724,12345.142970995725,93.297,done,
629,59.68698796375101,11746.11895840292,12292.918573997917,12437.347573997917,144.429,done,
630,21.8430026233761,11765.218338823088,12352.566408000886,12437.032408000887,84.466,error,
631,57.917713978788,11784.317719243254,12372.384925998747,12437.452925998747,65.068,error,
632,22.62628887937937,11803.417099663422,12312.709811002016,12437.633811002017,124.924,done,
633,59.28409558769526,11822.516480083588,12332.71121700108,12437.91321700108,105.202,done,
634,23.126356674153055,11841.615860503756,12441.668731004,12514.823731004,73.155,error,
635,60.9711231782978,11865.490086028964,12392.288557998836,12515.112557998837,122.824,done,
636,21.74083042692335,11889.364311554174,12417.29798899591,12515.34498899591,98.047,done,
637,22.329837493755992,11913.238537079384,12466.607051,12544.120051000002,77.513,done,
638,22.63632632264149,11937.112762604593,12491.623821996152,12544.427821996152,52.804,done,
639,23.015955992618533,11960.986988129804,12516.04849099368,12567.346490993681,51.298,done,
640,55.7236299267585,11984.861213655013,12540.48909600079,12623.08609600079,82.597,done,
641,22.231608731477905,12008.735439180222,12611.982386998832,12657.995386998833,46.013,done,
642,22.22876691447169,12032.609664705433,12565.155430994928,12657.747430994928,92.592,done,
643,21.753222633890907,12053.831198505615,12589.960460998118,12658.207460998117,68.247,done,
644,61.24600106011326,12075.052732305803,12634.726500995455,12719.358500995455,84.632,done,
645,60.83695703074493,12096.27426610599,12678.887969993057,12813.421969993056,134.534,done,
646,23.56863881935028,12117.495799906175,12656.603120997548,12813.700120997548,157.097,done,
647,57.92712707579985,12138.71733370636,12700.807140998542,12813.958140998542,113.151,done,
648,22.86429627436416,12159.938867506546,12722.94833099842,12814.085330998421,91.137,error,
649,22.494888284347912,12181.160401306732,12744.885294996202,12814.166294996203,69.281,error,
650,58.37760921808445,12202.381935106918,12766.833939000964,12887.822939000964,120.989,done,
651,58.10495917807624,12223.603468907104,12816.519592002034,12887.872592002033,71.353,error,
652,23.270857666757024,12250.888298078771,12788.852966994047,12888.268966994046,99.416,done,
653,56.783270055676816,12278.173127250438,12844.49062500149,12960.09562500149,115.605,done,
654,23.162958397864426,12305.457956422106,12872.498011000454,12960.482011000455,87.984,done,
655,22.66579228319902,12332.742785593777,12900.849752992392,12989.457752992392,88.608,done,
656,22.852603853084727,12360.027614765442,12928.713804997504,12989.663804997504,60.95,done,
657,22.50488224821741,12387.31244393711,12956.714053995907,13012.202053995907,55.488,done,
658,22.5601740339114,12414.597273108777,12985.020203001795,13034.848203001795,49.828,done,
659,23.9335257897967,12435.818806908965,13007.36744299531,13059.02044299531,51.653,done,
660,22.8041898023888,12457.040340709147,13029.669316001236,13082.015316001236,52.346,done,
661,21.89114876722895,12478.261874509337,13051.495540000498,13104.006540000499,52.511,done,
662,23.14875508391281,12499.48340830952,13074.687206991017,13127.360206991018,52.673,done,
663,57.65812206933662,12520.704942109707,13119.506566993892,13185.113566993892,65.607,error,
664,22.417925438172706,12541.926475909891,13097.648341998458,13185.559341998458,87.911,done,
665,22.866724363882717,12563.14800971008,13164.903603002427,13214.564603002427,49.661,done,
666,22.577475203046703,12584.369543510264,13142.99227400124,13214.807274001241,71.815,done,
667,22.772379373104226,12605.591077310452,13186.337128996847,13243.946128996848,57.609,done,
668,22.307010453072767,12621.507227660592,13235.847482003272,13301.678482003272,65.831,error,
669,57.697749131386864,12637.42337801073,13202.616750001907,13244.225750001908,41.609,done,
670,23.399747695456053,12653.33952836087,13219.049846999347,13302.039846999347,82.99,done,
671,22.04204745935827,12669.25567871101,13269.720680996776,13338.216680996775,68.496,done,
672,22.484183981508995,12685.171829061148,13286.56439999491,13337.95839999491,51.394,done,
673,23.16734535404505,12701.087979411288,13336.684652000666,13414.877652000665,78.193,error,
674,60.32472483185924,12717.004129761428,13252.756612993777,13338.343612993776,85.587,done,
675,22.69174550326564,12732.920280111566,13302.803827002645,13414.775827002644,111.972,done,
676,22.467184544738807,12748.836430461706,13405.714772999288,13509.198772999289,103.484,error,
677,54.21235023520128,12764.752580811846,13319.87987100333,13415.13687100333,95.257,done,
678,22.289955807683658,12780.668731161984,13353.764993995428,13509.075993995428,155.311,done,
679,61.0293870351023,12796.584881512124,13370.780945003033,13509.800945003033,139.02,done,
680,22.98646693720507,12813.947954621368,13387.75814499706,13509.54014499706,121.782,done,
681,60.19706412342428,12831.31102773061,13423.815479002891,13509.917479002892,86.102,error,
682,57.25251539221821,12848.674100839851,13441.709848992528,13510.062848992528,68.353,error,
683,56.842621384593855,12866.037173949097,13459.733084991574,13598.733084991574,139.0,done,
684,57.72702493006201,12883.40024705834,13477.735360004008,13598.928360004007,121.193,done,
685,58.14722813829976,12900.763320167582,13513.667312003672,13599.241312003673,85.574,error,
686,60.74037044862708,12918.126393276823,13585.345275998116,13688.911275998116,103.566,done,
687,22.97857131540948,12935.489466386069,13495.692878998816,13599.334878998816,103.642,done,
688,58.18063431680238,12952.852539495312,13531.626104995608,13599.756104995608,68.13,error,
689,57.87757645691202,12970.215612604554,13618.587434999645,13689.091434999646,70.504,error,
690,22.4127797704487,12987.578685713795,13567.065160997212,13688.873160997213,121.808,done,
691,22.486974034217948,13003.494836063936,13549.29161799699,13689.46161799699,140.17,done,
692,55.56212538725253,13019.410986414076,13601.737985998392,13689.439985998391,87.702,error,
693,55.60801863894497,13035.327136764216,13635.518888995051,13779.25588899505,143.737,done,
694,58.54358618338053,13051.243287114356,13652.482925996184,13779.601925996185,127.119,done,
695,58.12641323459317,13067.159437464496,13703.377655997872,13779.699655997872,76.322,error,
696,22.10906494676984,13083.075587814634,13754.046539001169,13872.534539001168,118.488,done,
697,22.018993540551406,13098.991738164774,13669.308124996722,13780.216124996721,110.908,done,
698,57.80586829206994,13114.907888514914,13686.22147999704,13779.66647999704,93.445,error,
699,60.13259776618749,13130.824038865054,13720.177542999389,13873.032542999388,152.855,done,
700,22.932904840007065,13146.740189215194,13737.134256996214,13872.592256996215,135.458,done,
701,22.99941832716738,13162.656339565332,13787.063043996692,13873.089043996692,86.026,error,
702,22.37554749244813,13178.572489915472,13803.9801549986,13873.2651549986,69.285,error,
703,60.58073609328232,13194.488640265612,13838.098271995785,13960.400271995784,122.302,done,
704,22.65398816329314,13210.40479061575,13855.144717998804,13960.774717998804,105.63,done,
705,56.96815082443264,13226.32094096589,13872.04777699709,13960.28077699709,88.233,error,
706,23.03027288623429,13242.23709131603,13770.83908199519,13873.380081995188,102.541,error,
707,22.420977665727012,13258.153241666168,13820.99916599691,13961.09016599691,140.091,done,
708,23.67259284701786,13274.069392016308,13888.862107999625,13961.390107999625,72.528,error,
709,22.04653221495465,13289.985542366448,13922.785372003911,13995.715372003911,72.93,done,
710,22.48172605536132,13305.901692716589,13939.70354899764,13995.545548997641,55.842,done,
711,22.12575276542372,13321.817843066729,13905.788292996584,13996.059292996584,90.271,done,
712,22.081560156366425,13337.733993416869,13956.641336999834,14024.154336999834,67.513,done,
713,22.009100886836045,13353.650143767003,13973.58897599578,14024.36397599578,50.775,done,
714,54.075067435943325,13369.566294117143,13990.61279399693,14097.31579399693,106.703,done,
715,57.56809442630829,13382.299214397255,14030.042149998248,14097.487149998247,67.445,error,
716,22.23500939673532,13395.032134677367,14003.727909997106,14097.398909997106,93.671,done,
717,60.08511239522022,13407.76505495748,14016.760749995708,14097.600749995709,80.84,error,
718,56.60120675834256,13420.497975237591,14044.988618001342,14184.723618001342,139.735,done,
719,56.07070934070999,13433.230895517703,14059.937710002065,14185.058710002064,125.121,done,
720,22.222612271179333,13445.963815797812,14074.746601000428,14185.292601000428,110.546,done,
721,22.20567956415558,13458.696736077924,14089.722678996624,14185.101678996625,95.379,error,
722,22.958273441307817,13471.429656358036,14103.233258001506,14185.326258001507,82.093,error,
723,22.089193217058423,13484.16257663815,14118.229594998062,14185.631594998062,67.402,error,
724,21.93438580762041,13496.89549691826,14133.090958997607,14278.080958997607,144.99,done,
725,60.290372787221074,13509.628417198372,14147.891780994833,14278.542780994832,130.651,done,
726,22.71762710963376,13522.361337478484,14162.834623999894,14278.314623999893,115.48,done,
727,58.13646948952356,13535.094257758596,14177.781715996563,14278.635715996563,100.854,error,
728,57.04340773441834,13547.827178038706,14191.107304997742,14278.923304997743,87.816,error,
729,57.90809401409794,13560.560098318818,14205.86702400446,14279.088024004459,73.221,error,
730,58.84195865158472,13584.434323844029,14230.775566004217,14352.955566004217,122.18,done,
731,57.49549922628631,13608.308549369236,14255.838576994836,14353.264576994836,97.426,done,
732,22.31026794874948,13632.182774894443,14354.301023997366,14427.008023997367,72.707,error,
733,58.03009730510988,13656.057000419656,14280.062670990825,14353.382670990824,73.32,error,
734,21.621809019434945,13679.931225944863,14304.767736002805,14427.022736002804,122.255,done,
735,55.11148206448404,13703.805451470074,14424.081612996755,14507.487612996756,83.406,error,
736,23.022953361234165,13727.679676995283,14329.82818699628,14427.48818699628,97.66,done,
737,63.44838013755966,13751.553902520493,14443.786408998072,14507.850408998072,64.064,error,
738,59.66073539659708,13770.65328294066,14404.05709400028,14508.09109400028,104.034,done,
739,61.6001220674478,13789.752663360829,14378.999664001169,14507.773664001168,128.774,done,
740,57.292940165483365,13808.852043780997,14463.66964200139,14581.11564200139,117.446,done,
741,21.977055462515118,13827.95142420116,14483.6805889979,14580.809588997901,97.129,done,
742,22.57479327800605,13847.050804621327,14503.695175997913,14581.211175997913,77.516,error,
743,60.41661125756853,13866.150185041495,14523.7624219954,14673.9504219954,150.188,done,
744,23.118438209015057,13885.249565461663,14543.810525000095,14674.293525000096,130.483,done,
745,58.19094657449332,13904.348945881831,14563.77001299709,14674.54401299709,110.774,done,
746,58.77140681422668,13923.448326301996,14583.85014499724,14674.60114499724,90.751,error,
747,58.31642641587494,13942.547706722164,14603.862391993403,14674.793391993404,70.931,error,
748,22.77796523578621,13963.769240522352,14625.881388992071,14704.20038899207,78.319,done,
749,23.28444675298297,13984.990774322538,14647.771772995591,14704.60777299559,56.836,done,
750,22.73564521677119,14006.212308122724,14669.669848002492,14727.003848002492,57.334,done,
751,21.958795868709217,14027.43384192291,14691.480167001486,14802.253167001485,110.773,done,
752,59.23718739906919,14048.655375723094,14713.61723099649,14802.42023099649,88.803,done,
753,22.9120618619126,14069.87690952328,14735.490905992689,14802.596905992688,67.106,error,
754,23.29736962516398,14091.098443323466,14757.411467000842,14833.385467000842,75.974,done,
755,24.026722255454448,14112.319977123652,14779.360269993544,14833.656269993544,54.296,done,
756,22.57225962094471,14133.541510923838,14801.19220700115,14909.70920700115,108.517,done,
757,59.97274785330948,14149.457661273978,14867.688786000012,14997.360786000012,129.672,done,
758,23.588136995537237,14165.373811624118,14901.448936000466,14998.358936000466,96.91,error,
759,22.855388952938327,14181.289961974257,14818.289006993176,14910.162006993176,91.873,done,
760,22.321430912230557,14197.206112324397,14834.536196999252,14910.028196999252,75.492,error,
761,56.68432805206989,14213.122262674537,14918.633894994857,14998.613894994856,79.98,error,
762,58.26848213314472,14229.038413024677,14952.496982000768,15032.710982000768,80.214,done,
763,22.059541776693663,14244.954563374817,14884.532370999455,14998.482370999456,113.95,done,
764,22.704932234783776,14260.870713724957,14850.75713700056,14998.70213700056,147.945,done,
765,21.28699840978108,14276.786864075097,14935.48235400021,15033.084354000212,97.602,done,
766,22.75890869920884,14292.703014425237,15013.595689997075,15132.457689997074,118.862,done,
767,54.93912743920986,14308.619164775371,14969.515951998532,15033.533951998532,64.018,done,
768,21.89717596583153,14324.535315125511,14986.394572995605,15132.747572995604,146.353,done,
769,23.21861493007961,14334.085005335595,15055.9234379977,15133.213437997701,77.29,error,
770,22.67619878861201,14343.63469554568,15099.615435995162,15250.814435995162,151.199,done,
771,22.36374428846271,14353.184385755763,15002.643596999347,15132.423596999348,129.78,done,
772,21.99354425326677,14362.734075965847,15024.368557997048,15133.045557997048,108.677,done,
773,58.728171514827054,14372.283766175931,15034.062421001494,15133.730421001494,99.668,error,
774,22.616291129012808,14381.833456386015,15045.029832996428,15133.870832996428,88.841,error,
775,22.697280158205487,14391.3831465961,15066.73991599679,15133.67191599679,66.932,error,
776,22.92972380527656,14400.932836806182,15077.575757995248,15251.118757995248,173.543,done,
777,22.712385996149525,14410.482527016266,15088.522114992142,15250.381114992142,161.859,done,
778,56.64573729740319,14420.03221722635,15174.92383799702,15251.267837997018,76.344,error,
779,23.39054807392292,14429.581907436434,15186.434890002012,15252.024890002012,65.59,error,
780,21.8207896388926,14439.131597646518,15110.382697999476,15251.552697999476,141.17,done,
781,22.720194737819646,14448.6812878566,15121.18983399868,15250.88083399868,129.691,done,
782,22.25898475263137,14458.230978066684,15132.52925299853,15251.20625299853,118.677,error,
783,57.70735431264069,14467.780668276768,15142.502114996314,15251.710114996315,109.208,error,
784,58.69826486674545,14477.330358486852,15153.093169994652,15252.335169994652,99.242,error,
785,57.99566353851976,14486.880048696936,15163.64527899772,15251.981278997719,88.336,error,
786,58.60507917617695,14496.429738907018,15197.155179992318,15357.808179992318,160.653,done,
787,22.644285339048693,14505.979429117102,15219.473559997976,15358.053559997976,138.58,done,
788,59.10122170888399,14515.529119327186,15256.242109000685,15358.280109000685,102.038,error,
789,54.33696543555695,14532.89219243643,15274.425678998232,15358.442678998232,84.017,error,
790,22.388943947540003,14550.255265545671,15346.790129996836,15449.158129996837,102.368,done,
791,59.16922044197976,14567.618338654916,15237.831629000604,15358.557629000605,120.726,done,
792,22.8127032767739,14584.981411764158,15208.249573998151,15359.242573998152,150.993,done,
793,59.07779286614747,14602.344484873402,15292.572871997952,15358.928871997952,66.356,error,
794,56.86855189358333,14619.707557982643,15310.627330996096,15449.434330996097,138.807,done,
795,22.08550704853731,14637.070631091889,15328.720592997968,15449.796592997967,121.076,done,
796,61.0638091903336,14654.43370420113,15364.757983997464,15449.790983997464,85.033,error,
797,22.40152270626121,14671.796777310374,15382.887392997742,15449.894392997741,67.007,error,
798,57.13518572499868,14689.159850419615,15418.97808099538,15523.00408099538,104.026,done,
799,57.86711653911989,14706.52292352886,15443.99427499622,15523.22827499622,79.234,error,
800,55.88640198906665,14730.397149054068,15518.754992999136,15594.370992999136,75.616,error,
801,22.52473649456576,14754.271374579275,15401.008855000138,15523.709855000137,122.701,done,
802,56.10521746403026,14778.145600104486,15468.641905993223,15594.645905993224,126.004,done,
803,57.748434823794994,14802.019825629695,15493.753901995718,15595.213901995718,101.46,done,
804,58.95712534904511,14825.894051154906,15544.262222997844,15669.506222997845,125.244,done,
805,56.56484969949825,14849.768276680115,15643.521678000689,15698.969678000689,55.448,done,
806,22.158500964071955,14873.642502205324,15569.305981993675,15669.797981993675,100.492,done,
807,22.670879214230965,14897.516727730534,15594.32551599294,15669.553515992939,75.228,error,
808,22.271255158425674,14921.390953255745,15618.499889999628,15699.146889999629,80.647,done,
809,22.935901182669223,14945.265178780952,15668.513043001294,15722.246043001294,53.733,done,
810,55.69980337001724,14969.13940430616,15692.658902995288,15778.004902995288,85.346,done,
811,22.355256706173197,14993.01362983137,15767.40930699557,15867.33530699557,99.926,done,
812,57.303744032134205,15016.88785535658,15793.48449999839,15866.82149999839,73.337,error,
813,57.8156512620445,15040.762080881788,15853.986278995872,15959.665278995872,105.679,done,
814,56.63013351111088,15064.636306406996,15742.560877002776,15867.598877002776,125.038,done,
815,57.5067382705671,15088.510531932208,15717.330414995551,15868.00641499555,150.676,done,
816,59.86830321744642,15105.87360504145,15872.121651999652,15959.702651999653,87.581,error,
817,22.186324086814466,15123.236678150692,15836.12405499816,15960.57105499816,124.447,done,
818,22.101967104242934,15140.599751259935,15818.478608995676,15960.258608995677,141.78,done,
819,22.790599720776708,15157.96282436918,15890.061749994757,15960.600749994757,70.539,error,
820,56.83113927436993,15175.325897478422,15907.89247199148,16047.50347199148,139.611,done,
821,22.410278373432536,15192.688970587664,15925.88657899946,16047.30557899946,121.419,done,
822,22.662672366119395,15210.052043696907,16030.254987999797,16132.998987999797,102.744,done,
823,58.94726378126953,15227.41511680615,15943.70560399443,16047.660603994429,103.955,done,
824,57.9465200213627,15244.778189915394,15961.353530995548,16047.631530995548,86.278,error,
825,22.38146816564447,15262.141263024636,15979.883739992976,16048.063739992976,68.18,error,
826,55.05584528263592,15279.50433613388,15997.581465996802,16133.249465996802,135.668,done,
827,22.02817328198472,15293.146750719714,16104.309728994966,16243.561728994966,139.252,done,
828,21.850084220951526,15306.789165305549,16134.022784993052,16243.910784993053,109.888,error,
829,58.7178797701091,15320.43157989138,16045.024929001927,16133.257929001928,88.233,error,
830,56.53808204288493,15334.073994477216,16015.347969993947,16133.427969993947,118.08,done,
831,22.634149132453853,15347.716409063049,16059.422692000866,16133.466692000866,74.044,error,
832,61.09658564890741,15361.358823648883,16074.383962996304,16243.352962996303,168.969,done,
833,58.24928840552719,15375.001238234716,16241.315520994363,16333.611520994364,92.296,error,
834,60.812877998191325,15388.64365282055,16089.448445998132,16243.826445998133,154.378,done,
835,60.396068211628815,15402.286067406383,16119.322337001562,16244.139337001561,124.817,done,
836,22.63172792253571,15415.928481992218,16149.384149998426,16244.428149998426,95.044,error,
837,61.15508414729224,15429.570896578052,16164.038515999911,16244.389515999912,80.351,error,
838,58.29587618473272,15443.213311163889,16178.731397993864,16244.411397993865,65.68,error,
839,22.415238904978235,15456.85572574972,16193.645920999348,16333.683920999349,140.038,done,
840,21.6817647579093,15470.498140335554,16259.955321997404,16333.662321997404,73.707,error,
841,59.45761190027625,15487.861213444798,16223.48675300181,16334.12375300181,110.637,done,
842,22.55798009935911,15505.22428655404,16208.51606399566,16334.33706399566,125.821,done,
843,56.79465093396711,15522.587359663285,16296.14749199152,16424.95249199152,128.805,done,
844,58.96727555919183,15539.950432772526,16385.8817659989,16516.0247659989,130.143,done,
845,56.14220685429032,15557.31350588177,16403.913413003087,16516.613413003088,112.7,done,
846,57.89779836583112,15574.676578991011,16314.200328998268,16425.141328998267,110.941,done,
847,21.81155330869245,15592.039652100257,16332.287134997548,16425.20613499755,92.919,error,
848,58.90510258996717,15609.402725209498,16278.040005996823,16425.399005996824,147.359,done,
849,22.787506796124937,15626.765798318742,16349.944965995848,16425.599965995847,75.655,error,
850,23.12233031868164,15644.128871427984,16367.954582996666,16516.855582996668,148.901,done,
851,22.64167218182876,15661.491944537229,16509.96598699689,16600.02198699689,90.056,done,
852,59.57272828148157,15682.713478337411,16421.655625998974,16517.024625998973,95.369,error,
853,22.21947931128722,15703.9350121376,16444.150029994547,16517.215029994546,73.065,error,
854,54.276135227435645,15725.156545937783,16532.854578994215,16599.690578994214,66.836,error,
855,22.89699688993559,15746.378079737971,16488.173906996846,16600.418906996845,112.245,done,
856,59.82526271674852,15767.599613538156,16466.09069300443,16600.55469300443,134.464,done,
857,23.290963698216927,15788.821147338342,16555.00171199441,16630.11771199441,75.116,done,
858,23.144955983649663,15810.042681138528,16576.960870996118,16630.510870996117,53.55,done,
859,57.60677434372889,15831.264214938714,16598.835790000856,16703.334790000856,104.499,done,
860,23.439024961451672,15852.4857487389,16639.06630499661,16703.44330499661,64.377,error,
861,59.79631513324442,15869.848821848143,16693.027244001627,16779.55124400163,86.524,error,
862,53.83402529541654,15887.211894957389,16620.885359995067,16703.863359995066,82.978,done,
863,59.926465882525925,15904.574968066629,16675.05550299585,16779.89250299585,104.837,done,
864,22.92057438215274,15921.938041175872,16657.041898995638,16780.301898995636,123.26,done,
865,22.75105976173184,15939.301114285116,16711.635631993413,16780.267631993414,68.632,error,
866,22.94290675058759,15956.66418739436,16729.680486999452,16864.80348699945,135.123,done,
867,23.311882951649807,15974.027260503604,16783.66038300097,16864.67338300097,81.013,error,
868,55.16840355750583,15991.390333612846,16801.594553999603,16864.841553999602,63.247,error,
869,55.62958449046502,16008.753406722088,16747.459857992828,16864.773857992826,117.314,done,
870,58.7381949381682,16026.116479831331,16765.434396997094,16864.880396997094,99.446,done,
871,60.535251445856574,16043.479552940576,16819.29532200098,16958.56832200098,139.273,done,
872,56.24621746307886,16059.395703290716,16869.990337997675,16958.817337997676,88.827,error,
873,57.06699768028919,16075.311853640853,16887.052114993334,16959.329114993332,72.277,error,
874,22.39143837042852,16091.228003990993,16937.84612199664,17048.530121996642,110.684,done,
875,22.507023434449803,16107.144154341133,16954.959329999983,17048.783329999984,93.824,error,
876,22.9557138233576,16123.060304691273,16853.150364995003,16958.724364995003,105.574,done,
877,58.41658651835666,16138.976455041411,16836.125714994967,16959.207714994965,123.082,done,
878,22.332694141609764,16154.892605391551,16903.89795999974,17048.59495999974,144.697,done,
879,59.75458561640998,16170.80875574169,16971.66438999772,17048.90738999772,77.243,error,
880,22.298014895512544,16186.72490609183,17005.37517800182,17139.19617800182,133.821,done,
881,58.388601223877366,16202.64105644197,16920.848565995693,17048.60756599569,127.759,done,
882,57.11320972591288,16218.557206792108,16988.469466000795,17139.472466000796,151.003,done,
883,22.44477643404468,16234.473357142248,17058.382186993957,17139.21218699396,80.83,error,
884,57.63879443358507,16251.836430251493,17094.630407996476,17251.798407996477,157.168,done,
885,22.567327586693665,16269.199503360733,17022.416592001915,17139.206592001916,116.79,done,
886,22.155493306176027,16286.562576469976,17040.405394993722,17139.732394993724,99.327,error,
887,61.98384337667267,16303.92564957922,17076.58053600043,17252.070536000432,175.49,done,
888,22.283150655130367,16321.288722688463,17148.551495999098,17252.2174959991,103.666,error,
889,59.29702610995193,16338.651795797705,17184.723430998623,17252.709430998624,67.986,error,
890,22.037342931010578,16356.014868906948,17246.95493900031,17339.39093900031,92.436,error,
891,22.88161277326377,16373.377942016192,17112.704755999148,17252.19375599915,139.489,done,
892,56.329206979645285,16390.741015125433,17130.743746995926,17252.617746995926,121.874,done,
893,56.89430993656123,16408.10408823468,17166.649298995733,17252.896298995733,86.247,error,
894,23.17718229205548,16425.46716134392,17202.767025999725,17339.905025999724,137.138,done,
895,22.530095564073942,16438.200081624032,17220.821097001433,17340.235097001434,119.414,done,
896,23.603604505518856,16450.933001904144,17233.826213002205,17340.487213002205,106.661,done,
897,21.70524755147769,16463.665922184256,17260.890443995595,17340.659443995595,79.769,error,
898,23.35853567979006,16476.398842464365,17275.804756999016,17340.876756999016,65.072,error,
899,57.03065494005094,16489.131762744477,17288.858807995915,17446.989807995917,158.131,done,
900,22.965270643538958,16501.86468302459,17301.866481997073,17447.321481997074,145.455,done,
901,59.00076965978201,16514.5976033047,17314.876443997025,17447.790443997026,132.914,done,
902,59.19179751216305,16527.330523584813,17327.943111002445,17447.554111002446,119.611,done,
903,23.082937491679267,16540.063443864925,17340.969142995775,17447.677142995773,106.708,error,
904,21.945817670766687,16552.796364145037,17354.98626099527,17448.035260995268,93.049,error,
905,22.39621271559782,16565.52928442515,17368.076068997383,17448.100068997384,80.024,error,
906,22.694531560108825,16578.262204705257,17381.12601800263,17448.191018002628,67.065,error,
907,53.592594652678905,16590.99512498537,17394.07612299919,17538.615122999192,144.539,done,
908,59.02290718471734,16603.72804526548,17408.92920000106,17538.83620000106,129.907,done,
909,59.06693448624674,16616.460965545593,17423.88643400371,17539.22643400371,115.34,done,
910,22.00371467723634,16637.682499345778,17445.964102998376,17539.246102998375,93.282,error,
911,23.24596802897921,16658.904033145966,17468.962637998164,17539.293637998162,70.331,error,
912,23.733524348084224,16680.12556694615,17491.09334899485,17611.829348994852,120.736,done,
913,57.3141992037196,16701.347100746338,17513.15352600068,17611.44752600068,98.294,done,
914,54.39781588058523,16722.568634546522,17601.43748599291,17683.99548599291,82.558,error,
915,56.82063759458893,16743.79016834671,17535.197494000196,17611.941494000195,76.744,error,
916,53.44939523183066,16765.011702146894,17557.25558999926,17683.64858999926,126.393,done,
917,58.89306242201402,16786.233235947082,17663.931905001402,17770.878905001402,106.947,done,
918,23.214209104788488,16807.454769747266,17579.405124999583,17684.519124999584,105.114,done,
919,23.277135854561795,16826.554150167434,17623.84644500166,17770.49944500166,146.653,done,
920,56.0389013766547,16845.653530587602,17764.71844699979,17845.01044699979,80.292,error,
921,59.5839808000603,16864.75291100777,17643.913848996162,17771.165848996163,127.252,done,
922,61.65239539389306,16883.85229142794,17683.936253003776,17771.233253003775,87.297,error,
923,58.55421064108995,16902.951671848103,17704.745053999126,17771.481053999127,66.736,error,
924,22.535261844000527,16922.05105226827,17724.686296999454,17845.348296999455,120.662,done,
925,56.399760650354736,16941.15043268844,17805.018572993577,17936.475572993575,131.457,done,
926,59.033893741455664,16960.249813108607,17744.703717000782,17845.69571700078,100.992,done,
927,22.09768298536422,16979.349193528775,17784.969048000872,17936.77104800087,151.802,done,
928,22.404470485574407,16998.448573948943,17824.981916993856,17937.176916993856,112.195,done,
929,55.67896821527639,17015.811647058184,17843.018808998168,17937.267808998167,94.249,error,
930,21.903950017913772,17033.17472016743,17861.257255993783,17937.40925599378,76.152,error,
931,59.77016116161025,17050.53779327667,17879.200398996472,18031.251398996472,152.051,done,
932,61.36006477277377,17067.900866385913,18022.73382499814,18118.60582499814,95.872,error,
933,22.274549695077376,17085.26393949516,17896.978757999837,18031.401757999836,134.423,done,
934,62.561947583133545,17102.6270126044,17914.92728099227,18031.508280992268,116.581,done,
935,54.90431405421111,17119.990085713645,17932.954925999045,18031.701925999045,98.747,error,
936,22.063638733003923,17137.353158822887,17950.987912997603,18031.807912997603,80.82,error,
937,56.08698173172412,17154.71623193213,17968.82533299923,18117.97033299923,149.145,done,
938,23.062774249276902,17172.079305041374,18052.8553429991,18118.7223429991,65.867,error,
939,22.06856393769137,17189.442378150616,18083.6869020015,18206.7539020015,123.067,done,
940,22.077295437674987,17204.134209243053,17986.704467996955,18118.118467996956,131.414,done,
941,23.38228347480011,17218.826040335487,18004.700714997947,18118.550714997946,113.85,done,
942,56.906737439985065,17233.517871427925,18037.77690499276,18118.65890499276,80.882,error,
943,22.372400517159544,17248.209702520362,18068.75737899542,18206.966378995417,138.209,done,
944,57.55997098936262,17262.901533612796,18098.663654997945,18207.124654997944,108.461,done,
945,22.45013325291681,17277.593364705233,18113.734121993184,18207.261121993182,93.527,error,
946,22.89101090995401,17292.28519579767,18130.500838004053,18207.426838004052,76.926,error,
947,23.10850288854829,17306.97702689011,18146.338535003364,18309.735535003365,163.397,done,
948,22.90012864828949,17321.668857982542,18238.47007599473,18310.78707599473,72.317,error,
949,56.41468946746426,17336.36068907498,18162.274099998176,18310.013099998177,147.739,done,
950,56.65918823659226,17351.052520167417,18177.315308995545,18310.241308995544,132.926,done,
951,22.176276619683687,17365.74435125985,18192.307294994596,18310.588294994595,118.281,done,
952,57.57752912554223,17380.43618235229,18207.9529709965,18310.589970996498,102.637,error,
953,62.26518934374714,17394.07859693812,18223.5930409953,18311.0050409953,87.412,error,
954,59.22672218394388,17407.721011523958,18253.46561100334,18418.29561100334,164.83,done,
955,59.88022074447816,17421.36342610979,18311.908538997173,18418.855538997173,106.947,error,
956,22.19677057411011,17435.005840695623,18268.252653993663,18418.521653993663,150.269,done,
957,55.23233379741324,17448.648255281456,18283.18541399389,18418.76841399389,135.583,done,
958,23.47271818316749,17462.290669867292,18298.07222300023,18418.95322300023,120.881,done,
959,54.86344030342274,17475.933084453125,18326.83439600468,18419.40539600468,92.571,error,
960,22.90866028171956,17489.575499038958,18341.53413400054,18419.43813400054,77.904,error,
961,55.815627942269415,17503.217913624794,18356.30467800051,18528.15567800051,171.851,done,
962,22.429569046811743,17516.860328210627,18449.01385499537,18529.06385499537,80.05,error,
963,60.49665604601406,17530.50274279646,18503.05324199796,18621.27024199796,118.217,done,
964,59.12479714673969,17544.145157382292,18371.19155499339,18528.52255499339,157.331,done,
965,22.78290517343389,17557.78757196813,18386.072996996343,18528.791996996344,142.719,done,
966,56.98277481111336,17571.42998655396,18400.92816899717,18528.777168997167,127.849,done,
967,61.18431516166522,17588.793059663203,18415.90179799497,18528.75979799497,112.858,error,
968,58.79290730300883,17606.15613277245,18431.070797994733,18529.196797994733,98.126,error,
969,54.78365347595772,17623.51920588169,18466.951618000865,18620.859618000864,153.908,done,
970,22.47204538564556,17640.88227899093,18539.066016994417,18621.381016994415,82.315,error,
971,59.21577164372847,17658.245352100177,18610.94674399495,18708.450743994952,97.504,error,
972,58.11545008089766,17675.60842520942,18484.982920996845,18621.662920996845,136.68,done,
973,57.66711608722052,17692.971498318664,18520.94745399803,18621.84245399803,100.895,error,
974,56.31614597320959,17710.334571427906,18557.034801997244,18708.089801997245,151.055,done,
975,22.265119673819605,17727.697644537147,18574.90261799842,18708.38561799842,133.483,done,
976,59.54557849138526,17745.060717646393,18669.36262499541,18794.87262499541,125.51,done,
977,56.495481332720935,17762.423790755634,18592.883619003,18708.715619003,115.832,done,
978,22.168682114262587,17781.523171175802,18709.155934996903,18795.138934996903,85.983,error,
979,23.15383536340925,17800.62255159597,18629.58428899944,18708.843288999436,79.259,error,
980,56.12326466670479,17819.721932016135,18649.48191999644,18794.99091999644,145.509,done,
981,22.75568303967108,17838.821312436303,18729.599156998094,18795.036156998096,65.437,error,
982,21.86555086744409,17857.92069285647,18789.68390199542,18868.87790199542,79.194,error,
983,22.62091256714621,17877.02007327664,18689.306878991425,18795.350878991427,106.044,done,
984,58.40967042650863,17896.119453696807,18769.73050899804,18869.02850899804,99.298,done,
985,61.47485728052899,17915.21883411697,18749.673546001315,18869.215546001316,119.542,done,
986,59.533717221538495,17934.31821453714,18809.154357992116,18977.240357992116,168.086,done,
987,21.916908255329883,17953.417594957307,18962.552257992327,19092.437257992326,129.885,done,
988,23.525459869472243,17967.06000954314,18829.07933100313,18977.72133100313,148.642,done,
989,57.12387368178441,17980.702424128976,18843.892058998343,18978.024058998344,134.132,done,
990,22.75353457064202,17994.34483871481,18858.81913999468,18978.129139994682,119.31,done,
991,59.71275182991349,18007.987253300642,18873.442662000656,18978.500662000657,105.058,error,
992,60.78868769866396,18021.62966788648,18888.21295099705,18978.81395099705,90.601,error,
993,22.517511101729323,18035.27208247231,18902.852052003145,18978.711052003146,75.859,error,
994,21.66664377765805,18048.914497058147,18917.692074999213,19092.072074999214,174.38,done,
995,63.16468066046649,18062.55691164398,18932.656286001205,19092.236286001207,159.58,done,
996,59.34284404615974,18076.199326229813,18947.63393999636,19092.762939996363,145.129,done,
997,60.70007527665676,18089.84174081565,18977.598163999617,19092.754163999616,115.156,error,
998,58.51368573313557,18103.48415540148,18991.74819099158,19092.89019099158,101.142,error,
