# {"debug": false, "pause": false, "slo_ms": 1930, "output": "/users/pleple/DynWork/log/azure/LenScale_0.1/summarization/t5_cnn/1_x_P99/clipper/output.csv", "reqs": "/users/pleple/DynWork/log/azure/LenScale_0.1/summarization/t5_cnn/jobs.bucketed.csv"}
JobId,Length,Admitted,Started,Finished,Latency,State,EName
0,511.11474760109564,0.0,4.081990122795105,520.1676440378651,516.08565391507,done,
1,758.8447986985558,594.390794048599,599.471097111702,1362.2116181049496,762.7405209932476,done,
2,1013.5703451000154,1188.781588097198,1194.8296130895615,2379.0998711511493,1184.2702580615878,done,
3,672.9964227997698,1783.1723821457972,1789.932228088379,3054.422058094293,1264.489830005914,done,
4,1242.9296609014273,2377.563176194396,2385.3840531110764,4300.719979105517,1915.335925994441,done,
5,672.9220148990862,2971.953970242995,2981.486178040505,4300.8658800181,1319.3797019775957,done,
6,521.9586850958876,3962.6052936573274,3973.724367141724,4825.634023102932,851.9096559612079,done,
7,1074.5080180000514,4953.256617071657,4965.130038142204,6043.358710060827,1078.2286719186231,done,
8,1352.0752396027092,5943.90794048599,5957.06210899353,7398.898521989584,1441.8364129960537,done,
9,742.0111449027901,6439.233602193155,6454.0510511398315,8143.448880142532,1689.397829002701,done,
10,1146.6551391989924,6934.559263900323,6950.364551067352,,,error,ValueError
11,679.2360125982667,7429.884925607486,7446.204591155052,,,error,ValueError
12,638.8861045998058,7925.210587314653,7942.394401073456,,,error,ValueError
13,474.29339929949487,8420.53624902182,8439.004590034485,,,error,ValueError
14,681.6230297030415,8915.861910728985,8935.246641039847,,,error,ValueError
15,554.1542328952346,9340.42676362084,9360.500010132791,,,error,ValueError
16,411.01710069924593,9764.991616512698,9786.938109993936,,,error,ValueError
17,622.8591902996412,10189.556469404552,10212.757479071615,,,error,ValueError
18,677.9804552963469,10614.12132229641,10638.682938098907,,,error,ValueError
19,856.9034209009261,11038.686175188266,11063.87114405632,,,error,ValueError
20,464.50096450280404,11463.251028080122,11489.60754108429,,,error,ValueError
21,1021.4029727037996,11887.81588097198,11914.82298505306,,,error,ValueError
22,991.6860794008244,12630.804373532726,12658.259921073914,,,error,ValueError
23,569.0148917958139,13373.792866093476,13402.738272070883,15186.916070033794,1784.1777979629112,done,
24,684.3697504955344,14116.781358654223,14146.551727056503,15873.821496120654,1727.269769064151,done,
25,665.3354307985865,14859.769851214973,14890.13379406929,16541.853772032075,1651.7199779627845,done,
26,716.3183141965419,15454.160645263571,15485.55153608322,17261.23311300762,1775.6815769243985,done,
27,961.6812646039763,16048.551439312172,16081.29536998272,,,error,ValueError
28,764.9106425989885,16642.942233360773,16677.250058054924,,,error,ValueError
29,709.7713662020396,17237.333027409368,17272.540966033936,,,error,ValueError
30,617.5942186033353,17831.72382145797,17867.95877802372,,,error,ValueError
31,805.6024262041319,18426.11461550657,18463.143526196483,,,error,ValueError
32,583.0815527995583,19020.505409555168,19058.156672120094,,,error,ValueError
33,579.9077790987212,19614.896203603766,19653.54389309883,,,error,ValueError
34,619.0755499002988,20209.28699765236,20248.79450213909,,,error,ValueError
35,710.9605471952817,20803.677791700964,20843.99761915207,,,error,ValueError
36,817.6832166966051,21546.666284261708,21587.286978006367,,,error,ValueError
37,1319.2612715007272,22289.654776822466,22331.397191047672,,,error,ValueError
38,724.9917581037153,23032.643269383207,23074.8341960907,,,error,ValueError
39,958.3227540948427,23775.63176194396,23818.84635102749,,,error,ValueError
40,568.6534281994682,24370.02255599256,24413.879262089733,,,error,ValueError
41,1060.1004475029183,24964.41335004116,25009.32647705078,,,error,ValueError
42,520.5134393007029,25558.804144089754,25604.68666803837,,,error,ValueError
43,651.2288297002668,26153.194938138353,26199.712526083,,,error,ValueError
44,681.4561545033938,26747.585732186948,26794.717081069946,,,error,ValueError
45,812.5311936018988,27341.97652623555,27390.183153152466,,,error,ValueError
46,542.208508803742,27936.36732028415,27985.481115102768,,,error,ValueError
47,621.2814258993603,28530.758114332748,28580.526039004326,,,error,ValueError
48,892.0590751979034,29125.148908381347,29175.546658158306,,,error,ValueError
49,466.6026679973584,29719.539702429945,29771.525790095333,,,error,ValueError
50,419.67517250450334,30313.930496478544,30367.437803983685,,,error,ValueError
51,499.18404649943113,30908.321290527143,30962.41470205784,32854.983084026724,1892.5683819688857,done,
52,657.6439969998319,31502.71208457574,31557.3978151083,,,error,ValueError
53,643.4242040966637,32097.102878624344,32152.49442207813,,,error,ValueError
54,567.712076799944,32691.493672672943,32747.434374094013,,,error,ValueError
55,430.67781309946434,33186.81933438011,33243.67328107357,35163.54872999247,1919.8754489189012,done,
56,829.1398341010789,33682.14499608728,33740.103486180305,,,error,ValueError
57,754.0525307995268,34177.470657794445,34236.03152704239,,,error,ValueError
58,557.0099402975757,34672.7963195016,34731.938615083694,,,error,ValueError
59,1077.4534736003259,35168.12198120877,35227.926091074936,,,error,ValueError
60,2071.0528817027807,35663.44764291594,35723.468882083886,,,error,ValueError
61,726.5386681945529,36257.838436964536,36318.481539011,,,error,ValueError
62,1140.0365005014464,36852.22923101314,36913.41234111786,,,error,ValueError
63,872.8145438013597,37446.62002506173,37509.74305713177,,,error,ValueError
64,1405.7600654021371,38041.010819110335,38105.35363209248,,,error,ValueError
65,872.1992719976697,38635.40161315893,38700.55933201313,,,error,ValueError
66,935.582945495844,39229.792407207526,39295.650771021836,,,error,ValueError
67,858.9853552053683,39824.183201256135,39890.85402703285,,,error,ValueError
68,472.56983949919226,40418.57399530473,40486.15499210358,,,error,ValueError
69,807.8226579003967,41012.96478935333,41081.49625504017,,,error,ValueError
70,1709.0012305998246,41607.355583401935,41677.41155099869,,,error,ValueError
71,964.9023173958993,42350.34407596268,42420.6268761158,,,error,ValueError
72,741.4618353010155,43093.332568523416,43164.22996509075,,,error,ValueError
73,943.3404718991368,43836.32106108417,43908.12268912792,,,error,ValueError
74,644.947586604394,44579.309553644925,44652.11549615861,,,error,ValueError
75,780.8194935962092,45074.63521535209,45148.145925045006,,,error,ValueError
76,855.549900099868,45569.960877059246,45644.39921915531,,,error,ValueError
77,322.1310601045843,46065.28653876641,46141.180379986756,,,error,ValueError
78,1072.753614099929,46560.61220047358,46636.7464991808,,,error,ValueError
79,379.77173280087305,47055.937862180755,47132.55531811714,,,error,ValueError
80,683.8657971005888,47551.26352388792,47628.85610616207,,,error,ValueError
81,625.5384507006967,48294.25201644866,48372.18834614754,,,error,ValueError
82,391.47997830295935,49037.24050900941,49116.12807404995,,,error,ValueError
83,484.57283519674087,49780.229001570166,49859.62220811844,51654.14061112888,1794.5184030104429,done,
84,752.640525996685,50523.217494130906,50603.93021309376,52409.3745020926,1805.4442889988425,done,
85,747.0254376006778,51513.86881754523,51596.034372091286,53159.04568110685,1563.0113090155646,done,
86,679.7104433004279,52504.52014095958,52587.81180906296,53841.430504021235,1253.618694958277,done,
87,2188.5658466024324,53495.171464373896,53579.31385910512,,,error,ValueError
88,1184.63604139979,54238.15995693465,54323.18332505227,,,error,ValueError
89,535.3533730027266,54981.14844949541,55067.75966310501,,,error,ValueError
90,1211.9470976002049,55724.13694205615,55812.030301094055,,,error,ValueError
91,682.5687550997827,56467.1254346169,56555.916459083564,,,error,ValueError
92,656.8256005994044,57210.11392717765,57299.470728039734,,,error,ValueError
93,582.8128510038367,57953.102419738396,58043.87308907509,,,error,ValueError
94,1682.337075099349,58696.09091229914,58787.66544914245,,,error,ValueError
95,484.766784805106,59439.079404859884,59531.362544059746,,,error,ValueError
96,758.4131821990013,60429.730728274226,60522.821990132325,,,error,ValueError
97,598.3335234981496,61420.38205168855,61515.18114209175,63416.422231076285,1901.2410889845341,done,
98,911.7034909024367,62411.03337510289,62506.29654610157,64330.903267158195,1824.6067210566248,done,
99,1121.3841937016696,63005.42416915148,63101.780566096306,,,error,ValueError
100,287.0076282008085,63599.814963200086,63696.99464607238,,,error,ValueError
101,721.1644571041687,64194.20575724869,64292.413014173515,,,error,ValueError
102,1002.7843335992656,64788.596551297276,64887.86309111117,,,error,ValueError
103,653.5310078994371,65382.987345345886,65483.33272409438,,,error,ValueError
104,526.1176991974935,65977.37813939447,66079.23041808605,68002.99760304112,1923.7671849550682,done,
105,598.1469713035041,66571.76893344308,66674.38289809227,68603.73989406228,1929.356995970011,done,
106,356.0354907996953,67166.15972749169,67269.71431314945,68962.20146113541,1692.4871479859576,done,
107,832.1905159973538,67760.55052154027,67865.34297502041,,,error,ValueError
108,334.1351995011792,68354.94131558888,68460.68444800378,70134.10414800794,1673.4197000041604,done,
109,678.3123522007372,68949.33210963747,69055.5652410984,70814.89175309241,1759.326511994004,done,
110,1030.028508900432,69543.72290368608,69651.01021897793,,,error,ValueError
111,222.7044218045194,70138.11369773468,70246.42942607403,72072.6658420777,1826.2364160036668,done,
112,759.7978338017128,70732.50449178329,70842.20685207844,,,error,ValueError
113,656.7449851951096,71326.89528583188,71437.57940411568,,,error,ValueError
114,1381.4460777968634,71921.28607988048,72032.87492012978,,,error,ValueError
115,375.7181307009887,72515.67687392907,72628.48402607441,,,error,ValueError
116,971.0421972966287,73110.06766797768,73224.12609910965,,,error,ValueError
117,860.8349515998269,73704.45846202628,73819.41477012634,,,error,ValueError
118,546.251805400243,74298.84925607487,74414.83823716639,,,error,ValueError
119,656.033700297121,74723.41410896672,74840.16060805321,,,error,ValueError
120,1138.3913455996662,75147.97896185858,75265.64920318128,,,error,ValueError
121,447.9745181975887,75572.54381475043,75690.8381061554,,,error,ValueError
122,657.9992622020653,75997.1086676423,76116.36595213412,,,error,ValueError
123,402.9578616959043,76421.67352053415,76541.44911408424,,,error,ValueError
124,820.0478880025912,76846.23837342602,76966.74445617199,,,error,ValueError
125,614.5345352997538,77270.80322631786,77392.71468305588,,,error,ValueError
126,774.5140071026981,77865.19402036647,77987.91877508162,,,error,ValueError
127,409.6328200015705,78459.58481441505,78582.82960009575,,,error,ValueError
128,967.5757655990311,79053.97560846366,79178.47642207147,,,error,ValueError
129,251.50799679686318,79648.36640251227,79773.60054504871,,,error,ValueError
130,664.2786887008698,80242.75719656085,80368.90276515484,,,error,ValueError
131,705.7226548029578,80738.08285826803,80865.6544520855,,,error,ValueError
132,514.6320024970919,81233.40851997519,81362.1361989975,,,error,ValueError
133,605.0066306022928,81728.73418168235,81858.03790807724,,,error,ValueError
134,889.5210548012982,82224.05984338952,82354.46573615074,,,error,ValueError
135,610.7679014035966,82719.3855050967,82850.04763805866,,,error,ValueError
136,897.4068693991286,83214.71116680387,83345.58449101447,,,error,ValueError
137,637.9403672995978,83809.10196085245,83940.75464010239,,,error,ValueError
138,598.1245177972596,84403.49275490106,84536.1629511118,,,error,ValueError
139,582.7752228011377,84997.88354894966,85132.74160504341,,,error,ValueError
140,977.7911005017813,85592.27434299825,85728.48858010769,,,error,ValueError
141,869.7601531981489,86186.66513704685,86323.74344706535,,,error,ValueError
142,1418.0621524981686,86929.6536296076,87067.09070205687,,,error,ValueError
143,554.9361947982106,87672.64212216834,87811.06653606893,,,error,ValueError
144,653.8756435969844,88415.63061472909,88555.38773906231,,,error,ValueError
145,914.9455469974782,89158.61910728985,89299.78576803207,,,error,ValueError
146,526.2001811002847,90149.27043070416,90292.05691707133,,,error,ValueError
147,984.6816980978474,91139.92175411849,91283.23692309855,,,error,ValueError
148,1186.8672978016548,92130.57307753283,92275.60410404202,,,error,ValueError
149,600.4975699004717,93121.22440094716,93266.60754907133,,,error,ValueError
150,684.4454650010448,94111.87572436151,94259.11204004288,95927.51169704925,1668.3996570063757,done,
151,484.5508115016855,95102.52704777585,95250.10626602171,96414.33428404572,1164.228018024005,done,
152,649.3844591022935,95845.51554033658,95993.83457899094,97066.15565202665,1072.3210730357096,done,
153,616.9241196010262,96588.50403289733,96737.91762018204,97685.95002412889,948.0324039468542,done,
154,1036.0563783964608,97331.49252545806,97482.85196602343,98725.00873400828,1242.1567679848522,done,
155,371.14790889900183,98074.48101801882,98226.79280912878,99098.29561020622,871.5028010774405,done,
156,672.9538513987792,99065.13234143317,99218.74275302887,99895.10111103207,676.3583580031991,done,
157,666.4295453985687,100055.78366484748,100210.68501508236,100880.82540210709,670.1403870247304,done,
158,1438.7139308964834,101046.43498826184,101202.40357315539,102645.31079616769,1442.9072230122983,done,
159,308.8955838000402,101541.760649969,101698.74312102798,102956.3680249546,1257.6249039266258,done,
160,1445.5899691034576,102037.08631167618,102195.17297506332,,,error,ValueError
161,2011.0993901034815,102532.41197338332,102691.61805403233,,,error,ValueError
162,963.7846332974733,103027.73763509047,103187.85744798183,,,error,ValueError
163,1153.842712700134,103523.06329679766,103684.186101079,,,error,ValueError
164,446.526610100409,104018.38895850483,104179.92333006859,,,error,ValueError
165,653.043120802613,104761.37745106556,104923.71701514721,,,error,ValueError
166,557.2372063004876,105504.36594362633,105668.23573112488,,,error,ValueError
167,1072.9034594027328,106247.35443618707,106411.66030013561,,,error,ValueError
168,732.3761217994615,106990.34292874779,107155.23516917227,,,error,ValueError
169,613.9410454023164,107733.33142130855,107898.94322812557,,,error,ValueError
170,634.0811784029938,108476.31991386932,108642.40593099594,,,error,ValueError
171,907.6217753987294,109219.30840643006,109385.87485015392,,,error,ValueError
172,1104.7428641992158,109962.2968989908,110129.29990804195,,,error,ValueError
173,741.8270389025564,110705.28539155156,110873.09764301775,,,error,ValueError
174,529.0568502969109,111448.2738841123,111616.50216710569,,,error,ValueError
175,772.5204593967646,112191.26237667305,112360.09372913836,,,error,ValueError
176,606.8810552009381,112934.2508692338,113103.80318403244,,,error,ValueError
177,2078.7658166955225,113677.23936179455,113847.95376110074,,,error,ValueError
178,664.922367897816,114420.2278543553,114591.52464914322,,,error,ValueError
179,943.0902871012222,115163.21634691606,115335.5073261261,,,error,ValueError
180,559.4596837006975,115906.20483947679,116079.58443009852,,,error,ValueError
181,363.1589670956601,116104.33510415965,116278.60880804062,,,error,ValueError
182,1007.2462298034224,116302.46536884252,116477.57305204867,,,error,ValueError
183,532.7877458999865,116500.59563352539,116676.12397098538,,,error,ValueError
184,765.9912975970656,116698.72589820824,116875.11559402946,,,error,ValueError
185,806.2644018966239,116896.85616289113,117073.64500105381,,,error,ValueError
186,558.5669592022897,117094.98642757398,117271.97347307205,,,error,ValueError
187,674.3650292977691,117293.11669225685,117471.01216900347,,,error,ValueError
188,881.933983199997,117491.24695693972,117669.55666208267,,,error,ValueError
189,642.1584470022934,117689.37722162259,117869.07580208777,,,error,ValueError
190,577.1332598989828,117887.50748630545,118068.22959816454,,,error,ValueError
191,406.8411202984862,118085.63775098832,118267.19097805026,,,error,ValueError
192,568.0297459999565,118283.76801567119,118466.35490107535,,,error,ValueError
193,809.3570443976206,118481.89828035404,118666.5827280283,,,error,ValueError
194,662.3874558019453,118680.02854503693,118866.19664406775,,,error,ValueError
195,531.9425739988219,118878.15880971977,119065.46288514134,,,error,ValueError
196,646.4959879987872,119472.54960376838,119660.44725310802,,,error,ValueError
197,888.1554056017194,120066.94039781699,120255.6593760252,,,error,ValueError
198,595.317359600449,120661.33119186557,120850.695636034,,,error,ValueError
199,1032.8051251999568,121255.7219859142,121446.3175920248,,,error,ValueError
200,580.1334776973817,121850.11277996279,122041.47111713885,,,error,ValueError
201,1332.2079322999346,122444.50357401137,122636.62673711775,,,error,ValueError
202,792.2276959987358,123038.89436805998,123231.62514317036,,,error,ValueError
203,348.4617437003181,123633.28516210859,123827.15455806255,,,error,ValueError
204,1199.2885135987308,124227.67595615717,124421.99372410776,,,error,ValueError
205,818.3869659027549,124822.06675020578,125017.52125310898,,,error,ValueError
206,691.9096962024922,125565.05524276652,125761.57132709025,127686.1447620727,1924.5734349824488,done,
207,608.2342152949423,126308.04373532727,126505.55763602255,128296.71893093268,1791.1612949101252,done,
208,554.8807372979354,127051.03222788803,127249.21030807494,128853.98270609042,1604.772398015484,done,
209,795.6543059030083,127794.02072044875,127992.73021101953,129652.26487910376,1659.534668084234,done,
210,830.6824664992746,128218.58557334062,128419.23521709444,,,error,ValueError
211,500.3668305987958,128643.15042623247,128844.48900198935,,,error,ValueError
212,623.1640742975287,129067.71527912436,129270.66833412649,,,error,ValueError
213,459.8682445997838,129492.2801320162,129695.58198702335,,,error,ValueError
214,557.460028398782,129916.84498490805,130120.84478211404,,,error,ValueError
215,1171.800880500814,130341.40983779992,130545.85363006592,,,error,ValueError
216,664.2442323965952,130765.97469069176,130971.48910212515,,,error,ValueError
217,695.7374273973983,131360.36548474038,131566.47912609574,,,error,ValueError
218,575.6987204018515,131954.75627878893,132161.9216581583,,,error,ValueError
219,541.2440148997119,132549.14707283757,132757.52119410038,,,error,ValueError
220,559.0160347986966,133143.53786688615,133353.3729301691,,,error,ValueError
221,861.0039750987198,133737.92866093473,133949.3140641451,,,error,ValueError
222,1625.3455370024312,134332.31945498337,134544.85779607296,,,error,ValueError
223,883.8813704031053,134926.71024903195,135140.38476610187,,,error,ValueError
224,567.1532538020982,135521.10104308053,135736.21904218194,,,error,ValueError
225,389.7441409004386,136115.49183712914,136331.23958706856,,,error,ValueError
226,495.40268849814316,136709.88263117775,136926.29652011395,138843.04093506373,1916.7444149497896,done,
227,604.9694100976923,137452.8711237385,137669.68553805348,139450.40383400486,1780.718295951374,done,
228,782.4945995002054,138195.85961629925,138412.9950760603,140235.57308504544,1822.5780089851469,done,
229,725.3616238012911,138938.84810886,139156.6191830635,140963.6476199804,1807.0284369168803,done,
230,668.6930539028252,139681.83660142074,139901.12295114994,141634.9179821238,1733.7950309738515,done,
231,913.6011561960913,140424.8250939815,140646.24258613586,142551.68152314983,1905.4389370139688,done,
232,832.8240950999317,141167.81358654227,141390.3353331089,,,error,ValueError
233,856.3273055013269,141910.802079103,142133.7517989874,,,error,ValueError
234,765.7905107014814,142653.79057166376,142877.28769505024,,,error,ValueError
235,693.6196105030832,143149.11623337097,143373.84179604053,,,error,ValueError
236,1676.8072195001878,143644.44189507805,143870.0952270031,,,error,ValueError
237,1043.244035798125,144139.76755678526,144366.59073114395,,,error,ValueError
238,1080.1233451988082,144635.09321849243,144862.80344510078,,,error,ValueError
239,2036.249032401247,145130.41888019958,145359.22840809822,,,error,ValueError
240,533.3632235997356,145625.74454190675,145855.55461502075,,,error,ValueError
241,850.0496225024108,146368.7330344675,146599.58324706554,,,error,ValueError
242,510.9787441033404,147111.72152702825,147342.75882709026,,,error,ValueError
243,1842.4688519968186,147854.710019589,148086.66327917573,,,error,ValueError
244,446.7205521999857,148597.69851214974,148830.35911309722,,,error,ValueError
245,867.5533714005724,149192.08930619835,149425.4525731802,,,error,ValueError
246,418.84529239614494,149786.48010024693,150020.08584415913,,,error,ValueError
247,575.4507372970693,150380.87089429554,150615.21981203556,,,error,ValueError
248,556.1452758032829,150975.26168834412,151210.44457507133,,,error,ValueError
249,1016.8071765045171,151569.65248239273,151806.23331308365,,,error,ValueError
250,504.7711971972603,151994.2173352846,152231.49680507186,,,error,ValueError
251,909.8314608971124,152418.78218817644,152656.90088903904,,,error,ValueError
252,810.1140313956421,152843.3470410683,153082.15746700767,,,error,ValueError
253,683.7321769970005,153267.91189396015,153508.06706809998,,,error,ValueError
254,1360.7937956985552,153692.476746852,153933.9473360777,,,error,ValueError
255,471.3317576039117,154117.04159974385,154359.2699841261,,,error,ValueError
256,844.6982157009187,154541.60645263572,154784.51189506054,,,error,ValueError
257,385.4178590001538,155284.5949451965,155528.60994911197,,,error,ValueError
258,873.1860069034155,156027.58343775722,156272.68230211735,,,error,ValueError
259,560.4369584994856,156770.57193031794,157016.98303806782,,,error,ValueError
260,482.2273253987077,157513.56042287868,157761.35089206696,159439.34831202682,1677.9974199598655,done,
261,519.3853237025905,158107.95121692732,158356.22728216648,159960.9686660925,1604.7413839260116,done,
262,870.2254769043067,158702.3420109759,158951.7739471197,160834.03781209234,1882.2638649726287,done,
263,270.90022659976967,159296.73280502448,159546.7142430544,161106.94540715218,1560.231164097786,done,
264,580.7733365974855,159891.1235990731,160142.14224600792,161690.14853098989,1548.006284981966,done,
265,316.27578129991883,160485.5143931217,160737.82370603085,162008.5937930541,1270.7700870232657,done,
266,292.57307130028494,161476.16571653605,161729.4759800434,162303.52671712264,574.0507370792329,done,
267,297.1219454018865,162466.81703995034,162721.23476302624,163021.77523901593,300.5404759896919,done,
268,692.8971389017534,163457.46836336472,163712.73003208634,164409.25710606106,696.5270739747211,done,
269,443.8999751000665,164051.85915741333,164308.1803841591,164855.48768011667,547.3072959575802,done,
270,634.1422339028213,164646.24995146188,164902.78718411922,165540.16478709877,637.3776029795408,done,
271,777.7641831024084,165240.64074551052,165498.0803911686,166320.6715891948,822.5911980262026,done,
272,556.1805767007172,165835.0315395591,166093.53193104267,166879.20090112835,785.6689700856805,done,
273,673.636235302547,166429.42233360768,166689.32367217538,167555.2875721715,865.9638999961318,done,
274,1168.9578518969938,167172.41082616846,167433.02418410778,168727.36576411873,1294.3415800109506,done,
275,541.138535697246,167915.3993187292,168177.20556008816,169271.11893700156,1093.913376913406,done,
276,1028.7810594018083,168658.38781128995,168920.8332271576,170302.77116811182,1381.9379409542307,done,
277,739.8752364970277,169401.3763038507,169664.74277698994,171045.54298995622,1380.8002129662782,done,
278,359.2740976018831,169995.76709789928,170259.86389303207,171407.05434803013,1147.1904549980536,done,
279,953.0833977041766,170590.1578919479,170855.69223117828,172362.8812641492,1507.1890329709274,done,
280,865.4391514020973,171184.5486859965,171450.36181807518,173231.0764080612,1780.7145899860188,done,
281,595.1649633992929,171778.93948004508,172045.80993509293,173828.66316010617,1782.8532250132412,done,
282,1136.8545765988526,172373.3302740937,172641.4640171528,,,error,ValueError
283,885.6751169019844,172967.7210681423,173236.38957619667,,,error,ValueError
284,495.234736596467,173562.11186219088,173830.93079304695,,,error,ValueError
285,484.27112190402113,174156.5026562395,174426.26988708973,176343.7724340055,1917.5025469157845,done,
286,734.6030544023961,174750.89345028807,175021.66953408718,,,error,ValueError
287,709.7954407974612,175345.28424433668,175617.2590110302,,,error,ValueError
288,241.5530256985221,176088.27273689746,176360.46601903441,178036.8157220241,1676.3497029896826,done,
289,1196.5067976037974,176831.26122945818,177104.40078210828,,,error,ValueError
290,1061.3738977001046,177574.2497220189,177847.93430101871,,,error,ValueError
291,673.5051736992317,178317.2382145797,178592.55519211292,,,error,ValueError
292,602.1239045017865,178911.62900862828,179187.97579216954,,,error,ValueError
293,619.1860004968476,179506.01980267692,179783.12589204308,,,error,ValueError
294,580.26268670219,180100.41059672547,180378.37796211246,,,error,ValueError
295,664.6977961005177,180694.80139077405,180974.15594303608,,,error,ValueError
296,995.3778030001558,181289.1921848227,181569.86624705794,,,error,ValueError
297,1079.9294668016955,181883.5829788713,182164.8506830931,,,error,ValueError
298,622.0375651028007,182477.97377291988,182760.33847010136,,,error,ValueError
299,609.8665699013509,183072.36456696852,183355.977255106,,,error,ValueError
300,1339.824602904264,183666.75536101707,183951.73456311226,,,error,ValueError
301,1063.7589417980053,184261.14615506565,184546.70929002762,,,error,ValueError
302,1149.4258048012853,185004.13464762646,185290.4128750563,,,error,ValueError
303,639.9575186020229,185747.12314018718,186034.48571515086,,,error,ValueError
304,947.2010726982263,186490.11163274792,186778.04507613185,,,error,ValueError
305,486.76775140338583,187233.10012530867,187522.11365509036,,,error,ValueError
306,663.7572719017044,187976.08861786945,188266.37758302692,,,error,ValueError
307,711.2619714986067,188719.07711043017,189010.76715707782,,,error,ValueError
308,563.7363538029604,189462.06560299086,189754.88336801532,191569.06649200714,1814.1831239918247,done,
309,1006.916262197774,190205.0540955517,190499.09833705425,,,error,ValueError
310,590.5241399013902,191195.705418966,191490.64081716535,193171.86829012536,1681.2274729600174,done,
311,632.4981907964684,192186.35674238036,192482.42299509046,193806.90541403645,1324.4824189459905,done,
312,674.476324301213,193177.00806579465,193474.41078913206,194483.9762981729,1009.56550904084,done,
313,406.4916930976324,193919.9965583554,194219.5770061016,194892.8412160976,673.2642099959776,done,
314,884.6526218985672,194662.98505091612,194963.1740810871,195852.35223200265,889.1781509155408,done,
315,651.78681910038,195405.97354347692,195707.9438050985,196506.72143413775,798.7776290392503,done,
316,1145.5197814968415,196148.96203603764,196452.2020751238,197655.30642409343,1203.1043489696458,done,
317,943.7435423024001,196644.28769774482,196948.77929317948,198601.81724311036,1653.0379499308763,done,
318,537.8624729986768,197139.613359452,197444.96811902523,199142.8018740788,1697.8337550535796,done,
319,567.8177045017948,197634.93902115914,197941.81576514247,199712.57925316322,1770.7634880207481,done,
320,694.266250700457,198130.26468286628,198437.83431613445,,,error,ValueError
321,838.6872407980263,198625.59034457343,198934.53263914585,,,error,ValueError
322,877.0290833024774,199120.91600628066,199431.35681807995,,,error,ValueError
323,595.4690304002726,199715.30680032927,200027.11196017265,,,error,ValueError
324,826.0162776976358,200309.69759437785,200621.95733916762,,,error,ValueError
325,471.0182871029247,200904.08838842643,201217.42955112454,,,error,ValueError
326,426.76389749976806,201498.47918247504,201813.24357008934,,,error,ValueError
327,645.3403065970632,202092.86997652362,202408.897231102,,,error,ValueError
328,579.4845552998595,202588.19563823086,202904.73063015935,,,error,ValueError
329,667.7166034001858,203083.521299938,203401.0708041191,,,error,ValueError
330,992.8312915028073,203578.84696164515,203896.7952491045,,,error,ValueError
331,184.99949850374838,204074.17262335235,204392.92638504505,,,error,ValueError
332,369.0958159044385,204569.4982850595,204888.91385602948,,,error,ValueError
333,848.1370765948668,205064.82394676664,205384.72141408923,,,error,ValueError
334,971.2250772048719,205560.14960847388,205881.16404604915,,,error,ValueError
335,624.8250050004573,206055.47527018093,206377.36285805702,,,error,ValueError
336,776.030412100954,206550.80093188814,206873.45292711255,,,error,ValueError
337,509.2024669982493,207046.1265935953,207369.0924450159,,,error,ValueError
338,638.5825379984453,207541.45225530246,207864.67504107952,,,error,ValueError
339,512.2701532964129,208036.77791700966,208360.6789941788,,,error,ValueError
340,514.6975170006044,208461.34276990147,208786.6881890297,,,error,ValueError
341,904.4387503003236,208885.9076227933,209212.31988704205,,,error,ValueError
342,235.37205120082942,209310.4724756852,209637.9638080597,,,error,ValueError
343,453.90841139596887,209735.03732857702,210064.36369907856,,,error,ValueError
344,685.9675672021697,210159.60218146886,210489.8518720865,,,error,ValueError
345,1049.5298214955258,210584.16703436075,210914.88893401626,,,error,ValueError
346,1927.0870640000805,211008.73188725265,211339.97858810425,,,error,ValueError
347,779.8510382010137,211751.72037981337,212083.74454104897,,,error,ValueError
348,819.7214002022521,212494.70887237406,212827.50839817524,,,error,ValueError
349,1364.756304200273,213237.6973649349,213571.7123301029,,,error,ValueError
350,349.78150840033777,213980.68585749558,214315.28049016,,,error,ValueError
351,666.1532554018778,214575.07665154425,214910.04205811024,,,error,ValueError
352,558.9302495995072,215169.4674455928,215505.2914030552,,,error,ValueError
353,545.1653825992253,215763.8582396414,216100.88702499864,,,error,ValueError
354,981.479837797815,216358.24903369,216695.52944207191,,,error,ValueError
355,1306.1406016990077,216952.6398277386,217290.91023004052,,,error,ValueError
356,600.6401713006197,217695.62832029932,218034.1305061579,,,error,ValueError
357,523.1117202027235,218438.61681286013,218777.87871909144,,,error,ValueError
358,781.483682297403,219181.60530542085,219521.58579409122,,,error,ValueError
359,1766.3568525982557,219924.5937979816,220265.9521790743,,,error,ValueError
360,825.6393812014721,220419.9194596888,220762.3606570959,,,error,ValueError
361,543.5351572989019,220915.24512139594,221258.70502114296,,,error,ValueError
362,1020.0052151980343,221410.57078310312,221754.60476911065,,,error,ValueError
363,395.24043139535934,221905.89644481032,222250.4156091213,,,error,ValueError
364,809.7114826028702,222401.22210651747,222746.83197903636,,,error,ValueError
365,385.3350227000191,222896.5477682246,223243.0356811285,,,error,ValueError
366,996.79306189646,223193.74316524886,223541.18203914165,,,error,ValueError
367,645.7386960042639,223490.9385622732,223839.16259109974,,,error,ValueError
368,599.4794726953842,223788.1339592975,224137.2965871096,,,error,ValueError
369,586.1409057979472,224085.3293563218,224434.72685408595,,,error,ValueError
370,878.8578725012485,224382.5247533461,224732.31468498707,,,error,ValueError
371,626.3203561946284,224679.72015037038,225030.50671899322,,,error,ValueError
372,837.111772998469,224976.91554739472,225328.4271380901,,,error,ValueError
373,784.9276183987967,225274.110944419,225626.0577120781,,,error,ValueError
374,562.7703682053834,225571.30634144327,225923.7436710596,,,error,ValueError
375,879.9755910004022,225868.5017384676,226221.40679109094,,,error,ValueError
376,836.8514414993115,226462.8925325162,226816.882494092,,,error,ValueError
377,1097.1062645025088,227057.2833265648,227411.76838016513,,,error,ValueError
378,720.1293828955386,227651.6741206134,228007.26028609282,,,error,ValueError
379,673.4057641006075,228246.06491466198,228602.262879014,,,error,ValueError
380,513.9829078980256,228840.4557087106,229197.78069615364,,,error,ValueError
381,517.3936732986476,229583.44420127128,229941.5109591484,231798.93785316218,1857.42689401377,done,
382,1055.3819938970264,230326.43269383212,230684.82202911374,,,error,ValueError
383,846.1502515012397,231069.42118639286,231428.067797184,,,error,ValueError
384,863.1964978994803,231812.40967895358,232171.9305500984,,,error,ValueError
385,939.7452064964456,232555.39817151433,232915.56457018852,,,error,ValueError
386,521.6973763948772,233298.3866640751,233659.91866207126,,,error,ValueError
387,1977.5628116040025,234041.37515663586,234404.01196312907,,,error,ValueError
388,547.0086301036645,234784.36364919657,235148.4143861532,,,error,ValueError
389,622.6964827044868,235378.75444324518,235743.3412691355,,,error,ValueError
390,678.62622999819,235973.14523729376,236338.46524715426,,,error,ValueError
391,340.5366584949661,236567.53603134237,236933.9203461409,,,error,ValueError
392,390.4887808021158,237161.9268253909,237529.33326113227,239437.6923550731,1908.3590939408168,done,
393,337.0391732023563,237756.31761943962,238125.26377499106,239776.63801202088,1651.3742370298132,done,
394,563.7630507990252,238180.88247233143,238551.0915890932,240342.64810808375,1791.5565189905462,done,
395,538.1609221978579,238605.44732522327,238976.6692280769,240883.23805914258,1906.5688310656697,done,
396,641.8492469994817,239030.01217811517,239401.94417214394,,,error,ValueError
397,845.0177449034528,239454.57703100698,239827.0446510315,,,error,ValueError
398,532.1008760947734,239879.1418838989,240252.31079506874,,,error,ValueError
399,445.95579740125686,240303.70673679071,240677.38941299915,,,error,ValueError
400,533.775767905172,240728.27158968252,241102.70381712914,,,error,ValueError
401,457.81708019785583,241322.66238373122,241698.15654206282,,,error,ValueError
402,645.1859647990204,241917.05317777977,242292.8567169905,,,error,ValueError
403,476.11258149845526,242511.4439718284,242887.9939651489,,,error,ValueError
404,486.42537990235724,243105.83476587696,243483.40736806396,,,error,ValueError
405,679.2988672968933,243700.22555992557,244079.20490312573,,,error,ValueError
406,981.2202801054808,244443.2140524863,244822.5804359913,,,error,ValueError
407,716.3837603991852,245186.2025450471,245565.9972469807,,,error,ValueError
408,295.3033678990323,245929.19103760784,246310.06365907192,248118.04005210102,1807.9763930290937,done,
409,640.5190226971172,246672.17953016856,247053.80418717858,248761.82272921313,1708.0185420345515,done,
410,527.0857400959359,247266.57032421717,247648.52797007558,249291.38161207453,1642.8536419989541,done,
411,571.2961403012741,247860.9611182657,248243.4366240501,249865.0658160783,1621.6291920281947,done,
412,1162.881851400016,248455.35191231442,248838.16766905785,,,error,ValueError
413,651.4527216961143,249049.7427063629,249434.78794407845,,,error,ValueError
414,505.89034169679513,249644.13350041155,250029.52094507214,,,error,ValueError
415,606.4705669996329,250139.45916211876,250525.55325305465,,,error,ValueError
416,762.2318696987351,250634.7848238259,251021.71099710464,,,error,ValueError
417,599.4583413994405,251130.11048553305,251517.6708090305,,,error,ValueError
418,444.94258519844146,251625.43614724022,252013.7775690556,,,error,ValueError
419,695.4955409979448,252120.76180894734,252510.22634506226,,,error,ValueError
420,1374.0478923020419,252616.0874706545,253006.1771481037,,,error,ValueError
421,806.3366306014359,253210.47826470315,253601.3532270193,,,error,ValueError
422,524.0709603007416,253804.8690587517,254196.1675240993,,,error,ValueError
423,406.38259739498613,254399.25985280034,254792.95094907284,,,error,ValueError
424,428.6927782988642,254993.6506468489,255388.89487314227,,,error,ValueError
425,1181.3288197969086,255588.04144089753,255983.9611600637,,,error,ValueError
426,586.5148942044473,256012.6062937894,256408.86649906635,,,error,ValueError
427,460.0863275991287,256437.17114668124,256834.5061579943,,,error,ValueError
428,904.7697296016851,256861.73599957308,257260.4749830961,,,error,ValueError
429,839.8067258996889,257286.30085246495,257685.69586908817,,,error,ValueError
430,555.7835838990286,257710.86570535685,258111.5574860573,,,error,ValueError
431,1288.331179897068,258135.4305582487,258536.424620986,,,error,ValueError
432,646.5536304982378,258559.9954111405,258961.8628560305,,,error,ValueError
433,487.9275671963113,259302.9839037013,259705.21059203148,,,error,ValueError
434,901.7292739008552,260045.97239626202,260449.34740412235,,,error,ValueError
435,560.6470185040962,260788.96088882282,261193.5741020441,,,error,ValueError
436,434.46188130183145,261531.94938138354,261937.3675711155,263611.5949050924,1674.2273339768872,done,
437,623.8137663982343,262126.3401754321,262532.9155590534,264237.82102802396,1704.9054689705372,done,
438,766.9633422978222,262720.73096948076,263127.9907860756,265007.3760280814,1879.38524200581,done,
439,777.0688989025075,263315.1217635293,263723.2345421314,,,error,ValueError
440,410.74177509872237,263909.51255757787,264318.1585609913,266200.0927600078,1881.934199016541,done,
441,1067.3967632988933,264503.9033516265,264913.5311050415,,,error,ValueError
442,347.97012240160257,265098.29414567514,265509.07050311565,,,error,ValueError
443,564.5744529028889,265692.6849397237,266104.8489001989,,,error,ValueError
444,550.9070888045244,266287.0757337723,266700.8558900357,,,error,ValueError
445,550.8582103007939,266881.4665278209,267296.3980810642,,,error,ValueError
446,542.7666114992462,267475.85732186947,267891.917992115,,,error,ValueError
447,989.3685320974328,267971.1829835767,268388.7169570923,,,error,ValueError
448,478.9888896979392,268466.50864528393,268884.43357801443,,,error,ValueError
449,1486.853881197749,268961.834306991,269380.8982080221,,,error,ValueError
450,649.1214891022537,269457.15996869816,269876.4966561794,,,error,ValueError
451,1339.0425478981342,269952.48563040537,270372.1778680086,,,error,ValueError
452,618.6268883000594,270447.8112921125,270868.33393502235,,,error,ValueError
453,769.6042976982426,270872.37614500435,271293.72761011124,,,error,ValueError
454,534.5601439010352,271296.94099789625,271719.4936131239,,,error,ValueError
455,635.9314854023978,271721.5058507881,272145.49686908716,,,error,ValueError
456,214.0784279967193,272146.07070367987,272571.02841210365,,,error,ValueError
457,1318.1314656045288,272570.63555657177,272996.0572320223,,,error,ValueError
458,671.3647708995268,272995.2004094637,273421.9229000807,,,error,ValueError
459,787.6179151004179,273419.7652623555,273847.0872131586,,,error,ValueError
460,725.4374886048025,274014.1560564041,274442.8035901785,,,error,ValueError
461,775.7226307992822,274608.5468504527,275037.4985960722,,,error,ValueError
462,679.1510888957419,275202.9376445013,275632.60134100914,,,error,ValueError
463,845.3974795003888,275797.3284385499,276227.9283480644,,,error,ValueError
464,487.0850912993774,276391.7192325985,276823.6271250248,,,error,ValueError
465,592.4501808010973,276986.1100266471,277419.366410017,,,error,ValueError
466,1120.8615928015206,277580.5008206957,278014.48514807224,,,error,ValueError
467,601.2761141988449,278174.8916147443,278609.97635412216,,,error,ValueError
468,880.7257761014625,278769.2824087929,279205.23310017586,,,error,ValueError
469,491.63904089946294,279363.6732028415,279800.50611901283,,,error,ValueError
470,581.0443478985691,279788.23805573327,280226.405031085,,,error,ValueError
471,645.5545620992781,280212.8029086252,280651.276217103,,,error,ValueError
472,598.4724322974216,280637.36776151706,281077.2750030756,,,error,ValueError
473,377.23378500086255,281061.9326144089,281503.0419141054,,,error,ValueError
474,542.0889717002865,281486.49746730074,281927.9483700991,,,error,ValueError
475,497.607350704493,281911.06232019264,282352.99052906036,,,error,ValueError
476,492.2952730965335,282335.6271730845,282778.5678191185,,,error,ValueError
477,1286.4610327989794,282830.9528347916,283274.96428203577,,,error,ValueError
478,369.5430894964375,283326.27849649877,283771.6121081114,,,error,ValueError
479,574.3062941997778,283821.604158206,284268.94417607784,,,error,ValueError
480,1122.7933968009893,284316.92981991323,284765.0343120098,,,error,ValueError
481,470.3473083034624,284812.2554816203,285261.389709115,,,error,ValueError
482,310.13011439936236,285307.5811433275,285757.0676370859,,,error,ValueError
483,938.0380840972066,286050.56963588827,286500.9304571152,,,error,ValueError
484,832.1475173986983,286793.55812844896,287244.86800909037,,,error,ValueError
485,1023.4480754006654,287536.54662100977,287988.9111610651,,,error,ValueError
486,538.1870096025524,288279.5351135705,288732.6809520721,,,error,ValueError
487,848.0516067997087,289022.52360613126,289476.705037117,,,error,ValueError
488,444.4967204006389,289765.512098692,290220.6633321047,,,error,ValueError
489,1339.1903213982005,290508.5005912528,290964.4870400429,,,error,ValueError
490,668.8462735968642,291251.4890838135,291709.4720131159,,,error,ValueError
491,1106.0808505979371,291746.81474552065,292205.38880109787,,,error,ValueError
492,740.3073005028999,292242.14040722785,292701.6258150339,,,error,ValueError
493,634.0483957959806,292737.466068935,293198.37295508385,,,error,ValueError
494,323.05385610088706,293232.7917306421,293694.1166051626,,,error,ValueError
495,602.1616839978377,293728.1173923493,294189.8382540941,,,error,ValueError
496,957.7414649014827,294223.4430540565,294686.3352199793,,,error,ValueError
497,341.4960623020306,294817.8338481051,295281.9531891346,,,error,ValueError
498,480.83278390113264,295412.2246421537,295876.9680711031,,,error,ValueError
499,725.1388370990753,296006.61543620226,296472.8404750824,,,error,ValueError
500,455.9953415999189,296601.0062302509,297068.20694208145,,,error,ValueError
501,607.5188448943662,297195.3970242995,297663.6139881611,,,error,ValueError
502,416.6621511045377,297619.96187719126,298088.7044070959,,,error,ValueError
503,810.1400876999833,298044.5267300832,298513.59864103794,,,error,ValueError
504,543.5853623028379,298469.09158297506,298939.53729307646,,,error,ValueError
505,879.2723301972728,298893.6564358669,299364.6921070814,,,error,ValueError
506,890.0705661042592,299318.22128875874,299790.1538771391,,,error,ValueError
507,595.6839932012373,299742.7861416507,300215.2903920412,,,error,ValueError
508,431.04836230049835,300167.3509945425,300641.0149780512,,,error,ValueError
509,467.35637820092967,300662.6766562496,301136.7688241005,,,error,ValueError
510,654.0436994982882,301158.0023179568,301633.42000210285,,,error,ValueError
511,576.724486798048,301653.32797966397,302130.9942821264,,,error,ValueError
512,720.5311971018091,302148.6536413711,302627.24240005016,,,error,ValueError
513,680.4815049981698,302643.97930307826,303123.2853931189,,,error,ValueError
514,1379.354665701976,303139.30496478546,303619.3107850552,,,error,ValueError
515,979.5087915030307,303634.6306264926,304115.41328310966,,,error,ValueError
516,554.7506782982964,304129.9562881998,304611.75966906553,,,error,ValueError
517,467.7277233044151,304625.28194990696,305107.7419680357,,,error,ValueError
518,525.6765611993615,305120.6076116141,305603.8640221357,,,error,ValueError
519,603.3255077025387,305615.9332733213,306099.81028306484,,,error,ValueError
520,507.80292380368337,306111.25893502845,306596.1211891175,,,error,ValueError
521,464.6035089972429,306854.2474275892,307340.08988904953,309251.77115298994,1911.6812639404088,done,
522,718.4256620006636,307597.23592014995,308084.1403050423,309972.5906950031,1888.450389960781,done,
523,557.0120743010193,308340.2244127107,308828.0733151436,310532.0480631739,1703.974748030305,done,
524,532.9551358998289,309083.21290527144,309572.35784113413,311067.3390242225,1494.9811830883848,done,
525,930.1650075998624,309578.5385669786,310068.8376251459,,,error,ValueError
526,539.3252611975187,310073.8642286858,310564.3926310539,,,error,ValueError
527,1275.7640152005479,310569.1898903929,311060.72036910057,,,error,ValueError
528,1243.1559360993558,311064.51555210014,311557.06947910786,,,error,ValueError
529,332.33761329902336,311559.8412138073,312053.09906208515,,,error,ValueError
530,1300.2046573965345,312055.16687551443,312549.2449311018,,,error,ValueError
531,1178.4250185999554,312426.66112179484,312921.6216890812,,,error,ValueError
532,341.5571211022325,312798.1553680752,313294.38439404964,,,error,ValueError
533,789.4800292968283,313169.6496143555,313666.7098170519,,,error,ValueError
534,657.1621795999818,313541.14386063593,314038.56380701065,,,error,ValueError
535,702.4719877983442,313912.6381069164,314410.6662250757,,,error,ValueError
536,569.9740684009157,314284.13235319674,314783.1265140772,,,error,ValueError
537,1286.9646902021484,314655.62659947696,315155.63129210466,,,error,ValueError
538,449.3031543039251,315027.12084575737,315527.94197905064,,,error,ValueError
539,463.06857529561967,315522.4465074645,316023.9644371271,,,error,ValueError
540,1042.345731402747,316017.7721691718,316519.7072480917,,,error,ValueError
541,625.0142359000165,316513.0978308789,317015.7144809961,,,error,ValueError
542,698.1014337041415,317008.42349258607,317511.3127180338,,,error,ValueError
543,496.31645790068427,317503.74915429327,318007.4303010702,,,error,ValueError
544,553.3365709008649,317999.0748160004,318503.9144860506,,,error,ValueError
545,712.6990456948987,318423.63966889225,318929.1072241068,,,error,ValueError
546,1992.487693298608,318848.2045217841,319354.2683930397,,,error,ValueError
547,1035.585815901868,319272.769374676,319779.81453204155,,,error,ValueError
548,795.0944048992824,319697.33422756783,320206.1079810858,,,error,ValueError
549,507.69343469874,320121.89908045967,320631.16131412983,,,error,ValueError
550,1292.632413102547,320546.4639333516,321056.68810606,,,error,ValueError
551,720.9747638960836,320971.0287862434,321481.92798805237,,,error,ValueError
552,374.33425640338095,321565.419580292,322077.39956605434,,,error,ValueError
553,770.8403600030579,322159.81037434057,322672.3454440832,,,error,ValueError
554,1200.9710644953884,322754.20116838923,323267.4027891159,,,error,ValueError
555,650.7005822961219,323348.59196243784,323862.79579508305,,,error,ValueError
556,1223.206518596271,323942.98275648645,324458.31123507017,,,error,ValueError
557,469.1591629991308,324367.5476093783,324884.0819860697,,,error,ValueError
558,909.4323918048758,324792.1124622702,325308.9514940977,,,error,ValueError
559,820.2328448998743,325216.67731516203,325734.0866820812,,,error,ValueError
560,563.0121451977175,325641.2421680539,326159.59294104576,,,error,ValueError
561,691.7878482025118,326065.8070209457,326585.27834510803,,,error,ValueError
562,644.8977596010081,326490.3718738376,327010.6180300713,,,error,ValueError
563,1137.8101698006506,326914.93672672944,327436.3690160513,,,error,ValueError
564,848.901974898763,327410.2623884366,327933.75129902357,,,error,ValueError
565,475.84018720081076,327905.5880501438,328430.35987210274,,,error,ValueError
566,658.4918380016461,328400.9137118509,328928.1385090351,,,error,ValueError
567,205.72701519704427,328896.2393735581,329423.7802580595,,,error,ValueError
568,1226.2567363039125,329391.5650352653,329920.2146451473,,,error,ValueError
569,542.0500308973715,329886.89069697243,330415.9338480234,,,error,ValueError
570,987.9948460031301,330481.28149102104,331010.68919610983,,,error,ValueError
571,691.0582588985562,331075.67228506965,331606.05258905893,,,error,ValueError
572,293.80234399577597,331670.0630791182,332201.91723906994,333877.39480910916,1675.4775700392204,done,
573,1344.6470361959655,332264.4538731668,332797.8809250593,,,error,ValueError
574,687.23450449761,332858.84466721537,333393.38868117327,,,error,ValueError
575,659.6231698989867,333849.49599062983,334385.5089571476,,,error,ValueError
576,570.3678030986339,334840.1473140441,335376.7282691002,337149.90387909673,1773.1756099965426,done,
577,422.6472795999143,335830.7986374584,336369.16367208963,337575.124483089,1205.960810999386,done,
578,552.7634004014544,336573.7871300192,337113.8240871429,338130.23054920504,1016.4064620621501,done,
579,400.7079259026796,337316.7756225799,337857.6595261097,338533.0353361191,675.3758100094274,done,
580,991.2043560994788,338059.76411514066,338601.37518703943,339596.2151830225,994.8399959830568,done,
581,485.20379879628314,338802.7526077014,339346.00696611404,340083.701680216,737.6947141019626,done,
582,459.9647828028537,339545.7411002621,340090.12317204475,340553.7107569501,463.5875849053264,done,
583,647.0949865994044,340288.7295928229,340834.23895704746,341485.31817401946,651.0792169719934,done,
584,609.8646525002549,341031.71808538365,341577.67538905144,342191.0136191128,613.3382300613448,done,
585,943.1375493993984,341774.7065779444,342321.40893006325,343267.86477415916,946.455844095908,done,
586,947.8279967966955,342517.69507050514,343066.0425940752,344218.446748144,1152.4041540687904,done,
587,781.8653744005134,343260.6835630659,343810.6671801805,345003.3386491276,1192.6714689470828,done,
588,568.7498935032636,344003.67205562664,344555.0481561423,345574.4096370964,1019.3614809541032,done,
589,430.6975730985869,344746.6605481874,345298.9525990486,346007.33878101874,708.3861819701269,done,
590,954.2883983987848,345737.31187160173,346290.92040908337,347249.34090097714,958.4204918937758,done,
591,1272.2265349002555,346727.963195016,347282.65794909,348559.17735311575,1276.5194040257484,done,
592,606.2433389015496,347718.6145184304,348274.5662530661,349168.1182560288,893.5520029626788,done,
593,1019.5976993010844,348461.6030109911,349018.99556005,350190.5814930061,1171.5859329560772,done,
594,1147.382736898726,349204.5915035519,349762.9768990278,351340.9778970359,1578.000998008065,done,
595,711.6921086970251,349947.5799961126,350507.2267121077,352055.4621310812,1548.2354189734906,done,
596,706.1693290015683,350690.56848867337,351251.7879500389,352763.9440670479,1512.156117008999,done,
597,574.487890698947,351284.959282722,351847.7730070353,353340.97628706327,1493.203280027956,done,
598,1106.7628239979967,351879.35007677064,352442.45264506346,,,error,ValueError
599,611.8448059016373,352473.74087081914,353037.4747191668,,,error,ValueError
600,914.2830805969425,353068.13166486775,353632.5274541378,,,error,ValueError
601,1273.601333599072,353662.5224589164,354227.9732601642,,,error,ValueError
602,569.4796333962586,354157.8481206235,354725.4644961357,,,error,ValueError
603,683.7255402992014,354653.1737823307,355222.1150431633,,,error,ValueError
604,732.3817042051814,355148.4994440378,355718.0780651569,,,error,ValueError
605,251.91832100390457,355643.825105745,356214.0822931528,,,error,ValueError
606,983.1171367957722,356139.1507674522,356709.76008009905,,,error,ValueError
607,941.5642693988048,356634.4764291593,357205.68217408657,,,error,ValueError
608,425.5142373964192,357228.86722320796,357800.67044401175,359661.38353394443,1860.713089932688,done,
609,731.5895861014723,357823.25801725656,358395.7821251154,,,error,ValueError
610,1082.0473339001182,358417.64881130506,358992.3838180304,,,error,ValueError
611,721.8488297017758,359012.03960535367,359587.5774240494,,,error,ValueError
612,608.1818993028719,359606.43039940234,360183.1697580815,,,error,ValueError
613,838.8470293022693,360349.41889196314,360927.3405791521,,,error,ValueError
614,597.8762763028499,361092.4073845239,361671.2450910807,,,error,ValueError
615,1224.0966087032575,361835.3958770847,362414.80241906643,,,error,ValueError
616,478.6733702989295,362578.3843696454,363159.1516860724,,,error,ValueError
617,792.4751190003008,363073.7100313525,363654.9202671051,,,error,ValueError
618,454.8282197967637,363569.0356930597,364151.25310218334,,,error,ValueError
619,586.9544054963626,364064.3613547669,364647.52845811844,,,error,ValueError
620,712.8251752990764,364559.68701647397,365143.65400218964,,,error,ValueError
621,637.7569539006802,365055.01267818117,365639.26362216467,,,error,ValueError
622,366.0696123028174,365550.33833988843,366135.7026170492,,,error,ValueError
623,568.5391038015953,366540.9896633027,367127.050088048,368667.20365910325,1540.153571055271,done,
624,803.7526567000896,367531.640986717,368119.15087509155,369473.4754750524,1354.3245999608191,done,
625,478.7857872026507,368522.2923101313,369110.95204007626,369954.51980807167,843.5677679954097,done,
626,527.6556634984445,369265.2808026921,369855.1285880804,370484.56241508946,629.433827009052,done,
627,405.1450914004817,370008.2692952529,370598.9367880821,371006.6253530523,407.6885649701581,done,
628,352.07429989823135,370751.2577878136,371343.23171699047,371698.2361629894,355.00444599892944,done,
629,631.8181497976184,371494.24628037435,372086.9092431069,372722.16796918405,635.2587260771543,done,
630,523.6068415979388,372088.63707442296,372681.81398105616,373248.18487607216,566.3708950160071,done,
631,559.6510158036837,372683.0278684716,373276.49599409103,373839.36451808456,562.8685239935294,done,
632,425.22637249785487,373277.41866252007,373871.6809390783,374300.06140805496,428.3804689766839,done,
633,404.31674129795283,373871.80945656885,374466.4839171171,374873.82976609,407.3458489729092,done,
634,697.1651942003517,374466.2002506173,375061.25218510634,375762.69026609143,701.4380809850991,done,
635,846.3111832970752,375060.591044666,375656.49956810474,376611.62958814483,955.1300200400874,done,
636,711.9615792995319,375654.9818387145,376252.40675008297,377326.367487059,1073.9607369760051,done,
637,930.8244840009137,376249.3726327631,376849.11718606955,378259.87705207436,1410.7598660048097,done,
638,468.28375229961233,376843.7634268117,377443.77810609346,378730.3715290856,1286.593422992155,done,
639,739.4609657989349,377438.15422086034,378039.33852207655,379472.3734041424,1433.03488206584,done,
640,582.6345621026121,378032.545014909,378634.4932950735,380057.4234930966,1422.9301980230957,done,
641,775.1833108020945,378626.93580895755,379230.1587531567,380835.30121918215,1605.142466025427,done,
642,500.7788454997353,379221.3266030061,379825.9933691025,381338.69893115666,1512.7055620541796,done,
643,881.0052071989047,379815.7173970547,380421.09925305843,382222.1296260264,1801.0303729679438,done,
644,1438.7962830020115,380410.10819110327,381016.75926411146,,,error,ValueError
645,671.4685075043235,381400.75951451773,382008.6874710322,,,error,ValueError
646,943.418245203793,382391.410837932,383000.4538531304,,,error,ValueError
647,910.4799174994696,383382.0621613463,383992.21325206757,,,error,ValueError
648,697.4867484997957,384125.0506539071,384735.79209005827,,,error,ValueError
649,523.490474303253,384868.0391464678,385480.4129021168,,,error,ValueError
650,517.8418963972945,385611.0276390285,386223.9015740156,387943.5935069155,1719.6919328998774,done,
651,2073.6205941007943,386354.0161315893,386967.4674210549,,,error,ValueError
652,592.0033094007523,386849.3417932965,387463.9887599945,,,error,ValueError
653,806.5342199988663,387344.66745500366,387959.8887131214,,,error,ValueError
654,271.63325379951857,387839.9931167108,388456.2245510817,390294.97886810644,1838.754317024723,done,
655,763.3807343023365,388335.31877841795,388951.837313056,,,error,ValueError
656,564.5066531957127,388830.6444401252,389447.77323508257,,,error,ValueError
657,612.3974048998208,389325.97010183224,389943.3429751396,,,error,ValueError
658,904.2183362995274,390316.62142524665,390935.3077090978,,,error,ValueError
659,724.2365488957147,391307.27274866094,391926.8005900383,,,error,ValueError
660,640.007863700157,392297.9240720753,392918.83334898954,394518.99774998525,1600.164400995709,done,
661,335.52154880017036,392793.24973378243,393415.2277150154,394856.5124119362,1441.2846969207746,done,
662,502.2662402014248,393288.57539548964,393911.3574481009,395361.1852981987,1449.8278500977904,done,
663,1194.0173190028872,393783.9010571968,394407.4053970575,,,error,ValueError
664,1738.7964816996825,394279.2267189039,394903.8215531111,,,error,ValueError
665,936.2898163963107,394774.5523806111,395399.5016430616,,,error,ValueError
666,335.9815149975475,395269.8780423183,395895.8516590595,,,error,ValueError
667,712.2709309973288,396012.86653487897,396640.0960911512,,,error,ValueError
668,521.8379119993189,396755.8550274398,397384.05556809896,,,error,ValueError
669,683.9278389001265,397498.84352000046,398127.49304509157,,,error,ValueError
670,556.4002738974523,398241.8320125613,398871.77763712406,400784.81515411567,1913.037516991608,done,
671,609.4666710007003,398666.3968654531,399296.9572430849,,,error,ValueError
672,715.4429975955281,399090.961718345,399723.0408840179,,,error,ValueError
673,1056.676348700421,399515.5265712368,400147.9990900755,,,error,ValueError
674,620.9864185017068,399940.09142412886,400573.2243031264,,,error,ValueError
675,814.6219667978585,400364.65627702064,400998.2401280403,,,error,ValueError
676,303.35567099973565,400789.2211299125,401423.8416500092,,,error,ValueError
677,531.7216529045254,401213.7859828043,401849.5526140928,,,error,ValueError
678,691.0873108019588,401808.17677685287,402444.5910990238,,,error,ValueError
679,954.9233242985792,402402.5675709015,403039.78777706623,,,error,ValueError
680,1134.2833191971295,402996.9583649501,403635.5631661415,,,error,ValueError
681,1049.1422995983155,403591.3491589987,404231.485992074,,,error,ValueError
682,692.5854275003077,404185.73995304725,404826.5200771093,,,error,ValueError
683,502.5038750027306,404681.0656147545,405322.570469141,,,error,ValueError
684,522.0313087978867,405176.3912764617,405818.3829101324,,,error,ValueError
685,829.8002669995184,405671.7169381688,406314.1750961542,,,error,ValueError
686,793.5259660007432,406167.042599876,406809.982648015,,,error,ValueError
687,648.9823481999338,406662.3682615832,407306.1272581816,,,error,ValueError
688,1051.5209008997772,407157.6939232903,407801.9197241068,,,error,ValueError
689,748.8720301014838,408148.3452467047,408793.422940135,,,error,ValueError
690,1051.6037259018049,409138.9965701189,409785.712857008,,,error,ValueError
691,1173.0347078992054,410129.6478935333,410776.9279750585,,,error,ValueError
692,575.034464604687,410624.9735552404,411273.25473308563,,,error,ValueError
693,592.9864524048753,411120.2992169476,411769.38921511173,,,error,ValueError
694,686.5587083972059,411615.6248786548,412265.7130391598,,,error,ValueError
695,633.8678838044872,412110.95054036187,412761.4453711509,,,error,ValueError
696,670.9901822032407,412606.2762020691,413257.69125115866,,,error,ValueError
697,485.60172109864646,413101.60186377633,413753.8322991133,,,error,ValueError
698,874.7599722992163,413526.1667166681,414179.9311650992,,,error,ValueError
699,469.60405629943125,413950.73156956,414606.5116630793,,,error,ValueError
700,936.9923760998064,414375.29642245185,415032.1518070698,,,error,ValueError
701,1378.5897547029888,414799.8612753437,415457.2893670797,,,error,ValueError
702,481.51925000129273,415224.4261282355,415882.3105010985,,,error,ValueError
703,974.6525684022344,415648.9909811274,416307.6534670592,,,error,ValueError
704,445.3967191977425,416073.5558340193,416732.97806417936,,,error,ValueError
705,297.70623879740015,416667.9466280679,417328.4950370789,,,error,ValueError
706,467.9143782996107,417262.3374221165,417923.92044699186,,,error,ValueError
707,1862.3028532951141,417856.7282161649,418519.2441661358,,,error,ValueError
708,325.1325117016677,418451.11901021365,419114.8542391062,,,error,ValueError
709,961.9561446015724,419045.50980426226,419710.32448709005,,,error,ValueError
710,850.1028477039653,419639.9005983109,420305.7612111569,,,error,ValueError
711,512.3020567989441,420234.29139235953,420901.1896240711,,,error,ValueError
712,381.8703313008882,420828.68218640797,421496.6776120663,,,error,ValueError
713,776.365028397413,421423.07298045664,422092.21463012695,,,error,ValueError
714,776.8553826026617,422017.4637745053,422687.06426107883,,,error,ValueError
715,529.3487701972482,422760.452267066,423430.97547602654,,,error,ValueError
716,287.304681900423,423503.44075962674,424174.76628303534,425976.60381604923,1801.8375330138954,done,
717,675.0288835028186,424246.4292521875,424918.3762691021,426654.01237812266,1735.636109020561,done,
718,1069.2913550010417,424989.4177447481,425662.7538890839,,,error,ValueError
719,411.93026249529794,425484.7434064554,426159.0714970827,,,error,ValueError
720,646.9894665002357,425980.0690681626,426655.25528800493,,,error,ValueError
721,523.7425030034501,426475.3947298697,427151.257559061,,,error,ValueError
722,1071.9955799053423,426970.7203915769,427647.52285516256,,,error,ValueError
723,545.1089164998848,427466.0460532841,428143.50410306454,,,error,ValueError
724,512.1707137033809,427961.37171499117,428639.3807280064,,,error,ValueError
725,546.8840831017586,428952.02303840563,429631.2837190628,431454.5033360766,1823.2196170138197,done,
726,361.7107982048765,429942.6743618199,430622.97320306295,431818.4356241114,1195.4624210484326,done,
727,650.428443599958,430933.3256852342,431613.9121639729,432471.42187607946,857.5097121065481,done,
728,822.9589830036275,431923.9770086485,432606.8165510893,433433.2084720023,826.3919209130108,done,
729,816.9827910955064,432914.6283320629,433598.6800111532,434418.934070196,820.2540590427816,done,
730,479.27757209981786,433905.2796554772,434590.31746208674,435072.1034460981,481.785984011367,done,
731,402.63376119546587,434400.60531718435,435087.6945050955,435493.195195199,405.50069010350853,done,
732,702.3061536019667,434895.93097889156,435583.5028940439,436289.16907299776,705.6661789538339,done,
733,1430.185446201358,435391.25664059864,436079.8263680935,437723.0415640678,1643.215195974335,done,
734,193.34746929816902,435886.58230230585,436576.71242010593,437918.0989781283,1341.38655802235,done,
735,718.004559201654,436381.90796401305,437072.98868107796,438638.6968350755,1565.7081539975482,done,
736,620.2000448014587,436877.23362572026,437569.05709207064,439261.32433908066,1692.2672470100224,done,
737,1105.9072399977595,437867.88494913455,438561.0028960705,440370.2028311286,1809.1999350581318,done,
738,500.549009203678,438858.5362725489,439552.8708261251,440873.03991816466,1320.1690920395777,done,
739,666.5225552977063,439849.1875959633,440545.6531291008,441542.0416580625,996.3885289616884,done,
740,837.9690670000855,440839.8389193776,441537.9692351818,442382.8848822415,844.915647059679,done,
741,686.7979590024332,441830.4902427919,442529.3018251658,443219.80095719924,690.4991320334375,done,
742,414.2946449981537,442821.14156620624,443521.3193571568,443938.58333915944,417.26398200262344,done,
743,424.39605679828674,443564.13005876704,444265.1378201246,444693.0497870473,427.91196692269295,done,
744,525.3192250034772,444307.11855132773,445008.6366870403,445537.64835195243,529.0116649121046,done,
745,566.3383029052056,445050.10704388854,445752.0949751138,446321.83072008187,569.7357449680567,done,
746,480.2432044991292,445793.0955364492,446497.2430220841,446981.1239191367,483.8808970525861,done,
747,466.1436741007492,446536.08402901,447240.6727451086,447709.71464500297,469.04189989436424,done,
748,757.0147717953661,447279.0725215707,447984.357321024,448744.71278404264,760.355463018641,done,
749,876.8697060993873,448022.06101413147,448728.2177600861,449624.299996052,896.0822359658778,done,
750,506.34060470038094,448765.0495066922,449472.6954621077,450132.972179032,660.2767169242725,done,
751,390.31939370324835,450251.02649181365,450961.05986511713,451354.38896510197,393.3290999848396,done,
752,676.4901405025738,451737.0034769352,452448.78409409523,453128.2694780044,679.4853839091957,done,
753,398.84145190007996,452479.991969496,453192.580417037,453595.0336169973,402.4531999602914,done,
754,375.8378320955672,453222.9804620567,453936.65108001226,454316.0628180289,379.4117380166426,done,
755,607.3176931997298,453965.9689546175,454680.52653503424,455290.7752270187,610.2486919844523,done,
756,613.2682708965149,454708.9574471782,455424.1162650585,456041.01364399027,616.8973789317533,done,
757,450.74316099635325,456194.9344322997,456911.2422270775,457365.45274011604,454.2105130385608,done,
758,595.7813550019637,457680.9114174212,458398.775857091,458998.31636113586,599.5405040448532,done,
759,679.5521149004344,458423.8999099819,459143.71235203743,459826.00496803224,682.2926159948111,done,
760,765.7182165014093,459166.88840254274,459887.2722600698,460656.19985902397,768.9275989541784,done,
761,491.1343212996144,459909.8768951034,460631.7167170048,461149.79383404646,518.0771170416847,done,
762,1038.7873526022304,460652.86538766423,461375.21614205843,462417.65749095293,1042.4413488944992,done,
763,968.1186602043454,461643.5167110785,462367.733602047,463388.6485741083,1020.9149720612912,done,
764,664.009092800552,462634.1680344928,463359.8338251114,464055.138162069,695.3043369576335,done,
765,437.53638850175776,463624.81935790717,464351.679893136,464792.5806710683,440.90077793225646,done,
766,581.3497356022707,464615.47068132146,465343.39514708525,465927.85499904683,584.4598519615829,done,
767,721.7017804039642,465606.1220047358,466335.5897260904,467061.45891312783,725.8691870374605,done,
768,607.5852046953514,466596.7733281502,467327.0388121605,467937.98396916874,610.9451570082456,done,
769,680.959725897992,467587.4246515645,468318.6329591274,469002.523353179,683.8903940515593,done,
770,672.9664732003585,468578.07597497886,469310.10425412655,469986.4431820633,676.3389279367402,done,
771,1032.3698293999769,469568.7272983932,470302.0344120264,471338.5755710583,1036.541159031913,done,
772,811.6553871019278,470064.0529601003,470798.3930850029,472152.8656029701,1354.4725179672241,done,
773,697.6052246987821,470559.3786218075,471294.80707407,472852.74843703024,1557.941362960264,done,
774,818.0909108021298,471054.7042835146,471791.2936291695,473673.7599321213,1882.4663029517976,done,
775,622.5548246991822,471550.0299452218,472288.2593700886,,,error,ValueError
776,509.7577097010799,472045.355606929,472784.58088707924,,,error,ValueError
777,760.6251345016063,472540.6812686362,473281.45820903784,,,error,ValueError
778,499.5556942012626,474026.6582537576,474768.40076303476,476075.996392047,1307.5956290122122,done,
779,1009.9000661051832,475512.63523887907,476255.4700120688,477269.0021861215,1013.5321740526706,done,
780,336.806989897741,478484.5892091222,479228.8093050718,479568.3790681194,339.56976304762065,done,
781,405.78535970416846,479475.24053253647,480219.8785880804,480628.0918040769,408.21321599651134,done,
782,897.4882846989203,480465.89185595076,481211.9123210907,482112.8399899937,900.927668903023,done,
783,624.0051746019162,481456.5431793652,482203.16514909273,482830.5388400425,627.3736909497529,done,
784,495.3965810011141,484428.4971496082,485178.1849820614,485676.5623709867,498.37738892529154,done,
785,784.5001596026123,487400.45111985115,488153.4732869864,488942.1162579479,788.6429709615186,done,
786,579.4500413991045,490372.4050900941,491128.69929206365,491712.31531105743,583.61601899378,done,
787,584.7244146978483,491363.05641350854,492120.032438159,492707.8276681369,587.7952299779281,done,
788,588.3237164001913,492353.70773692284,493111.4868301153,493702.74601813406,591.2591880187392,done,
789,900.6527403951623,493344.3590603371,494103.4223641157,495007.15747406986,903.7351099541412,done,
790,646.751997701358,494830.3360454586,495591.0798211098,496241.37247016,650.2926490502432,done,
791,680.0252096960321,496316.31303058006,497078.59067916864,497762.45278615964,683.8621069910005,done,
792,2390.352209203411,499288.2670008231,500054.0350791216,,,error,ValueError
793,883.2693195028696,500031.2554933839,500798.7708461285,,,error,ValueError
794,621.6185434954241,500774.2439859446,501543.40213000774,,,error,ValueError
795,597.7760623965878,501517.2324785054,502286.997795105,,,error,ValueError
796,690.1758780004457,502260.2209710661,503030.96522903437,,,error,ValueError
797,1746.8561025045346,503746.1979561876,504517.8324220181,,,error,ValueError
798,832.4956741009372,505232.1749413091,506005.58870506287,507838.8036240293,1833.214918966405,done,
799,576.219623000361,508204.12891155214,508978.97548604006,509558.4134810203,579.4379949802533,done,
800,861.4440784032922,511176.08288179507,511951.769726038,512816.8873320464,865.1176060084255,done,
801,719.4885663979221,514148.0368520381,514927.3481501341,515650.63143214956,723.2832820154727,done,
802,871.0628953005652,517119.9908222811,517902.3478630781,518777.2360270694,874.8881639912723,done,
803,683.8494730007368,520091.94479252404,520876.5741440058,521563.53821606,686.964072054252,done,
804,896.5227210952436,521577.92177764565,522363.598829031,523264.2583020618,900.6594730308279,done,
805,362.65032729716035,523063.8987627671,523851.1523581743,524217.47904009465,366.32668192032725,done,
806,835.33708640025,526035.8527330101,526826.4122310877,527665.4300590828,839.0178279951216,done,
807,1298.2566211023368,527521.8297181316,528313.3857210875,529616.2191630816,1302.833441994153,done,
808,697.6032142993062,529007.8067032531,529799.6981561184,530500.7244421169,701.0262859985232,done,
809,1024.3485830025747,531979.760673496,532774.2976020575,533802.9576400779,1028.660038020462,done,
810,670.3257053042763,534951.7146437389,535749.2491149902,536423.6356100161,674.3864950258285,done,
811,572.9009108035825,535694.7031362997,536493.0182800293,537069.4851160645,576.4668360352516,done,
812,608.4521235025022,536437.6916288604,537236.9220300913,537848.3156401068,611.3936100155115,done,
813,820.5396856996231,537180.6801214213,537980.722135067,538805.0755921463,824.3534570792691,done,
814,547.6789432985241,537923.668613982,538725.3302429914,539355.3221719218,629.9919289303944,done,
815,605.9133539965842,540895.622584225,541699.9959501028,542309.824817121,609.8288670182228,done,
816,673.7462467048317,543867.576554468,544673.5022070408,545350.6723990487,677.1701920079067,done,
817,749.3950269999913,546839.530524711,547648.5391931534,548402.2730071489,753.7338139954954,done,
818,569.9622957967223,549811.484494954,550623.8206951618,551197.3779102061,573.5572150442749,done,
819,819.4244483020157,552783.438465197,553599.027326107,554422.3649990838,823.3376729767771,done,
820,823.9425962034147,555755.39243544,556573.8931270838,557401.5525590451,827.659431961365,done,
821,872.415607701987,558727.346405683,559549.051566124,560425.496535101,876.4449689770117,done,
822,366.55975849716935,561699.300375926,562522.9985220432,562892.5752760917,369.57675404846674,done,
823,605.7778000948018,564671.254346169,565498.512037158,566107.4277171297,608.9156799716875,done,
824,485.991214500973,567643.2083164118,568473.146797061,568963.0063681593,489.85957109835,done,
825,893.7747903983109,570615.162286655,571447.8386170864,572345.8819031417,898.0432860553266,done,
826,410.9657428984065,573587.1162568979,574422.2797040939,574836.2214811724,413.94177707843477,done,
827,613.0327612045221,576559.070227141,577395.2281250954,578011.7399000432,616.5117749478668,done,
828,548.463941400405,579531.024197384,580370.5779260397,580922.2675809776,551.6896549379453,done,
829,581.3877771957777,581017.0011825055,581858.5119050741,582443.5003830632,584.9884779890999,done,
830,553.9032337022944,582502.978167627,583345.7816160917,583903.6620740481,557.8804579563439,done,
831,1010.7368140015753,585474.93213787,586320.3748160601,587335.4589170637,1015.0841010035948,done,
832,544.3154694978148,588446.886108113,589294.7636570929,589842.0264411866,547.2627840936184,done,
833,528.5344240022823,591418.840078356,592270.80607903,592802.8981819497,532.0921029197052,done,
834,357.05802709562704,594390.794048599,595244.7966800928,595605.7379480144,360.9412679215893,done,
835,293.09686350170523,597362.7480188421,598219.6864961386,598515.6891471213,296.0026509827003,done,
836,769.5388670021202,600334.701989085,601194.7923331261,601967.791037119,772.9987039929256,done,
837,312.1689255000092,603306.6559593279,604169.3474650383,604484.7828401253,315.4353750869632,done,
838,582.0981643977575,606278.6099295709,607144.825699091,607730.319833084,585.4941339930521,done,
839,625.5325195961633,607764.5869146924,608632.4802371264,609261.0540891355,628.57385200914,done,
840,1561.0735894995744,609250.5638998139,610120.2701981068,611685.7573890714,1565.4871909646315,done,
841,707.4124737991951,609993.5523923747,610864.7537730932,612395.5728880893,1530.8191149961203,done,
842,501.30722740432253,610736.5408849354,611609.5940320492,612899.1887640413,1289.5947319921106,done,
843,750.5559035984334,611479.5293774961,612353.7136591673,613652.2717851382,1298.5581259708852,done,
844,563.6009108973667,612222.5178700569,613097.6479260921,614218.5445371056,1120.8966110134495,done,
845,606.1172449961306,615194.4718402999,616071.7027760744,616681.2133690743,609.5105929998681,done,
846,594.6388889977243,618166.4258105429,619044.927413106,619643.2938610632,598.3664479572326,done,
847,1463.1176423979925,621138.379780786,622019.9473390579,623486.9708710806,1467.0235320227218,done,
848,884.3286150018685,624110.3337510289,624993.9673360586,625882.234541039,888.2672049803659,done,
849,717.9864959034602,627082.2877212719,627968.8501610756,628690.393332053,721.5431709773839,done,
850,689.6392144029961,630054.2416915147,630944.0136110783,631637.5683330838,693.5547220055014,done,
851,1328.2426412042696,633026.1956617578,633919.1475870609,635252.1008450128,1332.9532579518857,done,
852,864.7518697020132,635998.1496320008,636893.0869830847,637762.0918789953,869.0048959106206,done,
853,277.28206199826684,638970.1036022438,639868.5374821424,640148.9770100806,280.43952793814236,done,
854,671.9886170991232,641942.0575724868,642843.0858291389,643518.5946811392,675.5088520003483,done,
855,601.4910815982147,644914.0115427298,645818.2084881067,646423.4624830373,605.2539949305357,done,
856,804.6127225039528,647885.9655129729,648793.1325850487,649601.2520100167,808.1194249680266,done,
857,2150.1491971022915,650857.9194832159,651767.7284229994,,,error,ValueError
858,673.7747740000486,653829.8734534589,654741.7713210583,655418.9718180699,677.2004970116541,done,
859,783.1808728980832,656801.8274237019,657714.7443071604,658501.9182981355,787.1739909751341,done,
860,909.6998192020692,659773.7813939449,660689.5574920177,661603.6535560684,914.096064050682,done,
861,499.1660994011909,662745.7353641879,663663.9785830975,664166.4791481216,502.5005650240928,done,
862,945.0158545048907,665717.6893344307,666639.1810661554,667588.4153841436,949.2343179881572,done,
863,452.64426379580976,668689.6433046738,669614.7801120281,670070.8214409864,456.0413289582357,done,
864,483.37393089896074,671661.5972749168,672589.7597270012,673076.893636018,487.13390901684755,done,
865,474.9922681017779,674633.5512451598,675564.8391470909,676043.4428920867,478.6037449957803,done,
866,501.2654951016884,677605.5052154028,678540.2184669971,679045.1167810122,504.8983140150085,done,
867,730.3109008993488,680577.4591856458,681514.9060710669,682248.6627350431,733.7566639762372,done,
868,331.98416839586565,683549.4131558888,684490.2736570835,684825.580081149,335.30642406549305,done,
869,481.07671010075137,685035.3901410103,685978.0275710821,686462.0021030735,483.9745319914073,done,
870,738.8730552047491,686521.3671261318,687465.2573201656,688207.6260022204,742.3686820548028,done,
871,866.6640333947727,688007.3441112533,688952.6852110624,689822.9036091119,870.2183980494738,done,
872,239.31426579947586,689493.3210963748,690439.7773001194,690682.5318511194,242.7545509999618,done,
873,285.71686529903684,692465.2750666178,693415.5796509981,693704.5186810242,288.9390300260857,done,
874,767.9944582981989,695437.2290368608,696390.9937490225,697163.3356519723,772.3419029498474,done,
875,612.6267457031645,698409.1830071036,699365.9996891022,699982.0312241884,616.031535086222,done,
876,753.6203416006174,701381.1369773467,702340.7026530504,703098.3159770286,757.6133239781484,done,
877,1023.054348898586,704353.0909475897,705315.8219450712,706342.5807000464,1026.7587549751622,done,
878,602.3096279008314,707325.0449178327,708290.8013430834,708896.7641630853,605.9628200018778,done,
879,801.6818407981191,710296.9988880756,711265.4325771332,712071.0085581709,805.5759810376912,done,
880,763.426314300159,711782.9758731972,712753.0620290041,713520.9806220215,767.9185930173844,done,
881,1011.2694734008984,713268.9528583188,714240.0372011663,715255.2292671363,1015.1920659700407,done,
882,886.5600051009096,716240.9068285617,717214.5439751148,718105.398614116,890.8546390011907,done,
883,868.6227354046422,719212.8607988047,720188.8065111637,721061.2439301843,872.4374190205708,done,
884,644.6942466020117,722184.8147690477,723162.7537090778,723811.3122401508,648.558531072922,done,
885,488.0326801037882,725156.7687392908,726137.9948710203,726629.1981269717,491.2032559514046,done,
886,697.2869719029404,728128.7227095338,729113.0531160831,729813.4261670727,700.3730509895831,done,
887,550.0520234985743,731100.6766797767,732089.034881115,732642.4135901248,553.3787090098485,done,
888,976.5608762972987,734072.6306500197,735063.4459681511,736043.8257321417,980.3797639906406,done,
889,290.92381040100014,737044.5846202626,738036.2512440681,738330.5290020565,294.2777579883113,done,
890,509.8439657012932,740016.5385905056,741011.4931710957,741524.4580340766,512.9648629808797,done,
891,2284.2439946020027,742988.4925607487,743986.2625451088,,,error,ValueError
892,418.3432437013834,745960.4465309917,746960.1098639965,747381.3862419762,421.276377979666,done,
893,709.9877892993389,748932.4005012347,749935.2956351042,750648.8425080581,713.5468729538844,done,
894,266.89827980007976,751904.3544714777,752910.4983080627,753180.9131880739,270.4148800112307,done,
895,600.4870630975347,754876.3084417207,755886.2320591211,756490.6084131431,604.3763540219516,done,
896,658.1550717994105,757848.2624119638,758861.302519083,759522.9607011247,661.6581820417196,done,
897,517.2602028003894,760820.2163822068,761836.6542330979,762357.752905161,521.0986720630899,done,
898,479.8673562007025,763792.1703524495,764811.5252220632,765294.647817067,483.1225950038061,done,
899,622.7300333033781,766764.1243226926,767786.5652290583,768413.3124231538,626.7471940955147,done,
900,676.9455956993625,769736.0782929356,770761.0824670792,771441.4738330906,680.3913660114631,done,
901,1606.0465485963505,772708.0322631786,773737.0879700184,775347.87667601,1610.7887059915809,done,
902,551.5850335999858,775679.9862334216,776710.5387181044,777265.5996421352,555.0609240308404,done,
903,517.0008239045274,778651.9402036645,779686.3087821007,780206.7013500677,520.3925679670647,done,
904,254.44725620327526,781623.8941739077,782659.0026501417,782915.8703301419,256.8676800001413,done,
905,802.6184821967037,784595.8481441506,785632.0138101578,786437.9536641641,805.939854006283,done,
906,603.5179773985874,787567.8021143936,788606.4473030567,789213.0645400323,606.6172369755805,done,
907,770.6768782984,790539.7560846366,791581.7615051271,792356.6307781945,774.869273067452,done,
908,598.4253345988691,793511.7100548795,794556.181448102,795157.7941490663,601.6127009643242,done,
909,574.3809252046049,796483.6640251225,797531.5214190483,798109.5809930554,578.0595740070568,done,
910,685.8971246983856,799455.6179953656,800506.3074030876,801195.7690900853,689.4616869976744,done,
911,608.121678698808,802427.5719656086,803481.5439380406,804093.8299770866,612.2860390460119,done,
912,1345.130039198557,803913.5489507301,804969.1240711212,806318.843883167,1349.7198120458052,done,
913,660.7081707043108,805399.5259358516,806456.2880851029,807120.1362331797,663.848148076795,done,
914,740.0028576957992,808371.4799060945,809430.7405000925,810174.1508700559,743.4103699633852,done,
915,566.441590996692,811343.4338763376,812405.8698251247,812975.7851131363,569.9152880115436,done,
916,742.4766561016439,814315.3878465806,815380.5380520821,816126.2503470238,745.7122949417679,done,
917,454.95664110057993,817287.3418168236,818353.996543169,818812.652195177,458.6556520080194,done,
918,424.0492244018242,820259.2957870666,821329.5098571776,821756.9242352125,427.41437803488225,done,
919,714.2872207972687,823231.2497573096,824304.8011430502,825023.5257560117,718.7246129615231,done,
920,977.9060258006211,826203.2037275527,827280.1088410616,828261.4545141533,981.3456730917095,done,
921,492.34801630373113,829175.1576977954,830254.9070410728,830751.0873800907,496.1803390178829,done,
922,665.395648998674,832147.1116680384,833229.8822191955,833899.3678091505,669.4855899550021,done,
923,622.4019910034258,835119.0656382815,836205.1805560589,836831.5499010608,626.3693450018764,done,
924,544.7758559021169,838091.0196085245,839180.3070811033,839728.6734280819,548.3663469785824,done,
925,668.8524449011311,841062.9735787675,842155.458749056,842828.3761689841,672.917419928126,done,
926,396.13623790210113,844034.9275490105,845130.1315081121,845529.3356871746,399.2041790625081,done,
927,621.012146200519,847006.8815192535,848105.2202470303,848730.3452150365,625.1249680062756,done,
928,195.22854309761897,849978.8354894966,851079.1206210852,851277.2443981376,198.12377705238762,done,
929,998.2384559989439,852950.7894597396,854054.3018290997,855056.3311651573,1002.0293360576035,done,
930,1117.7140665997283,855922.7434299825,857028.7426410912,858150.7785650872,1122.0359239960092,done,
931,799.2755558982027,858894.6974002254,860002.9774171114,860805.7074632077,802.730046096258,done,
932,714.9280229001306,861866.6513704684,862978.3764611483,863696.8906371174,718.514175969176,done,
933,821.899859496625,864838.6053407114,865951.6321891545,866777.9573371493,826.3251479947941,done,
934,535.2659725002013,867810.5593109544,868926.4104051591,869465.2382070973,538.8278019381687,done,
935,851.9208752026317,870782.5132811973,871900.933068037,872756.1230430389,855.1899750018492,done,
936,879.5483479974791,873754.4672514405,874875.4954711199,875759.1884912122,883.6930200923234,done,
937,474.3444819992873,876726.4212216834,877850.5574530362,878327.8730929968,477.31563996057963,done,
938,327.5809601007495,879698.3751919266,880824.4459470509,881155.3662139698,330.920266918838,done,
939,888.0337487964425,882670.3291621695,883799.6423050165,884691.6153140003,891.9730089837684,done,
940,1158.9151176973246,885642.2831324125,886774.063344121,887937.649861102,1163.5865169810131,done,
941,949.4493758014868,888614.2371026555,889748.8516820669,890702.9647331294,954.1130510624498,done,
942,471.1557722999714,891586.1910728985,892724.2992590666,893199.1466790689,474.8474200023338,done,
943,632.3510806018021,894558.1450431414,895699.020757079,896334.779251106,635.7584940269589,done,
944,538.1864288006908,897530.0990133844,898672.7335250378,899214.416820081,541.6832950431854,done,
945,1020.9569307975473,900502.0529836273,901648.1174740792,902673.0384590655,1024.9209849862382,done,
946,867.672785196919,903474.0069538704,904622.281840086,905494.4493770748,872.1675369888544,done,
947,643.7734405975789,904959.983938992,906109.3750921488,906757.0207091691,647.6456170203164,done,
948,385.6825409980957,906445.9609241134,907597.1898829936,907986.4553910353,389.2655080417171,done,
949,494.9846256000457,909417.9148943564,910572.4002031088,911071.1600871468,498.7598840380088,done,
950,611.7834922973998,912389.8688645994,913545.2565640212,914160.4369930924,615.180429071188,done,
951,333.08724960079417,915361.8228348424,916520.1010491848,916856.7137941401,336.612744955346,done,
952,853.979786200216,918333.7768050855,919495.6413710116,920354.2885269363,858.6471559247002,done,
953,520.5020787019748,919819.7537902069,920983.2253321408,921507.1324181379,523.9070859970525,done,
954,876.9747673009987,921305.7307753285,922470.3833960296,923352.0459639906,881.6625679610297,done,
955,744.8523520957679,924277.6847455712,925446.4304211141,926195.0262801546,748.5958590405063,done,
956,1557.5010294036474,927249.6387158143,928421.7130231856,929984.2945352149,1562.5815120292827,done,
957,526.5992982021999,930221.5926860572,931396.0223751069,931926.4215621093,530.399187002331,done,
958,354.78831939981313,933193.5466563004,934371.1984660623,934729.130438078,357.9319720156491,done,
959,963.83029819699,936165.5006265431,937346.0878551006,938313.7529921252,967.6651370245964,done,
960,660.1173584000209,939137.4545967864,940321.132084012,940985.4812719924,664.349187980406,done,
961,968.5833245981484,942109.4085670292,943296.114989996,944269.0251269117,972.9101369157435,done,
962,1070.0690219004173,945081.3625372724,946269.4610770941,947343.6126291435,1074.1515520494431,done,
963,784.6434047969524,948053.3165075151,949244.8879680635,950034.0283450243,789.1403769608587,done,
964,551.6441938991194,951025.2704777585,952219.6095230579,952774.92180104,555.3122779820114,done,
965,677.213679702254,953997.2244480014,955195.6561220884,955877.0004740525,681.3443519640714,done,
966,694.5349100977182,956969.1784182444,958170.5675070286,958869.2885701191,698.7210630904883,done,
967,634.1811240999958,959941.1323884872,961145.93475008,961783.8317351284,637.8969850484282,done,
968,728.1948374991771,962913.0863587304,964120.4606060982,964852.5495651755,732.0889590773731,done,
969,631.6765478986781,964399.0633438518,965607.5555980207,966242.6884430462,635.1328450255096,done,
970,568.2790476013906,965885.0403289731,967094.8451700209,967666.858996014,572.0138259930536,done,
971,622.617221303517,968856.9942992164,970069.6082770823,970696.2665530386,626.658275956288,done,
972,501.6659385000821,971828.9482694592,973045.004293084,973550.4398910505,505.43559796642506,done,
973,669.9674257950392,974800.9022397023,976020.265024066,976693.8034741012,673.5384500352666,done,
974,475.7003194012214,976286.8792248238,977507.0334330795,977986.3543060038,479.3208729242906,done,
975,611.1252664006315,977772.8562099452,978995.6288411616,979610.5206101768,614.8917690152302,done,
976,873.2752292009536,978763.5075333596,979987.1622290612,980864.0198670711,876.8576380098239,done,
977,883.831779495813,979754.1588567741,980978.3938291072,981865.3947731069,887.0009439997375,done,
978,694.5593396958429,980744.8101801884,981970.7653220892,982668.7614930477,697.9961709585041,done,
979,797.2517939982936,981735.4615036027,982962.3309770824,983763.66466307,801.3336859876291,done,
980,787.7425717015285,982726.1128270171,983954.1240371466,984745.112085103,790.988047956489,done,
981,773.8716471998488,983716.7641504313,984945.5898871422,985723.3259572424,777.736070100218,done,
982,648.1332821014803,985202.7411355528,986433.3010240792,987084.6064320634,651.3054079841822,done,
983,597.8365581016988,986688.7181206744,987920.7457830906,988521.9951561429,601.2493730522692,done,
984,342.36428829608485,987679.3694440884,988912.6495420932,989257.8405700623,345.19102796912193,done,
985,773.2919576985297,988670.020767503,989904.7452981472,990681.6226591477,776.8773610005155,done,
986,294.1144389973488,989660.6720909172,990896.1032420396,991193.2198649504,297.11662291083485,done,
987,668.5705552983562,992632.6260611601,993869.4303910731,994541.6187220969,672.1883310237899,done,
988,594.9961561011153,994118.6030462816,995356.7624241114,995955.7690292131,599.0066051017493,done,
989,1215.1476876984814,995604.5800314031,996843.9297690393,998063.6957150755,1219.765946036205,done,
990,278.68491279659804,997090.5570165248,998332.2338631152,998613.6821820874,281.4483189722523,done,
991,661.2310192955192,998576.5340016462,999820.1651411057,1000485.1443721838,664.9792310781777,done,
992,542.7525651990436,1000062.5109867677,1001308.2405720948,1001854.6004900587,546.359917963855,done,
993,638.8650481007063,1001548.4879718892,1002795.8333951236,1003437.9222311826,642.0888360589743,done,
994,1283.2243557961192,1003034.4649570108,1004283.4369031192,1005571.1990801796,1287.7621770603582,done,
995,822.1367642981932,1004520.4419421322,1005770.729334116,1006596.502372086,825.7730379700661,done,
996,557.4772743973881,1005511.0932655464,1006761.9207731484,1007322.7498761414,560.8291029930115,done,
997,845.4826258006507,1006501.7445889608,1007753.4625401496,1008603.2157191549,849.7531790053472,done,
998,1190.0725682964548,1007492.3959123752,1008744.65111506,1009938.7977250415,1194.1466099815443,done,
999,737.8521139035,1008483.0472357895,1009736.9063190222,1010679.5525480798,942.6462290575728,done,
1000,1116.6327182028908,1009473.6985592041,1010727.8252340556,1011848.4228170646,1120.59758300893,done,
1001,838.7276318971999,1010464.3498826182,1011720.3297041656,1012689.8495611335,969.5198569679632,done,
1002,388.7017132015899,1011207.3383751787,1012464.2611540556,1013080.706628033,616.4454739773646,done,
1003,655.0200461992063,1011950.3268677396,1013208.0904951096,1013867.3294740971,659.2389789875597,done,
1004,496.7606606951449,1012693.3153603005,1013951.703396082,1014452.1626740844,500.4592780023813,done,
1005,713.5293931991326,1013436.3038528613,1014695.6787071228,1015412.7496581329,717.0709510101004,done,
1006,532.6934306998736,1014179.2923454221,1015440.0557490587,1015975.885575084,535.8298260252923,done,
1007,589.3439348030371,1014922.2808379828,1016185.3295640944,1016778.0503091094,592.7207450149581,done,
1008,627.9542340023909,1015665.2693305436,1016929.4289150238,1017561.0898369886,631.6609219647944,done,
1009,306.167623703368,1016408.2578231043,1017673.4733000994,1017982.2083640974,308.73506399802864,done,
1010,467.03208959661424,1017398.9091465184,1018665.1451121569,1019135.5088061672,470.3636940103024,done,
1011,354.4260423979722,1018389.5604699329,1019657.2924780846,1020015.1240850752,357.83160699065775,done,
1012,574.0986256976613,1019380.2117933471,1020649.1113780736,1021227.011143064,577.8997649904339,done,
1013,713.5346818016843,1019974.6025873956,1021244.393302083,1021961.5433850111,717.1500829281284,done,
1014,951.9051758979912,1020568.9933814444,1021839.7975201608,1022916.2771821377,1076.4796619769186,done,
1015,483.0735725990962,1021163.3841754928,1022436.2713000773,1023401.6495210853,965.3782210079952,done,
1016,982.184704998508,1021757.7749695416,1023031.6413661243,1024386.5949821669,1354.9536160426214,done,
1017,564.6749231033027,1022352.16576359,1023627.3582670687,1024953.8533279988,1326.4950609300286,done,
1018,996.1352086975239,1023095.1542561508,1024371.858091116,1025952.8839801429,1581.0258890269324,done,
1019,722.5470352976117,1023838.1427487115,1025115.2724300623,1026677.982371009,1562.709940946661,done,
1020,274.6065881976392,1024581.1312412723,1025859.041916132,1026954.7182341758,1095.676318043843,done,
1021,866.3687377003952,1025324.1197338331,1026603.7629300356,1027823.7406340288,1219.9777039932087,done,
1022,1450.5277662014123,1025819.4453955404,1027100.1451060772,,,error,ValueError
1023,490.5163267976605,1026314.7710572476,1027596.3610570431,,,error,ValueError
1024,530.8880088967271,1026810.0967189545,1028093.2744520905,,,error,ValueError
1025,1165.4549501021393,1027305.4223806618,1028589.5941191913,,,error,ValueError
1026,639.7782313986681,1027800.748042369,1029085.7335931064,,,error,ValueError
1027,546.1398457991892,1028296.0737040762,1029581.8724390268,,,error,ValueError
1028,430.36884770262975,1029039.062196637,1030325.9942080977,,,error,ValueError
1029,878.7323119991925,1029782.0506891976,1031070.1300150156,,,error,ValueError
1030,758.6751541006378,1030525.0391817584,1031813.5791351795,,,error,ValueError
1031,756.0569873021449,1031268.0276743192,1032557.6932911872,,,error,ValueError
1032,991.2212697032373,1032011.01616688,1033302.0155761242,,,error,ValueError
1033,634.3386308988556,1032754.0046594408,1034046.291975975,,,error,ValueError
1034,576.2710859999062,1033496.9931520014,1034790.4353951216,,,error,ValueError
1035,1116.6801605955698,1034239.9816445622,1035534.4807571172,,,error,ValueError
1036,621.3842973986175,1034735.3073062694,1036030.64698112,,,error,ValueError
1037,1206.4794656005688,1035230.6329679764,1036527.3534331322,,,error,ValueError
1038,303.7751537980512,1035725.9586296836,1037023.23854208,,,error,ValueError
1039,1005.5030374031047,1036221.2842913908,1037518.9384990929,,,error,ValueError
1040,721.0519907996057,1036716.609953098,1038015.1523550749,,,error,ValueError
1041,749.7218923992477,1037211.9356148052,1038512.0377429724,,,error,ValueError
1042,366.48693300085137,1037806.3264088538,1039106.8783340455,,,error,ValueError
1043,1042.111491499236,1038400.7172029023,1039702.5894380808,,,error,ValueError
1044,472.78389069833787,1038995.107996951,1040297.9261180162,,,error,ValueError
1045,1388.9878466026855,1039589.4987909995,1040892.9229460956,,,error,ValueError
1046,688.6756628984585,1040183.8895850481,1041487.7908461094,,,error,ValueError
1047,932.1247199026402,1040778.2803790969,1042083.5207370521,,,error,ValueError
1048,535.8952943002805,1041372.6711731454,1042678.7720000744,1044605.3949060757,1926.6229060012847,done,
1049,587.5388053013013,1041967.0619671941,1043274.255488038,1045195.2216740166,1920.9661859786138,done,
1050,683.709159004502,1042561.4527612426,1043869.675280094,,,error,ValueError
1051,957.9616975039244,1043155.8435552913,1044465.3122111559,,,error,ValueError
1052,608.4362116991542,1043750.2343493395,1045061.157900095,,,error,ValueError
1053,607.29678820353,1044344.6251433884,1045656.9506491424,,,error,ValueError
1054,664.7707185999025,1044939.0159374371,1046252.556849122,,,error,ValueError
1055,745.0634417997207,1045533.4067314856,1046848.2370120287,,,error,ValueError
1056,340.1528713002336,1046127.7975255342,1047444.1269811392,,,error,ValueError
1057,793.9963704033289,1046722.1883195828,1048039.8667191268,,,error,ValueError
1058,892.1439947036562,1047316.5791136314,1048635.5815941095,,,error,ValueError
1059,1149.9333383981136,1047910.96990768,1049231.246182084,,,error,ValueError
1060,862.5334333977663,1048505.3607017286,1049827.0255211592,,,error,ValueError
1061,1024.979546101531,1049099.7514957772,1050422.737322092,,,error,ValueError
1062,387.3243611014914,1049595.0771574844,1050919.1947170496,,,error,ValueError
1063,811.2870701006614,1050090.4028191916,1051415.8355871441,,,error,ValueError
1064,964.2454567947424,1050585.7284808988,1051911.580662012,,,error,ValueError
1065,453.36315650492907,1051081.0541426055,1052407.1611191034,1054332.3436690848,1925.1825499814004,done,
1066,758.8621504954062,1051576.379804313,1052903.5701130629,,,error,ValueError
1067,1028.9565340965055,1052071.7054660202,1053399.2820830343,,,error,ValueError
1068,924.1075759986417,1052567.0311277274,1053895.0252730846,,,error,ValueError
1069,528.2035407028162,1053062.3567894346,1054390.6200480459,,,error,ValueError
1070,780.3437681985088,1053557.6824511415,1054886.7713941336,,,error,ValueError
1071,440.01201590290293,1054053.0081128487,1055382.7012711763,,,error,ValueError
1072,484.6903632977046,1054548.333774556,1055878.48280406,,,error,ValueError
1073,946.3976238970644,1055043.6594362631,1056374.1382020712,,,error,ValueError
1074,1263.4737005981153,1055786.647928824,1057117.5671360493,,,error,ValueError
1075,590.9277405007742,1056529.6364213848,1057862.3410891294,,,error,ValueError
1076,605.153599003097,1057272.624913945,1058605.8620750904,,,error,ValueError
1077,603.7375551008154,1058015.613406506,1059349.4963450432,,,error,ValueError
1078,274.0493499033619,1058758.601899067,1060093.0353500843,1061632.3369430574,1539.301592973061,done,
1079,868.9930951979477,1059501.5903916277,1060836.5033951998,1062504.0074732099,1667.5040780100971,done,
1080,611.4490130974445,1060244.5788841886,1061580.4604051113,1063117.922985129,1537.4625800177457,done,
1081,1390.7691843050998,1060987.5673767491,1062323.9129451513,,,error,ValueError
1082,688.891938701272,1061581.9581707977,1062920.7305560112,,,error,ValueError
1083,856.86117450241,1062176.3489648462,1063516.6027840376,,,error,ValueError
1084,658.6181338992901,1062770.739758895,1064112.0305371284,,,error,ValueError
1085,994.0851705963723,1063365.1305529436,1064707.6568510532,,,error,ValueError
1086,580.7821482012514,1063959.521346992,1065303.1305609941,,,error,ValueError
1087,1450.852822797606,1064702.509839553,1066046.5761170387,,,error,ValueError
1088,796.5439202962442,1065445.4983321135,1066790.2281261685,,,error,ValueError
1089,902.0911187981256,1066188.4868246743,1067534.0261050465,,,error,ValueError
1090,561.4974038035143,1066931.475317235,1068278.3304390907,,,error,ValueError
1091,621.937375003472,1067674.463809796,1069022.0092680454,,,error,ValueError
1092,983.0046765971927,1068417.452302357,,,,error,ValueError
1093,694.9555236031301,1069160.4407949173,,,,error,ValueError
