# {"latencies": "/workdir/DynWork/log/NLP/syn/LenScale_0.1/chatbot/gpt_convAI/latencies.csv", "outdir": "/workdir/DynWork/log/NLP/syn/LenScale_0.1/chatbot/gpt_convAI/2_x_P99/nexus", "pause": false, "bindir": "/tmp/build/nexus-remote", "reqs": "/workdir/DynWork/log/NLP/syn/LenScale_0.1/chatbot/gpt_convAI/jobs.csv", "maxb": 8, "slo_ms": 1135, "debug": false, "image": "Chihuahua1_bvdb.jpg", "no_nexus": false, "reproducibility": {"command_line": "python dynamic_test.py --maxb 8 --slo_ms 1135 --bindir /tmp/build/nexus-remote Chihuahua1_bvdb.jpg /workdir/DynWork/log/NLP/syn/LenScale_0.1/chatbot/gpt_convAI/jobs.csv /workdir/DynWork/log/NLP/syn/LenScale_0.1/chatbot/gpt_convAI/latencies.csv /workdir/DynWork/log/NLP/syn/LenScale_0.1/chatbot/gpt_convAI/2_x_P99/nexus", "time": "Sat Dec 11 06:08:47 2021"}}
JobId,Length,Admitted,Started,Finished,Latency,State,EStatus
0,182.59837079094723,34.56159371493405,39.70810693502426,231.63710693502426,191.929,done,
1,153.56209579622373,100.71919029741348,106.15013498067856,389.77013498067856,283.62,done,
2,127.35227179946378,166.87678687989296,172.71211898326874,389.97611898326875,217.264,done,
3,207.60199599899352,233.0343834623724,305.5799549818039,609.894954981804,304.315,done,
4,173.06488240137696,299.19198004485185,504.8539519906044,878.2559519906044,373.402,done,
5,191.82150070555508,365.3495766273313,571.1742909550667,878.2842909550667,307.11,done,
6,253.20173639338464,431.5071732098107,239.26190096139908,610.0499009613991,370.788,done,
7,211.0314536956139,497.6647697922901,372.0472609996796,609.9882609996796,237.941,done,
8,124.74093999480829,563.8223663747696,438.5104389190674,878.5994389190673,440.089,done,
9,164.0414063935168,629.979962957249,703.9795679450035,1068.3105679450036,364.331,done,
10,184.66235150117427,696.1375595397285,637.552729010582,1068.470729010582,430.918,done,
11,115.2108822017908,895.392127612581,904.048633992672,1183.843633992672,279.795,done,
12,205.41084149153903,1094.6466956854335,1104.0465359687803,1389.4025359687803,285.356,done,
13,434.744687192142,1293.9012637582862,1304.5686659812927,1824.2756659812926,519.707,done,
14,249.31843720842164,1493.1558318311388,1504.0192859768867,2081.082285976887,577.063,done,
15,117.91792009025812,1692.4103999039912,1704.4974229335785,2081.0764229335787,376.579,done,
16,115.84438589634374,1891.664967976844,1904.7770659923556,2197.1070659923557,292.33,done,
17,123.99288340238854,2090.919536049696,2104.629482984543,2321.366482984543,216.737,done,
18,102.32650600373744,2290.1741041225487,2304.8118929862976,2423.6518929862978,118.84,done,
19,110.52992430049926,2489.4286721954013,2505.1786299943924,2621.2706299943925,116.092,done,
20,309.53645419795066,2688.683240268253,2704.8084179759026,3019.9054179759023,315.097,done,
21,206.53129689162603,3684.67793569222,3702.129393994808,3914.5313939948082,212.402,done,
22,81.45156831014901,4680.6726311161865,4699.837078988552,4786.908078988552,87.071,done,
23,488.383456307929,5676.667326540151,5697.263433992863,6191.226433992862,493.963,done,
24,76.18203930323943,6672.662021964118,6694.242655992508,6775.630655992508,81.388,done,
25,53.14596799435094,7668.656717388085,7692.158502995968,7750.869502995968,58.711,done,
26,381.39871830353513,8664.65141281205,8689.289840996265,9075.935840996266,386.646,done,
27,100.17505451105536,9660.646108236017,9686.997043967249,9792.683043967249,105.686,done,
28,178.20576439844444,10656.640803659982,10684.121762990952,10867.997762990952,183.876,done,
29,478.35209040204063,11652.635499083948,11681.324826955795,12165.150826955796,483.826,done,
30,36.72199250431731,12648.630194507918,12678.266418993471,12720.37041899347,42.104,done,
31,104.6726715983823,12668.766960604107,12698.715668976309,12825.34466897631,126.629,done,
32,355.7486849022098,12688.903726700306,12739.896602988243,13240.400602988244,500.504,done,
33,72.34562300145626,12709.040492796505,12760.195379972458,13240.278379972458,480.083,done,
34,371.36554900789633,12729.177258892696,12780.487644970415,13240.528644970414,460.041,done,
35,224.2361808079295,12749.31402498889,12841.922931969166,13844.012931969166,1002.09,done,
36,135.57708129519597,12769.450791085086,12889.969953000546,13844.318953000546,954.349,done,
37,282.183814200107,12789.587557181285,12897.340361952782,13844.34536195278,947.005,done,
38,228.8072940078564,12809.724323277474,12941.971089959145,14375.072089959145,1433.101,done,
39,59.86824649153277,12829.861089373671,12719.032559931278,13240.683559931278,521.651,done,
40,124.30772320367396,12849.997855469866,12800.78104197979,13240.76404197979,439.983,done,
41,501.3654446927831,12856.967048424678,12821.159308969976,13844.074308969975,1022.915,done,
42,340.3361481032334,12863.93624137949,12862.22806096077,13844.20806096077,981.98,done,
43,202.43629519827664,12870.905434334298,12882.592771947384,13844.480771947385,961.888,done,
44,316.73316339729354,12877.87462728911,12904.775421977043,13844.586421977043,939.811,done,
45,113.66372419288382,12884.84382024392,12912.21515995264,13844.69415995264,932.479,done,
46,278.5344883915968,12891.813013198733,12919.67645996809,14374.85145996809,1455.175,done,
47,268.7125523923896,12898.782206153544,12927.115567982197,14375.399567982196,1448.284,done,
48,222.34255200019103,12905.751399108352,12934.5823879838,14375.316387983801,1440.734,done,
49,440.7449309946969,12912.720592063166,12949.398245930672,14375.702245930672,1426.304,done,
50,71.168986603152,12919.689785017974,12956.878410995008,14375.579410995007,1418.701,done,
51,112.7397300908342,13009.021131853306,13046.390982985497,14375.863982985496,1329.473,done,
52,185.5907710967585,13098.352478688645,13136.83005195856,14376.07405195856,1239.244,done,
53,84.3039505998604,13187.68382552398,13227.263911008837,14375.933911008837,1148.67,error,7.0
54,248.0086646042764,13277.015172359315,13317.226220965384,14674.004220965384,1356.778,done,
55,109.35435249703004,13366.34651919465,13406.780480980871,14674.119480980871,1267.339,done,
56,182.0371545967646,13455.677866029988,13496.30394399166,14674.320943991659,1178.017,done,
57,168.54082070058212,13545.009212865323,13585.863884985449,14674.33188498545,1088.468,done,
58,165.5126746976748,13634.34055970066,13676.308854937552,14674.781854937552,998.473,done,
59,115.51139070652424,13723.671906535996,13766.750648975372,14674.503648975373,907.753,done,
60,142.3685552086681,13813.003253371327,13856.21762496233,14674.52962496233,818.312,done,
61,177.27540170308205,13935.342674114318,13978.796178996565,14674.874178996564,696.078,done,
62,59.51241960283369,14057.682094857306,14102.31295198202,14880.81495198202,778.502,done,
63,147.4910958088003,14180.021515600294,14225.737059950829,14880.878059950828,655.141,done,
64,123.20378919830546,14302.36093634328,14349.208867967129,14881.05186796713,531.843,done,
65,184.5987220061943,14424.700357086267,14472.583522975445,14881.063522975444,408.48,done,
66,106.27118670381606,14547.039777829255,14596.013070940971,14881.204070940972,285.191,done,
67,514.6570014068857,14669.379198572246,14842.799701929092,15410.703701929093,567.904,done,
68,136.03504459606484,14791.718619315228,15089.527109980583,15605.009109980583,515.482,done,
69,82.12306739296764,14914.058040058218,14719.378908991814,15410.869908991814,691.491,done,
70,153.99545569671318,15036.397460801209,14966.032949984074,15605.106949984074,639.074,done,
71,183.30761949764565,15321.554646764993,15376.230850994589,15605.17985099459,228.949,done,
72,180.3365824976936,15606.71183272878,15661.679113984108,15847.159113984108,185.48,done,
73,187.0431732037105,15891.869018692569,15947.751273989676,16140.381273989675,192.63,done,
74,177.4708585930057,16177.026204656357,16233.919033944609,16417.39103394461,183.472,done,
75,14.888429502025248,16462.183390620143,16519.931030988693,16541.529030988695,21.598,done,
76,110.69760569371284,16747.34057658393,16806.20699495077,16922.21999495077,116.013,done,
77,46.78780420217663,17032.49776254772,17091.75990599394,17144.989905993938,53.23,done,
78,249.05725499847904,17317.654948511507,17377.63016498089,17632.75516498089,255.125,done,
79,98.8659837981686,17602.812134475294,17663.186471939087,17768.37347193909,105.187,done,
80,279.19556099222973,17887.969320439082,17948.94000196457,18233.40700196457,284.467,done,
81,128.81821970222518,18217.80486781118,18278.965463995934,18413.621463995933,134.656,done,
82,194.5606732973829,18547.640415183283,18609.198355972767,18809.605355972766,200.407,done,
83,523.8377838977613,18877.47596255538,18940.210918962955,19469.544918962954,529.334,done,
84,282.19466620357707,19207.31150992748,19270.879324018955,19752.116324018956,481.237,done,
85,372.89582119556144,19537.14705729958,19601.178290963173,20125.004290963174,523.826,done,
86,229.39491310389712,19866.98260467168,19931.7677859664,20354.7367859664,422.969,done,
87,342.576230794657,20196.818152043776,20262.67707496881,20697.40507496881,434.728,done,
88,138.3058179053478,20526.65369941588,20594.36356896162,20836.00356896162,241.64,done,
89,102.43097200291233,20856.48924678798,20924.472457945347,21032.758457945347,108.286,done,
90,115.50150259863584,21186.32479416008,21255.38404995203,21377.02404995203,121.64,done,
91,99.44741540821268,21212.11641233941,21282.6787199378,21647.648719937803,364.97,done,
92,127.4415477993898,21237.90803051875,21337.302191972733,21647.718191972734,310.416,done,
93,248.57615689979863,21263.69964869808,21528.05699396133,22214.06899396133,686.012,done,
94,27.34623790020123,21289.49126687742,21309.98617297411,21647.85817297411,337.872,done,
95,162.3478531022556,21315.282885056757,21364.60293197632,21647.99793197632,283.395,done,
96,493.91215950017806,21341.074503236086,21391.558291971684,22213.698291971683,822.14,done,
97,294.0607279073447,21366.86612141542,21418.85463398695,22213.78563398695,794.931,done,
98,420.4779163002968,21392.65773959476,21446.14969301224,22213.91569301224,767.766,done,
99,281.430183397606,21418.44935777409,21473.447878956795,22213.975878956793,740.528,done,
100,437.1932036010549,21444.240975953428,21500.75461000204,22214.16761000204,713.413,done,
101,154.43911249749362,21785.856463932683,21870.585151970387,22368.328151970385,497.743,done,
102,16.731992305722088,22127.47195191193,22213.218827962875,22385.031827962874,171.813,done,
103,152.59882520185784,22469.08743989119,22555.69597995281,22715.27497995281,159.579,done,
104,91.82915419805796,22810.702927870447,22897.9018099308,22995.711809930803,97.81,done,
105,246.9137178035453,23152.318415849702,23240.358783960342,23492.85478396034,252.496,done,
106,286.29995220107963,23493.933903828954,23582.33968001604,23877.01368001604,294.674,done,
107,80.46389260562137,23835.549391808203,23924.56830298901,24013.58630298901,89.018,done,
108,31.47379499860108,24177.16487978746,24267.210626006126,24307.528626006126,40.318,done,
109,143.63915510475636,24518.78036776672,24609.27784395218,24758.662843952177,149.385,done,
110,142.19517089659348,24860.395855745966,24951.26586395502,25098.54386395502,147.278,done,
111,134.3602368957363,25352.911011063865,25444.2826449275,25583.9216449275,139.639,done,
112,133.4427356952801,25845.426166381763,25937.67063599825,26080.90063599825,143.23,done,
113,152.62546529993415,26337.94132169966,26431.667053937912,26591.09405393791,159.427,done,
114,129.11958419717848,26830.45647701756,26924.901374936104,27062.610374936103,137.709,done,
115,82.03517819056287,27322.971632335462,27418.35611194372,27507.04811194372,88.692,done,
116,244.2328567034565,27815.486787653357,27911.90936398506,28161.953363985063,250.044,done,
117,101.4717294019647,28308.001942971256,28405.568595945835,28512.855595945835,107.287,done,
118,208.81926340516657,28800.517098289158,28898.64756500721,29113.049565007208,214.402,done,
119,173.1428693048656,29293.032253607053,29391.753843963143,29573.167843963143,181.414,done,
120,153.1307231052779,29785.54740892495,29884.946265935894,30043.090265935894,158.144,done,
121,11.948150396347046,29795.983158263512,29896.256483972076,30367.671483972077,471.415,done,
122,102.89143410045654,29806.418907602085,29918.941730976105,30367.888730976105,448.947,done,
123,84.66174489585683,29816.854656940643,29964.32954800129,30368.18354800129,403.854,done,
124,78.5618213005364,29827.290406279204,29998.40972197056,30767.27772197056,768.868,done,
125,111.69977729441598,29837.726155617765,30213.70693296194,30767.44993296194,553.743,done,
126,101.85393169522284,29848.16190495633,29907.649667978287,30367.938667978287,460.289,done,
127,269.2891023005359,29858.59765429489,29930.260123968124,30367.957123968125,437.697,done,
128,113.2324366015382,29869.033403633453,29941.60089898109,30368.12189898109,426.521,done,
129,377.1845161099918,29879.46915297202,29952.918990969654,30368.171990969655,415.253,done,
130,97.17670920072123,29889.90490231058,29975.6348760128,30368.345876012798,392.711,done,
131,131.3038169988431,30104.2552906512,29986.97040092945,30767.475400929452,780.505,done,
132,183.8424263056368,30318.60567899182,30644.232455968857,30956.621455968856,312.389,done,
133,133.57251300476491,30532.95606733244,30428.73059898615,30956.708598986148,527.978,done,
134,107.74120229762048,30747.306455673057,30859.13237792253,31064.51837792253,205.386,done,
135,200.0550238066353,30961.65684401368,31074.9478559494,31280.9718559494,206.024,done,
136,230.9404680971056,31176.00723235429,31289.56255096197,31526.05455096197,236.492,done,
137,278.1077711959369,31390.35762069492,31505.158013939857,31804.367013939856,299.209,done,
138,217.9340373026207,31604.70800903553,31720.734351933,32022.485351933,301.751,done,
139,121.58417468890548,31819.05839737615,31935.93157494068,32144.184574940682,208.253,done,
140,116.13439481006937,32033.40878571677,32150.583829939365,32272.281829939366,121.698,done,
141,125.9765082038939,32898.89503537853,33017.55909597874,33148.75309597874,131.194,done,
142,107.66840580618008,33764.3812850403,33884.02143496275,33997.98043496275,113.959,done,
143,148.90882280888036,34629.86753470206,34751.16040998697,34905.545409986975,154.385,done,
144,20.349086890928447,35495.353784363826,35617.74958795309,35643.77158795309,26.022,done,
145,208.81666110362852,36360.84003402559,36485.05016797781,36699.12216797781,214.072,done,
146,108.51237749448046,37226.32628368736,37352.214570999146,37466.09057099914,113.876,done,
147,120.47479879111052,38091.81253334912,38219.25932794809,38345.05032794809,125.791,done,
148,135.66558109596372,38957.29878301089,39086.29632997513,39227.88032997513,141.584,done,
149,230.8766396017745,39822.78503267265,39953.07685899735,40189.25985899735,236.183,done,
150,101.77205170039088,40688.27128233441,40819.360642015934,40926.849642015935,107.489,done,
151,136.52134449221194,42153.51316806464,42286.60876899958,42431.032768999576,144.424,done,
152,460.9265040955506,43618.755053794855,43753.93206900358,44221.30806900358,467.376,done,
153,302.506876795087,45083.99693952508,45220.75514495373,45529.08914495373,308.334,done,
154,517.1377600985579,46549.2388252553,46687.8610239625,47210.4290239625,522.568,done,
155,88.42650739243254,48014.48071098552,48155.856670975685,48250.14567097568,94.289,done,
156,123.14962700475007,49479.72259671575,49622.94616997242,49751.89216997242,128.946,done,
157,82.88431719411165,50944.96448244597,51089.65157395601,51178.604573956014,88.953,done,
158,42.56576939951629,52410.2063681762,52556.4717849493,52605.0167849493,48.545,done,
159,234.6116797067225,53875.44825390642,54023.83211392164,54264.44211392164,240.61,done,
160,446.2729116086848,55340.69013963664,55491.281942009926,55943.173942009926,451.892,done,
161,108.9154271990992,55369.38039045037,55520.5839869976,56110.486986997596,589.903,done,
162,162.33117529191077,55398.07064126411,55549.89769297838,56110.55469297838,560.657,done,
163,107.57374069653451,55426.76089207784,55579.22009599209,56228.63309599209,649.413,done,
164,114.62895919103175,55455.45114289158,55608.515807926655,56228.750807926655,620.235,done,
165,201.6786275082268,55484.14139370531,55667.26193398237,56584.37893398237,917.117,done,
166,345.34767790464684,55512.83164451904,55726.13793492317,56874.28493492317,1148.147,done,
167,281.52383889537305,55541.52189533278,55637.84454196692,56584.354541966924,946.51,done,
168,226.33492259774363,55570.212146146514,55696.59739100933,56874.27539100933,1177.678,done,
169,397.32532390626153,55598.90239696025,55755.50409001112,57283.55009001112,1528.046,done,
170,118.85725659085438,55627.59264777399,55784.81870794296,57283.667707942965,1498.849,done,
171,127.17548770597205,56416.537595453,56574.56000596285,57410.86100596285,836.301,done,
172,77.99646859057248,57205.482543132,57364.2366219759,57488.8726219759,124.636,done,
173,124.8995628906414,57994.427490811,58153.95952498913,58284.896524989126,130.937,done,
174,91.11002859426662,58783.37243849001,58944.12881994248,59041.72581994248,97.597,done,
175,184.3303581001237,59572.31738616902,59733.9515119791,59924.00351197911,190.052,done,
176,98.48235929384828,60361.26233384802,60524.12792998552,60628.58792998552,104.46,done,
177,42.021429899614304,61150.20728152703,61314.74354702234,61362.35154702234,47.608,done,
178,81.99533160077408,61939.15222920604,62105.47643399239,62193.766433992394,88.29,done,
179,274.735369195696,62728.097176885065,62896.90067595244,63178.05067595244,281.15,done,
180,158.9176396955736,63517.04212456406,63686.99794495106,63852.27694495106,165.279,done,
181,190.3452071011997,63564.4742119604,63735.29036897421,64048.55736897421,313.267,done,
182,160.32765599666163,63611.906299356735,63783.5834839344,64048.667483934405,265.084,done,
183,112.96040629968049,63659.33838675309,63879.73320198059,64233.17120198059,353.438,done,
184,179.0010083001107,63706.77047414944,63976.327175974846,64636.65017597484,660.323,done,
185,164.7203427972272,63754.20256154579,64072.14743292332,64754.11243292331,681.965,done,
186,391.9387976056896,63801.63464894212,63831.88530600071,64233.30930600071,401.424,done,
187,105.00115650938824,63849.06673633847,63928.02653700113,64636.84753700114,708.821,done,
188,113.93578170100228,63896.4988237348,64024.62713497877,64754.20313497877,729.576,done,
189,80.59704289771616,63943.93091113116,64120.472708940506,64907.76470894051,787.292,done,
190,149.07460340764374,63991.3629985275,64168.92760896683,64907.822608966824,738.895,done,
191,152.46676319511607,64677.6282906509,64855.71562999487,65060.47762999487,204.762,done,
192,130.38015210768208,65363.89358277432,65543.37028598785,65679.92628598785,136.556,done,
193,233.63964050076905,66050.15887489775,66230.99059599638,66470.47559599638,239.485,done,
194,109.14848790271208,66736.42416702116,66918.35815000534,67033.76115000535,115.403,done,
195,104.9995366949588,67422.68945914456,67606.77505296469,67718.00605296469,111.231,done,
196,141.72057560645044,68108.95475126799,68294.99694800377,68442.64194800377,147.645,done,
197,168.33706030156463,68795.2200433914,68982.63354897499,69156.975548975,174.342,done,
198,134.90650600288063,69481.48533551481,69669.98717695475,69811.10217695475,141.115,done,
199,477.8949382947758,70167.75062763823,70357.08822798729,70840.72022798729,483.632,done,
200,101.42919019563124,70854.01591976164,71044.4751290083,71152.0361290083,107.561,done,
201,167.1590535901487,71041.47656575676,71232.68768697977,71405.83568697977,173.148,done,
202,19.824305595830083,71228.93721175188,71420.41571199894,71446.62571199895,26.21,done,
203,101.14159550284968,71416.397857747,71608.25911396742,71715.35511396742,107.096,done,
204,442.04509150004014,71603.85850374211,71796.82823497057,72245.25223497057,448.424,done,
205,91.71240560244767,71791.31914973723,71985.28216797113,72427.43116797114,442.149,done,
206,176.4182446990162,71978.77979573235,72173.7371839881,72427.5251839881,253.788,done,
207,120.08323589107022,72166.24044172747,72361.85014396906,72547.65814396906,185.808,done,
208,163.92852100543678,72353.70108772258,72550.04608094692,72720.10508094692,170.059,done,
209,60.72295010089874,72541.1617337177,72739.54917299747,72809.54117299747,69.992,done,
210,47.482240898534656,72728.62237971282,72929.0940939784,72982.2300939784,53.136,done,
211,159.68859980348498,72775.41326464292,72976.38924700022,73145.53524700021,169.146,done,
212,94.80294410604984,72822.20414957305,73071.01472997665,73650.15372997665,579.139,done,
213,70.22327369777486,72868.99503450315,73118.30488401651,73650.26888401652,531.964,done,
214,476.7338478006424,72915.78591943327,73355.40166300535,74177.90266300536,822.501,done,
215,80.0368758966215,72962.57680436337,73402.70312798023,74177.98512798024,775.282,done,
216,151.91393840359524,73009.3676892935,73023.71415698528,73650.38015698528,626.666,done,
217,220.6177370040677,73056.1585742236,73166.00101399422,73883.88201399421,717.881,done,
218,114.03551859548315,73102.94945915372,73213.3835619688,73883.9905619688,670.607,done,
219,277.4779806961305,73149.74034408384,73260.78212100267,73884.13412100267,623.352,done,
220,84.52233449788764,73196.53122901394,73308.09075897932,74178.16575897932,870.075,done,
221,297.49769479967654,73352.30028023025,73559.14009702206,74498.30209702205,939.162,done,
222,123.92842900007965,73508.06933144656,73715.79907596111,74498.53007596111,782.731,done,
223,302.29344490217045,73663.83838266286,73872.21798193455,74498.72398193454,626.506,done,
224,117.71624650573358,73819.60743387915,74029.692958951,74800.91895895099,771.226,done,
225,285.7244709972292,73975.37648509545,74185.64875096083,74801.04475096082,615.396,done,
226,144.87726950319484,74131.14553631176,74342.10297393799,74801.05797393799,458.955,done,
227,265.5296607990749,74286.91458752807,74498.67563897371,75074.24463897372,575.569,done,
228,209.22340899705887,74442.68363874436,74655.45372200012,75074.44072200012,418.987,done,
229,123.23238039389253,74598.45268996066,74811.67368298769,75210.87268298768,399.199,done,
230,132.38418999826536,74754.22174117697,74968.09370100498,75210.99670100499,242.903,done,
231,297.6897932006977,75556.57629317211,75771.99864697456,76075.48764697456,303.489,done,
232,54.83910869807005,76358.93084516724,76575.53110998869,76636.34010998868,60.809,done,
233,216.2640216993168,77161.28539716238,77379.53415101767,77601.70915101767,222.175,done,
234,177.4099230999127,77963.63994915751,78182.78319996595,78366.72519996595,183.942,done,
235,295.15704610385,78765.99450115264,78985.85814100504,79286.60514100504,300.747,done,
236,150.9550987975672,79568.3490531478,79789.4909939766,79945.6059939766,156.115,done,
237,307.24804289639,80370.70360514295,80592.68978893757,80905.11678893756,312.427,done,
238,118.87541100149974,81173.05815713808,81396.05272299051,81520.99472299051,124.942,done,
239,367.1229235944338,81975.4127091332,82200.09758299589,82573.06658299589,372.969,done,
240,228.51934890495613,82777.76726112835,83003.91832995415,83238.46632995414,234.548,done,
241,115.7659741002135,82999.71622510008,83226.42468500137,83354.32368500138,127.899,done,
242,76.54941310174763,83221.66518907182,83448.96729898453,83531.99029898453,83.023,done,
243,372.44485619012266,83443.61415304357,83671.54072093964,84049.05472093963,377.514,done,
244,172.46654720511287,83665.5631170153,83894.0427479744,84221.6497479744,327.607,done,
245,82.2071627015248,83887.51208098706,84117.57967698574,84304.07867698574,186.499,done,
246,154.84450249932706,84109.46104495879,84341.47450995445,84502.32850995446,160.854,done,
247,495.33855840563774,84331.41000893053,84563.85210293531,85065.21610293532,501.364,done,
248,100.16242240089925,84553.35897290226,85008.81876695156,85228.41676695156,219.598,done,
249,158.434780605603,84775.307936874,84786.32882297039,85228.53982297039,442.211,done,
250,89.65138919884339,84997.25690084574,85231.03067696095,85326.46367696095,95.433,done,
251,182.06071930471808,85124.42739321635,85358.86814695597,85546.71914695596,187.851,done,
252,154.2745455983095,85251.59788558696,85486.24208295345,85701.07608295346,214.834,done,
253,251.0329179000109,85378.76837795757,85615.18511897326,85952.36411897326,337.179,done,
254,58.7341490900144,85505.93887032819,85742.58775895834,86103.97675895834,361.389,done,
255,147.06160560017452,85633.1093626988,85869.97840696573,86103.93540696573,233.957,done,
256,255.2661563036964,85760.27985506941,85997.78344595432,86359.43544595432,361.652,done,
257,149.4271536008455,85887.45034744003,86125.49702298641,86513.3820229864,387.885,done,
258,85.50457360688597,86014.62083981064,86252.99810898304,86513.48110898303,260.483,done,
259,189.6906392998062,86141.79133218125,86380.86142796278,86752.99642796277,372.135,done,
260,232.5025108992122,86268.96182455188,86508.23585498333,86753.25985498333,245.024,done,
261,141.5793149964884,86482.66247557208,86723.2343930006,86894.7563930006,171.522,done,
262,266.730984300375,86696.36312659229,86937.31877797842,87210.20077797842,272.882,done,
263,21.28079209942371,86910.06377761252,87151.86723697186,87231.67623697185,79.809,done,
264,319.6305115008727,87123.76442863273,87367.22016298771,87692.82316298771,325.603,done,
265,16.63725629914552,87337.46507965295,87581.71808695793,87709.69908695793,127.981,done,
266,150.1880850060843,87551.16573067315,87796.23253196478,87952.36653196478,156.134,done,
267,19.117194297723472,87764.86638169338,88010.97100996971,88036.2080099697,25.237,done,
268,136.5784191992134,87978.56703271359,88225.82109797001,88368.23809797001,142.417,done,
269,110.70190879981963,88192.26768373381,88440.72701096535,88557.61101096535,116.884,done,
270,79.45730389328673,88405.96833475403,88655.15641599894,88740.50741599893,85.351,done,
271,131.9987382972613,88507.26554377,88756.99252599478,88894.95652599478,137.964,done,
272,466.64662559051067,88608.56275278595,88859.39238893986,89361.53938893985,502.147,done,
273,176.6802879050374,88709.85996180189,88961.46044701338,89846.09744701338,884.637,done,
274,271.8652274925262,88811.15717081787,89166.20746397972,89846.16846397972,679.961,done,
275,457.59064049925655,88912.45437983384,89370.15814995766,90080.65714995765,710.499,done,
276,118.32954679848626,89013.75158884979,89675.63164395094,90230.52264395094,554.891,done,
277,165.40553629165515,89115.04879786573,89804.07043796778,90230.71543796778,426.645,done,
278,221.21677360264584,89216.34600688171,89063.82037496567,89846.32337496566,782.503,done,
279,113.38919380214064,89317.64321589768,89268.5938219428,90080.8738219428,812.28,done,
280,141.3588883006014,89418.94042491363,89472.55171096325,90080.96071096325,608.409,done,
281,100.55072500836104,89546.31393488393,89574.1119299531,90230.9199299531,656.808,done,
282,95.6681324983947,89673.68744485425,90188.71225899458,90574.23125899458,385.519,done,
283,324.6337906923145,89801.06095482456,89931.86078000069,90574.37278000069,642.512,done,
284,108.48985339980572,89928.43446479486,90060.3415529728,90574.64355297279,514.302,done,
285,406.9200171972625,90055.80797476516,90316.62561297417,90993.34361297416,676.718,done,
286,261.31685259751976,90183.18148473548,90701.24218595028,91126.38318595028,425.141,done,
287,76.78361240541562,90310.5549947058,90829.67547899485,91126.42847899484,296.753,done,
288,115.1727088028565,90437.92850467608,90445.08556693792,90993.53556693792,548.45,done,
289,125.5110880942084,90565.3020146464,90573.51568496229,91126.77068496229,553.255,done,
290,91.70553719159216,90692.67552461672,90958.18220192194,91444.63920192193,486.457,done,
291,308.7147335987538,90791.8171934604,91357.10760694742,91832.84760694743,475.74,done,
292,173.9434242947027,90890.95886230408,91058.10337102412,91444.73837102411,386.635,done,
293,366.5556497988291,90990.10053114778,91656.2725160122,91995.46251601221,339.19,done,
294,122.32858700444922,91089.24219999148,91257.72586500645,91833.08186500645,575.356,done,
295,135.9691660036333,91188.38386883515,91158.29802596568,91833.34802596568,675.05,done,
296,153.1220567994751,91287.52553767886,91457.33036494257,91995.31436494256,537.984,done,
297,128.1783184967935,91386.66720652254,91855.94203799964,92147.26603799964,291.324,done,
298,143.46760000335053,91485.80887536625,91556.71944093704,91995.67744093704,438.958,done,
299,130.94962829491124,91584.95054420992,91755.70429199934,92147.53329199934,391.829,done,
300,84.46235669543967,91684.0922130536,91955.48547494411,92147.72747494411,192.242,done,
301,223.42449150746688,91857.70270080208,92129.46275997162,92370.96675997162,241.504,done,
302,180.62963149277493,92031.31318855056,92303.51954495908,92551.83654495908,248.317,done,
303,198.6540729063563,92204.92367629903,92477.5253340006,92750.6043340006,273.079,done,
304,196.9483653083444,92378.53416404752,92651.3980819583,92947.60208195829,296.204,done,
305,346.76477609900763,92552.14465179598,92825.2213269472,93294.54532694719,469.324,done,
306,56.17575120413676,92725.75513954446,92999.1822809577,93366.5672809577,367.385,done,
307,69.63775911135599,92899.36562729294,93174.62961900234,93366.82661900234,192.197,done,
308,89.29488719440997,93072.9761150414,93349.24561798573,93456.06261798572,106.817,done,
309,247.3713746061549,93246.58660278987,93524.60788500308,93782.04088500308,257.433,done,
310,101.45725479815157,93420.19709053836,93700.1882829666,93883.7262829666,183.538,done,
311,327.583168190904,93642.7820781008,93923.19482195376,94256.87582195376,333.681,done,
312,484.9850383005105,93865.36706566322,94146.69163495302,94741.91563495302,595.224,done,
313,27.97842040890828,94087.95205322566,94593.16373699903,94926.96873699903,333.805,done,
314,179.68900160631165,94310.53704078808,94369.50791400672,94927.04091400672,557.533,done,
315,120.3820944996551,94533.12202835052,94816.43809098004,95047.50309098004,231.065,done,
316,89.24160050228238,94755.70701591292,95039.79426896572,95137.11726896573,97.323,done,
317,166.3683543098159,94978.29200347536,95262.73825997114,95434.98725997114,172.249,done,
318,31.20224759913981,95200.8769910378,95485.5410439968,95522.6600439968,37.119,done,
319,503.78701960435137,95423.4619786002,95709.29897898436,96219.48397898435,510.185,done,
320,166.64546739775687,95646.0469661626,96059.2159999609,96396.1369999609,336.921,done,
321,112.43701389757916,95772.10075427395,96185.62140995264,96396.25040995264,210.629,done,
322,127.83137829974294,95898.15454238528,95932.79784595966,96396.40184595967,463.604,done,
323,324.734062794596,96024.2083304966,96312.11032694578,96720.94832694579,408.838,done,
324,97.643841302488,96150.26211860792,96565.4263100028,96900.5253100028,335.099,done,
325,169.2634823033586,96276.31590671925,96691.89344596864,96900.62044596864,208.727,done,
326,167.4769525998272,96402.36969483056,96438.8923779726,96900.98137797261,462.089,done,
327,271.191699791234,96528.42348294189,96818.69760793447,97171.81960793448,353.122,done,
328,192.6261034910567,96654.4772710532,96945.62860900164,97552.74560900163,607.117,done,
329,370.00779430381954,96780.53105916452,97072.16954499485,97552.95354499485,480.784,done,
330,131.87118439236656,96906.58484727584,97199.33693099022,97684.83793099022,485.501,done,
331,334.0267198975198,97402.47183954224,97696.30653595924,98036.22353595925,339.917,done,
332,127.6111152023077,97898.35883180864,98192.80708694458,98326.29308694458,133.486,done,
333,134.40995210548866,98394.245824075,98690.11550998688,98830.48650998688,140.371,done,
334,192.9372018086724,98890.1328163414,99187.43001496792,99386.18101496792,198.751,done,
335,113.49832559935749,99386.0198086078,99684.00739097597,99803.41139097596,119.404,done,
336,67.53717289539054,99881.90680087416,100180.35265797377,100253.89165797377,73.539,done,
337,368.19103349698713,100377.79379314056,100676.75017398596,101050.37017398595,373.62,done,
338,497.8395168087445,100873.68078540696,101173.054264009,101676.803264009,503.749,done,
339,333.1815051031299,101369.56777767334,101669.86561995745,102010.06561995744,340.2,done,
340,83.49415159318596,101865.45476993972,102166.77057296038,102256.25957296038,89.489,done,
341,442.9450645926409,102387.00154695452,102689.17090195416,103138.92290195415,449.752,done,
342,330.3093308932148,102908.54832396931,103212.42936897278,103548.84936897278,336.42,done,
343,146.22445749118924,103430.09510098412,103734.4607719779,103886.5207719779,152.06,done,
344,118.25212370604277,103951.6418779989,104257.40095895527,104381.49095895527,124.09,done,
345,74.43638320546597,104473.1886550137,104780.31095898151,104860.93495898151,80.624,done,
346,123.79252560203896,104994.73543202852,105302.83960998058,105432.39060998059,129.551,done,
347,318.24658430414274,105516.2822090433,105825.18552601336,106149.18852601336,324.003,done,
348,134.13391700014472,106037.8289860581,106347.85337996484,106488.17237996485,140.319,done,
349,71.06202139984816,106559.3757630729,106870.01004898548,106946.83904898548,76.829,done,
350,156.98041688883677,107080.92254008767,107392.7493069768,107555.71030697679,162.961,done,
351,189.14804100058973,107341.9056234374,107654.2403549552,107849.17035495519,194.93,done,
352,464.1763074090704,107602.8887067871,107915.5951859951,108385.4821859951,469.887,done,
353,108.1071630935185,107863.8717901368,108177.11415696144,108493.73315696145,316.619,done,
354,115.3200707049109,108124.8548734865,108439.02077800035,108608.99177800036,169.971,done,
355,43.579450401011854,108385.8379568362,108700.65960496664,108749.89160496664,49.232,done,
356,488.2087419042364,108646.82104018593,108962.592476964,109456.840476964,494.248,done,
357,100.4335439996794,108907.80412353562,109224.13098400833,109557.21698400832,333.086,done,
358,452.7660549036227,109168.78720688532,109485.36448597908,110010.14348597908,524.779,done,
359,112.81969220144674,109429.77029023504,109746.98900598288,110123.17000598287,376.181,done,
360,113.5442506056279,109690.75337358474,110008.6422599554,110236.85625995541,228.214,done,
361,149.56369319697842,110031.8781079482,110350.34447002412,110505.94647002412,155.602,done,
362,101.28423080313952,110373.00284231167,110692.63300597668,110799.83500597668,107.202,done,
363,232.32439949642867,110714.12757667516,111034.545773983,111272.845773983,238.3,done,
364,109.61512220092118,111055.25231103862,111377.49008697271,111493.25708697272,115.767,done,
365,140.23624330293387,111396.3770454021,111718.96003895998,111864.66803895998,145.708,done,
366,132.33272639336064,111737.50177976556,112061.29907995462,112199.57107995462,138.272,done,
367,70.66710869548842,112078.62651412904,112403.14236694574,112479.66336694574,76.521,done,
368,95.91807760298252,112419.75124849252,112745.31891095638,112847.19491095639,101.876,done,
369,161.1112829996273,112760.875982856,113087.91174197196,113255.00474197195,167.093,done,
370,694.357038999442,113102.00071721946,113430.59690499306,114130.62490499306,700.028,done,
371,118.44348640879616,113417.08333240986,113746.17045491934,114308.57645491934,562.406,done,
372,172.69669150700793,113732.16594760028,114061.76623696087,114308.70223696087,246.936,done,
373,220.23095299955452,114047.24856279069,114377.29362094402,114603.37962094402,226.086,done,
374,268.50190949626267,114362.33117798108,114692.90198594332,114967.15798594331,274.256,done,
375,113.01437430083752,114677.4137931715,115008.61966896056,115127.44866896055,118.829,done,
376,143.53676181053746,114992.4964083619,115324.02928000689,115473.42228000688,149.393,done,
377,107.87560250610112,115307.5790235523,115640.14885997772,115753.82385997773,113.675,done,
378,157.07398210652173,115622.66163874272,115956.46678292751,116119.32178292751,162.855,done,
379,103.86768400203437,115937.74425393312,116271.86066502333,116381.58066502333,109.72,done,
380,198.63027810351923,116252.82686912351,116588.29501795767,116792.98101795767,204.686,done,
381,196.1407741997391,116388.97269817842,116724.67539799212,116989.26339799212,264.588,done,
382,187.93174059828743,116525.11852723332,116861.44036197662,117177.29636197662,315.856,done,
383,850.4435837967321,116661.26435628824,116997.69577598572,118052.65177598572,1054.956,done,
384,67.937362997327,116797.41018534312,117134.07222795486,118052.71222795486,918.64,done,
385,122.63653370318934,116933.556014398,117407.1738100052,118291.54281000521,884.369,done,
386,219.54866810701787,117069.7018434529,117543.56613194942,118291.66313194942,748.097,done,
387,100.33350569428876,117205.8476725078,117679.97985494135,118291.67885494135,611.699,done,
388,172.32314869761467,117341.99350156273,117270.78860098124,118291.97860098124,1021.19,done,
389,155.00755941029638,117478.1393306176,117816.48996895552,118598.70996895552,782.22,done,
390,298.1639040983282,117614.2851596725,117952.91204696894,118598.72704696894,645.815,done,
391,171.52958048973233,118135.40950829162,118474.51756697892,118770.37456697892,295.857,done,
392,567.3525003017858,118656.53385691074,118996.10120600462,119569.37720600462,573.276,done,
393,436.80266269948334,119177.65820552986,119518.02901399136,120006.44501399135,488.416,done,
394,192.31349560432136,119698.782554149,120039.8787149787,120238.03671497869,198.158,done,
395,189.6265620947816,120219.90690276813,120561.74689996244,120757.46489996243,195.718,done,
396,457.5411032070406,120741.03125138723,121084.2034649849,121547.4704649849,463.267,done,
397,368.2583912042901,121262.15560000636,121605.92598593236,121979.93898593237,374.013,done,
398,291.0802909987978,121783.2799486255,122127.48635101318,122424.50335101319,297.017,done,
399,279.8142991028726,122304.4042972446,122649.23150497676,122934.80750497676,285.576,done,
400,19.12828179774806,122825.52864586371,123172.55571496488,123197.78171496488,25.226,done,
401,230.32790799625212,122841.19042863262,123188.85082298516,123428.37782298516,239.527,done,
402,101.06826069531962,122856.85221140152,123221.65955901146,123993.94155901147,772.282,done,
403,93.19793479517102,122872.51399417044,123237.94666200876,123993.85566200876,755.909,done,
404,234.5489443046972,122888.17577693936,123254.26233798264,123993.98533798264,739.723,done,
405,520.0702780974098,122903.83755970826,123303.17160499096,124232.33260499095,929.161,done,
406,115.5692202039063,122919.49934247715,123205.26578599216,123994.02378599216,788.758,done,
407,215.6217645970173,122935.16112524609,123270.59040796755,124232.40340796755,961.813,done,
408,219.0070942044258,122950.822908015,123286.88220793007,124232.57620793008,945.694,done,
409,110.37025039549916,122966.4846907839,123319.46976798771,124232.49876798771,913.029,done,
410,117.22675450146198,122982.1464735528,123335.76296198368,124452.68796198368,1116.925,done,
411,213.76111468998715,123555.4893280322,123910.34214299916,124452.81714299916,542.475,done,
412,91.38002729741856,124128.83218251154,124484.26501697302,124581.79301697302,97.528,done,
413,177.1973912953399,124702.17503699091,125059.73930597304,125243.40030597303,183.661,done,
414,133.05592589313164,125275.51789147031,125634.38621598482,125773.60721598483,139.221,done,
415,463.4156150976196,125848.8607459497,126208.54956293106,126677.77656293106,469.227,done,
416,213.2106029894203,126422.20360042904,126783.28304600716,127002.37304600715,219.09,done,
417,59.112504101358354,126995.54645490844,127357.27267593144,127422.95567593144,65.683,done,
418,106.53721229173244,127568.88930938784,127931.9890459776,128044.56904597761,112.58,done,
419,578.0978798051365,128142.2321638672,128506.64161598682,129090.47261598683,583.831,done,
420,254.6060595079325,128715.5750183466,129082.510899961,129345.094899961,262.584,done,
421,178.74725239817053,128732.95435996076,129120.33187794684,129546.89187794684,426.56,done,
422,159.11312020616606,128750.33370157496,129158.91159695388,129547.07659695388,388.165,done,
423,122.21989579265936,128767.71304318916,129216.88313299416,130164.82713299416,947.944,done,
424,185.0936211994849,128785.09238480334,129100.9408429861,129546.93084298611,445.99,done,
425,159.96423260075971,128802.47172641753,129139.62050998212,129547.17350998212,407.553,done,
426,568.1008573970757,128819.85106803173,129178.20796400309,130164.73896400309,986.531,done,
427,118.92219659639522,128837.23040964593,129550.55536097288,130437.49736097288,886.942,done,
428,180.3771320031956,128854.6097512601,129197.49740695952,130164.84740695952,967.35,done,
429,223.0712742079049,128871.98909287433,129236.17805695534,130164.97905695534,928.801,done,
430,170.72649468900636,128889.36843448848,129255.47828102112,130437.43628102112,1181.958,done,
431,250.3711187047884,129164.6250425288,129274.8090119362,130437.6560119362,1162.847,done,
432,157.9366464051418,129439.88165056916,129826.2402139902,130437.8302139902,611.59,done,
433,401.2361711007543,129715.13825860951,130102.785779953,130978.441779953,875.656,done,
434,525.6294792052358,129990.39486664985,130378.62556499244,130978.52856499245,599.903,done,
435,189.562270604074,130265.6514746902,130654.51328998804,131705.12728998804,1050.614,done,
436,706.0711384983733,130540.90808273056,130931.09417301416,131705.24317301417,774.149,done,
437,136.07387160882354,130816.16469077092,131207.22842395306,131845.35042395306,638.122,done,
438,133.53651179932058,131091.42129881127,131482.8641639948,131845.54116399479,362.677,done,
439,164.17865750845522,131366.67790685166,131758.7414699793,132009.7164699793,250.975,done,
440,187.8820642014034,131641.934514892,132034.29373294115,132228.36373294116,194.07,done,
441,308.85330949677154,132150.52561528128,132544.21196496487,132858.78196496487,314.57,done,
442,170.64524120651186,132659.11671567056,133053.4719849825,133229.8199849825,176.348,done,
443,149.92599850520492,133167.70781605982,133562.63113498688,133718.72713498687,156.096,done,
444,113.98593500489368,133676.29891644913,134072.57529598477,134192.6882959848,120.113,done,
445,355.75473150238395,134184.8900168384,134581.6735919714,134943.3825919714,361.709,done,
446,198.03967779735103,134693.48111722773,135091.06588196754,135294.74688196756,203.681,done,
447,315.1069941930473,135202.072217617,135600.57546299696,135921.43246299695,320.857,done,
448,120.86253250017762,135710.66331800632,136110.09675598145,136236.60175598145,126.505,done,
449,59.77693180320784,136219.2544183956,136619.5409539342,136685.0929539342,65.552,done,
450,92.26094769546762,136727.8455187849,137129.12112802267,137227.15912802267,98.038,done,
451,110.30726069584487,137200.13754193918,137602.02380996945,137718.25480996945,116.231,done,
452,102.72239110199736,137672.42956509348,138075.0807339549,138183.3937339549,108.313,done,
453,507.0217484026216,138144.72158824778,138548.29873096943,139060.89873096943,512.6,done,
454,516.1747451056726,138617.01361140207,139023.08968394995,139577.08768394994,553.998,done,
455,126.7821152927354,139089.30563455634,139496.8571869731,139703.95618697308,207.099,done,
456,213.05253120372072,139561.5976577106,139969.7209159732,140188.59091597318,218.87,done,
457,124.79171629529446,140033.8896808649,140442.35508197546,140572.92508197547,130.57,done,
458,94.7130947955884,140506.1817040192,140915.74053496122,141016.33453496124,100.594,done,
459,128.042781597469,140978.4737271735,141389.14290899038,141523.0059089904,133.863,done,
460,117.75086671113968,141450.76575032776,141862.7893539667,141986.40235396673,123.613,done,
461,227.702686493285,141640.51885730552,142053.0484609604,142286.70446096038,233.656,done,
462,167.18957760604098,141830.27196428334,142243.51349699497,142454.01649699497,210.503,done,
463,252.83553010085603,142020.0250712611,142434.27379000187,142707.03179000187,272.758,done,
464,21.642558998428285,142209.7781782389,142624.73469799757,142728.79369799758,104.059,done,
465,149.67780041042715,142399.53128521665,142815.40907895565,142970.96907895565,155.56,done,
466,278.71539880288765,142589.2843921944,143005.54682695866,143290.25782695867,284.711,done,
467,396.2851607007906,142779.0374991722,143196.04601699114,143686.69701699115,490.651,done,
468,215.7068417989649,142968.79060614997,143386.80252295732,143909.02552295732,522.223,done,
469,138.91066850628704,143158.54371312776,143577.28552299738,143909.1405229974,331.855,done,
470,166.98055820306763,143348.29682010552,143767.30568897724,144076.17368897723,308.868,done,
471,490.622759796679,144278.6958081447,144699.32353496552,145195.8165349655,496.493,done,
472,31.813213496934623,145209.0947961838,145630.7149899602,145667.97698996018,37.262,done,
473,113.5910265031271,146139.49378422296,146562.46156394482,146682.3695639448,119.908,done,
474,163.20409200852737,147069.8927722621,147493.77362895012,147663.42762895013,169.654,done,
475,108.858261606656,148000.29176030125,148425.75941497087,148540.7474149709,114.988,done,
476,241.312713699881,148930.69074834042,149358.05528497696,149605.27128497695,247.216,done,
477,306.8911745911464,149861.08973637957,150289.39581292868,150602.26281292867,312.867,done,
478,143.5747992945835,150791.4887244187,151221.5276839733,151371.14968397332,149.622,done,
479,431.3129779999144,151721.88771245783,152153.64912599325,152590.87812599324,437.229,done,
480,109.44894229760394,152652.286700497,153084.97440600395,153200.39640600394,115.422,done,
481,142.77449500514194,152850.4214190438,153283.93352800608,153432.93952800607,149.006,done,
482,108.1989852944389,153048.55613759058,153482.5833079219,153596.7423079219,114.159,done,
483,227.31688850326464,153246.69085613737,153681.35058897734,153914.60958897733,233.259,done,
484,297.32989199692383,153444.82557468416,153879.8288359642,154212.0888359642,332.26,done,
485,239.3007687991485,153642.96029323095,154078.2173319459,154451.5843319459,373.367,done,
486,172.33936759876087,153841.09501177774,154276.59957700968,154624.05357700968,347.454,done,
487,147.73965110071003,154039.22973032453,154475.06262493134,154772.05162493134,296.989,done,
488,490.078749798704,154237.36444887132,154673.55585998297,155262.26485998297,588.709,done,
489,297.3609937936999,154435.4991674181,155071.29432600737,155568.57132600737,497.277,done,
490,148.52952919900414,154633.6338859649,154872.69972097874,155568.60172097874,695.902,done,
491,317.527356708888,155465.76946316528,155904.58960294724,156228.41960294722,323.83,done,
492,244.7575536090881,156297.90504036564,156737.45015996695,156988.09415996695,250.644,done,
493,179.10447360482067,157130.040617566,157571.12062495947,157756.10662495947,184.986,done,
494,285.41854799259454,157962.17619476642,158404.2612299919,158695.7152299919,291.454,done,
495,173.48520130617544,158794.31177196678,159237.81873100996,159417.66173100995,179.843,done,
496,411.1371443956159,159626.44734916714,160070.79406493902,160487.77006493902,416.976,done,
497,457.1905364049599,160458.58292636753,160904.64609098434,161367.93509098433,463.289,done,
498,131.5310615929775,161290.71850356788,161737.84500700235,161875.19900700235,137.354,done,
499,277.40702430019155,162122.8540807683,162572.36310994625,162855.64310994625,283.28,done,
500,189.45259120082488,162954.98965796863,163405.77343398333,163600.94943398333,195.176,done,
501,182.68931990023705,163343.78810694578,163795.57269901037,163984.15769901036,188.585,done,
502,124.87876730738208,163732.5865559229,164184.7824639678,164315.6674639678,130.885,done,
503,133.01858680788428,164121.3850049,164574.50014597178,164713.61214597177,139.112,done,
504,182.83348109107465,164510.1834538771,164964.4207009673,165153.47170096732,189.051,done,
505,17.93258920079097,164898.98190285423,165354.17241698503,165378.19441698503,24.022,done,
506,209.8825115012005,165287.78035183134,165744.09671896696,165959.55471896697,215.458,done,
507,482.3436743929051,165676.57880080846,166133.18824100494,166621.68324100494,488.495,done,
508,204.984704090748,166065.37724978555,166523.04685896635,166826.90085896634,303.854,done,
509,234.42319410387427,166454.1756987627,166912.39519399405,167152.97619399405,240.581,done,
510,131.22254810296,166842.9741477398,167301.56073498726,167438.71573498726,137.155,done,
511,311.305939394515,167373.3917589368,167832.66615992785,168149.46415992785,316.798,done,
512,148.5769709921442,167903.80937013382,168364.1560679674,168518.7070679674,154.551,done,
513,123.78947320394218,168434.22698133084,168895.6488429904,169025.3518429904,129.703,done,
514,17.967519792728126,168964.64459252785,169427.27681195736,169451.47681195737,24.2,done,
515,531.4862212049775,169495.06220372487,169958.45194792747,170495.81294792748,537.361,done,
516,441.0035761888139,170025.47981492188,170490.39592295885,170937.41592295884,447.02,done,
517,150.47016409225762,170555.8974261189,171021.9437109828,171178.2807109828,156.337,done,
518,499.86112019978464,171086.31503731592,171553.16832000017,172058.87932000018,505.711,done,
519,472.0916665042752,171616.73264851293,172084.47634595633,172562.52734595633,478.051,done,
520,189.73438560497016,172147.15025970995,172616.01954597235,172811.57654597235,195.557,done,
521,535.8939226949589,173103.62529920606,173573.73433798552,174115.7593379855,542.025,done,
522,160.47436749795452,174060.10033870218,174532.6636299491,174699.0326299491,166.369,done,
523,88.73345650499687,175016.5753781983,175490.28825193644,175585.17125193644,94.883,done,
524,106.56477080192415,175973.05041769447,176448.51223397255,176560.96923397254,112.457,done,
525,238.496672490146,176929.52545719055,177406.26459795237,177650.61559795236,244.351,done,
526,80.35845010308549,177886.00049668667,178363.73239392042,178450.07239392042,86.34,done,
527,171.1006268975325,178842.47553618278,179321.33988398314,179497.80088398315,176.461,done,
528,105.9476318070665,179798.9505756789,180279.0337659717,180390.9547659717,111.921,done,
529,97.9154240922071,180755.42561517505,181237.1917949319,181341.0627949319,103.871,done,
530,88.39379739947617,181711.90065467116,182195.31740099192,182289.55940099192,94.242,done,
531,79.13455239031464,181865.04104247212,182350.0630619526,182435.1040619526,85.041,done,
532,168.74147449852902,182018.1814302732,182503.5759679675,182678.0679679675,174.492,done,
533,311.4416535012424,182171.32181807415,182656.98547899723,182989.63547899722,332.65,done,
534,67.44970669969916,182324.4622058752,182964.1650609374,183270.6650609374,306.5,done,
535,272.7047313004732,182477.60259367625,182810.61097699404,183270.86797699405,460.257,done,
536,436.04185739532113,182630.7429814772,183118.19278800488,183706.8927880049,588.7,done,
537,67.1641618013382,182783.88336927825,183424.91840296984,183986.58840296985,561.67,done,
538,271.66786830639467,182937.02375707924,183271.3909199834,183986.7029199834,715.312,done,
539,112.39000229397789,183090.16414488023,183578.44434398413,184277.31034398414,698.866,done,
540,282.29914909461525,183243.30453268127,183732.32454299927,184277.50854299928,545.184,done,
541,237.72948989644647,183709.74998085207,184199.3661929965,184515.2651929965,315.899,done,
542,271.5156836085953,184176.1954290229,184666.7957049608,184944.14470496078,277.349,done,
543,102.61813020333648,184642.6408771937,185133.726936996,185242.36993699602,108.643,done,
544,403.79612429533154,185109.08632536457,185601.09679597616,186010.77079597616,409.674,done,
545,87.19297309871763,185575.53177353536,186068.19446200127,186161.19946200127,93.005,done,
546,239.19979920610783,186041.97722170613,186535.9588149786,186781.0348149786,245.076,done,
547,94.2560294060968,186508.422669877,187003.6731439829,187103.7761439829,100.103,done,
548,75.53922239458188,186974.8681180478,187470.6832249761,187552.1412249761,81.458,done,
549,35.35656069871038,187441.31356621865,187937.9893939495,187979.19239394952,41.203,done,
550,98.28596859006213,187907.75901438945,188405.07059901956,188509.50559901955,104.435,done,
551,110.77992579666898,187940.02167257512,188471.65879297256,188718.60979297257,246.951,done,
552,203.0957672046497,187972.2843307608,188670.45905596015,189518.01005596016,847.551,done,
553,244.0841801930219,188004.54698894644,188438.36705499887,188718.8850549989,280.518,done,
554,141.91605979576707,188036.8096471321,188504.97088897228,188969.98288897227,465.012,done,
555,379.5551036018878,188069.0723053178,188538.11998796463,188970.13098796463,432.011,done,
556,180.91737679205835,188101.33496350344,188571.4488349557,189360.7138349557,789.265,done,
557,74.27395189879462,188133.5976216891,188603.8547919393,189360.91579193927,757.061,done,
558,152.52395150018856,188165.8602798748,188637.1542339921,189518.1212339921,880.967,done,
559,12.478139100130647,188198.1229380605,189380.33349096772,190145.3154909677,764.982,done,
560,285.2338602999225,188230.3855962461,188703.77347701788,189811.73947701787,1107.966,done,
561,109.51364809880032,188551.50828066887,188736.28209799528,189811.83109799528,1075.549,done,
562,323.8860695972108,188872.6309650916,189058.6155649424,190145.4655649424,1086.85,done,
563,207.1114839054644,189193.7536495144,190023.5262259841,190542.7342259841,519.208,done,
564,386.1106203985401,189514.87633393717,189701.73703491688,190543.00003491688,841.263,done,
565,318.77371749142185,189835.99901835987,190345.25671595332,190861.7277159533,516.471,done,
566,161.1315321060829,190157.12170278264,190667.5079189539,191023.1059189539,355.598,done,
567,372.50206250464544,190478.2443872054,190989.41986101863,191395.66586101864,406.246,done,
568,126.2732477975078,190799.3670716282,191312.8222939372,191522.0662939372,209.244,done,
569,185.9922929899767,191120.48975605087,191634.61264699695,191826.42064699694,191.808,done,
570,266.7857395019382,191441.61244047363,191956.0032969713,192229.07729697129,273.074,done,
571,162.18567279865965,191616.09956845327,192132.55549699068,192391.29449699068,258.739,done,
572,207.3921913979575,191790.5866964329,192307.7202720046,192598.9292720046,291.209,done,
573,273.6870540073141,191965.07382441257,192482.89004594088,192872.90404594087,390.014,done,
574,72.3964350996539,192139.5609523922,192657.53313595057,192974.09113595056,316.558,done,
575,98.22358910460024,192314.04808037184,192833.9530479908,192974.3100479908,140.357,done,
576,71.46886689588428,192488.53520835147,193008.69274002317,193086.21874002318,77.526,done,
577,245.4421299975365,192663.0223363311,193183.80171996355,193435.09971996356,251.298,done,
578,233.82976349676028,192837.5094643108,193360.3302559853,193669.1942559853,308.864,done,
579,143.77510179765522,193011.9965922904,193535.64383095503,193813.20083095503,277.557,done,
580,95.00615959987044,193186.48372027004,193710.70902693272,193908.22802693272,197.519,done,
581,297.2064815927297,194658.0069803302,195183.9438649416,195487.4778649416,303.534,done,
582,35.932086198590696,196129.53024039036,196657.1166449785,196698.84064497848,41.724,done,
583,159.82334760483354,197601.05350045048,198130.74407297373,198296.45207297374,165.708,done,
584,89.06534370034933,199072.57676051065,199604.32095497847,199699.31095497846,94.99,done,
585,161.256606108509,200544.10002057083,201078.3232089281,201245.60220892812,167.279,done,
586,186.6993824020028,202015.6232806309,202551.5279189348,202744.1719189348,192.644,done,
587,117.89951460668816,203487.1465406911,204025.92603993416,204150.22403993417,124.298,done,
588,149.05114319408312,204958.66980075123,205499.0524429679,205654.1254429679,155.073,done,
589,25.789129303302616,206430.19306081135,206972.99188899997,207005.15688899998,32.165,done,
590,457.4108308996074,207901.71632087152,208447.04955798388,208910.74355798386,463.694,done,
591,265.94329960644245,208293.11862717645,208839.7141369581,209176.8801369581,337.166,done,
592,341.52971879811963,208684.52093348143,209231.35832196477,209578.69932196476,347.341,done,
593,220.02989079337567,209075.92323978632,209623.1015539765,209849.0415539765,225.94,done,
594,399.8161674011498,209467.32554609125,210015.5919849873,210421.2279849873,405.636,done,
595,155.56491260649636,209858.72785239617,210408.2974609733,210576.9254609733,168.628,done,
596,215.8542133984156,210250.1301587011,210800.66508996487,211022.34308996488,221.678,done,
597,129.1464747977443,210641.532465006,211192.90270400047,211328.05970400048,135.157,done,
598,71.31983699509874,211032.93477131092,211584.85381799936,211662.43081799935,77.577,done,
599,151.87835700344294,211424.33707761587,211977.20946496725,212134.48546496726,157.276,done,
600,272.6672618067824,211815.7393839208,212369.0963770151,212647.5593770151,278.463,done,
601,195.69676199462265,212145.4041362569,212699.0738390088,212900.5828390088,201.509,done,
602,91.6800266946666,212475.06888859312,213029.09192699197,213126.72292699196,97.631,done,
603,97.01790320686996,212804.73364092925,213359.3953430057,213462.3943430057,102.999,done,
604,255.49910799600184,213134.39839326535,213690.05175501108,213951.54875501108,261.497,done,
605,563.9431513031013,213464.0631456016,214020.18957799676,214590.32657799675,570.137,done,
606,201.0174985975027,213793.7278979377,214350.8219549656,214791.5119549656,440.69,done,
607,316.82546209776774,214123.39265027383,214680.9961269498,215108.4111269498,427.415,done,
608,118.1965731899254,214453.05740260996,215011.22918093204,215226.84718093203,215.618,done,
609,115.9221437992528,214782.72215494612,215341.4783139825,215463.31331398248,121.835,done,
610,215.4996133991517,215112.38690728229,215672.9978939891,215894.30789398908,221.31,done,
611,218.0115170078352,215156.1136836768,215717.31629395485,216118.88929395485,401.573,done,
612,128.2491318997927,215199.8404600713,215761.6981239915,216118.95412399148,357.256,done,
613,108.64873200189322,215243.5672364659,215850.40991598368,216438.26391598367,587.854,done,
614,309.9360683001578,215287.2940128604,215938.97419899705,216875.29719899705,936.323,done,
615,424.2935343994759,215331.02078925492,216027.56252896783,217152.88952896782,1125.327,done,
616,138.06957519846037,215374.74756564948,216422.8358770013,217749.42087700128,1326.585,error,7.0
617,269.5254386984743,215418.474342044,215806.09869897368,216438.5406989737,632.442,done,
618,257.93523560278123,215462.20111843856,215894.67402297255,216875.41802297256,980.744,done,
619,99.43197009852156,215505.9278948331,215983.27052795887,217152.97152795887,1169.701,done,
620,579.5763347996399,215549.6546712276,216071.8649289608,217749.5519289608,1677.687,done,
621,333.2841983065009,215855.31306476847,216116.16914194825,217749.58814194825,1633.419,done,
622,114.12227239925414,216160.97145830933,216729.22364598516,217961.79764598515,1232.574,done,
623,206.07964169466868,216466.62985185024,217035.934804976,217962.02480497598,926.09,done,
624,407.4058869038709,216772.28824539107,217342.5900179744,218381.4920179744,1038.902,done,
625,177.04321289202198,217077.94663893196,217649.15438997743,218381.46738997742,732.313,done,
626,125.90506009291856,217383.6050324728,218262.87862598896,218812.70062598895,549.822,done,
627,418.9697676920332,217689.26342601364,217956.33301001787,218812.88101001788,856.548,done,
628,306.2319847987965,217994.92181955453,218569.1643729806,219119.1453729806,549.981,done,
629,115.85637649986892,218300.58021309535,218875.33511197567,219235.20311197566,359.868,done,
630,437.26564780808985,218606.23860663624,219181.7559030056,219672.6789030056,490.923,done,
631,153.54282840853557,219572.69221464283,220150.68412095308,220310.4031209531,159.719,done,
632,198.8249645102769,220539.1458226494,221118.72553497556,221322.88853497556,204.163,done,
633,145.11809969553724,221505.599430656,222086.1162939668,222236.8112939668,150.695,done,
634,91.90922679845244,222472.0530386626,223054.11433696747,223152.18033696746,98.066,done,
635,205.6930374004878,223438.5066466692,224021.54701393843,224232.75301393843,211.206,done,
636,102.14753029868008,224404.9602546757,224989.06090396643,225097.96490396644,108.904,done,
637,141.35978469857946,225371.41386268236,225957.2675510049,226104.21655100488,146.949,done,
638,167.94776130700484,226337.8674706889,226926.49066394567,227100.07166394568,173.581,done,
639,90.91107270214708,227304.32107869556,227894.3769759536,227991.4049759536,97.028,done,
640,146.98995690559968,228270.7746867021,228862.7440760136,229015.3180760136,152.574,done,
641,415.2342136017978,228720.19331374275,229313.0826190114,229733.79061901142,420.708,done,
642,141.45566310035065,229169.61194078333,229763.2361239195,229909.9281239195,146.692,done,
643,435.563932498917,229619.03056782388,230213.61807996035,230655.00507996033,441.387,done,
644,125.6832242012024,230068.44919486452,230663.43888700008,230796.6528870001,133.214,done,
645,197.48596149729565,230517.86782190515,231113.36745798588,231317.75845798588,204.391,done,
646,159.5029260031879,230967.28644894576,231563.38964498043,231729.43864498043,166.049,done,
647,241.5448114974424,231416.7050759864,232013.16805195808,232260.4990519581,247.331,done,
648,398.4093538019806,231866.1237030269,232463.11496800184,232867.54396800185,404.429,done,
649,173.5003691050224,232315.54233006755,232913.0634959936,233092.70149599362,179.638,done,
650,128.7526197033003,232764.96095710812,233363.50060498717,233498.52860498716,135.028,done,
651,360.0398242007941,233162.34538703537,233762.20635694265,234128.44735694266,366.241,done,
652,123.7409406923689,233559.7298169626,234159.99332493544,234290.49032493544,130.497,done,
653,125.73150739772244,233957.1142468898,234559.28792595863,234690.88892595863,131.601,done,
654,225.25873059639707,234354.49867681705,234957.5847159624,235189.64371596242,232.059,done,
655,214.7243181010708,234751.88310674424,235355.22275292876,235575.78675292878,220.564,done,
656,155.22629800252616,235149.26753667145,235753.3713139892,235915.53531398918,162.164,done,
657,16.92433940479532,235546.65196659867,236151.3423589468,236174.1833589468,22.841,done,
658,284.9788722000085,235944.03639652592,236550.1142150164,236840.8342150164,290.72,done,
659,308.413766103331,236341.4208264531,236948.3585759997,237262.80857599972,314.45,done,
660,102.35008070012556,236738.80525638032,237346.3873000145,237455.23630001448,108.849,done,
661,104.4796033995226,236770.03354604705,237377.7498699427,237569.0488699427,191.299,done,
662,107.2212040075101,236801.26183571384,237410.08320999143,237569.12320999143,159.04,done,
663,104.29498410085216,236832.49012538057,237441.420601964,237569.267601964,127.847,done,
664,123.39799840701744,236863.7184150473,237504.15508896112,237759.68808896112,255.533,done,
665,135.2833179058507,236894.9467047141,237630.18031197783,237950.43531197784,320.255,done,
666,179.96533940313384,236926.1749943808,237721.86584198475,238427.84884198476,705.983,done,
667,179.5828168047592,236957.4032840476,237472.78650796413,237759.86050796413,287.074,done,
668,167.19005060149357,236988.6315737143,237535.630761981,237760.046761981,224.416,done,
669,157.59831470204517,237019.85986338108,237566.97028899196,237950.24728899196,383.277,done,
670,93.08807449415326,237051.0881530478,237598.76035398245,237950.50835398244,351.748,done,
671,451.1834800010547,237110.3166571344,237661.5212709904,238427.9272709904,766.406,done,
672,299.9695864040405,237169.54516122103,238203.68479800224,239413.34179800225,1209.657,error,7.0
673,135.46627259347588,237228.77366530767,238264.0737309456,239413.3177309456,1149.244,error,7.0
674,667.355965799652,237288.00216939428,237781.48527497053,238428.10027497052,646.615,done,
675,196.9510764000006,237347.2306734809,237841.81695097685,239134.16595097684,1292.349,done,
676,151.70630019856617,237406.45917756757,237902.17605894804,239134.43305894805,1232.257,done,
677,123.38651469908658,237465.68768165412,237962.0130929947,239134.72309299468,1172.71,done,
678,263.3696938981302,237524.9161857408,238022.34238398075,239413.10838398075,1390.766,done,
679,168.06954480707645,237584.1446898274,239389.4384379983,239897.9954379983,508.557,done,
680,190.4409119975753,237643.373193914,238082.7361769676,239413.23417696758,1330.498,done,
681,132.03745801001787,238205.2231298902,238143.17395401,239413.36895401002,1270.195,done,
682,470.9860361996107,238767.0730658664,238827.01291400197,239898.03691400198,1071.024,done,
683,73.33739409223199,239328.9230018425,239951.6481239796,240029.9751239796,78.327,done,
684,211.57433229964224,239890.7729378187,240514.9282500148,240731.89225001482,216.964,done,
685,328.25182400410995,240452.62287379487,241077.80296099183,241410.77896099183,332.976,done,
686,103.02314159926028,241014.47280977105,241640.54026198387,241748.69526198387,108.155,done,
687,276.7179221031256,241576.3227457472,242203.586065948,242486.272065948,282.686,done,
688,132.57935100700706,242138.1726817234,242766.07142293453,242903.92442293453,137.853,done,
689,368.1653665029444,242700.0226176996,243328.81151896715,243702.21051896716,373.399,done,
690,243.36594510823488,243261.87255367576,243891.88652801517,244141.39552801516,249.509,done,
691,223.5851106001064,243403.5377757419,244035.29855698347,244365.02255698346,329.724,done,
692,192.68378770211712,243545.2029978081,244178.9705460072,244613.6225460072,434.652,done,
693,241.33701940299943,243686.86821987436,244322.37293696404,244613.83593696402,291.463,done,
694,119.84730099793524,243828.53344194053,244607.98085194823,244813.01785194824,205.037,done,
695,193.47345710266384,243970.19866400672,244464.56673896316,244813.17773896316,348.611,done,
696,192.15229790424928,244111.8638860729,244750.4557439685,245005.3247439685,254.869,done,
697,86.13244890002534,244253.52910813916,244892.6888089776,245091.5878089776,198.899,done,
698,237.5751776038669,244395.19433020533,245034.86249297857,245329.43849297857,294.576,done,
699,447.62789459200576,244536.85955227155,245320.7073349357,245790.3973349357,469.69,done,
700,133.2943539950065,244678.5247743377,245177.18863499165,245790.37763499166,613.189,done,
701,330.09643660625443,245660.03052138508,246303.5607200265,246639.3857200265,335.825,done,
702,671.4985780068673,246641.5362684324,247286.62522399423,247963.11522399422,676.49,done,
703,127.53467329312116,247623.0420154797,248268.8351559639,248401.4541559639,132.619,done,
704,158.2441610051319,248604.54776252704,249251.82546001676,249415.53546001675,163.71,done,
705,176.7777336994186,249586.0535095744,250235.7470099926,250418.7020099926,182.955,done,
706,314.2162890988402,250567.55925662167,251218.8710359335,251539.01603593348,320.145,done,
707,161.49045469937846,251549.06500366903,252202.0850110054,252368.7070110054,166.622,done,
708,429.03757150052127,252530.5707507164,253185.0053330064,253620.19733300642,435.192,done,
709,309.9530498031527,253512.0764977637,254167.22728794813,254482.17028794813,314.943,done,
710,479.5299703022465,254493.58224481103,255150.30303293467,255634.90203293465,484.599,done,
711,54.73239200655371,255087.47992955323,255744.4180430174,255804.1320430174,59.714,done,
712,63.823457702528685,255681.3776142953,256340.14923095703,256409.10323095703,68.954,done,
713,564.8661931976676,256275.27529903752,256935.09802299735,257505.33402299735,570.236,done,
714,209.6850577974692,256869.1729837796,257529.85836994648,257745.24936994648,215.391,done,
715,40.32055389834568,257463.0706685218,258125.1243199706,258171.0783199706,45.954,done,
716,482.7101139933802,258056.96835326392,258720.12935900688,259208.6153590069,488.486,done,
717,153.929963207338,258650.8660380061,259314.22075396776,259474.68375396775,160.463,done,
718,175.05808148998767,259244.76372274815,259909.53355300424,260091.20155300424,181.668,done,
719,235.6418131035753,259838.66140749032,260505.01073098183,260746.57473098184,241.564,done,
720,213.5038912994787,260432.55909223243,261099.4011309743,261318.6761309743,219.275,done,
721,210.94396240077924,260624.8074030377,261292.74183893204,261529.70783893202,236.966,done,
722,298.3666170039214,260817.05571384297,261485.3254199624,261828.34341996242,343.018,done,
723,36.2931092036888,261009.30402464827,261678.39184093475,261864.74684093476,186.355,done,
724,158.02262669894844,261201.5523354536,261871.2696969509,262035.2426969509,163.973,done,
725,37.652688403613865,261393.80064625887,262063.68836599588,262106.56436599587,42.876,done,
726,313.2605448015965,261586.0489570641,262256.19411093,262574.54511093005,318.351,done,
727,278.3365521929227,261778.2972678694,262448.7560509443,262853.1490509443,404.393,done,
728,108.9626653934829,261970.54557867468,262835.6496769786,262973.0346769786,137.385,done,
729,116.06856459984556,262162.79388947994,262643.0985079408,262973.0875079408,329.989,done,
730,212.00007449369883,262355.04220028524,263028.5709949732,263245.6669949732,217.096,done,
731,78.23836030438542,262446.018401395,263120.00972896814,263459.36372896814,339.354,done,
732,207.2442271048203,262536.9946025048,263211.3399090171,263459.5009090171,248.161,done,
733,82.57173920283094,262627.9708036146,263394.5148579478,263638.49085794785,243.976,done,
734,173.95014880457893,262718.94700472435,263303.1888359785,263638.8068359785,335.618,done,
735,73.07443739846349,262809.9232058341,263486.9902769327,263750.77627693274,263.786,done,
736,108.80594019545242,262900.8994069439,263578.3293629885,263750.8293629885,172.5,done,
737,309.6694985986687,262991.87560805364,263670.1726099849,264060.7696099849,390.597,done,
738,135.4950139997527,263082.85180916346,263761.3509019613,264214.87590196135,453.525,done,
739,145.57875319151208,263173.8280102732,263852.79832297564,264215.03732297564,362.239,done,
740,93.73372490517797,263264.80421138305,263944.1545519233,264215.0335519233,270.879,done,
741,392.8159944945946,263440.713139,264121.203758955,264607.977758955,486.774,done,
742,79.19556109700352,263616.6220666169,264297.5663419962,264748.3583419962,450.792,done,
743,136.16785699268803,263792.5309942339,264474.0072939992,264748.3492939992,274.342,done,
744,123.3610071009025,263968.43992185086,264650.41641396284,264871.82941396284,221.413,done,
745,289.4286464084871,264144.3488494678,264827.0631939769,265161.4921939769,334.429,done,
746,96.3349744095467,264320.2577770848,265003.4317680001,265258.0347680001,254.603,done,
747,235.80251939129084,264496.1667047017,265180.94109398127,265493.87309398124,312.932,done,
748,208.38838861091065,264672.0756323187,265357.5310559869,265702.6060559869,345.075,done,
749,554.9922900041565,264847.98455993563,265534.460777998,266257.683777998,723.223,done,
750,125.60862059472127,265023.8934875526,265711.1737819314,266555.4427819314,844.269,done,
751,281.115751597099,265099.7179524837,265787.4830269813,266555.4370269813,767.954,done,
752,12.398139003198594,265175.5424174147,265863.87997698784,266555.56497698784,691.685,done,
753,294.1135082975961,265251.3668823459,265940.20128393173,266866.89528393175,926.694,done,
754,161.91265319939706,265327.19134727697,266016.5243549943,266867.0753549943,850.551,done,
755,149.62247899966314,265403.01581220806,266092.85335695744,266867.2133569574,774.36,done,
756,465.8220603945665,265478.8402771392,266169.1851840019,267359.99818400195,1190.813,done,
757,113.19796729367226,265554.66474207025,266245.5133649707,267360.0813649707,1114.568,done,
758,397.4484878941439,265630.48920700134,266322.1638529897,267360.15985298966,1037.996,done,
759,120.94935460481793,265706.31367193244,266474.87870401144,267648.18070401147,1173.302,done,
760,240.0831121020019,265782.13813686353,267023.0503499508,268192.9793499508,1169.929,error,7.0
761,272.21226970432326,265891.33431152254,266398.49335592985,267648.3713559299,1249.878,done,
762,407.63210899895057,266000.53048618155,266585.0188329816,267648.4968329816,1063.478,done,
763,514.6401945967227,266109.72666084056,266694.3885189891,268193.3355189891,1498.947,done,
764,128.0695588910021,266218.9228354996,266803.75997895,268193.10697895003,1389.347,done,
765,271.5352078899741,266328.1190101586,266913.68017297983,268193.2031729798,1279.523,done,
766,14.018733392003924,266437.3151848176,267132.44749701023,268512.3624970102,1379.915,done,
767,196.29990810062736,266546.5113594766,267241.9405359626,268512.5585359626,1270.618,done,
768,301.5470925020054,266655.7075341356,268195.74543595314,269487.3944359531,1291.649,error,7.0
769,482.793705095537,266764.9037087946,268271.0980859399,269487.2380859399,1216.14,error,7.0
770,141.5240467060357,266874.09988345363,267351.3210029602,268512.7280029602,1161.407,done,
771,217.72078330395743,266905.6049263681,267461.63151294,269023.75151294,1562.12,done,
772,78.08681179303676,266937.10996928264,267571.00816196203,269023.50116196205,1452.493,done,
773,126.31916479440406,266968.6150121971,268648.7559980154,269788.6679980154,1139.912,error,7.0
774,237.8629971994087,267000.12005511165,267603.31833797693,269023.6563379769,1420.338,done,
775,118.99582920596004,267031.6250980261,267635.62765300274,269023.7216530027,1388.094,error,7.0
776,64.99842269113287,267063.1301409406,267667.90418696404,269023.88818696403,1355.984,error,7.0
777,109.58532660733908,267094.63518385513,267700.23136496544,269023.9343649654,1323.703,error,7.0
778,46.66004659375176,267126.1402267696,267732.5709979534,269023.8279979534,1291.257,error,7.0
779,184.98927359469235,267157.6452696841,267765.0102980137,269024.1292980137,1259.119,error,7.0
780,73.51739900186658,267189.1503125986,267797.3450809717,269023.97408097173,1226.629,error,7.0
781,437.98616990679886,267263.6267162524,267829.6675209999,269024.1855209999,1194.518,error,7.0
782,278.8885251036845,267338.1031199062,267862.0035959482,269024.2555959482,1162.252,error,7.0
783,261.1010813037865,267412.57952355995,267894.3320569992,269487.1550569992,1592.823,done,
784,126.62050790386274,267487.0559272137,267969.69738197327,269487.8863819733,1518.189,done,
785,246.26977159641683,267561.5323308675,268045.0618249774,269487.2958249774,1442.234,done,
786,85.41559999575838,267636.0087345213,268120.4373589754,269487.6233589754,1367.186,error,7.0
787,225.55567299714312,267710.48513817496,268346.700257957,269487.809257957,1141.109,error,7.0
788,140.41365889133886,267784.9615418288,268573.32353693247,269788.79353693244,1215.47,done,
789,284.71731159370404,267859.4379454825,268422.17323595285,269788.88523595285,1366.712,done,
790,149.0940769086592,267933.9143491363,268497.7129699588,269789.06296995876,1291.35,done,
791,238.73329039197407,268859.7790855924,269576.4541789293,270027.7261789293,451.272,done,
792,125.92114370781928,269785.64382204856,270504.67322194576,270636.65922194574,131.986,done,
793,155.87902859551832,270711.5085585047,271432.0646739602,271593.5876739602,161.523,done,
794,126.00691159022972,271637.3732949608,272358.84266901016,272491.08266901015,132.24,done,
795,327.07254440756515,272563.23803141696,273286.3119289875,273619.1709289875,332.859,done,
796,256.9985605077818,273489.1027678731,274212.6936669946,274474.9316669946,262.238,done,
797,146.35916709667072,274414.9675043292,275140.0503939986,275292.3623939986,152.312,done,
798,728.8747400976717,275340.83224078536,276067.5471239686,276802.7041239686,735.157,done,
799,188.33856990095228,276266.6969772415,276994.298799932,277188.393799932,194.095,done,
800,134.9754350958392,277192.5617136976,277921.5342179537,278062.5342179537,141.0,done,
801,185.25232170941308,277571.1333019694,278302.1852939725,278493.41029397247,191.225,done,
802,131.44884330686182,277949.7048902412,278681.8645169735,278819.1695169735,137.305,done,
803,255.8788437047042,278328.276478513,279060.8816319704,279322.0356319704,261.154,done,
804,112.22422419814392,278706.84806678485,279441.61274796724,279559.95074796723,118.338,done,
805,99.44928189506754,279085.41965505667,279820.6909980178,279926.2169980178,105.526,done,
806,206.404076598119,279463.9912433285,280199.95453697443,280411.7445369744,211.79,done,
807,213.5232541942969,279842.5628316003,280579.3316899538,280798.8096899538,219.478,done,
808,92.86260749213398,280221.134419872,280958.5404469967,281056.6034469967,98.063,done,
809,169.4878524984233,280599.7060081439,281338.36562496424,281513.47162496427,175.106,done,
810,104.97240400873125,280978.2775964157,281718.1813650131,281829.1493650131,110.968,done,
811,165.14368939679116,282136.8179264338,282878.7244669199,283049.4524669199,170.728,done,
812,270.9932137047872,283295.358256452,284038.99956297874,284316.1545629788,277.155,done,
813,163.7673827004619,284453.89858647017,285199.45536994934,285368.5823699493,169.127,done,
814,73.6430277931504,285612.4389164883,286360.04688197374,286439.52388197376,79.477,done,
815,320.10524469660595,286770.97924650647,287520.0587220192,287845.9067220192,325.848,done,
816,103.8665481028147,287929.5195765247,288680.1742269993,288789.94222699926,109.768,done,
817,273.21100359549746,289088.0599065428,289840.3732599616,290119.4322599616,279.059,done,
818,168.5039940988645,290246.600236561,291000.7654159665,291174.6774159665,173.912,done,
819,496.0744230076671,291405.14056657907,292161.1007860303,292662.9657860303,501.865,done,
820,415.5160352005623,292563.6808965972,293321.10261696577,293742.69761696574,421.595,done,
821,145.1315616024658,292713.74954707467,293621.92525196075,293950.1072519607,328.182,done,
822,201.3174380059354,292863.8181975522,293471.51373398304,293950.248733983,478.735,done,
823,159.2089724028483,293013.8868480296,293772.1624809504,294249.9304809504,477.768,done,
824,291.10766369849443,293163.9554985072,294223.28055500984,294577.1895550098,353.909,done,
825,275.405959202908,293314.0241489846,293922.59740298986,294250.01840298984,327.421,done,
826,317.83408080227684,293464.0927994621,294072.8581159711,294577.3681159711,504.51,done,
827,128.6906010005623,293614.16144993954,294373.7110789418,294709.7720789418,336.061,done,
828,18.42080110218376,293764.230100417,294524.25536698103,294709.98136698105,185.726,done,
829,156.2219305895269,293914.2987508945,294674.8931210041,294866.2911210041,191.398,done,
830,101.83380719972774,294064.36740137194,294825.5217689872,294968.2757689872,142.754,done,
831,268.16228239331394,294347.8899518693,295109.7864099741,295383.3514099741,273.565,done,
832,234.9870266974904,294631.4125023667,295393.90476596355,295634.75476596353,240.85,done,
833,113.9900965965353,294914.9350528641,295678.1822719574,295797.9952719574,119.813,done,
834,274.4670078973286,295198.4576033614,295962.5923079848,296242.9913079848,280.399,done,
835,137.96968940878287,295481.9801538588,296246.4857699871,296390.2907699871,143.805,done,
836,102.74353720014916,295765.5027043561,296530.84304594994,296639.52104594995,108.678,done,
837,204.05712560750544,296049.0252548535,296816.08526200056,297026.15826200054,210.073,done,
838,265.9510112949647,296332.54780535086,297100.699993968,297372.570993968,271.871,done,
839,84.3420026008971,296616.0703558482,297385.1223029494,297475.0853029494,89.963,done,
840,138.7255277950317,296899.5929063456,297669.72070395947,297814.91070395947,145.19,done,
841,77.11017770925537,296987.3115278953,297758.07495200634,297892.22495200636,134.15,done,
842,112.16302069369704,297075.03014944505,297846.34767591953,298004.64067591954,158.293,done,
843,120.96342799486592,297162.7487709948,297934.6712849736,298125.7642849736,191.093,done,
844,343.6947453999892,297250.4673925445,298024.1628679633,298479.5648679633,455.402,done,
845,170.32639280660078,297338.1860140942,298112.59755694866,298479.72855694866,367.131,done,
846,281.66881289798766,297425.904635644,298201.2545159459,298777.9655159459,576.711,done,
847,76.04568970855325,297513.6232571937,298377.9289469719,298778.0249469719,400.096,done,
848,180.9156361967325,297601.34187874343,298554.1866119504,299027.0656119504,472.879,done,
849,118.10669139958918,297689.0605002932,298289.5863509774,298778.1353509774,488.549,done,
850,74.73296449752524,297776.77912184293,298466.2945559621,299027.2055559621,560.911,done,
851,235.13553510420024,297908.29915596574,298686.5876179337,299027.4916179337,340.904,done,
852,23.14649550244212,298039.8191900885,298818.56200897694,299137.07200897695,318.51,done,
853,106.62467899965122,298171.3392242113,298951.07139998674,299137.30639998673,186.235,done,
854,17.80920900637284,298302.8592583341,299082.9280290008,299155.1580290008,72.23,done,
855,546.1289462982677,298434.3792924569,299215.6790649891,299767.61606498907,551.937,done,
856,117.0291543006897,298565.8993265797,299480.62419599295,300154.39119599294,673.767,done,
857,178.29174399375916,298697.41936070245,299348.13336098194,300154.50836098194,806.375,done,
858,365.3244576998986,298828.93939482525,299613.01595395803,300154.89595395804,541.88,done,
859,289.12640549242496,298960.45942894806,299745.41816294193,300452.17216294195,706.754,done,
860,168.63982529612258,299091.97946307086,299877.193928957,300452.270928957,575.077,done,
861,107.57309020264074,299916.9746021155,300703.01760697365,300815.75460697367,112.737,done,
862,254.0838055079803,300741.96974116017,301528.93026292324,301789.0022629232,260.072,done,
863,161.12521160393953,301566.9648802048,302355.06879496574,302522.33379496576,167.265,done,
864,200.22566680563608,302391.96001924947,303181.4286649823,303387.5656649823,206.137,done,
865,134.88885349361226,303216.95515829424,304007.6095559597,304148.6555559597,141.046,done,
866,110.14575531007722,304041.9502973389,304833.72300094366,304950.53300094366,116.81,done,
867,220.6752871046774,304866.94543638354,305659.685831964,305886.304831964,226.619,done,
868,235.38947800407183,305691.9405754282,306486.3203789592,306727.7853789592,241.465,done,
869,89.94420750532299,306516.93571447284,307312.80644595623,307408.38244595623,95.576,done,
870,103.86979100294413,307341.9308535175,308139.5066869855,308249.7096869855,110.203,done,
871,248.63492300501093,307450.5232366551,308248.85485196114,308512.4328519611,263.578,done,
872,84.35280179837719,307559.1156197927,308358.1891619563,308975.19816195633,617.009,done,
873,449.3208589963615,307667.7080029304,308467.6796659231,308975.42866592313,507.749,done,
874,91.88007209450006,307776.300386068,308576.90374696255,309410.35574696254,833.452,done,
875,94.75403859978542,307884.8927692056,308686.2443689704,309410.4383689704,724.194,done,
876,399.9023108044639,307993.48515234323,308795.59125196934,309410.49925196933,614.908,done,
877,263.93537160474807,308102.07753548084,308904.9711769819,309410.53017698193,505.559,done,
878,40.29476729920134,308210.6699186185,309013.82784599066,309862.5598459907,848.732,done,
879,322.6230909000151,308319.2623017561,309123.1877539754,309862.6317539754,739.444,done,
880,243.76961190719163,308427.8546848938,309232.54704999924,309862.6800499992,630.133,done,
881,142.29788919910789,308443.26891205943,309248.8688079715,309862.67580797145,613.807,done,
882,404.6421093982645,308458.68313922506,309265.30006194115,309862.7540619412,597.454,done,
883,118.73492440208793,308474.09736639075,309281.7464439869,310213.4924439869,931.746,done,
884,103.19373949896544,308489.5115935564,309314.5642179847,310213.65321798465,899.089,done,
885,314.1251659020781,308504.925820722,309330.8622309565,310213.7062309565,882.844,done,
886,158.0253168940544,308520.34004788764,309379.8065840006,310413.05858400057,1033.252,done,
887,113.21070430567488,308535.75427505333,309417.0160289407,310413.0750289407,996.059,done,
888,140.36284110043198,308551.168502219,309713.96606200933,310805.99706200935,1092.031,done,
889,102.38905590958892,308566.5827293846,309298.14956498146,310213.69256498147,915.543,done,
890,142.82882870174944,308603.04716162046,309347.19221401215,310213.88621401216,866.694,done,
891,170.5673431046307,308639.5115938563,309363.49870300293,310413.2717030029,1049.773,done,
892,178.2395518035628,308675.9760260922,310304.30256694555,311281.84456694557,977.542,done,
893,63.96571509540081,308712.44045832806,309454.4231669903,310413.3021669903,958.879,done,
894,180.1150142098777,308748.904890564,309491.73976397514,310413.37576397514,921.636,done,
895,270.03514249809086,308896.0539432064,309529.06542897224,310805.84242897225,1276.777,done,
896,351.72245809808373,309043.20299584884,310451.91277194023,311281.9517719402,830.039,done,
897,180.6120659923181,309190.3520484914,309566.51620799303,310806.09020799305,1239.574,done,
898,368.3535468066111,309337.5011011338,309861.523737967,310806.186737967,944.663,done,
899,426.0312745929696,309484.6501537763,310009.36049091816,310806.4884909182,797.128,done,
900,273.36990190669894,309631.79920641874,310156.8259329796,311281.93693297956,1125.111,done,
901,142.2538683982566,309778.9482590612,311042.62264192104,311520.554641921,477.932,done,
902,318.6931053060107,309926.09731170366,311178.0435319543,311520.5385319543,342.495,done,
903,118.70399758918212,310073.2463643461,310599.36820596457,311282.0782059646,682.71,done,
904,225.31290979823092,310220.3954169886,310746.7993029952,311282.2033029952,535.404,done,
905,209.67717230087143,310354.35529020475,310895.0697039962,311520.68070399616,625.611,done,
906,91.84238879242912,310488.3151634209,311448.20801502466,311638.1960150247,189.988,done,
907,114.11988970357925,310622.2750366371,311312.72108995914,311638.40008995915,325.679,done,
908,108.28482129145414,310756.23490985326,311583.2228599787,311746.7038599787,163.481,done,
909,544.5192605955526,310890.19478306937,311718.0518040061,312291.3058040061,573.254,done,
910,49.32398939272389,311024.1546562855,311852.281216979,312730.734216979,878.453,done,
911,271.1994051001966,311158.1145295017,311987.7625219226,312730.9155219226,743.153,done,
912,20.99716899683699,311292.0744027178,312123.1389579177,312731.0549579177,607.916,done,
913,403.9001559023746,311426.034275934,312258.5692459941,312731.1712459941,472.602,done,
914,460.8862853958272,311559.9941491501,312392.8621389866,313191.7861389866,798.924,done,
915,268.9300038968213,313192.71736034786,314026.9794899225,314302.6644899225,275.685,done,
916,278.7183256004937,314825.4405715456,315661.4529519677,315947.1369519677,285.684,done,
917,149.27633659681302,316458.1637827433,317295.9252719879,317450.9842719879,155.059,done,
918,211.61667669657612,318090.886993941,318930.97400796413,319149.31100796413,218.337,done,
919,203.8842334994115,319723.6102051387,320565.17815202475,320776.1971520247,211.019,done,
920,171.87135219573975,321356.3334163364,322200.0329030156,322377.66690301563,177.634,done,
921,120.85449310252444,322989.0566275341,323834.5346889496,323961.2096889496,126.675,done,
922,276.3261907035485,324621.7798387318,325469.21894800663,325751.96894800663,282.75,done,
923,80.77398500172421,326254.5030499295,327103.94402498007,327190.73802498006,86.794,done,
924,215.17307630274445,327887.2262611272,328738.7015519738,328960.2355519738,221.534,done,
925,114.58382579730824,328366.70377579913,329218.9988889694,329339.9988889694,121.0,done,
926,474.0592714049853,328846.1812904712,329698.9080939889,330179.2590939889,480.351,done,
927,297.80607679858804,329325.65880514303,330179.74227297306,330483.4912729731,303.749,done,
928,81.07404679758474,329805.13631981495,330660.1203609705,330746.30236097047,86.182,done,
929,235.98349620588124,330284.61383448687,331140.1154679656,331381.1504679656,241.035,done,
930,153.71451129904017,331332.7650639935,332189.5118519664,332348.41085196636,158.899,done,
931,275.14346110401675,332380.91629350017,333238.74107193947,333519.0880719395,280.347,done,
932,287.05643740249803,333429.0675230068,334288.28551596403,334580.49551596405,292.21,done,
933,186.06431849766523,334477.21875251347,335337.70532399416,335528.8013239942,191.096,done,
934,111.26148318871856,335525.36998202006,336387.0365159512,336503.30651595123,116.27,done,
935,145.50060679903254,339074.1557988051,339941.17067193985,340091.8416719398,150.671,done,
936,492.6815356942825,342622.9416155902,343493.69398999214,343991.82198999217,498.128,done,
937,126.77470789058134,346171.7274323752,347046.4307409525,347179.0947409525,132.664,done,
938,300.3961260081269,349720.5132491603,350598.9584269524,350904.8334269524,305.875,done,
939,196.38227940304205,353269.2990659453,354151.51987695694,354353.30287695694,201.783,done,
940,116.63719370262696,355309.211417668,356193.6150130033,356315.4210130033,121.806,done,
941,120.04863140173256,357349.12376939063,358236.7672919631,358362.9912919631,126.224,done,
942,212.3119316995144,359389.0361211134,360280.36166501045,360499.67766501044,219.316,done,
943,179.91077640326694,361428.94847283605,362322.9197439552,362508.6597439552,185.74,done,
944,202.31323880143464,363468.8608245587,364365.0099199414,364572.8249199414,207.815,done,
945,184.9202145007439,363546.2519408824,364443.32740199566,364757.87640199566,314.549,done,
946,91.53944029239938,363623.643057206,364521.66233593225,364849.63633593224,327.974,done,
947,167.95563970226794,363701.0341735296,364600.2988600135,365017.70886001346,417.41,done,
948,165.0378173100762,363778.4252898533,364678.64285093546,365182.86185093544,504.219,done,
949,681.6706418991089,363855.8164061769,364757.06962895393,365864.86662895395,1107.797,done,
950,328.7481678999029,366299.8534519779,367202.6595759392,367537.42157593917,334.762,done,
951,73.3968902961351,368743.8904977788,369649.0331519842,369728.35715198424,79.324,done,
952,128.21672019781545,371187.9275435798,372096.2587329745,372230.2907329745,134.032,done,
953,124.02275790227576,373631.9645893807,374543.0425319672,374672.91553196724,129.873,done,
954,118.32920369924976,376076.00163518166,376989.8003619909,377114.3223619909,124.522,done,
955,100.9435887914151,377115.9859555441,378030.7610089779,378137.6500089779,106.889,done,
956,304.1533145005815,378155.9702759064,379072.0392359495,379382.1112359495,310.072,done,
957,19.89807940553873,379195.95459626894,380113.34390199184,380138.98490199185,25.641,done,
958,128.7920743925497,380235.9389166313,381156.4289459586,381290.31794595864,133.889,done,
959,102.97531529795378,381275.9232369937,382197.6233039498,382305.90830394975,108.285,done,
960,147.5869977963157,381770.7256398659,382693.8202319741,382846.7182319741,152.898,done,
961,356.79728490067646,382265.5280427381,383189.5366739631,383551.6736739631,362.137,done,
962,102.41209589876236,382760.3304456102,383685.298791945,383794.041791945,108.743,done,
963,94.624760793522,383255.1328484824,384180.9034639597,384281.7324639597,100.829,done,
964,96.02102210046723,383749.9352513546,384676.5884760022,384778.60247600224,102.014,done,
965,476.8990631098859,384480.307183068,385408.65228396654,385891.29828396655,482.646,done,
966,288.2835414027795,385210.6791147813,386140.00806593895,386434.49106593896,294.483,done,
967,217.12980039883405,385941.0510464947,386871.4850269556,387094.5110269556,223.026,done,
968,259.3655444914475,386671.42297820805,387602.5025209785,387867.7165209785,265.214,done,
969,208.22651480557403,387401.7949099214,388333.6021499634,388547.01214996335,213.41,done,
970,130.59832100989297,387708.09573053353,388640.5143879652,388777.0453879652,136.531,done,
971,62.54638739628717,388014.3965511457,388947.68901097775,389015.99901097774,68.31,done,
972,97.07193529466169,388320.69737175776,389255.68645501137,389358.5494550114,102.863,done,
973,253.92531310208145,388626.9981923699,389563.2154569626,389822.1914569626,258.976,done,
974,164.7579945041798,388933.299012982,389869.63151896,390040.24651896,170.615,done,
975,113.0871897097677,389040.066963141,389977.0050609708,390153.4610609708,176.456,done,
976,151.62887719925493,389146.83491330006,390084.7882849574,390305.2322849574,220.444,done,
977,147.6105953915976,389253.60286345903,390192.033995986,390453.134995986,261.101,done,
978,512.2855547000654,389360.37081361806,390299.3897550106,390965.5697550106,666.18,done,
979,93.02648489829151,389467.1387637771,390406.7424569726,391058.6264569726,651.884,done,
980,112.59533879347146,390047.5199290327,390988.0547659397,391171.3127659397,183.258,done,
981,122.58960480103268,390627.90109428833,391569.1554549933,391697.7134549933,128.558,done,
982,322.9400062933564,391208.282259544,392150.7120540142,392479.69305401423,328.981,done,
983,122.77599920053036,391788.6634247996,392732.3302999735,392860.7662999735,128.436,done,
984,142.88204930489886,392369.0445900552,393313.6725039482,393462.37150394823,148.699,done,
985,163.70478390017524,393267.31179410144,394213.6209179759,394383.1659179759,169.545,done,
986,171.25555929960683,394165.5789981477,395113.2965079546,395290.7515079546,177.455,done,
987,99.46158960228786,395063.84620219393,396012.89918893576,396118.51318893576,105.614,done,
988,112.3196833068505,395962.1134062402,396912.71906095743,397031.0470609574,118.328,done,
989,210.37167489994323,396860.3806102864,397812.2297999859,398028.6367999859,216.407,done,
990,119.0702434978448,397233.6003002528,398186.266692996,398310.55769299605,124.291,done,
991,259.45902679814026,397606.8199902192,398560.2113229632,398825.5543229632,265.343,done,
992,162.11055379826576,397980.0396801854,398934.0347930193,399101.2997930193,167.265,done,
993,16.616756294388324,398353.2593701517,399308.8928349614,399331.5168349614,22.624,done,
994,250.41184280999005,398726.4790601181,399684.3010749817,399940.8880749817,256.587,done,
995,257.32364429859444,398775.480980369,399782.9782589674,400213.4172589674,430.439,done,
996,83.41895058983937,398824.48290062,399733.68901497126,400213.55801497126,479.869,done,
997,167.97028769506142,398873.4848208709,399832.2741949558,400213.63019495585,381.356,done,
998,140.03147650510073,398922.48674112186,399881.59159195423,400718.1355919542,836.544,done,
999,490.2990838047117,398971.4886613728,399930.92446798086,400718.1774679809,787.253,done,
1000,66.41635139239952,399286.8632767622,400247.0338879228,400863.9658879228,616.932,done,
1001,141.5384353022091,399602.2378921517,400563.7541309595,400864.1121309595,300.358,done,
1002,333.5360176977701,399917.612507541,400879.6350309849,401219.03903098486,339.404,done,
1003,154.4388490030542,400232.98712293047,401196.2309399843,401373.6179399843,177.387,done,
1004,146.51360709685832,400548.3617383199,401512.1050069332,401664.1550069332,152.05,done,
1005,355.2766124950722,401184.0959222963,402149.021435976,402509.429435976,360.408,done,
1006,241.44269860116765,401819.8301062727,402785.11651700735,403031.97951700736,246.863,done,
1007,355.6074518011883,402455.5642902491,403421.7639099956,403783.38090999564,361.617,done,
1008,166.87335980823264,403091.2984742255,404058.0940039754,404230.43300397537,172.339,done,
1009,211.9539574952796,403727.03265820193,404695.2956119776,404912.9726119776,217.677,done,
1010,212.93874649563804,404194.9824262027,405163.66926294565,405381.7162629457,218.047,done,
1011,54.407178808469325,404662.9321942034,405632.3512569666,405692.4442569666,60.093,done,
1012,64.26777880406007,405130.8819622042,406101.2991229892,406171.4711229892,70.172,done,
1013,120.20705799805,405598.8317302049,406570.3824639917,406695.8574639917,125.475,done,
1014,230.59986470034343,406066.7814982057,407038.7398369312,407274.8328369312,236.093,done,
1015,79.51372939860448,407916.027410189,408889.8217019439,408975.2457019439,85.424,done,
1016,136.003332096152,409765.2733221723,410741.4376259446,410883.5516259446,142.114,done,
1017,186.8325705989264,411614.5192341556,412592.7547959685,412785.65379596845,192.899,done,
1018,126.51518350467086,413463.7651461389,414444.6999399662,414577.2419399662,132.542,done,
1019,221.32295368937773,415313.0110581222,416296.502745986,416523.55974598596,227.057,done,
1020,473.17239869153127,416312.7270462455,417297.9491019249,417777.4851019249,479.536,done,
1021,256.5932094003074,417312.4430343688,418298.44109898806,418560.88309898804,262.442,done,
1022,228.5225289990194,418312.15902249207,419299.1533309817,419533.4123309817,234.259,done,
1023,503.4500950016081,419311.8750106153,420300.7115489841,420809.6845489841,508.973,done,
1024,156.6791246063076,420311.5909987386,421301.6762769222,421463.6822769222,162.006,done,
1025,693.0905509972945,420524.0331533498,421515.15801495314,422213.97101495316,698.813,done,
1026,341.7741390992888,420736.4753079611,421942.085793972,422565.824793972,623.739,done,
1027,312.31081699952483,420948.91746257234,421728.6164789796,422565.9134789796,837.297,done,
1028,137.54403881030154,421161.3596171836,422155.57453495264,422888.6415349526,733.067,done,
1029,313.4560231002979,421373.80177179485,422368.5840820074,422888.8660820074,520.282,done,
1030,180.0092450925149,421657.0915848711,422652.3748109937,423068.8178109937,416.443,done,
1031,155.92212880728766,421940.3813979474,422936.3250399232,423224.88703992317,288.562,done,
1032,196.4314789045602,422223.6712110236,423220.4384869337,423422.03948693373,201.601,done,
1033,404.40937749808654,422506.9610240999,423504.4963889718,423914.9413889718,410.445,done,
1034,276.65294599719346,422790.2508371761,423788.1550579667,424191.7970579667,403.642,done,
1035,85.97080790204927,423073.5406502523,424072.5811039805,424277.9701039805,205.389,done,
1036,299.63909219950443,423356.83046332863,424356.52962994576,424662.03462994576,305.505,done,
1037,177.31096990173685,423640.1202764048,424640.1905939579,424839.7315939579,199.541,done,
1038,56.36036329669878,423923.4100894812,424924.2002750039,424986.5422750039,62.342,done,
