# {"debug": false, "pause": false, "output": "/home/cc/DynWork/Multimodal/WorldCup/incoming_rate_36.36/Modal_num/six_modal/3_x_P99/clipper", "slo_us": 293000, "batch_size": 8, "reqs": "/home/cc/DynWork/Multimodal/WorldCup/incoming_rate_36.36/Modal_num/six_modal/jobs.bucketed.csv", "latencies": "/home/cc/DynWork/Multimodal/WorldCup/incoming_rate_36.36/Modal_num/six_modal/latencies.csv"}
JobId,Length,Admitted,Started,Finished,Latency,State,EName
0,79.30587394266273,0.0,6.040924996137619,89.87266198871657,83.83173699257895,done,
1,14.344124150809895,25.882352941176467,57.81227299571037,138.78470998583362,80.97243699012324,done,
2,31.155536127409405,51.764705882352935,31.926833987236023,138.9433100039605,107.01647601672448,done,
3,12.29332114811594,77.6470588235294,83.69842898845673,139.09996600286104,55.40153701440431,done,
4,29.723823975807317,103.52941176470588,135.47072699666023,265.64591599535197,130.17518899869174,done,
5,96.62536810111357,129.41176470588235,109.58515200018884,265.81831002095714,156.23315802076831,done,
6,97.28767618770463,155.2941176470588,161.35654598474505,437.4862409895287,276.1296950047836,done,
7,29.647632892365305,181.17647058823528,187.24255999922752,437.6748950141482,250.43233501492068,done,
8,30.698317453092137,207.0588235294117,239.01518699526787,437.94602700322866,198.9308400079608,done,
9,63.18132220611182,232.9411764705882,213.12797099351883,438.1550009781495,225.02702998463064,done,
10,63.6670362765156,258.8235294117647,264.9010770022869,562.8678410197608,297.9667640174739,past_due,
11,46.510905018867234,284.7058823529412,290.7866469919681,586.2298279986717,295.4431810067035,past_due,
12,13.653845479925256,310.5882352941176,316.6737850010395,610.0738010031637,293.4000160021242,past_due,
13,96.88915973921198,336.4705882352941,342.5603089928627,636.400693976786,293.8403849839233,past_due,
14,79.32411532496397,362.35294117647055,368.44572600722313,662.3431730088778,293.89744700165465,past_due,
15,46.3323903585384,388.235294117647,394.3324570059776,686.735721006291,292.40326400031336,done,
16,80.72064384758305,414.1176470588235,420.21747201681137,687.0009080204181,266.7834360036068,done,
17,30.353819268545514,440.0,446.10412499308586,739.6335309792776,293.5294059861917,past_due,
18,46.347767052558574,463.157894736842,469.26534101367,762.8378890047316,293.5725479910616,past_due,
19,47.21856277647122,486.31578947368416,492.4269239902496,785.9183549783193,293.4914309880696,past_due,
20,96.0949245413572,509.47368421052624,515.5882640182972,809.0262490231544,293.4379850048572,past_due,
21,78.78932348917486,532.6315789473683,538.7501809895039,832.7338129896671,293.9836320001632,past_due,
22,14.991099299549752,555.7894736842104,561.9130560159683,856.3392120201606,294.4261560041923,past_due,
23,63.9635036771226,578.9473684210525,585.0750080049038,878.8166429935955,293.74163498869166,past_due,
24,45.13066846276308,602.1052631578947,608.2367250025272,901.8006790108047,293.5639540082775,past_due,
25,29.32921917051392,625.2631578947368,631.3988089859486,924.7012909799814,293.30248199403286,past_due,
26,95.37331493538802,648.4210526315788,654.5606429874897,950.3587609808892,295.7981179933995,past_due,
27,94.8609167394654,671.578947368421,677.7234610021114,971.2576930145733,293.53423201246187,past_due,
28,30.663814676815644,694.7368421052631,700.8856419920921,994.3196430027019,293.4340010106098,past_due,
29,14.734150143107092,717.8947368421052,724.0476340055466,1017.3732240044046,293.32558999885805,past_due,
30,96.1539146029428,741.0526315789473,747.2091940045357,1044.3767280131578,297.16753400862217,past_due,
31,29.62659622594299,764.2105263157894,770.3712290227413,1063.9043550314382,293.53312600869685,past_due,
32,79.43106899484496,787.3684210526314,793.5331189930439,1086.9804399828427,293.44732098979875,past_due,
33,46.92832014452771,810.5263157894735,816.6949340105057,1109.9664100059308,293.27147599542513,past_due,
34,13.448698259902793,833.6842105263156,839.8563509881496,1133.1630389804486,293.306687992299,past_due,
35,13.019397730260836,856.8421052631578,863.1180149912834,1157.2631869874895,294.14517199620605,past_due,
36,79.97102053780941,879.9999999999999,886.2791740000248,1179.5467130038887,293.267539003864,past_due,
37,80.00046216990948,911.4285714285712,917.711827993393,1211.163768983446,293.4519409900531,past_due,
38,13.817872009966038,942.8571428571428,949.1451460123062,1242.5712140172254,293.4260680049192,past_due,
39,29.75738932210029,974.285714285714,980.5783370137216,1273.9740439900197,293.39570697629824,past_due,
40,65.05406373949603,1005.7142857142856,1012.0222489833832,1305.2853619640227,293.2631129806396,past_due,
41,80.54706763458768,1037.1428571428569,1043.453918993473,1336.6938439919613,293.2399249984883,past_due,
42,96.32756663162291,1068.5714285714284,1074.8863959908483,1368.2898159769827,293.4034199861344,past_due,
43,80.18742833318542,1099.9999999999998,1106.3185530006886,1399.7487649836112,293.43021198292263,past_due,
44,29.296939195000963,1131.428571428571,1137.7504749894142,1431.0324299645144,293.28195497510023,past_due,
45,63.37669377046621,1162.857142857143,1169.1821089982986,1462.5262769907713,293.34416799247265,past_due,
46,13.213616799781638,1194.2857142857142,1200.614765971899,1494.098349956097,293.48358398419805,past_due,
47,12.956363468863792,1225.7142857142856,1232.0478030145168,1525.6569870237727,293.60918400925584,past_due,
48,46.63253735855681,1257.1428571428569,1263.4952400028706,1560.2108130031265,296.715573000256,past_due,
49,30.40234345138801,1288.5714285714284,1294.92769998312,1588.467970982194,293.540270999074,past_due,
50,97.0977849033748,1319.9999999999998,1326.360582977533,1619.7792789821976,293.4186960046645,past_due,
51,31.051730275568907,1345.8823529411764,1352.24638697505,1645.6519729846623,293.4055860096123,past_due,
52,64.35521535700082,1371.7647058823527,1378.1343619823456,1671.6224099702667,293.4880479879212,past_due,
53,63.02940223338404,1397.6470588235293,1404.0210089981556,1697.3760270150378,293.35501801688224,past_due,
54,97.6746006310192,1423.5294117647056,1429.9066320061684,1723.278846021276,293.3722140151076,past_due,
55,45.87671722776358,1449.4117647058822,1455.7939450144768,1749.273684993852,293.47973997937515,past_due,
56,96.7089798590718,1475.2941176470586,1481.6793099939823,1774.9776909963693,293.29838100238703,past_due,
57,63.65120151129207,1501.1764705882351,1507.5647839903831,1800.8881859923713,293.32340200198814,past_due,
58,14.563391140117597,1527.0588235294117,1533.4520440101624,1827.0858140040655,293.6337699939031,past_due,
59,62.88984644264394,1552.941176470588,1559.3489589989183,1852.6392889795823,293.290329980664,past_due,
60,63.29779842459225,1578.8235294117644,1585.2348150014875,1878.6957810020538,293.46096600056626,past_due,
61,79.14823051157852,1604.705882352941,1611.1224279999733,1904.8016780258622,293.6792500258889,past_due,
62,95.59681428139515,1630.5882352941176,1637.0207229852676,1932.4773939957377,295.45667101047,past_due,
63,64.59777563714815,1656.470588235294,1662.9071150124073,1959.747113028774,296.83999801636674,past_due,
64,12.89257204599288,1682.3529411764705,1688.7929700016975,1987.3752609994262,298.5822909977287,past_due,
65,14.04890884962332,1708.2352941176468,1714.679878979921,2008.284937986871,293.6050590069499,past_due,
66,97.13780248872904,1734.1176470588234,1740.5661779940128,2033.9529969806317,293.3868189866189,past_due,
67,97.16006218128332,1759.9999999999998,1766.4527069926262,2059.970084016444,293.51737702381797,past_due,
68,13.48029322706272,1787.4999999999998,1793.9566219747066,2087.4726809733547,293.5160589986481,past_due,
69,96.92289433320693,1815.0,1821.460243999958,2114.891199003672,293.4309550037142,past_due,
70,79.72222750524075,1842.5,1848.963574022055,2142.783385042567,293.81981102051213,past_due,
71,12.57475604528117,1870.0,1876.466726988554,2169.9806679850444,293.5139409964904,past_due,
72,64.09242463800749,1897.5,1903.9692139923573,2197.243362999987,293.2741490076296,past_due,
73,46.31479387170142,1925.0,1931.472617983818,2224.9711049627513,293.4984869789332,past_due,
74,78.99903690077107,1952.4999999999995,1958.9763059914112,2252.3007979900576,293.3244919986464,past_due,
75,47.47696225056272,1979.9999999999995,1986.4793359935284,2279.7958559873514,293.316519993823,past_due,
76,30.17198937553639,2007.4999999999995,2013.9858579933643,2307.3820290011354,293.39617100777104,past_due,
77,29.950735733144768,2034.9999999999995,2041.489730000496,2334.85381001886,293.3640800183639,past_due,
78,47.39717660452617,2062.4999999999995,2068.992893010378,2362.42162299715,293.42872998677194,past_due,
79,45.7711088296638,2089.9999999999995,2096.4967100024223,2389.8304539923556,293.3337439899333,past_due,
80,96.73867971531858,2117.4999999999995,2124.000896990299,2417.605180991348,293.60428400104865,past_due,
81,46.40042813879968,2144.9999999999995,2151.5049790143967,2444.944431026932,293.4394520125352,past_due,
82,46.7570708468486,2172.4999999999995,2179.0095179975037,2472.622269001324,293.61275100382045,past_due,
83,80.87382933395493,2199.9999999999995,2206.513294994831,2499.9373929905705,293.42409799573943,past_due,
84,64.64550739323337,2227.4999999999995,2234.017544001341,2527.596506010974,293.57896200963296,past_due,
85,77.9252392741182,2254.9999999999995,2261.520866006613,2554.942953014979,293.4220870083664,past_due,
86,46.66327368024413,2282.4999999999995,2289.025276005268,2582.6118610065896,293.5865850013215,past_due,
87,48.33058891955018,2309.9999999999995,2316.529366016388,2610.0934130114038,293.5640469950158,past_due,
88,97.71599466402904,2337.4999999999995,2344.032373994589,2637.4145239992067,293.38215000461787,past_due,
89,64.87070754065181,2364.9999999999995,2371.5369859933853,2665.07441899064,293.53743299725465,past_due,
90,64.41047308858083,2392.4999999999995,2399.03944298625,2692.270841988502,293.23139900225215,past_due,
91,96.34579065648478,2419.9999999999995,2426.5451279878616,2720.128979993984,293.58385200612247,past_due,
92,47.55145415112142,2447.4999999999995,2454.049536973238,2747.5182609781623,293.4687240049243,past_due,
93,95.32863605713112,2474.9999999999995,2481.5541830062866,2775.1611080053262,293.6069249990396,past_due,
94,64.37914544643695,2502.4999999999995,2509.0576860010624,2802.508505998878,293.4508199978154,past_due,
95,48.56347791200825,2529.9999999999995,2536.562269985676,2830.2437279736623,293.6814579879865,past_due,
96,79.34423897933357,2557.4999999999995,2564.0661849975586,2857.4865450137295,293.4203600161709,past_due,
97,11.588132743424476,2584.9999999999995,2591.5706210136414,2885.1895410399884,293.61892002634704,past_due,
98,62.95795693192207,2612.4999999999995,2619.074185997248,2912.4523619902325,293.3781759929843,past_due,
99,97.11541399460324,2639.9999999999995,2646.5857580006123,2940.2144189917017,293.6286609910894,past_due,
100,98.23489039806876,2667.4999999999995,2674.0898549854755,2967.6698259958066,293.57997101033106,past_due,
101,97.31413012925437,2694.9999999999995,2701.5938950181007,2995.108590007527,293.51469498942606,past_due,
102,29.83051497350273,2722.4999999999995,2729.098396986723,3022.6963029997423,293.5979060130194,past_due,
103,30.28112058969897,2749.9999999999995,2756.601700991392,3049.9573539665435,293.3556529751513,past_due,
104,79.24421385346503,2777.4999999999995,2784.106925994158,3077.6911389750894,293.5842129809316,past_due,
105,12.916639906130856,2804.9999999999995,2811.610334008932,3105.00361099001,293.3932769810781,past_due,
106,47.29332184614724,2832.4999999999995,2839.115709990263,3132.631156993564,293.51544700330123,past_due,
107,12.845684562239208,2859.9999999999995,2866.620965987444,3160.155236969935,293.53427098249085,past_due,
108,62.97407685504282,2887.4999999999995,2894.1242839992046,3187.514217997901,293.3899339986965,past_due,
109,80.117816939487,2914.9999999999995,2921.6293639838696,3215.2536569847725,293.624293000903,past_due,
110,46.01508589768384,2942.4999999999995,2949.13290899992,3242.41793600074,293.28502700082026,past_due,
111,29.687350765804556,2969.9999999999995,2976.637670993805,3270.144870990189,293.50719999638386,past_due,
112,30.593748087352616,2997.4999999999995,3004.141442000866,3297.497032024432,293.35559002356604,past_due,
113,80.48866422741779,3024.9999999999995,3031.6465680003166,3325.220169986598,293.5736019862816,past_due,
114,63.98278604845383,3052.4999999999995,3059.1510519981384,3352.660294996109,293.50924299797043,past_due,
115,30.874236067287583,3079.9999999999995,3086.654176980257,3381.2347459762823,294.58056899602525,past_due,
116,62.94235839787813,3109.333333333333,3115.993407011032,3410.5159499831498,294.52254297211766,past_due,
117,63.454482851081735,3138.666666666666,3145.331148982048,3439.564621970756,294.23347298870794,past_due,
118,29.009861021748023,3167.9999999999995,3174.668554991484,3469.4695480174855,294.8009930260014,past_due,
119,63.28017611796252,3197.333333333333,3204.005309998989,3498.6860810094513,294.6807710104622,past_due,
120,63.74627495892263,3226.666666666666,3233.342183977365,3527.7937969856425,294.4516130082775,past_due,
121,45.80852984718563,3255.9999999999995,3262.6804529726505,3556.977750981692,294.2972980090417,past_due,
122,46.91232569215599,3285.333333333333,3292.016822993756,3568.2986530044586,276.28183001070283,done,
123,29.133743811705937,3314.666666666666,3321.3540709912777,3568.561649990501,247.2075789992232,done,
124,46.27791239569523,3343.9999999999995,3350.692265987396,3645.232145994901,294.5398800075054,past_due,
125,29.93434279235961,3373.333333333333,3380.0299530029297,3674.559130018577,294.5291770156473,past_due,
126,79.68560774425711,3402.666666666666,3409.3672870099545,3703.534549017204,294.1672620072495,past_due,
127,80.03224762289962,3431.9999999999995,3438.704851001501,3733.2669849910308,294.5621339895297,past_due,
128,29.963889654658733,3461.333333333333,3468.0440180003643,3762.540058005834,294.4960400054697,past_due,
129,29.70486590661146,3490.666666666666,3497.3815300166607,3791.895385990152,294.51385597349145,past_due,
130,64.13962644341127,3519.9999999999995,3556.0555029809475,3795.5975799853913,239.54207700444385,done,
131,79.95289132553495,3549.333333333333,3526.7186859846115,3795.9341199884657,269.21543400385417,done,
132,78.96806607628066,3578.666666666666,3585.393223017454,3879.9400170182344,294.5467940007802,past_due,
133,96.23205548349566,3608.0,3614.731764018536,3909.013851027005,294.2820870084688,past_due,
134,29.26593257381224,3637.333333333333,3644.069128990173,3938.7049829822495,294.6358539920766,past_due,
135,80.8991492000573,3666.666666666666,3673.4067989885807,3967.835086004343,294.4282870157622,past_due,
136,47.16259312423312,3696.0,3702.7435879707336,3999.419147948036,296.6755599773023,past_due,
137,47.08016243355159,3725.333333333333,3732.080974012613,4025.676316007273,293.59534199466,past_due,
138,48.01252366852354,3754.666666666666,3761.418248981237,4054.9820309858765,293.5637820046395,past_due,
139,79.80003982506567,3784.0,3790.75607702136,4068.0623490002467,277.3062719788868,done,
140,30.646702558720808,3813.333333333333,3820.092990010977,4113.43329001707,293.34030000609346,past_due,
141,61.58899279646519,3842.666666666666,3849.432516008616,4142.987431996968,293.5549159883521,past_due,
142,47.50013916383726,3872.0,3878.77068400383,4172.335251026088,293.5645670222584,past_due,
143,45.69694419245834,3901.333333333333,3908.1072169840336,4201.500923974207,293.3937069901731,past_due,
144,81.49992667034405,3930.666666666666,3937.445449978113,4231.0669889708515,293.62153899273835,past_due,
145,12.454644172764208,3960.0,3966.78263899684,4260.13313800376,293.3504990069196,past_due,
146,47.77546352289623,3991.428571428571,3998.21586599946,4291.619081996847,293.4032159973867,past_due,
147,14.0886896544411,4022.857142857142,4029.648225992918,4299.589991982561,269.9417659896426,done,
148,31.49930762345092,4054.2857142857138,4061.082147985697,4354.574976976262,293.4928289905656,past_due,
149,96.5145553520824,4085.714285714285,4092.51478099823,4385.953944999259,293.439164001029,past_due,
150,14.000663699253524,4117.142857142857,4123.948794990778,4417.350149012404,293.4013540216256,past_due,
151,47.09604638387355,4148.571428571428,4155.3820669949055,4452.135436004726,296.75336900982074,past_due,
152,47.45676575419026,4179.999999999999,4186.816177994013,4480.478531994857,293.66235400084406,past_due,
153,95.71133416106298,4211.428571428571,4218.250465989113,4512.136670006439,293.88620401732624,past_due,
154,47.85281229949018,4242.857142857142,4249.682830989361,4543.043092003092,293.36026101373136,past_due,
155,13.891377102384718,4274.285714285714,4281.116230010986,4573.423942003166,292.30771199218,done,
156,29.98027983675346,4305.714285714284,4312.548847973347,4606.173606984783,293.62475901143625,past_due,
157,47.149693878082594,4337.142857142856,4343.982094973326,4637.5411459757015,293.5590510023758,past_due,
158,78.90027101667762,4368.571428571428,4375.414977997541,4671.902195970295,296.4872179727536,past_due,
159,81.21426745031411,4399.999999999999,4406.847461014986,4700.38444200065,293.53698098566383,past_due,
160,96.52906694578432,4443.999999999999,4450.851909995079,4744.5943530225195,293.74244302744046,past_due,
161,62.92511225288508,4487.999999999999,4494.856418997049,4788.658735006582,293.80231600953266,past_due,
162,80.58603572891894,4531.999999999999,4538.866126000881,4821.869533997029,283.00340799614787,done,
163,46.4933883615254,4575.999999999999,4582.871766984463,4876.475720977178,293.6039539927151,past_due,
164,45.659920269596896,4619.999999999999,4626.876825004816,4925.480524983956,298.6036999791395,past_due,
165,63.11439516012495,4663.999999999999,4670.883437007666,4964.264314010739,293.3808770030737,past_due,
166,64.1606419269408,4707.999999999999,4714.888997972012,5008.336354963249,293.44735699123703,past_due,
167,62.60867075213199,4751.999999999999,4758.894623994827,5047.776055997936,288.8814320031088,done,
168,97.60254789015328,4795.999999999999,4802.90169698,5048.067634967622,245.16593798762187,done,
169,31.66660188721449,4839.999999999999,4846.9084939956665,5140.164864986669,293.2563709910028,past_due,
170,13.140581113361504,4865.882352941176,4872.795361995697,5166.324736986309,293.52937499061227,past_due,
171,97.56679091260123,4891.764705882352,4898.681035995483,5191.9290669928305,293.2480309973471,past_due,
172,47.74246306232208,4917.647058823529,4924.566707998514,5217.853933997452,293.2872259989381,past_due,
173,46.59955389397883,4943.529411764705,4950.454328984022,5244.032751961611,293.57842297758907,past_due,
174,80.30814791125695,4969.411764705881,4976.339719980955,5269.645816990873,293.3060970099177,past_due,
175,63.69748512930493,4995.294117647058,5002.228083997965,5295.657277987106,293.4291939891409,past_due,
176,80.1038461143609,5021.176470588234,5028.113628983498,5321.51997198374,293.4063430002425,past_due,
177,81.60507507120307,5047.058823529411,5054.0011650025845,5347.532071000198,293.53090599761344,past_due,
178,12.937596437322636,5072.941176470587,5079.887501001358,5373.182326999959,293.2948259986006,past_due,
179,14.781136605318052,5098.823529411764,5105.7742440104485,5399.208358002128,293.4341139916796,past_due,
180,46.7259059081916,5124.7058823529405,5131.660497993231,5425.219184004469,293.558686011238,past_due,
181,80.6288852169468,5150.588235294117,5157.546815991402,5450.971498013707,293.4246820223052,past_due,
182,64.00671020088116,5176.470588235294,5183.433481007814,5476.828975991812,293.3954949839972,past_due,
183,61.32695853829992,5202.352941176469,5209.319189995527,5507.891111996956,298.5719220014289,past_due,
184,96.78939232699868,5228.235294117646,5235.205275982618,5532.273887992371,297.06861200975254,past_due,
185,81.09094515661704,5254.117647058823,5261.092431008816,5556.674753994681,295.5823229858652,past_due,
186,97.38235785897578,5279.999999999999,5286.9782620072365,5581.549574995646,294.5713129884098,past_due,
187,80.74433812411532,5304.444444444443,5311.426551997662,5605.710538991494,294.2839869938325,past_due,
188,12.976122031385406,5328.888888888888,5335.875418007374,5630.270055028843,294.3946370214689,past_due,
189,78.93333400960648,5353.333333333332,5360.323247015476,5654.802108019358,294.4788610038813,past_due,
190,62.83381407653671,5377.7777777777765,5384.771602988243,5679.053631003248,294.28202801500447,past_due,
191,29.79323402891848,5402.222222222222,5409.220281004906,5703.513810999226,294.2935299943201,past_due,
192,46.22292396033348,5426.666666666666,5433.668168008328,5727.934589006939,294.26642099861056,past_due,
193,30.46999257514615,5451.11111111111,5458.115660995245,5754.141226995271,296.0255660000257,past_due,
194,79.48715479407102,5475.555555555555,5482.56291398406,5779.672042978695,297.1091289946344,past_due,
195,96.82276240624115,5499.999999999999,5507.011247009039,5805.818454009248,298.807207000209,past_due,
196,47.11491064330856,5524.444444444443,5531.459885001183,5824.742478979984,293.28259397880174,past_due,
197,95.9872061122645,5548.888888888888,5555.907324999571,5849.391247985186,293.4839229856152,past_due,
198,96.04320296530034,5573.333333333332,5580.356886982918,5873.884202964837,293.52731598191895,past_due,
199,13.400078266962506,5597.7777777777765,5604.805076986551,5898.150069985306,293.3449929987546,past_due,
200,46.99145430098542,5622.222222222221,5629.253436982632,5922.530093983747,293.2766570011154,past_due,
201,79.8936069896992,5646.666666666666,5653.702567011118,5947.043899999466,293.34133298834786,past_due,
202,30.245638780793424,5671.11111111111,5678.150596022606,5971.47048201994,293.3198859973345,past_due,
203,79.50831508074633,5695.555555555555,5702.601989984512,5995.8355489857495,293.23355900123715,past_due,
204,63.9014187783744,5719.999999999999,5727.059138000011,6020.257582007442,293.1984440074302,past_due,
205,46.10939206948322,5745.882352941176,5752.945863991976,6046.446111985482,293.5002479935065,past_due,
206,46.36391548067351,5771.764705882352,5778.8313499987125,6072.115599985467,293.2842499867548,past_due,
207,96.49833848639427,5797.647058823529,5804.718083977699,6098.234003976453,293.5159199987538,past_due,
208,45.21662142371063,5823.529411764705,5830.604189991951,6123.909900008235,293.30571001628414,past_due,
209,80.2024860097769,5849.411764705881,5856.491876006126,6149.910347009078,293.41847100295126,past_due,
210,29.99696575361221,5875.294117647058,5882.377472013235,6175.690728012472,293.3132559992373,past_due,
211,97.42465962066278,5901.176470588234,5908.265003979206,6201.727630993584,293.4626270143781,past_due,
212,79.92226381017213,5927.058823529411,5934.15101698041,6227.408989962656,293.25797298224643,past_due,
213,63.40633855791538,5952.941176470587,5960.036089986563,6253.2982090131845,293.2621190266218,past_due,
214,62.81472959446975,5978.823529411764,5985.923730999231,6279.511944010621,293.5882130113896,past_due,
215,94.70008785665392,6004.7058823529405,6011.813721001148,6305.510853002546,293.69713200139813,past_due,
216,62.222122735215095,6030.588235294117,6037.699864000082,6333.457229995169,295.7573659950868,past_due,
217,45.98658844862113,6056.470588235294,6063.585914999247,6360.535043997923,296.9491289986763,past_due,
218,13.366198192829703,6082.352941176469,6089.471540987492,6388.361640004208,298.8900990167167,past_due,
219,46.88237453960281,6108.235294117646,6115.35874697566,6408.908921979135,293.5501750034746,past_due,
220,29.36117550550712,6134.117647058823,6141.2450650036335,6434.699936021818,293.45487101818435,past_due,
221,80.44995238322151,6159.999999999999,6167.131805986166,6460.6136739794165,293.4818679932505,past_due,
222,13.312764439483468,6187.499999999999,6194.635544985533,6488.037668978097,293.40212399256416,past_due,
223,46.94284139887981,6214.999999999999,6222.139693021774,6515.734024036676,293.5943310149014,past_due,
224,63.01001354584013,6242.499999999999,6249.642421007156,6543.020802007522,293.37838100036606,past_due,
225,29.5144746329266,6269.999999999999,6277.152406007052,6570.762513015187,293.61010700813495,past_due,
226,97.92005381550376,6297.499999999999,6304.656404018402,6598.068042024039,293.41163800563663,past_due,
227,95.2693637452216,6324.999999999999,6332.160944998264,6625.818498991663,293.6575539933983,past_due,
228,79.59803405858307,6352.499999999999,6359.66428899765,6652.976538993884,293.31224999623373,past_due,
229,46.97583075285848,6379.999999999999,6387.169113010168,6681.606814009137,294.4377009989694,past_due,
230,29.229154679497643,6407.499999999999,6414.67240601778,6708.038160001161,293.3657539833803,past_due,
231,29.41395535857925,6434.999999999999,6442.176479995251,6735.802689978154,293.6262099829037,past_due,
232,80.76987052373578,6462.499999999999,6469.679917007685,6762.954906999599,293.2749899919145,past_due,
233,80.04677963164299,6489.999999999999,6497.184248000383,6791.555505012628,294.3712570122443,past_due,
234,30.838663836901294,6517.499999999999,6524.689059019089,6818.406087999698,293.71702898060903,past_due,
235,31.027943478550345,6544.999999999999,6552.191914975643,6845.6032069658395,293.41129199019633,past_due,
236,61.81494173599565,6572.499999999999,6579.695928007364,6873.140496997163,293.4445689897984,past_due,
237,29.58074585617927,6599.999999999999,6607.200174987316,6901.874671968631,294.6744969813153,past_due,
238,62.90641062676485,6636.666666666666,6643.871856987476,6938.389376987703,294.5175200002268,past_due,
239,63.43776624991843,6673.333333333332,6680.54282400012,6975.09877298912,294.55594898900017,past_due,
240,30.55770590783655,6709.999999999999,6717.213410019875,7011.900434017414,294.68702399753965,past_due,
241,13.415959870417904,6746.666666666666,6753.884977996349,7047.985988014843,294.101010018494,past_due,
242,79.19452410919834,6783.333333333332,6790.556176990271,7083.923835004447,293.3676580141764,past_due,
243,13.195756264866777,6819.999999999999,6827.227210998535,7107.054800982587,279.8275899840519,done,
244,80.69627662078604,6856.666666666666,6863.898570984602,7107.308243998559,243.4096730139572,done,
245,31.252483073216943,6893.333333333332,6900.57040399313,7195.079556991346,294.50915299821645,past_due,
246,47.52385157866233,6929.999999999999,6937.242238998413,7230.6626409823075,293.4204019838944,past_due,
247,14.280772697511654,6966.666666666666,6973.914339005947,7267.308725017589,293.3943860116415,past_due,
248,45.57360548494842,7003.333333333332,7010.585759997368,7304.241998002864,293.65623800549656,past_due,
249,97.63678528809784,7039.999999999999,7047.255221009255,7330.53945300053,283.2842319912743,done,
250,62.63462940324772,7069.333333333332,7076.591724008322,7330.854844013229,254.26312000490725,done,
251,63.211936201927095,7098.666666666666,7105.929915010929,7400.57198200142,294.642066990491,past_due,
252,46.74373736917729,7127.999999999999,7135.267187982798,7429.566111993743,294.2989240109455,past_due,
253,28.184199490138138,7157.333333333332,7164.603899002075,7459.200071987696,294.5961729856208,past_due,
254,78.40997521805875,7186.666666666666,7193.941100001335,7488.593748009531,294.6526480081957,past_due,
255,96.11451183974356,7215.999999999999,7223.278443992138,7516.669877973152,293.3914339810144,past_due,
256,15.04416103003371,7245.333333333332,7252.615561008453,7546.192867999664,293.5773069912102,past_due,
257,96.61063507157932,7274.666666666666,7281.95428198576,7575.546373984776,293.5920919990167,past_due,
258,96.66594974020973,7303.999999999999,7311.289843976498,7604.3498059923295,293.05996201583184,past_due,
259,96.3777491953726,7333.333333333332,7340.627478986978,7634.160693005658,293.53321401868016,past_due,
260,96.87075087840093,7362.666666666666,7369.966334998608,7663.591835022671,293.6255000240635,past_due,
261,14.874466031642577,7391.999999999999,7399.304027974606,7696.769597954582,297.46556997997686,past_due,
262,78.64330877361144,7421.333333333332,7428.6415330171585,7721.958148034988,293.31661501782946,past_due,
263,47.256389656733546,7450.666666666666,7457.981128007173,7751.4790229850905,293.4978949779179,past_due,
264,97.5404170173759,7479.999999999999,7487.318986982107,7780.89700896712,293.57802198501304,past_due,
265,12.235302910296234,7503.157894736842,7510.484436005354,7803.884288996924,293.3998529915698,past_due,
266,14.537737082493868,7526.315789473683,7533.646324008703,7827.1218249860685,293.4755009773653,past_due,
267,79.22357829734595,7549.473684210526,7556.807173013687,7850.193477008026,293.38630399433896,past_due,
268,14.16455948658215,7572.631578947367,7579.9680680036545,7873.390445992118,293.42237798846327,past_due,
269,62.18623958435862,7595.78947368421,7603.12998598814,7896.540342988679,293.4103570005391,past_due,
270,80.34454887713584,7618.947368421052,7626.291247993708,7919.66797799198,293.3767299982719,past_due,
271,79.0647563687765,7642.105263157894,7649.453684002161,7942.811789004132,293.3581050019711,past_due,
272,15.697456999763933,7665.263157894736,7672.614851981401,7965.921878975118,293.30702699371614,past_due,
273,81.05215809695167,7688.421052631578,7695.77628198266,7991.340657975059,295.5643759923987,past_due,
274,96.389234523992,7711.57894736842,7718.938661009073,8012.334110009018,293.3954489999451,past_due,
275,14.145592468117826,7734.736842105262,7742.099422991276,8035.380076966947,293.2806539756712,past_due,
276,63.80324806692676,7757.894736842104,7765.260596990585,8058.675570993684,293.4149740030989,past_due,
277,78.31980748968398,7781.052631578947,7788.421807974577,8085.506073974306,297.0842659997288,past_due,
278,46.46178564551495,7804.210526315788,7811.582839995623,8104.809148999862,293.22630900423974,past_due,
279,62.48128379228406,7827.368421052631,7834.745302021503,8128.105700026965,293.3603980054613,past_due,
280,30.574230846831192,7850.526315789472,7857.907066017389,8151.357248001033,293.45018198364414,past_due,
281,64.47590678777755,7873.684210526315,7881.068271011114,8174.608114998788,293.5398439876735,past_due,
282,13.623355084667976,7896.842105263157,7904.231678009033,8197.85840301332,293.62672500428744,past_due,
283,47.658715085402136,7919.999999999999,7927.393557995558,8220.708281992003,293.31472399644554,past_due,
284,30.96159876712791,7951.428571428571,7958.826456993818,8252.127667004941,293.30121001112275,past_due,
285,14.927339148715468,7982.857142857142,7990.258994996548,8283.629890986485,293.3708959899377,past_due,
286,96.07989764452049,8014.285714285713,8021.691841989756,8315.021926987916,293.3300849981606,past_due,
287,30.312255130701956,8045.714285714284,8053.123688995838,8346.386216989486,293.2625279936474,past_due,
288,96.99678950222447,8077.142857142856,8084.561792999506,8377.885726990411,293.32393399090506,past_due,
289,30.794139725683937,8108.5714285714275,8115.993807017803,8409.231673007598,293.2378659897949,past_due,
290,96.85609996989676,8139.999999999998,8147.427258998156,8440.711678980384,293.2844199822284,past_due,
291,13.061355644435682,8171.42857142857,8178.860484987497,8472.32776398724,293.4672789997421,past_due,
292,78.5035317343545,8202.857142857141,8210.293318986893,8504.021969010588,293.7286500236951,past_due,
293,79.90723796049836,8234.285714285712,8241.727196991444,8537.870145986555,296.1429489951115,past_due,
294,31.186050670866944,8265.714285714284,8273.15985700488,8566.80998000456,293.6501229996793,past_due,
295,13.571267085431886,8297.142857142855,8304.591908991337,8598.191370982444,293.5994619911071,past_due,
296,63.08366262619574,8328.571428571428,8336.025050997734,8629.665493015666,293.6404420179315,past_due,
297,95.68637229293104,8359.999999999998,8367.458229988813,8661.072235978907,293.6140059900936,past_due,
298,30.29628408063915,8393.846153846152,8401.308502018452,8694.876098021865,293.5675960034132,past_due,
299,46.85191514490637,8427.692307692307,8435.159942001104,8728.970175998751,293.8102339976467,past_due,
300,65.19247829660196,8461.53846153846,8469.011512994766,8762.545515989186,293.53400299442,past_due,
301,79.9858500296675,8495.384615384613,8502.862107008696,8796.405069995672,293.5429629869759,past_due,
302,47.028548860081344,8529.230769230768,8536.712170004845,8834.886625999585,298.17445599474013,past_due,
303,30.109226650583324,8563.076923076922,8570.563751995564,8863.95053198305,293.3867799874861,past_due,
304,11.845170584216646,8596.923076923074,8604.413435995579,8897.613928010454,293.20049201487564,past_due,
305,47.62980652353189,8630.769230769229,8672.115626990795,8930.96664997423,258.8510229834356,done,
306,13.51045446856534,8664.615384615383,8638.26312598586,8931.40825099009,293.14512500423007,past_due_client,None
307,63.19750929547519,8698.461538461537,8705.984534978867,9002.713608984137,296.7290740052704,past_due,
308,97.48445818375087,8732.30769230769,8739.833905011415,9033.267783000134,293.43387798871845,past_due,
309,62.50902229070252,8766.153846153844,8773.683919996023,9067.602267011302,293.9183470152784,past_due,
310,95.54092056939412,8799.999999999998,8807.533335000277,9100.746953977738,293.213618977461,past_due,
311,46.08565719051245,8825.882352941175,8833.42212599516,9127.07861499209,293.6564889969304,past_due,
312,63.09849331075777,8851.764705882351,8859.30757600069,9152.583788993768,293.27621299307793,past_due,
313,44.73741506427937,8877.647058823528,8885.19453600049,9178.601748012006,293.4072120115161,past_due,
314,45.618957021799126,8903.529411764704,8911.080549001694,9204.40034300182,293.3197940001264,past_due,
315,63.769070146610936,8929.411764705881,8936.97034201026,9230.28884103545,293.31849902519025,past_due,
316,29.38802399852943,8955.294117647058,8962.857151001692,9256.349096021615,293.49194501992315,past_due,
317,81.73396110707293,8981.176470588234,8988.743052005768,9282.55144201382,293.8083900080528,past_due,
318,46.44660155849082,9007.05882352941,9014.6306129992,9308.272621996468,293.6420089972671,past_due,
319,63.518301719249806,9032.941176470586,9040.51571699977,9333.819154996425,293.3034379966557,past_due,
320,29.49112001222517,9058.823529411762,9066.402599990368,9359.721960983705,293.3193609933369,past_due,
321,96.72319984117075,9084.70588235294,9092.28788498044,9385.519630958559,293.23174597811885,past_due,
322,79.78405409670594,9110.588235294115,9118.175478994846,9411.810034006368,293.634555011522,past_due,
323,78.87155238919809,9136.470588235292,9144.061361014845,9437.572866020726,293.5115050058812,past_due,
324,32.5904825124539,9162.352941176468,9169.948841005564,9463.385112988064,293.4362719825004,past_due,
325,13.907955599575487,9188.235294117643,9195.83439001441,9489.145169015741,293.31077900133096,past_due,
326,45.93828477770956,9214.117647058822,9221.721956014631,9519.515080031239,297.7931240166072,past_due,
327,29.165453649243616,9239.999999999998,9247.607713013887,9541.129740014905,293.5220270010177,past_due,
328,80.06151667721457,9273.846153846152,9281.457850009205,9575.071398021422,293.6135480122175,past_due,
329,44.99177840219309,9307.692307692309,9315.307664990423,9608.866873997495,293.55920900707133,past_due,
330,30.609680155439,9341.53846153846,9349.159126996994,9642.711275007343,293.5521480103489,past_due,
331,14.46299817819622,9375.384615384612,9383.010479986668,9676.52130300249,293.5108230158221,past_due,
332,97.80842146985452,9409.230769230768,9416.859358996153,9712.995868012076,296.13650901592337,past_due,
333,46.15444183154957,9443.076923076922,9450.71044999361,9744.271066985792,293.5606169921812,past_due,
334,95.96623966279074,9476.923076923074,9484.561204016209,9778.079431017395,293.51822700118646,past_due,
335,47.13245192855809,9510.769230769229,9518.412025988102,9811.933468991658,293.52144300355576,past_due,
336,31.97430133925529,9544.615384615385,9552.261086016892,9845.562041020252,293.3009550033603,past_due,
337,97.2447870166168,9578.461538461535,9586.110318005083,9884.087172000434,297.9768539953511,past_due,
338,98.6230856852718,9612.30769230769,9619.961259007454,9913.499915995402,293.53865698794834,past_due,
339,30.9184217483428,9646.153846153844,9653.813064992428,9947.471596990945,293.658531998517,past_due,
340,96.57798506079402,9679.999999999998,9687.664115995169,9981.970282989088,294.30616699391976,past_due,
341,29.740006670231395,9704.444444444443,9712.1120570004,10006.450390013402,294.33833301300183,past_due,
342,45.29699628209526,9728.888888888889,9736.560891002417,10031.022072011372,294.46118100895546,past_due,
343,13.971128840455826,9753.333333333332,9761.009440004826,10055.446071990998,294.43663198617287,past_due,
344,96.44569459407757,9777.777777777776,9785.45781198144,10079.702939977404,294.24512799596414,past_due,
345,30.520628921547,9802.22222222222,9809.90596100688,10104.13431402063,294.22835301375017,past_due,
346,79.65040516964653,9826.666666666664,9834.35432100296,10129.185493013123,294.83117201016285,past_due,
347,80.3742099938389,9851.11111111111,9858.802615970371,10152.123306979656,293.32069100928493,past_due,
348,79.11866592517288,9875.555555555551,9883.25074198842,10176.72884196695,293.4780999785289,past_due,
349,31.129496717042198,9899.999999999998,9907.698172986507,10201.073456990067,293.3752840035595,past_due,
350,63.60045652166816,9924.444444444443,9932.146156996489,10225.42008498963,293.2739279931411,past_due,
351,95.41987268968198,9948.888888888889,9956.601907998323,10250.259116994916,293.6572089965921,past_due,
352,47.71192948593803,9973.333333333332,9981.05032798648,10275.198039000856,294.1477110143751,past_due,
353,79.86706699680587,9997.777777777776,10005.498221993446,10298.921387997223,293.4231660037767,past_due,
354,30.629075034840486,10022.22222222222,10029.946489989758,10323.414615998277,293.4681260085199,past_due,
355,12.75045137980261,10046.666666666664,10054.395512998104,10347.722913982812,293.3274009847082,past_due,
356,97.4038756733753,10071.11111111111,10078.842777997255,10372.013113001361,293.17033500410616,past_due,
357,31.45000512069154,10095.555555555551,10103.29098302126,10396.382763003465,293.0917799822055,past_due,
358,29.867377112352145,10119.999999999998,10127.740263998508,10422.359101999551,294.6188380010426,past_due,
359,12.347615255955148,10149.333333333332,10157.078266978264,10451.622350975871,294.54408399760723,past_due,
360,80.7930753245252,10178.666666666664,10186.415845006704,10480.950370025821,294.5345250191167,past_due,
361,79.41028226365242,10207.999999999998,10215.753097981216,10510.194233959775,294.44113597855903,past_due,
362,95.14432220519892,10237.333333333332,10245.090164005756,10539.384678000584,294.29451399482787,past_due,
363,64.04774807033749,10266.666666666664,10274.426108002664,10569.134041996442,294.70793399377726,past_due,
364,95.73575911926056,10295.999999999998,10303.764696002008,10597.205630010694,293.4409340086859,past_due,
365,30.20412438352973,10325.333333333332,10333.10671800375,10626.692636032589,293.58591802883893,past_due,
366,14.823270078661366,10354.666666666664,10362.444150984287,10655.92752096802,293.4833699837327,past_due,
367,63.56927295077276,10383.999999999998,10391.780576974154,10685.08548899251,293.30491201835684,past_due,
368,13.586008288906378,10413.333333333332,10421.11835500598,10714.536381011363,293.4180260053836,past_due,
369,47.37803755228847,10442.666666666664,10450.456429988146,10743.978278990136,293.52184900199063,past_due,
370,63.05029725939268,10471.999999999998,10479.794099986551,10777.422147979027,297.62804799247533,past_due,
371,48.0617420946454,10501.333333333332,10509.131063997746,10802.551084983395,293.4200209856499,past_due,
372,13.381553555221297,10530.666666666664,10538.4687590003,10831.766632984856,293.29787398455665,past_due,
373,14.258184819095948,10559.999999999998,10567.806905001402,10861.398320016218,293.59141501481645,past_due,
374,46.78914875733392,10583.15789473684,10590.968793004751,10884.365193030564,293.3964000258129,past_due,
375,29.667108935992808,10606.315789473683,10614.13073399663,10907.506182000274,293.3754480036441,past_due,
376,30.855620690172938,10629.473684210525,10637.292067974806,10930.561512988526,293.26944501372054,past_due,
377,29.81095477976316,10652.631578947368,10660.454467982054,10954.042056978215,293.5875889961608,past_due,
378,31.406740238057203,10675.789473684208,10683.615868985651,10976.995078979524,293.3792099938728,past_due,
379,64.32442447607852,10698.947368421052,10706.77687999606,11000.22694699047,293.45006699441,past_due,
380,46.03868262294528,10722.105263157891,10729.938675016165,11023.420693010557,293.48201799439266,past_due,
381,45.73446479731164,10745.263157894737,10753.100205987692,11046.388234961312,293.2880289736204,past_due,
382,95.9030274722,10768.421052631576,10776.2619599998,11069.859018014511,293.59705801471137,past_due,
383,11.970657391884345,10791.57894736842,10799.42271399498,11092.689935970819,293.2672219758388,past_due,
384,63.5855810240628,10814.736842105262,10822.583528995514,11115.786708981963,293.20317998644896,past_due,
385,14.182754757197213,10837.894736842103,10845.74427601695,11139.23073601257,293.48645999561995,past_due,
386,62.99076704288703,10861.052631578945,10868.906179010868,11163.82170201256,294.9155230016913,past_due,
387,96.3601257513684,10884.210526315788,10892.068316996098,11190.156066975556,298.08774997945875,past_due,
388,13.637162627546402,10907.36842105263,10915.230164021254,11208.587430018,293.3572659967467,past_due,
389,30.188198235943503,10930.526315789471,10938.391335994003,11231.833985993637,293.44264999963343,past_due,
390,47.41893373716983,10953.684210526311,10961.553086012602,11254.869537030347,293.31645101774484,past_due,
391,30.36906112129661,10976.842105263157,10984.714599996803,11278.004330991533,293.2897309947293,past_due,
392,13.269455215725202,10999.999999999998,11007.875891000032,11301.326128979446,293.45023797941394,past_due,
393,14.48906059788458,11025.882352941177,11033.764012992382,11327.366506001912,293.60249300953,past_due,
394,47.19979182588951,11051.764705882351,11059.650123000143,11352.941853980998,293.2917309808545,past_due,
395,80.52616459201627,11077.647058823528,11085.536644011736,11378.933130010264,293.3964859985281,past_due,
396,13.860984601016916,11103.529411764704,11111.422241985798,11404.664698988432,293.2424570026342,past_due,
397,47.9264564404169,11129.41176470588,11137.309368997812,11430.731136999093,293.4217680012807,past_due,
398,46.47721043192495,11155.294117647058,11163.196798980236,11456.281149976887,293.0843509966508,past_due,
399,64.2655674755645,11181.176470588234,11189.083683013916,11482.85643002647,293.77274701255374,past_due,
400,63.4841306284631,11207.05882352941,11214.969287991524,11508.35180199775,293.3825140062254,past_due,
401,47.17781541491091,11232.941176470586,11240.855827987194,11534.418897995725,293.5630700085312,past_due,
402,95.56842834542245,11258.823529411762,11266.742578983309,11560.083153001966,293.3405740186572,past_due,
403,29.850195634815957,11284.70588235294,11292.629106998444,11586.112489002058,293.4833820036147,past_due,
404,62.87138742207184,11310.588235294115,11318.515549004078,11612.114585991949,293.59903698787093,past_due,
405,79.47058974244877,11336.470588235292,11344.401690006256,11637.811134019634,293.40944401337765,past_due,
406,64.94862011189738,11362.352941176468,11370.288691997528,11663.75675799395,293.4680659964215,past_due,
407,62.42404012849183,11388.235294117643,11396.173891991377,11689.466334997443,293.2924430060666,past_due,
408,96.2779869980845,11414.117647058822,11422.059570997952,11719.758352998177,297.69878200022504,past_due,
409,64.29570149587573,11439.999999999998,11447.945574998856,11741.389429984381,293.44385498552583,past_due,
410,45.35721460238337,11473.846153846152,11481.79545801878,11775.270698022097,293.4752400033176,past_due,
411,63.615569278883406,11507.692307692309,11515.644344002008,11808.860963002313,293.2166190003045,past_due,
412,64.11787073117651,11541.53846153846,11549.493962973356,11843.015434964327,293.5214719909709,past_due,
413,12.161133877808815,11575.384615384612,11583.34476301074,11876.892579032341,293.54781602160074,past_due,
414,47.33435332258683,11609.230769230768,11617.19920501113,11910.738679001806,293.5394739906769,past_due,
415,14.017599568873194,11643.076923076922,11651.059372007849,11944.609044009821,293.5496720019728,past_due,
416,15.308174150817738,11676.923076923074,11684.910434007645,11978.320731985616,293.4102979779709,past_due,
417,30.98568344050699,11710.769230769229,11786.462518006563,11999.435698029818,212.97318002325483,done,
418,64.06976613863733,11744.615384615385,11752.611496001482,11999.772750026314,247.1612540248316,done,
419,14.199455042607555,11778.461538461535,11718.761943995953,11999.908360000001,281.14641600404866,done,
420,64.44271804085002,11812.30769230769,11820.311947971582,12113.749817958102,293.4378699865192,past_due,
421,80.35974266557857,11846.153846153844,11854.161143004894,12147.584746992216,293.42360398732126,past_due,
422,30.027393250953946,11879.999999999998,11888.01121199131,12169.058174997102,281.04696300579235,done,
423,62.36383030346101,11919.999999999998,11968.01811298728,12169.26390199596,201.24578900868076,done,
424,46.6944558621226,11959.999999999998,11928.014286994934,12169.448233992793,241.43394699785856,done,
425,46.81789646358607,11999.999999999998,12088.030034005642,12280.018946009222,191.98891200358048,done,
426,45.42747902158069,12039.999999999998,12128.034136980772,12280.230825994862,152.19668901409025,done,
427,63.3926737503979,12079.999999999998,12008.021476984024,12280.561570994789,272.54009401076473,done,
428,13.46684499958654,12119.999999999998,12048.02544900775,12280.729659015546,232.7042100077961,done,
429,30.679307812212983,12159.999999999998,12248.04577100277,12430.886465996271,182.84069499350156,done,
430,13.52702136425266,12199.999999999998,12208.04208099842,12431.164725993294,223.12264499487355,done,
431,96.65129967777946,12239.999999999998,12168.038153976202,12431.368032978615,263.3298790024128,done,
432,12.868044285123933,12279.999999999998,12288.04950299859,12540.877594992751,252.8280919941608,done,
433,62.140664641607735,12319.999999999998,12328.05314400792,12541.052157027645,212.99901301972568,done,
434,13.7296261647169,12353.846153846152,12361.903382003307,12541.224917982705,179.3215359793976,done,
435,49.30026506091786,12387.692307692309,12395.752923995256,12541.325981986243,145.57305799098685,done,
436,14.695503319756943,12421.53846153846,12429.603854000568,12684.466640009312,254.8627860087436,done,
437,28.402116613293767,12455.384615384612,12463.452628999949,12684.877889999188,221.42526099924,done,
438,79.7557747060199,12489.230769230768,12531.155650019646,12684.984763017856,153.8291129982099,done,
439,48.25643994425054,12523.076923076922,12497.3040689826,12685.313210985156,188.00914200255647,done,
440,79.03333420052361,12556.923076923074,12565.006168991327,12858.493848000886,293.48767900955863,past_due,
441,14.122955873097457,12590.769230769229,12666.558349996803,12860.729877019066,194.17152702226304,done,
442,30.75417631619127,12624.615384615385,12632.706932991745,12861.081315007063,228.37438201531768,done,
443,98.14720871529532,12658.461538461535,12598.857428997757,12861.194063009929,262.336634012172,done,
444,96.26313304477858,12692.30769230769,12700.409692019224,12994.023784011137,293.6140919919126,past_due,
445,46.70964632623008,12726.153846153844,12734.26039800048,13027.777510004818,293.51711200433783,past_due,
446,81.92486176056147,12759.999999999998,12768.109180003405,13061.291584016755,293.1824040133506,past_due,
447,79.88053024639562,12785.882352941177,12845.767312020063,13086.146798020229,240.37948600016531,done,
448,97.35705289299224,12811.764705882351,12819.881359010937,13086.394318013221,266.51295900228433,done,
449,46.77228694208309,12837.647058823528,12793.995495021343,13086.514865027973,292.5193700066302,done,
450,29.46845534494022,12863.529411764704,12871.653739005327,13165.082901998889,293.4291629935615,past_due,
451,95.94791377594431,12889.41176470588,12897.539220005274,13190.81806098693,293.2788409816567,past_due,
452,46.06205002379909,12915.294117647058,12923.4240449965,13216.621989989653,293.1979449931532,past_due,
453,79.70473411175321,12941.176470588234,12949.310408979654,13242.790712991264,293.4803040116094,past_due,
454,47.275641390524704,12967.05882352941,12975.195499002934,13268.373927986016,293.178428983083,past_due,
455,47.01199214337954,12992.941176470586,13001.082439988852,13294.813514972804,293.73107498395257,past_due,
456,79.58007001169078,13018.823529411762,13026.968986004593,13320.210730021588,293.24174401699565,past_due,
457,96.8068608923342,13044.70588235294,13052.856049001217,13347.101702990709,294.245653989492,past_due,
458,63.06648889856928,13070.588235294115,13078.742123007774,13374.150505990488,295.4083829827141,past_due,
459,28.92105919291768,13096.470588235292,13104.6276820004,13401.890074996745,297.2623929963447,past_due,
460,80.84495618480388,13122.352941176468,13130.514865994452,13429.050100987775,298.5352349933237,past_due,
461,62.65509660116244,13148.235294117643,13156.399911016226,13449.79185102554,293.39194000931457,past_due,
462,13.1603314605796,13174.117647058822,13182.287152022123,13475.930614028126,293.64346200600266,past_due,
463,29.605544666130044,13199.999999999998,13208.17245799303,13501.54893100448,293.376473011449,past_due,
464,30.73524005162636,13227.499999999998,13235.676645994186,13529.214934003772,293.5382880095858,past_due,
465,96.56288317595224,13254.999999999998,13263.183383017778,13556.510642994428,293.32725997664966,past_due,
466,80.43014684584234,13282.499999999998,13290.68808799982,13584.349921012996,293.66183301317506,past_due,
467,95.7815436981632,13309.999999999998,13318.190488010643,13611.540125020312,293.3496370096691,past_due,
468,79.63162452820256,13337.499999999998,13345.696492999792,13639.308607997606,293.6121149978135,past_due,
469,97.22339161685883,13364.999999999998,13373.20085901022,13666.611016009236,293.4101569990162,past_due,
470,96.20203894807008,13392.499999999998,13400.706028997898,13694.147028984968,293.4409999870695,past_due,
471,96.67993991792969,13419.999999999998,13428.209384977818,13721.537454972276,293.32806999445893,past_due,
472,32.15321849716354,13447.499999999998,13455.7133589983,13750.86123400205,295.1478750037495,past_due,
473,46.5809797840549,13474.999999999998,13483.21812698245,13776.799471984617,293.5813450021669,past_due,
474,95.8277952593122,13502.499999999998,13510.721448004246,13804.060829988215,293.33938198396936,past_due,
475,30.385435807977213,13529.999999999998,13538.225538998842,13831.694340012502,293.4688010136597,past_due,
476,62.67813478341241,13557.499999999998,13565.72925800085,13858.993145987391,293.2638879865408,past_due,
477,97.03824620604436,13584.999999999998,13593.237984001637,13886.656800990924,293.41881698928773,past_due,
478,78.58487683355501,13612.499999999998,13620.741258978844,13914.281717988662,293.54045900981873,past_due,
479,28.80302905683756,13639.999999999998,13648.246004015207,13941.923904030817,293.67790001560934,past_due,
480,30.94024210740326,13673.846153846152,13682.09623900056,13975.747467014475,293.6512280139141,past_due,
481,30.715516192793636,13707.692307692309,13715.944977015257,14009.255683024181,293.31070600892417,past_due,
482,13.495991253284728,13741.53846153846,13749.795603990557,14043.31508897571,293.5194849851541,past_due,
483,79.26350106489495,13775.384615384612,13783.64613300562,14077.30686897901,293.6607359733898,past_due,
484,62.5597214451812,13809.230769230768,13817.516070991756,14112.514674981127,294.99860398937017,past_due,
485,79.83208260707833,13843.076923076922,13851.366635978222,14136.054122979287,284.6874870010652,done,
486,13.03960808901035,13876.923076923074,13885.218192994596,14178.668584991481,293.4503919968847,past_due,
487,47.31549834521117,13910.769230769229,13919.068480998278,14212.471860995749,293.40337999747135,past_due,
488,95.46249144537482,13944.615384615385,13952.917449980974,14249.80005099927,296.8826010182965,past_due,
489,62.85229872191011,13978.461538461535,13986.767681002617,14280.378651987063,293.6109709844459,past_due,
490,95.87729889368114,14012.30769230769,14020.6191919744,14314.254751970291,293.6355599958915,past_due,
491,62.73886725943981,14046.153846153844,14054.471653997898,14348.065665016184,293.5940110182855,past_due,
492,80.17426174397878,14079.999999999998,14088.319858014584,14381.44254000741,293.122681992827,past_due,
493,31.29394890081582,14119.999999999998,14128.325025975704,14409.73908997234,281.4140639966354,done,
494,79.52496761102185,14159.999999999998,14168.33074399829,14462.07872301084,293.7479790125508,past_due,
495,13.682573973844269,14199.999999999998,14208.336221009493,14501.892562008696,293.5563409992028,past_due,
496,14.325310401892864,14239.999999999998,14248.340902000666,14541.933963011717,293.59306101105176,past_due,
497,80.5651771007529,14279.999999999998,14288.34347102046,14581.569373007631,293.2259019871708,past_due,
498,63.46737388878961,14319.999999999998,14328.348337978125,14595.339915991528,266.99157801340334,done,
499,46.20352467375308,14359.999999999998,14368.353147983553,14595.54781400203,227.1946660184767,done,
500,14.438978916192582,14399.999999999998,14408.359196990728,14705.294806998223,296.9356100074947,past_due,
501,30.155873879511457,14439.999999999998,14448.3622879982,14741.772216997808,293.4099289996084,past_due,
502,14.370016927555652,14479.999999999998,14488.367616981268,14782.070374985924,293.70275800465606,past_due,
503,63.13111923863613,14519.999999999998,14550.375910013914,14818.819211013848,268.44330099993385,done,
504,96.7558412869463,14541.999999999998,14528.372726976871,14819.074536956381,290.7018099795096,done,
505,78.69962694413373,14563.999999999998,14572.3790230155,14819.307393020252,246.92837000475265,done,
506,47.89343549847823,14585.999999999998,14594.382907003164,14887.659286004491,293.27637900132686,past_due,
507,62.33414209910998,14607.999999999998,14616.385583013296,14909.640991016757,293.2554080034606,past_due,
508,62.3027186607291,14629.999999999998,14638.38910099864,14931.636661008699,293.2475600100588,past_due,
509,30.539714006178645,14651.999999999998,14660.393139004707,14953.730615997454,293.3374769927468,past_due,
510,46.64874716670774,14673.999999999998,14682.396318018436,14975.725806009723,293.32948799128644,past_due,
511,96.24776616286027,14695.999999999998,14704.3995949924,14997.703899992164,293.304304999765,past_due,
512,31.362144072767425,14717.999999999998,14726.403333991766,15019.71423100913,293.31089701736346,past_due,
513,62.40070433702949,14739.999999999998,14748.406561017036,15041.715390032623,293.3088290155865,past_due,
514,96.9795546893699,14761.999999999998,14770.410072982311,15063.688447982538,293.27837500022724,past_due,
515,97.05591272852833,14783.999999999998,14792.414921998978,15085.786764998455,293.37184299947694,past_due,
516,64.20858984369866,14805.999999999998,14814.418641984465,15110.776536999272,296.3578950148076,past_due,
517,94.3777529979874,14827.999999999998,14836.421203017237,15129.665874035565,293.2446710183285,past_due,
518,47.062688605753976,14849.999999999998,14858.424158990383,15151.72392099863,293.29976200824603,past_due,
519,29.776718791308628,14871.999999999998,14880.427682995796,15173.810950994957,293.38326799916103,past_due,
520,30.324829149122216,14893.999999999998,14902.43184798956,15195.7754329741,293.34358498454094,past_due,
521,29.09364215892329,14915.999999999998,14924.435182988644,15217.763588986825,293.32840599818155,past_due,
522,46.38371359927617,14937.999999999998,14946.438648998736,15239.7228739853,293.2842249865644,past_due,
523,79.36739729284042,14959.999999999998,14968.441967993977,15261.7514909904,293.30952299642377,past_due,
524,96.0252576184782,14981.999999999998,14990.446489989758,15283.784264976624,293.33777498686686,past_due,
525,80.32573870123178,15003.999999999998,15012.449654996395,15305.760061992565,293.31040699617006,past_due,
526,63.9229136087566,15025.999999999998,15034.453717976809,15327.717355961446,293.26363798463717,past_due,
527,64.18381586040981,15047.999999999998,15056.457688003778,15349.814784005051,293.357096001273,past_due,
528,14.511014256872889,15069.999999999998,15078.461694985628,15371.708718990441,293.2470240048133,past_due,
529,96.63866763121088,15091.999999999998,15100.46535000205,15393.854247002164,293.3888970001135,past_due,
530,12.819544028838637,15113.999999999998,15122.4697239995,15415.775388002628,293.3056640031282,past_due,
531,63.8215657082708,15135.999999999998,15144.472791999578,15437.785204016836,293.3124120172579,past_due,
532,96.187236251897,15157.999999999998,15166.47670701146,15464.301222012144,297.8245150006842,past_due,
533,46.53015137136403,15179.999999999998,15188.47972598672,15482.649326981511,294.16960099479184,past_due,
534,79.17381741665578,15201.999999999998,15210.4836319983,15503.894765983801,293.4111339855008,past_due,
535,64.79960727900533,15223.999999999998,15232.4880309999,15525.842943981059,293.3549129811581,past_due,
536,96.90547602407857,15245.999999999998,15254.490897983313,15547.74289498874,293.25199700542726,past_due,
537,96.69549469516032,15267.999999999998,15276.493974000216,15574.486288998043,297.99231499782763,past_due,
538,63.50066406818208,15289.999999999998,15298.497005999088,15592.786850982811,294.289844983723,past_due,
539,96.95943623406794,15311.999999999998,15320.50035700202,15613.854690991575,293.354333989555,past_due,
540,96.77152707846392,15333.999999999998,15342.509122997522,15635.733458994888,293.2243359973654,past_due,
541,97.26550461979863,15355.999999999998,15364.512581974268,15657.850712988293,293.33813101402484,past_due,
542,79.73895802332116,15377.999999999998,15386.516653001308,15684.26499099587,297.74833799456246,past_due,
543,62.70000133786707,15399.999999999998,15408.520577013493,15702.80280601955,294.2822290060576,past_due,
544,80.27174342794251,15418.333333333332,15426.857351005076,15720.935425022382,294.0780740173068,past_due,
545,14.593407593941915,15436.666666666664,15445.193722993135,15739.489941017237,294.2962180241011,past_due,
546,95.22184151118633,15454.999999999998,15463.530126988888,15757.939419971779,294.4092929828912,past_due,
547,13.876523737368435,15473.333333333332,15481.866452991962,15776.141142999986,294.2746900080237,past_due,
548,13.74282121710229,15491.666666666664,15500.202986001968,15794.307022003923,294.1040360019542,past_due,
549,12.537862412163015,15509.999999999998,15518.540594995022,15812.66750299884,294.12690800381824,past_due,
550,47.975047354066405,15528.333333333332,15536.8776820004,15831.164866981331,294.2871849809308,past_due,
551,48.11960159919963,15546.666666666664,15555.213158994911,15849.560834977774,294.3476759828627,past_due,
552,12.60400586853806,15564.999999999998,15573.550419986248,15868.140656983713,294.5902369974647,past_due,
553,96.83886327430508,15583.333333333332,15591.887215018272,15885.103259014199,293.21604399592616,past_due,
554,96.59406456810292,15601.666666666664,15610.222306996584,15903.376880006399,293.15457300981507,past_due,
555,62.720540824616535,15619.999999999998,15628.558836996555,15922.015783990966,293.4569469944108,past_due,
556,13.832662216772956,15638.333333333332,15646.89557799697,15940.213103993796,293.3175259968266,past_due,
557,63.68204153539576,15656.666666666664,15665.231691002846,15958.436657004058,293.2049660012126,past_due,
558,13.941353259099497,15674.999999999998,15683.567911982536,15979.23331397702,295.66540199448355,past_due,
559,47.23646752461717,15693.333333333332,15701.904822975395,15995.056882956762,293.1520599813666,past_due,
560,47.04561278302568,15711.666666666664,15720.240671008823,16013.295404026749,293.0547330179252,past_due,
561,15.470123398992849,15729.999999999998,15738.57797601819,16031.832655028906,293.25467901071534,past_due,
562,13.291066880618724,15748.333333333332,15756.91460698843,16050.250423985999,293.33581699756905,past_due,
563,47.57782289568729,15766.666666666664,15775.250903993843,16068.467469996072,293.21656600222923,past_due,
564,79.28782951744672,15784.999999999998,15793.586865007876,16086.70192002179,293.11505501391366,past_due,
565,97.3361011880534,15803.333333333332,15811.927541017532,16108.406348012388,296.4788069948554,past_due,
566,13.806195858794402,15821.666666666664,15830.264034986496,16123.53392397915,293.26988899265416,past_due,
567,96.2952322111664,15839.999999999998,15848.600619018078,16141.976541996235,293.3759229781572,past_due,
568,28.73042047225499,15865.882352941177,15874.485550016165,16167.672443033429,293.1868930172641,past_due,
569,46.68012274154087,15891.764705882351,15900.371197998524,16193.626434987877,293.25523698935285,past_due,
570,97.20025973359076,15917.647058823528,15926.25821697712,16219.653567984467,293.3953510073479,past_due,
571,96.46382720360168,15943.529411764704,15952.1441360116,16245.347223011311,293.20308699971065,past_due,
572,63.83861182197667,15969.41176470588,15978.031491994858,16271.428447991144,293.3969559962861,past_due,
573,81.3055702959217,15995.294117647058,16003.916586995125,16297.242672021035,293.3260850259103,past_due,
574,12.797598995917015,16021.176470588234,16029.802876979113,16323.123710975517,293.320833996404,past_due,
575,13.080366818726397,16047.05882352941,16055.689926981926,16348.953036004445,293.2631090225186,past_due,
576,46.56425016725529,16072.941176470586,16081.575438976288,16374.953417965444,293.377978989156,past_due,
577,47.35508700052824,16098.823529411762,16107.461073994637,16405.402103968663,297.9410299740266,past_due,
578,63.71410782009953,16124.70588235294,16133.346854001284,16428.307082989486,294.9602289882023,past_due,
579,12.723696119049457,16150.588235294115,16159.233338981869,16452.568920966005,293.3355819841381,past_due,
580,13.101924293081025,16176.470588235292,16185.11958399415,16478.457573010586,293.33798901643604,past_due,
581,28.967438046883075,16202.352941176468,16211.00591698289,16504.29222699697,293.2863100140821,past_due,
582,78.1781887506104,16228.235294117643,16236.891504973171,16530.261313964147,293.369808990974,past_due,
583,46.86786448708375,16254.117647058822,16262.777531981468,16556.132336987415,293.3548050059471,past_due,
584,63.31178968479667,16279.999999999998,16288.66337698698,16582.085784981493,293.42240799451247,past_due,
585,28.87105972212472,16303.15789473684,16311.825776994228,16605.256596985273,293.4308199910447,past_due,
586,47.43562225546991,16326.31578947368,16334.986951977016,16628.359912971035,293.3729609940201,past_due,
587,14.069425161574664,16349.473684210525,16358.148386985064,16651.42076298734,293.2723760022782,past_due,
588,95.80344821993748,16372.631578947368,16381.31021001935,16674.74777002097,293.437560001621,past_due,
589,79.76969284392474,16395.78947368421,16404.47147101164,16697.883351015626,293.4118800039869,past_due,
590,78.83280025483914,16418.94736842105,16427.63225698471,16720.913456977345,293.2811999926344,past_due,
591,80.98729524146562,16442.105263157893,16450.793528974056,16744.059160978533,293.2656320044771,past_due,
592,45.96396620583019,16465.263157894733,16473.954649984837,16767.21905898815,293.26440900331363,past_due,
593,29.902235785196545,16488.421052631576,16497.11554801464,16790.39557902282,293.28003100818023,past_due,
594,13.33288215265249,16511.57894736842,16520.277143001556,16813.63218398136,293.35504097980447,past_due,
595,96.006493089025,16534.73684210526,16543.43854302168,16836.624149009353,293.1856059876736,past_due,
596,80.61031037128635,16557.894736842103,16566.59984600544,16859.849475006806,293.249629001366,past_due,
597,63.23064619438945,16581.052631578943,16589.76111701131,16883.198259023717,293.437142012408,past_due,
598,62.58339665770547,16604.210526315786,16612.923671990633,16906.34543198836,293.4217599977273,past_due,
599,45.48121615094093,16627.36842105263,16636.08546102047,16929.399145020638,293.313684000168,past_due,
600,81.12507459748363,16650.52631578947,16659.247058987617,16952.548716004472,293.30165701685473,past_due,
601,12.66802430334016,16673.684210526313,16682.408185988665,16975.85316700139,293.4449810127262,past_due,
602,30.338808490400076,16696.842105263153,16705.569395005703,16999.08353300602,293.5141380003188,past_due,
603,95.63352879786451,16719.999999999996,16728.73621800542,17023.006639994914,294.27042198949493,past_due,
604,45.91083876972419,16744.44444444444,16753.184011012316,17047.40701902029,294.2230080079753,past_due,
605,95.75924553535997,16768.888888888887,16777.632085978985,17071.891931956634,294.2598459776491,past_due,
606,95.9234788615981,16793.33333333333,16802.079568982124,17096.276256999234,294.1966880171094,past_due,
607,63.7879141466224,16817.777777777774,16826.527458012104,17120.92775901733,294.40030100522563,past_due,
608,80.92807050144796,16842.22222222222,16850.97523200512,17145.546803988516,294.571571983397,past_due,
609,15.120121363474569,16866.666666666664,16875.4225589931,17169.657503995346,294.2349450022448,past_due,
610,13.698457871220947,16891.111111111106,16899.870501995087,17193.346044008853,293.47554201376624,past_due,
611,29.885467341623997,16915.55555555555,16924.31898200512,17217.761682994664,293.4427009895444,past_due,
612,65.87040954049577,16939.999999999996,16948.76694700122,17242.153181990376,293.38623498915695,past_due,
613,46.24121653597511,16964.44444444444,16973.2149310112,17271.661806018557,298.44687500735745,past_due,
614,64.02539849937808,16988.888888888887,16997.66390299797,17291.289633990033,293.625730992062,past_due,
615,80.15533770541967,17013.33333333333,17022.116073012352,17315.328287991928,293.21221497957595,past_due,
616,95.66332261396956,17037.777777777774,17046.564438015223,17339.972802014556,293.40836399933323,past_due,
617,31.743654580369785,17062.22222222222,17071.013760983944,17364.408599996706,293.39483901276253,past_due,
618,61.72928249478959,17086.666666666664,17095.460873007774,17388.682975024218,293.2221020164434,past_due,
619,31.007843167864277,17111.111111111106,17119.909752994776,17413.22831200296,293.3185590081848,past_due,
620,31.607923340188886,17135.55555555555,17144.358382999897,17440.328269996215,295.96988699631765,past_due,
621,97.86437383026804,17159.999999999996,17168.80557101965,17462.20517700701,293.3996059873607,past_due,
622,13.176093702937806,17193.84615384615,17202.656756013632,17496.207647029543,293.5508910159115,past_due,
623,14.413124062330985,17227.692307692305,17236.506011992693,17529.81929799798,293.3132860052865,past_due,
624,14.301971375726772,17261.538461538457,17270.356327980757,17564.013006967492,293.65667898673564,past_due,
625,13.350718749883388,17295.384615384613,17304.20705601573,17597.78345001978,293.5763940040488,past_due,
626,62.79598627356973,17329.230769230766,17338.057307988405,17631.50283498899,293.44552700058557,past_due,
627,13.846687314087646,17363.07692307692,17371.90780800581,17667.109123026486,295.2013150206767,past_due,
628,80.29048352303415,17396.923076923074,17405.757907003164,17699.310437001288,293.55252999812365,past_due,
629,63.85910562647449,17430.769230769227,17439.607684016228,17732.802818015916,293.1951339996885,past_due,
630,48.76211813830604,17464.61538461538,17473.458003997803,17766.923614998814,293.465611001011,past_due,
631,30.23201910414414,17498.461538461535,17507.309607982635,17801.102449996863,293.79284201422706,past_due,
632,79.44957061765231,17532.307692307688,17541.159925997257,17839.3311809781,298.1712549808435,past_due,
633,29.56170284578164,17566.153846153844,17575.01200798154,17868.56981499889,293.55780701735057,past_due,
634,97.0787479876937,17599.999999999996,17608.862042993307,17902.289573000045,293.4275300067384,past_due,
635,31.328718941568823,17619.130434782604,17627.995662987232,17921.29099597456,293.29533298732713,past_due,
636,80.40909564175217,17638.260869565212,17647.12924900651,17940.402422017185,293.27317301067524,past_due,
637,30.773589878040884,17657.391304347824,17666.262979984283,17959.539502001833,293.2765220175497,past_due,
638,96.17211815464928,17676.521739130432,17685.395695984364,17978.56058298424,293.1648869998753,past_due,
639,29.44398836920173,17695.65217391304,17704.529909014702,17997.874090016587,293.34418100188486,past_due,
640,30.0140622058339,17714.78260869565,17723.66405299306,18016.90587698738,293.24182399432175,past_due,
641,81.41980527554487,17733.913043478256,17742.79704001546,18036.100169016747,293.30312900128774,past_due,
642,28.65130813769353,17753.043478260865,17761.931093007326,18055.337156989146,293.4060639818199,past_due,
643,79.81704469806948,17772.173913043476,17781.064437001944,18074.46392800007,293.39949099812657,past_due,
644,63.88191375854522,17791.304347826084,17800.19792100787,18093.485856005223,293.28793499735184,past_due,
645,98.0551135624758,17810.434782608692,17819.332771986723,18112.90535999555,293.57258800882846,past_due,
646,15.182802102933383,17829.5652173913,17838.466910988092,18131.68437300995,293.2174620218575,past_due,
647,63.35994885292022,17848.69565217391,17857.599778026342,18150.802401023684,293.2026229973417,past_due,
648,80.65220163220823,17867.826086956517,17876.733940005302,18170.150767020183,293.41682701488025,past_due,
649,47.68540578909848,17886.95652173913,17895.868110001087,18189.232652013656,293.36454201256856,past_due,
650,47.60383002609449,17906.086956521736,17915.002202004194,18208.34019998461,293.3379979804158,past_due,
651,80.23530912543958,17925.217391304344,17934.13613000512,18227.57052100706,293.4343910019379,past_due,
652,96.1323148950231,17944.347826086952,17953.268846988678,18246.419630970806,293.1507839821279,past_due,
653,31.1041833354893,17963.47826086956,17972.40314000845,18270.147754022386,297.7446140139364,past_due,
654,81.0151626100991,17982.60869565217,17991.537551999092,18284.93228399707,293.39473199797794,past_due,
655,79.93859431213062,18001.73913043478,18010.671746999025,18303.96679200395,293.2950450049248,past_due,
656,30.41820495395088,18020.86956521739,18029.805166989565,18323.066851990763,293.2616850011982,past_due,
657,97.51109612288856,18040.0,18048.93822401762,18342.127045018133,293.1888210005127,past_due,
658,13.78944473505063,18071.42857142857,18080.371182978157,18373.84453399736,293.4733510192018,past_due,
659,13.773331688239027,18102.857142857138,18111.8042730093,18405.10784401046,293.3035710011609,past_due,
660,96.48141493125708,18134.28571428571,18143.236822992563,18436.56081900373,293.32399601116776,past_due,
661,46.29846952230329,18165.714285714283,18174.66937199235,18468.092587006977,293.4232150146272,past_due,
662,46.83589144796851,18197.14285714285,18206.10261398554,18499.567943989066,293.4653300035279,past_due,
663,80.3914890214857,18228.571428571424,18237.53748199344,18536.06225998048,298.5247779870406,past_due,
664,12.397153244906512,18260.0,18268.971264988184,18562.481574990787,293.51031000260264,past_due,
665,31.840951988241414,18291.42857142857,18300.4085650146,18594.07240499882,293.6638399842195,past_due,
666,63.16565948269308,18322.857142857138,18331.845421999693,18628.976086024428,297.13066402473487,past_due,
667,96.40489292146708,18354.28571428571,18363.27849599719,18656.852069985587,293.5735739883967,past_due,
668,29.199686157995163,18385.714285714283,18394.712420016527,18688.239781022072,293.52736100554466,past_due,
669,13.25540934489867,18417.14285714285,18426.1458530128,18721.54782302468,295.4019700118806,past_due,
670,14.217222845714772,18448.571428571424,18457.579315006733,18751.064852003474,293.48553699674085,past_due,
671,79.84932849614341,18480.0,18489.012796998024,18782.651294006966,293.63849700894207,past_due,
672,81.25792258716986,18503.15789473684,18512.17468699813,18805.539710999234,293.3650240011048,past_due,
673,80.25327616417941,18526.31578947368,18535.335538983345,18828.67510298267,293.33956399932504,past_due,
674,61.909160973799565,18549.473684210523,18558.4982739985,18851.896228983765,293.3979549852665,past_due,
675,30.080597817387197,18572.631578947367,18581.66106799245,18875.293965977384,293.63289798493497,past_due,
676,30.45164841437573,18595.789473684206,18604.82167300582,18898.208407009253,293.386734003434,past_due,
677,12.775092395339218,18618.94736842105,18627.98278999329,18921.42094499362,293.4381550003309,past_due,
678,46.43084830020001,18642.10526315789,18651.14481300116,18948.31580600003,297.17099299887195,past_due,
679,80.09021355329043,18665.263157894733,18674.30661401153,18967.767759029757,293.4611450182274,past_due,
680,97.44983546634212,18688.421052631576,18697.469067007303,18990.898082997417,293.42901599011384,past_due,
681,96.41889805477288,18711.578947368416,18720.63018000126,19013.92304801056,293.2928680093028,past_due,
682,30.486355702923404,18734.73684210526,18743.791889995337,19039.757808014983,295.9659180196468,past_due,
683,62.77570479190656,18757.894736842103,18766.9535869956,19060.345421008766,293.39183401316404,past_due,
684,61.97703881932083,18781.052631578943,18790.11585497856,19083.53911399818,293.42325901961885,past_due,
685,14.62365306074765,18804.210526315783,18813.27686297893,19106.646287973967,293.36942499503493,past_due,
686,48.17887027002151,18827.368421052623,18836.43810799718,19131.635116000194,295.19700800301507,past_due,
687,81.36451264449018,18850.52631578947,18859.59916099906,19152.748944013147,293.149783014087,past_due,
688,96.31195458250772,18873.684210526317,18882.762093007565,19176.174348014407,293.4122550068423,past_due,
689,26.851558679521982,18896.842105263157,18905.923923015594,19199.441538021434,293.5176150058396,past_due,
690,30.14081823573234,18920.0,18929.085381001238,19223.19104600279,294.1056650015525,past_due,
691,64.54953607614027,18938.33333333333,18947.421790987253,19241.902417982463,294.4806269952096,past_due,
692,63.26548226335469,18956.666666666664,18965.757982999086,19260.065803003265,294.3078200041782,past_due,
693,30.09528351939265,18975.0,18984.09438800812,19278.215107024185,294.120719016064,past_due,
694,79.54041774803369,18993.33333333333,19002.430588006973,19296.566976991016,294.13638898404315,past_due,
695,29.9206972703156,19011.666666666664,19020.767058998343,19315.054275993487,294.28721699514426,past_due,
696,63.9424444409714,19030.0,19039.102530002598,19333.467089001093,294.36455899849534,past_due,
697,98.3646308558885,19048.33333333333,19057.439510017637,19351.327298010936,293.88778799329884,past_due,
698,13.554322571988074,19066.666666666664,19075.77635601163,19370.056490007555,294.280133995926,past_due,
699,12.497194649867224,19085.0,19094.112183004618,19387.36748699099,293.25530398637056,past_due,
700,14.235804926366686,19103.33333333333,19112.449092000723,19405.844521006336,293.39542900561355,past_due,
701,31.220626613601787,19121.666666666664,19130.785843998197,19425.364528986862,294.57868498866446,past_due,
702,28.537096205205756,19140.0,19149.122528016567,19442.413994007045,293.2914659904782,past_due,
703,14.65947980391702,19158.33333333333,19167.45887798071,19460.633985954802,293.1751079740934,past_due,
704,62.53594521202926,19176.666666666664,19185.795842975374,19479.77023299597,293.974390020594,past_due,
705,97.17924838071671,19195.0,19204.132165014744,19497.540869005024,293.4087039902806,past_due,
706,46.89656716572278,19213.33333333333,19222.468477010727,19515.522467036964,293.05399002623744,past_due,
707,46.54685210194355,19231.666666666664,19240.806434988976,19535.0965330014,294.290098012425,past_due,
708,13.985946608625625,19250.0,19259.143153995275,19552.483518990222,293.34036499494687,past_due,
709,46.95814456214314,19268.33333333333,19277.479308992624,19570.55088300025,293.0715740076266,past_due,
710,45.53405889363269,19286.666666666664,19295.81595298648,19590.149554007687,294.33360102120787,past_due,
711,95.8538768908858,19305.0,19314.152532994747,19607.441795999883,293.2892630051356,past_due,
712,30.264315506777592,19323.33333333333,19332.48946300149,19625.705289999256,293.21582699776627,past_due,
713,97.76268842859656,19341.666666666664,19350.82478800416,19644.977076003328,294.15228799916804,past_due,
714,79.66545749781656,19360.0,19369.161790013317,19662.505000024106,293.34321001078933,past_due,
715,13.758624721433527,19387.5,19396.664792984724,19690.051186968107,293.38639398338273,past_due,
716,62.75930600042326,19415.0,19424.16945001483,19717.94004404242,293.77059402759187,past_due,
717,62.09003300230104,19442.5,19451.67419999838,19745.17519401037,293.5009940119926,past_due,
718,47.81617561127258,19470.0,19479.17773199081,19772.37024597637,293.19251398555934,past_due,
719,63.63149935005205,19497.5,19506.68253800273,19800.684591010446,294.0020530077163,past_due,
720,13.43251738902586,19525.0,19534.18642899394,19831.18939597532,297.0029669813812,past_due,
721,30.43607550191452,19552.5,19561.69011798501,19855.090468972223,293.40035098721273,past_due,
722,30.50247622033588,19580.0,19589.193069010973,19882.472883020993,293.27981401002035,past_due,
723,10.0,19607.5,19616.698695987463,19914.915686008055,298.21699002059177,past_due,
724,96.06096944473002,19635.0,19644.20200699568,19937.275464981565,293.0734579858836,past_due,
725,12.69666892397511,19662.5,19671.70742097497,19965.222723972518,293.51530299754813,past_due,
726,13.66971758657488,19690.0,19699.244257986546,19998.29187898268,299.0476209961344,past_due,
727,48.42461419852896,19717.5,19726.74943998456,20020.28384499019,293.5344050056301,past_due,
728,46.18008428430881,19745.0,19754.253360003237,20047.489534012744,293.2361740095075,past_due,
729,96.5458999502348,19772.5,19781.76136997342,20075.369079960976,293.6077099875547,past_due,
730,62.26293562862746,19800.0,19809.26544198394,20103.459750966635,294.1943089826964,past_due,
731,14.394279125382084,19820.952380952374,19830.221050024036,20124.426399020947,294.2053489969112,past_due,
732,79.61394006658202,19841.90476190476,19851.177052021027,20145.432748025283,294.2556960042566,past_due,
733,13.712995354450252,19862.857142857138,19872.132039994,20166.36092196987,294.2288819758687,past_due,
734,97.01610432829187,19883.80952380952,19893.087929993868,20187.425491988193,294.33756199432537,past_due,
735,46.13362292870664,19904.7619047619,19914.044064998627,20208.37597997673,294.33191497810185,past_due,
736,64.73786155169768,19925.714285714283,19934.999907016758,20229.330355016285,294.3304479995277,past_due,
737,30.819512957438587,19946.666666666664,19955.95571097732,20250.168951972624,294.21324099530466,past_due,
738,46.61589060491804,19967.61904761904,19976.91160300374,20270.355730983196,293.4441279794555,past_due,
739,31.549365204617292,19988.571428571424,19997.86789798737,20291.38494398422,293.5170459968504,past_due,
740,96.4317780259012,20009.52380952381,20018.823666006327,20311.94328400609,293.11961799976416,past_due,
741,13.924810099637252,20030.476190476187,20039.779838979244,20333.031974955462,293.2521359762177,past_due,
742,79.38951120499739,20051.42857142857,20060.73638299108,20353.9650669843,293.2286839932204,past_due,
743,62.454020285455215,20072.38095238095,20081.69321200252,20379.948495009685,298.2552830071654,past_due,
744,45.84409974295487,20093.33333333333,20102.648712992668,20395.781368984608,293.1326559919398,past_due,
745,95.05867016935034,20114.28571428571,20123.604065984488,20416.796520976583,293.192454992095,past_due,
746,63.42123260444681,20135.23809523809,20144.55934098363,20437.747239974793,293.1878989911638,past_due,
747,13.955992193939093,20156.190476190477,20165.515300005674,20458.78098701639,293.26568701071665,past_due,
748,95.50314018800633,20177.14285714285,20186.471158981323,20483.60956197651,297.1384029951878,past_due,
749,12.082671362334144,20198.095238095237,20207.42790597677,20500.777011957947,293.3491059811786,past_due,
750,64.23462599243581,20219.04761904761,20228.383504986763,20521.70094696083,293.31744197406806,past_due,
751,46.259269572703175,20240.0,20249.339646995068,20542.598272979958,293.2586259848904,past_due,
752,81.16961612014317,20265.88235294117,20275.225382000208,20568.445664008614,293.2202820084058,past_due,
753,30.89758981607176,20291.76470588235,20301.11198100448,20594.566273001958,293.4542919974774,past_due,
754,65.36890531377593,20317.647058823524,20326.99714499712,20620.211773993913,293.2146289967932,past_due,
755,30.21680857416592,20343.529411764703,20352.88267800212,20646.193671993446,293.31099399132654,past_due,
756,80.07753722993117,20369.41176470588,20378.76890099049,20672.148849988826,293.37994899833575,past_due,
757,63.14679433980634,20395.294117647056,20404.653990983963,20697.84740098915,293.1934100051876,past_due,
758,46.80450066469806,20421.17647058823,20430.54049000144,20724.045961986994,293.5054719855543,past_due,
759,63.53346406811808,20447.05882352941,20456.426366001368,20750.36485702917,293.93849102780223,past_due,
760,12.998508502446676,20472.941176470584,20482.313654989004,20775.841241985792,293.52758699678816,past_due,
761,80.21997091312362,20498.82352941176,20508.199951976538,20801.475606961874,293.2756549853366,past_due,
762,31.078169062314693,20524.705882352937,20534.08570700884,20830.305665030377,296.21995802153833,past_due,
763,97.98230535084171,20550.588235294115,20559.9730540216,20853.35589401983,293.38283999823034,past_due,
764,13.121584217607904,20576.47058823529,20585.858632981777,20879.213945005555,293.3553120237775,past_due,
765,13.541031669651836,20602.35294117647,20611.74603998661,20910.347480984638,298.6014409980271,past_due,
766,13.604741048745254,20628.235294117643,20637.631413012743,20931.037640005117,293.4062269923743,past_due,
767,78.74693351465037,20654.11764705882,20663.51894798875,20956.934225981357,293.415277992608,past_due,
768,12.631874542210909,20680.0,20689.40494799614,20982.681543995626,293.27659599948674,past_due,
769,80.67544873171138,20700.0,20709.40800699592,21002.774587993747,293.36658099782653,past_due,
770,29.53756644217613,20720.0,20729.411298006773,21022.825233003125,293.4139349963516,past_due,
771,82.30566837578165,20740.0,20749.414638996124,21042.778677978087,293.36403898196295,past_due,
772,80.50885170877928,20760.0,20769.41750600934,21062.79427299858,293.3767669892404,past_due,
773,96.94071000126728,20780.0,20789.42069098353,21082.73801200208,293.3173210185487,past_due,
774,94.97279931567329,20800.0,20809.4275560081,21102.615684017306,293.1881280092057,past_due,
775,100.0,20820.0,20829.43111398816,21122.645450986223,293.2143369980622,past_due,
776,62.04211469890197,20840.0,20849.434661000967,21142.77119299234,293.3365319913719,past_due,
777,80.1370346802258,20860.0,20869.43847298622,21162.765058976365,293.32658599014394,past_due,
778,13.233953204786218,20880.0,20889.441756010056,21182.904988005757,293.4632319957018,past_due,
779,80.95487397468976,20900.0,20909.44543400407,21202.828285993077,293.3828519890085,past_due,
780,96.21739395983911,20920.0,20929.44913598895,21222.696371986065,293.2472359971144,past_due,
781,79.0896446604093,20940.0,20949.45281401277,21248.082886020424,298.63007200765423,past_due,
782,14.032231030721878,20960.0,20969.45634698868,21262.631025972314,293.1746789836325,past_due,
783,29.04960277300324,20980.0,20989.459631979465,21282.743170988746,293.2835390092805,past_due,
784,46.41417449307028,21000.0,21009.46234300733,21306.70391000109,297.2415669937618,past_due,
785,63.24625519304252,21020.0,21029.465994000435,21322.941236011917,293.4752420114819,past_due,
786,14.106503122822572,21040.0,21049.46924802661,21342.732859031996,293.26361100538634,past_due,
787,30.062356414695103,21060.0,21069.47318798304,21365.049219972225,295.57603198918514,past_due,
788,80.47124685685212,21080.0,21089.477339982983,21382.920458001314,293.443118018331,past_due,
789,80.81395526289424,21100.0,21109.481202989817,21402.866360002197,293.38515701238066,past_due,
790,63.73104231981398,21120.0,21129.48484799266,21423.043963983888,293.5591159912292,past_due,
791,64.6884451227846,21149.33333333333,21158.821525007486,21452.30242998409,293.4809049766045,past_due,
792,30.0465805646262,21178.666666666664,21188.15915301442,21482.019692022586,293.8605390081648,past_due,
793,30.125330699687787,21208.0,21217.496616005898,21511.409346011,293.9127300051041,past_due,
794,80.01696149068405,21237.33333333333,21246.834814995527,21540.707556977868,293.8727419823408,past_due,
795,64.51269364240672,21266.666666666664,21276.172114014626,21569.90365902544,293.73154501081444,past_due,
796,63.33097891254455,21296.0,21305.50992399454,21599.378447987838,293.86852399329655,past_due,
797,63.55154674678276,21325.33333333333,21334.84716299176,21628.80701800645,293.9598550146912,past_due,
798,79.55756440519266,21354.666666666664,21364.183636009693,21657.88480200572,293.70116599602625,past_due,
799,63.34755717434507,21384.0,21393.52032700181,21687.481406007195,293.9610790053848,past_due,
